"../../../Engine/Plugins/2D/Paper2D/Content/PlaceholderTextures/DummySpriteTexture.ubulk" 0
"../../../Engine/Plugins/2D/Paper2D/Content/PlaceholderTextures/DummySpriteTexture.uasset" 1
"../../../Engine/Plugins/2D/Paper2D/Content/PlaceholderTextures/DummySpriteTexture.uexp" 2
"../../../Engine/Plugins/2D/Paper2D/Content/DummySprite.uasset" 3
"../../../Engine/Plugins/2D/Paper2D/Content/DummySprite.uexp" 4
"../../../Engine/Plugins/2D/Paper2D/Content/DefaultPaperTerrainMaterial.uasset" 5
"../../../Engine/Plugins/2D/Paper2D/Content/DefaultPaperTerrainMaterial.uexp" 6
"../../../Engine/Plugins/FX/NiagaraFluids/Content/NDC_Grid3D_Gas.uasset" 7
"../../../Engine/Plugins/FX/NiagaraFluids/Content/NDC_Grid3D_Gas.uexp" 8
"../../../Engine/Plugins/Runtime/AudioModulation/Content/BitDepth.uasset" 9
"../../../Engine/Plugins/Runtime/AudioModulation/Content/BitDepth.uexp" 10
"../../../Engine/Plugins/Runtime/AudioModulation/Content/HPFCutoffFrequency.uasset" 11
"../../../Engine/Plugins/Runtime/AudioModulation/Content/HPFCutoffFrequency.uexp" 12
"../../../Engine/Plugins/Runtime/AudioModulation/Content/LowRateFrequency.uasset" 13
"../../../Engine/Plugins/Runtime/AudioModulation/Content/LowRateFrequency.uexp" 14
"../../../Engine/Plugins/Runtime/AudioModulation/Content/LPFCutoffFrequency.uasset" 15
"../../../Engine/Plugins/Runtime/AudioModulation/Content/LPFCutoffFrequency.uexp" 16
"../../../Engine/Plugins/Runtime/AudioModulation/Content/Pan.uasset" 17
"../../../Engine/Plugins/Runtime/AudioModulation/Content/Pan.uexp" 18
"../../../Engine/Plugins/Runtime/AudioModulation/Content/Pitch.uasset" 19
"../../../Engine/Plugins/Runtime/AudioModulation/Content/Pitch.uexp" 20
"../../../Engine/Plugins/Runtime/AudioModulation/Content/SampleRate.uasset" 21
"../../../Engine/Plugins/Runtime/AudioModulation/Content/SampleRate.uexp" 22
"../../../Engine/Plugins/Runtime/AudioModulation/Content/TimeOfDay.uasset" 23
"../../../Engine/Plugins/Runtime/AudioModulation/Content/TimeOfDay.uexp" 24
"../../../Engine/Plugins/Runtime/AudioModulation/Content/Volume.uasset" 25
"../../../Engine/Plugins/Runtime/AudioModulation/Content/Volume.uexp" 26
"../../../Engine/Content/Animation/DefaultRecorderBoneCompression.uasset" 27
"../../../Engine/Content/Animation/DefaultRecorderBoneCompression.uexp" 28
"../../../Engine/Content/EngineMaterials/DefaultDestructiblePhysicalMaterial.uasset" 29
"../../../Engine/Content/EngineMaterials/DefaultDestructiblePhysicalMaterial.uexp" 30
"../../../Engine/Plugins/Animation/ControlRig/Content/Controls/DefaultGizmoLibraryNormalized.uasset" 31
"../../../Engine/Plugins/Animation/ControlRig/Content/Controls/DefaultGizmoLibraryNormalized.uexp" 32
"../../../Engine/Plugins/Interchange/Assets/Content/Functions/MX_TranslucentBSDF.uasset" 33
"../../../Engine/Plugins/Interchange/Assets/Content/Functions/MX_TranslucentBSDF.uexp" 34
"../../../Engine/Content/EngineResources/WhiteSquareTexture.uasset" 35
"../../../Engine/Content/EngineResources/WhiteSquareTexture.uexp" 36
"../../../Engine/Content/EngineMaterials/Widget3DPassThrough.uasset" 37
"../../../Engine/Content/EngineMaterials/Widget3DPassThrough.uexp" 38
"../../../Engine/Content/EngineMaterials/Widget3DPassThrough_Masked.uasset" 39
"../../../Engine/Content/EngineMaterials/Widget3DPassThrough_Masked.uexp" 40
"../../../Engine/Content/Functions/Engine_MaterialFunctions02/Utility/MakeFloat3.uasset" 41
"../../../Engine/Content/Functions/Engine_MaterialFunctions02/Utility/MakeFloat3.uexp" 42
"../../../Engine/Content/Functions/Engine_MaterialFunctions02/SplitComponents.uasset" 43
"../../../Engine/Content/Functions/Engine_MaterialFunctions02/SplitComponents.uexp" 44
"../../../Engine/Content/Functions/Engine_MaterialFunctions02/Utility/BreakOutFloat3Components.uasset" 45
"../../../Engine/Content/Functions/Engine_MaterialFunctions02/Utility/BreakOutFloat3Components.uexp" 46
"../../../Engine/Content/Functions/Engine_MaterialFunctions02/Math/Transform3x3Matrix.uasset" 47
"../../../Engine/Content/Functions/Engine_MaterialFunctions02/Math/Transform3x3Matrix.uexp" 48
"../../../Engine/Content/VREditor/SnapGrid/SnapGridMaterial.uasset" 49
"../../../Engine/Content/VREditor/SnapGrid/SnapGridMaterial.uexp" 50
"../../../Engine/Content/VREditor/SnapGrid/SnapGridPlaneMesh.ubulk" 51
"../../../Engine/Content/VREditor/SnapGrid/SnapGridPlaneMesh.uasset" 52
"../../../Engine/Content/VREditor/SnapGrid/SnapGridPlaneMesh.uexp" 53
"../../../Engine/Content/VREditor/LaserPointer/VR_LaserPower_01.ubulk" 54
"../../../Engine/Content/VREditor/LaserPointer/VR_LaserPower_01.uasset" 55
"../../../Engine/Content/VREditor/LaserPointer/VR_LaserPower_01.uexp" 56
"../../../Engine/Content/VREditor/TransformGizmo/TransformGizmoMaterial.uasset" 57
"../../../Engine/Content/VREditor/TransformGizmo/TransformGizmoMaterial.uexp" 58
"../../../Engine/Content/VREditor/TransformGizmo/TranslucentTransformGizmoMaterial.uasset" 59
"../../../Engine/Content/VREditor/TransformGizmo/TranslucentTransformGizmoMaterial.uexp" 60
"../../../Engine/Content/VREditor/TransformGizmo/PlaneTranslationHandle.ubulk" 61
"../../../Engine/Content/VREditor/TransformGizmo/PlaneTranslationHandle.uasset" 62
"../../../Engine/Content/VREditor/TransformGizmo/PlaneTranslationHandle.uexp" 63
"../../../Engine/Content/VREditor/TransformGizmo/RotationHandleFull.ubulk" 64
"../../../Engine/Content/VREditor/TransformGizmo/RotationHandleFull.uasset" 65
"../../../Engine/Content/VREditor/TransformGizmo/RotationHandleFull.uexp" 66
"../../../Engine/Content/VREditor/TransformGizmo/RotationHandleIndicator.ubulk" 67
"../../../Engine/Content/VREditor/TransformGizmo/RotationHandleIndicator.uasset" 68
"../../../Engine/Content/VREditor/TransformGizmo/RotationHandleIndicator.uexp" 69
"../../../Engine/Content/VREditor/TransformGizmo/RotationHandleQuarter.ubulk" 70
"../../../Engine/Content/VREditor/TransformGizmo/RotationHandleQuarter.uasset" 71
"../../../Engine/Content/VREditor/TransformGizmo/RotationHandleQuarter.uexp" 72
"../../../Engine/Content/VREditor/TransformGizmo/StartRotationHandleIndicator.ubulk" 73
"../../../Engine/Content/VREditor/TransformGizmo/StartRotationHandleIndicator.uasset" 74
"../../../Engine/Content/VREditor/TransformGizmo/StartRotationHandleIndicator.uexp" 75
"../../../Engine/Content/VREditor/TransformGizmo/TranslucentTransformGizmoMaterial_Inst.uasset" 76
"../../../Engine/Content/VREditor/TransformGizmo/TranslucentTransformGizmoMaterial_Inst.uexp" 77
"../../../Engine/Content/VREditor/TransformGizmo/TransformGizmoFreeRotation.ubulk" 78
"../../../Engine/Content/VREditor/TransformGizmo/TransformGizmoFreeRotation.uasset" 79
"../../../Engine/Content/VREditor/TransformGizmo/TransformGizmoFreeRotation.uexp" 80
"../../../Engine/Content/VREditor/TransformGizmo/TransformGizmoMaterial_Inst.uasset" 81
"../../../Engine/Content/VREditor/TransformGizmo/TransformGizmoMaterial_Inst.uexp" 82
"../../../Engine/Content/VREditor/TransformGizmo/TranslateArrowHandle.ubulk" 83
"../../../Engine/Content/VREditor/TransformGizmo/TranslateArrowHandle.uasset" 84
"../../../Engine/Content/VREditor/TransformGizmo/TranslateArrowHandle.uexp" 85
"../../../Engine/Content/VREditor/TransformGizmo/UniformScaleHandle.ubulk" 86
"../../../Engine/Content/VREditor/TransformGizmo/UniformScaleHandle.uasset" 87
"../../../Engine/Content/VREditor/TransformGizmo/UniformScaleHandle.uexp" 88
"../../../Engine/Content/VREditor/Sounds/UI/Drop_Item_From_ContentBrowser.ubulk" 89
"../../../Engine/Content/VREditor/Sounds/UI/Drop_Item_From_ContentBrowser.uasset" 90
"../../../Engine/Content/VREditor/Sounds/UI/Drop_Item_From_ContentBrowser.uexp" 91
"../../../Engine/Content/VREditor/Sounds/UI/Gizmo_Handle_Clicked.ubulk" 92
"../../../Engine/Content/VREditor/Sounds/UI/Gizmo_Handle_Clicked.uasset" 93
"../../../Engine/Content/VREditor/Sounds/UI/Gizmo_Handle_Clicked.uexp" 94
"../../../Engine/Content/VREditor/Sounds/UI/Object_PickUp.ubulk" 95
"../../../Engine/Content/VREditor/Sounds/UI/Object_PickUp.uasset" 96
"../../../Engine/Content/VREditor/Sounds/UI/Object_PickUp.uexp" 97
"../../../Engine/Content/VREditor/Sounds/UI/Object_Snaps_To_Another_Actor.ubulk" 98
"../../../Engine/Content/VREditor/Sounds/UI/Object_Snaps_To_Another_Actor.uasset" 99
"../../../Engine/Content/VREditor/Sounds/UI/Object_Snaps_To_Another_Actor.uexp" 100
"../../../Engine/Content/VREditor/Sounds/UI/Object_Snaps_To_Grid.ubulk" 101
"../../../Engine/Content/VREditor/Sounds/UI/Object_Snaps_To_Grid.uasset" 102
"../../../Engine/Content/VREditor/Sounds/UI/Object_Snaps_To_Grid.uexp" 103
"../../../Engine/Content/VREditor/Sounds/UI/Scaling_Down.ubulk" 104
"../../../Engine/Content/VREditor/Sounds/UI/Scaling_Down.uasset" 105
"../../../Engine/Content/VREditor/Sounds/UI/Scaling_Down.uexp" 106
"../../../Engine/Content/VREditor/Sounds/UI/Scaling_Up.ubulk" 107
"../../../Engine/Content/VREditor/Sounds/UI/Scaling_Up.uasset" 108
"../../../Engine/Content/VREditor/Sounds/UI/Scaling_Up.uexp" 109
"../../../Engine/Content/VREditor/Sounds/UI/Selection_Changes.ubulk" 110
"../../../Engine/Content/VREditor/Sounds/UI/Selection_Changes.uasset" 111
"../../../Engine/Content/VREditor/Sounds/UI/Selection_Changes.uexp" 112
"../../../Engine/Content/EngineDebugMaterials/M_SimpleUnlitTranslucent.uasset" 113
"../../../Engine/Content/EngineDebugMaterials/M_SimpleUnlitTranslucent.uexp" 114
"../../../Engine/Content/Functions/Engine_MaterialFunctions02/Utility/CameraDirectionVector.uasset" 115
"../../../Engine/Content/Functions/Engine_MaterialFunctions02/Utility/CameraDirectionVector.uexp" 116
"../../../Engine/Content/EngineDebugMaterials/VolumeToRender.uasset" 117
"../../../Engine/Content/EngineDebugMaterials/VolumeToRender.uexp" 118
"../../../Engine/Content/EngineDebugMaterials/M_VolumeRenderSphereTracePP.uasset" 119
"../../../Engine/Content/EngineDebugMaterials/M_VolumeRenderSphereTracePP.uexp" 120
"../../../Engine/Content/EngineMaterials/Widget3DPassThrough_Opaque.uasset" 121
"../../../Engine/Content/EngineMaterials/Widget3DPassThrough_Opaque.uexp" 122
"../../../Engine/Content/EngineMaterials/Widget3DPassThrough_Masked_OneSided.uasset" 123
"../../../Engine/Content/EngineMaterials/Widget3DPassThrough_Masked_OneSided.uexp" 124
"../../../Engine/Content/EngineMaterials/Widget3DPassThrough_Opaque_OneSided.uasset" 125
"../../../Engine/Content/EngineMaterials/Widget3DPassThrough_Opaque_OneSided.uexp" 126
"../../../Engine/Plugins/Interchange/Assets/Content/Functions/MX_UniformEDF.uasset" 127
"../../../Engine/Plugins/Interchange/Assets/Content/Functions/MX_UniformEDF.uexp" 128
"../../../Engine/Content/Functions/Engine_MaterialFunctions01/Shading/ConvertFromDiffSpec.uasset" 129
"../../../Engine/Content/Functions/Engine_MaterialFunctions01/Shading/ConvertFromDiffSpec.uexp" 130
"../../../Engine/Content/EngineDebugMaterials/ShadedLevelColorationLitMaterial.uasset" 131
"../../../Engine/Content/EngineDebugMaterials/ShadedLevelColorationLitMaterial.uexp" 132
"../../../Engine/Plugins/Interchange/Assets/Content/Functions/MX_UsdPreviewSurface.uasset" 133
"../../../Engine/Plugins/Interchange/Assets/Content/Functions/MX_UsdPreviewSurface.uexp" 134
"../../../Engine/Content/EngineMaterials/Widget3DPassThrough_Translucent.uasset" 135
"../../../Engine/Content/EngineMaterials/Widget3DPassThrough_Translucent.uexp" 136
"../../../Engine/Content/EngineMaterials/Widget3DPassThrough_Translucent_OneSided.uasset" 137
"../../../Engine/Content/EngineMaterials/Widget3DPassThrough_Translucent_OneSided.uexp" 138
"../../../Engine/Content/EngineDebugMaterials/ShadedLevelColorationUnlitMateri.uasset" 139
"../../../Engine/Content/EngineDebugMaterials/ShadedLevelColorationUnlitMateri.uexp" 140
"../../../Engine/Plugins/Animation/ControlRig/Content/Controls/ControlRigGizmoMaterial.uasset" 141
"../../../Engine/Plugins/Animation/ControlRig/Content/Controls/ControlRigGizmoMaterial.uexp" 142
"../../../Engine/Plugins/2D/Paper2D/Content/DefaultSpriteMaterial.uasset" 143
"../../../Engine/Plugins/2D/Paper2D/Content/DefaultSpriteMaterial.uexp" 144
"../../../Engine/Plugins/2D/Paper2D/Content/MaskedUnlitSpriteMaterial.uasset" 145
"../../../Engine/Plugins/2D/Paper2D/Content/MaskedUnlitSpriteMaterial.uexp" 146
"../../../Engine/Plugins/Animation/ControlRig/Content/Controls/ControlRigXRayMaterial.uasset" 147
"../../../Engine/Plugins/Animation/ControlRig/Content/Controls/ControlRigXRayMaterial.uexp" 148
"../../../Engine/Plugins/2D/Paper2D/Content/OpaqueUnlitSpriteMaterial.uasset" 149
"../../../Engine/Plugins/2D/Paper2D/Content/OpaqueUnlitSpriteMaterial.uexp" 150
"../../../Engine/Content/EngineMaterials/T_Default_Material_Grid_M.ubulk" 151
"../../../Engine/Content/EngineMaterials/T_Default_Material_Grid_M.uasset" 152
"../../../Engine/Content/EngineMaterials/T_Default_Material_Grid_M.uexp" 153
"../../../Engine/Content/EngineMaterials/T_Default_Material_Grid_N.ubulk" 154
"../../../Engine/Content/EngineMaterials/T_Default_Material_Grid_N.uasset" 155
"../../../Engine/Content/EngineMaterials/T_Default_Material_Grid_N.uexp" 156
"../../../Engine/Content/Functions/Engine_MaterialFunctions01/Opacity/CameraDepthFade.uasset" 157
"../../../Engine/Content/Functions/Engine_MaterialFunctions01/Opacity/CameraDepthFade.uexp" 158
"../../../Engine/Content/EngineMaterials/WorldGridMaterial.uasset" 159
"../../../Engine/Content/EngineMaterials/WorldGridMaterial.uexp" 160
"../../../Engine/Plugins/Animation/ControlRig/Content/Controls/ControlRig_Arrow2_1mm.ubulk" 161
"../../../Engine/Plugins/Animation/ControlRig/Content/Controls/ControlRig_Arrow2_1mm.uasset" 162
"../../../Engine/Plugins/Animation/ControlRig/Content/Controls/ControlRig_Arrow2_1mm.uexp" 163
"../../../Engine/Content/Functions/Engine_MaterialFunctions02/WorldPositionOffset/CameraOffset.uasset" 164
"../../../Engine/Content/Functions/Engine_MaterialFunctions02/WorldPositionOffset/CameraOffset.uexp" 165
"../../../Engine/Plugins/Animation/ControlRig/Content/M_Manip.uasset" 166
"../../../Engine/Plugins/Animation/ControlRig/Content/M_Manip.uexp" 167
"../../../Engine/Content/Functions/Engine_MaterialFunctions02/Utility/MakeFloat4.uasset" 168
"../../../Engine/Content/Functions/Engine_MaterialFunctions02/Utility/MakeFloat4.uexp" 169
"../../../Engine/Content/EngineDebugMaterials/TextureColorViewMode.uasset" 170
"../../../Engine/Content/EngineDebugMaterials/TextureColorViewMode.uexp" 171
"../../../Engine/Plugins/Animation/ControlRig/Content/Controls/ControlRig_Arrow2_3mm.ubulk" 172
"../../../Engine/Plugins/Animation/ControlRig/Content/Controls/ControlRig_Arrow2_3mm.uasset" 173
"../../../Engine/Plugins/Animation/ControlRig/Content/Controls/ControlRig_Arrow2_3mm.uexp" 174
"../../../Engine/Content/Functions/Engine_MaterialFunctions02/Utility/VectorLength.uasset" 175
"../../../Engine/Content/Functions/Engine_MaterialFunctions02/Utility/VectorLength.uexp" 176
"../../../Engine/Plugins/Experimental/MeshModelingToolsetExp/Content/Materials/GetDisplacementVectorForDepthBias.uasset" 177
"../../../Engine/Plugins/Experimental/MeshModelingToolsetExp/Content/Materials/GetDisplacementVectorForDepthBias.uexp" 178
"../../../Engine/Content/Functions/Engine_MaterialFunctions03/Viewport/MF_OrthoWidth.uasset" 179
"../../../Engine/Content/Functions/Engine_MaterialFunctions03/Viewport/MF_OrthoWidth.uexp" 180
"../../../Engine/Content/Functions/Engine_MaterialFunctions02/Utility/FOV.uasset" 181
"../../../Engine/Content/Functions/Engine_MaterialFunctions02/Utility/FOV.uexp" 182
"../../../Engine/Content/Functions/Engine_MaterialFunctions02/WorldPositionOffset/V2/ObjectScale.uasset" 183
"../../../Engine/Content/Functions/Engine_MaterialFunctions02/WorldPositionOffset/V2/ObjectScale.uexp" 184
"../../../Engine/Plugins/Experimental/MeshModelingToolsetExp/Content/Materials/PointSetOverlaidComponentMaterial.uasset" 185
"../../../Engine/Plugins/Experimental/MeshModelingToolsetExp/Content/Materials/PointSetOverlaidComponentMaterial.uexp" 186
"../../../Engine/Plugins/Animation/ControlRig/Content/Controls/ControlRig_Arrow2_solid.ubulk" 187
"../../../Engine/Plugins/Animation/ControlRig/Content/Controls/ControlRig_Arrow2_solid.uasset" 188
"../../../Engine/Plugins/Animation/ControlRig/Content/Controls/ControlRig_Arrow2_solid.uexp" 189
"../../../Engine/Content/EngineMaterials/DefaultMaterial.uasset" 190
"../../../Engine/Content/EngineMaterials/DefaultMaterial.uexp" 191
"../../../Engine/Content/EngineMeshes/Cylinder.ubulk" 192
"../../../Engine/Content/EngineMeshes/Cylinder.uasset" 193
"../../../Engine/Content/EngineMeshes/Cylinder.uexp" 194
"../../../Engine/Plugins/Animation/ControlRig/Content/Controls/ControlRig_Arrow4_1mm.ubulk" 195
"../../../Engine/Plugins/Animation/ControlRig/Content/Controls/ControlRig_Arrow4_1mm.uasset" 196
"../../../Engine/Plugins/Animation/ControlRig/Content/Controls/ControlRig_Arrow4_1mm.uexp" 197
"../../../Engine/Content/EngineDebugMaterials/VertexColorMaterial.uasset" 198
"../../../Engine/Content/EngineDebugMaterials/VertexColorMaterial.uexp" 199
"../../../Engine/Plugins/Animation/ControlRig/Content/Controls/ControlRig_Arrow4_3mm.ubulk" 200
"../../../Engine/Plugins/Animation/ControlRig/Content/Controls/ControlRig_Arrow4_3mm.uasset" 201
"../../../Engine/Plugins/Animation/ControlRig/Content/Controls/ControlRig_Arrow4_3mm.uexp" 202
"../../../Engine/Content/EngineDebugMaterials/VertexColorViewMode_AlphaAsColor.uasset" 203
"../../../Engine/Content/EngineDebugMaterials/VertexColorViewMode_AlphaAsColor.uexp" 204
"../../../Engine/Plugins/Animation/ControlRig/Content/Controls/ControlRig_Arrow4_solid.ubulk" 205
"../../../Engine/Plugins/Animation/ControlRig/Content/Controls/ControlRig_Arrow4_solid.uasset" 206
"../../../Engine/Plugins/Animation/ControlRig/Content/Controls/ControlRig_Arrow4_solid.uexp" 207
"../../../Engine/Content/EngineDebugMaterials/VertexColorViewMode_BlueOnly.uasset" 208
"../../../Engine/Content/EngineDebugMaterials/VertexColorViewMode_BlueOnly.uexp" 209
"../../../Engine/Plugins/Animation/ControlRig/Content/Controls/ControlRig_Arrow_1mm.ubulk" 210
"../../../Engine/Plugins/Animation/ControlRig/Content/Controls/ControlRig_Arrow_1mm.uasset" 211
"../../../Engine/Plugins/Animation/ControlRig/Content/Controls/ControlRig_Arrow_1mm.uexp" 212
"../../../Engine/Content/EngineDebugMaterials/VertexColorViewMode_ColorOnly.uasset" 213
"../../../Engine/Content/EngineDebugMaterials/VertexColorViewMode_ColorOnly.uexp" 214
"../../../Engine/Plugins/Animation/ControlRig/Content/Controls/ControlRig_Arrow_3mm.ubulk" 215
"../../../Engine/Plugins/Animation/ControlRig/Content/Controls/ControlRig_Arrow_3mm.uasset" 216
"../../../Engine/Plugins/Animation/ControlRig/Content/Controls/ControlRig_Arrow_3mm.uexp" 217
"../../../Engine/Content/EngineDebugMaterials/VertexColorViewMode_GreenOnly.uasset" 218
"../../../Engine/Content/EngineDebugMaterials/VertexColorViewMode_GreenOnly.uexp" 219
"../../../Engine/Plugins/Animation/ControlRig/Content/Controls/ControlRig_Arrow_solid.ubulk" 220
"../../../Engine/Plugins/Animation/ControlRig/Content/Controls/ControlRig_Arrow_solid.uasset" 221
"../../../Engine/Plugins/Animation/ControlRig/Content/Controls/ControlRig_Arrow_solid.uexp" 222
"../../../Engine/Content/EngineDebugMaterials/VertexColorViewMode_RedOnly.uasset" 223
"../../../Engine/Content/EngineDebugMaterials/VertexColorViewMode_RedOnly.uexp" 224
"../../../Engine/Plugins/Animation/ControlRig/Content/Controls/ControlRig_Box_1mm.ubulk" 225
"../../../Engine/Plugins/Animation/ControlRig/Content/Controls/ControlRig_Box_1mm.uasset" 226
"../../../Engine/Plugins/Animation/ControlRig/Content/Controls/ControlRig_Box_1mm.uexp" 227
"../../../Engine/Plugins/Animation/ControlRig/Content/Controls/ControlRig_Box_3mm.ubulk" 228
"../../../Engine/Plugins/Animation/ControlRig/Content/Controls/ControlRig_Box_3mm.uasset" 229
"../../../Engine/Plugins/Animation/ControlRig/Content/Controls/ControlRig_Box_3mm.uexp" 230
"../../../Engine/Plugins/Animation/ControlRig/Content/Controls/ControlRig_Box_solid.ubulk" 231
"../../../Engine/Plugins/Animation/ControlRig/Content/Controls/ControlRig_Box_solid.uasset" 232
"../../../Engine/Plugins/Animation/ControlRig/Content/Controls/ControlRig_Box_solid.uexp" 233
"../../../Engine/Content/EngineMeshes/Sphere.ubulk" 234
"../../../Engine/Content/EngineMeshes/Sphere.uasset" 235
"../../../Engine/Content/EngineMeshes/Sphere.uexp" 236
"../../../Engine/Plugins/Animation/ControlRig/Content/Controls/ControlRig_Circle_1mm.ubulk" 237
"../../../Engine/Plugins/Animation/ControlRig/Content/Controls/ControlRig_Circle_1mm.uasset" 238
"../../../Engine/Plugins/Animation/ControlRig/Content/Controls/ControlRig_Circle_1mm.uexp" 239
"../../../Engine/Plugins/Animation/ControlRig/Content/Controls/ControlRig_Circle_3mm.ubulk" 240
"../../../Engine/Plugins/Animation/ControlRig/Content/Controls/ControlRig_Circle_3mm.uasset" 241
"../../../Engine/Plugins/Animation/ControlRig/Content/Controls/ControlRig_Circle_3mm.uexp" 242
"../../../Engine/Content/EngineDebugMaterials/WireframeMaterial.uasset" 243
"../../../Engine/Content/EngineDebugMaterials/WireframeMaterial.uexp" 244
"../../../Engine/Plugins/Animation/ControlRig/Content/Controls/ControlRig_Circle_solid.ubulk" 245
"../../../Engine/Plugins/Animation/ControlRig/Content/Controls/ControlRig_Circle_solid.uasset" 246
"../../../Engine/Plugins/Animation/ControlRig/Content/Controls/ControlRig_Circle_solid.uexp" 247
"../../../Engine/Content/BasicShapes/Cone.ubulk" 248
"../../../Engine/Content/BasicShapes/Cone.uasset" 249
"../../../Engine/Content/BasicShapes/Cone.uexp" 250
"../../../Engine/Plugins/Animation/ControlRig/Content/Controls/ControlRig_Diamond_1mm.ubulk" 251
"../../../Engine/Plugins/Animation/ControlRig/Content/Controls/ControlRig_Diamond_1mm.uasset" 252
"../../../Engine/Plugins/Animation/ControlRig/Content/Controls/ControlRig_Diamond_1mm.uexp" 253
"../../../Engine/Plugins/Animation/ControlRig/Content/Controls/ControlRig_Diamond_3mm.ubulk" 254
"../../../Engine/Plugins/Animation/ControlRig/Content/Controls/ControlRig_Diamond_3mm.uasset" 255
"../../../Engine/Plugins/Animation/ControlRig/Content/Controls/ControlRig_Diamond_3mm.uexp" 256
"../../../Engine/Plugins/Animation/ControlRig/Content/Controls/ControlRig_Diamond_solid.ubulk" 257
"../../../Engine/Plugins/Animation/ControlRig/Content/Controls/ControlRig_Diamond_solid.uasset" 258
"../../../Engine/Plugins/Animation/ControlRig/Content/Controls/ControlRig_Diamond_solid.uexp" 259
"../../../Engine/Plugins/Animation/ControlRig/Content/Controls/ControlRig_HalfCircle_1mm.ubulk" 260
"../../../Engine/Plugins/Animation/ControlRig/Content/Controls/ControlRig_HalfCircle_1mm.uasset" 261
"../../../Engine/Plugins/Animation/ControlRig/Content/Controls/ControlRig_HalfCircle_1mm.uexp" 262
"../../../Engine/Content/BasicShapes/Cylinder.ubulk" 263
"../../../Engine/Content/BasicShapes/Cylinder.uasset" 264
"../../../Engine/Content/BasicShapes/Cylinder.uexp" 265
"../../../Engine/Plugins/Animation/ControlRig/Content/Controls/ControlRig_HalfCircle_3mm.ubulk" 266
"../../../Engine/Plugins/Animation/ControlRig/Content/Controls/ControlRig_HalfCircle_3mm.uasset" 267
"../../../Engine/Plugins/Animation/ControlRig/Content/Controls/ControlRig_HalfCircle_3mm.uexp" 268
"../../../Engine/Plugins/Animation/ControlRig/Content/Controls/ControlRig_HalfCircle_solid.ubulk" 269
"../../../Engine/Plugins/Animation/ControlRig/Content/Controls/ControlRig_HalfCircle_solid.uasset" 270
"../../../Engine/Plugins/Animation/ControlRig/Content/Controls/ControlRig_HalfCircle_solid.uexp" 271
"../../../Engine/Content/EngineResources/Black.uasset" 272
"../../../Engine/Content/EngineResources/Black.uexp" 273
"../../../Engine/Plugins/Animation/ControlRig/Content/Controls/ControlRig_Hexagon_1mm.ubulk" 274
"../../../Engine/Plugins/Animation/ControlRig/Content/Controls/ControlRig_Hexagon_1mm.uasset" 275
"../../../Engine/Plugins/Animation/ControlRig/Content/Controls/ControlRig_Hexagon_1mm.uexp" 276
"../../../Engine/Plugins/Animation/ControlRig/Content/Controls/ControlRig_Hexagon_3mm.ubulk" 277
"../../../Engine/Plugins/Animation/ControlRig/Content/Controls/ControlRig_Hexagon_3mm.uasset" 278
"../../../Engine/Plugins/Animation/ControlRig/Content/Controls/ControlRig_Hexagon_3mm.uexp" 279
"../../../Engine/Plugins/Animation/ControlRig/Content/Controls/ControlRig_Hexagon_solid.ubulk" 280
"../../../Engine/Plugins/Animation/ControlRig/Content/Controls/ControlRig_Hexagon_solid.uasset" 281
"../../../Engine/Plugins/Animation/ControlRig/Content/Controls/ControlRig_Hexagon_solid.uexp" 282
"../../../Engine/Content/EngineMaterials/DefaultPhysicalMaterial.uasset" 283
"../../../Engine/Content/EngineMaterials/DefaultPhysicalMaterial.uexp" 284
"../../../Engine/Content/BufferVisualization/AmbientOcclusion.uasset" 285
"../../../Engine/Content/BufferVisualization/AmbientOcclusion.uexp" 286
"../../../Engine/Content/EngineResources/DefaultTextureCube.uasset" 287
"../../../Engine/Content/EngineResources/DefaultTextureCube.uexp" 288
"../../../Engine/Content/Functions/Engine_MaterialFunctions02/Utility/AppendMany.uasset" 289
"../../../Engine/Content/Functions/Engine_MaterialFunctions02/Utility/AppendMany.uexp" 290
"../../../Engine/Content/BufferVisualization/Anisotropy.uasset" 291
"../../../Engine/Content/BufferVisualization/Anisotropy.uexp" 292
"../../../Engine/Plugins/Animation/ControlRig/Content/Controls/ControlRig_Octagon_1mm.ubulk" 293
"../../../Engine/Plugins/Animation/ControlRig/Content/Controls/ControlRig_Octagon_1mm.uasset" 294
"../../../Engine/Plugins/Animation/ControlRig/Content/Controls/ControlRig_Octagon_1mm.uexp" 295
"../../../Engine/Content/BufferVisualization/BaseColor.uasset" 296
"../../../Engine/Content/BufferVisualization/BaseColor.uexp" 297
"../../../Engine/Plugins/Animation/ControlRig/Content/Controls/ControlRig_Octagon_3mm.ubulk" 298
"../../../Engine/Plugins/Animation/ControlRig/Content/Controls/ControlRig_Octagon_3mm.uasset" 299
"../../../Engine/Plugins/Animation/ControlRig/Content/Controls/ControlRig_Octagon_3mm.uexp" 300
"../../../Engine/Plugins/Animation/ControlRig/Content/Controls/ControlRig_Octagon_solid.ubulk" 301
"../../../Engine/Plugins/Animation/ControlRig/Content/Controls/ControlRig_Octagon_solid.uasset" 302
"../../../Engine/Plugins/Animation/ControlRig/Content/Controls/ControlRig_Octagon_solid.uexp" 303
"../../../Engine/Plugins/Animation/ControlRig/Content/Controls/ControlRig_Pyramid_1mm.ubulk" 304
"../../../Engine/Plugins/Animation/ControlRig/Content/Controls/ControlRig_Pyramid_1mm.uasset" 305
"../../../Engine/Plugins/Animation/ControlRig/Content/Controls/ControlRig_Pyramid_1mm.uexp" 306
"../../../Engine/Content/BufferVisualization/CustomDepth.uasset" 307
"../../../Engine/Content/BufferVisualization/CustomDepth.uexp" 308
"../../../Engine/Content/BufferVisualization/CustomDepthWorldUnits.uasset" 309
"../../../Engine/Content/BufferVisualization/CustomDepthWorldUnits.uexp" 310
"../../../Engine/Plugins/Animation/ControlRig/Content/Controls/ControlRig_Pyramid_3mm.ubulk" 311
"../../../Engine/Plugins/Animation/ControlRig/Content/Controls/ControlRig_Pyramid_3mm.uasset" 312
"../../../Engine/Plugins/Animation/ControlRig/Content/Controls/ControlRig_Pyramid_3mm.uexp" 313
"../../../Engine/Content/Functions/Engine_MaterialFunctions02/Utility/MakeFloat2.uasset" 314
"../../../Engine/Content/Functions/Engine_MaterialFunctions02/Utility/MakeFloat2.uexp" 315
"../../../Engine/Content/EngineMaterials/MiniFont.uasset" 316
"../../../Engine/Content/EngineMaterials/MiniFont.uexp" 317
"../../../Engine/Content/Functions/Engine_MaterialFunctions02/Utility/BreakOutFloat2Components.uasset" 318
"../../../Engine/Content/Functions/Engine_MaterialFunctions02/Utility/BreakOutFloat2Components.uexp" 319
"../../../Engine/Content/Functions/Engine_MaterialFunctions02/ScreenResolution.uasset" 320
"../../../Engine/Content/Functions/Engine_MaterialFunctions02/ScreenResolution.uexp" 321
"../../../Engine/Content/Functions/Engine_MaterialFunctions01/Texturing/ScaleUVsByCenter.uasset" 322
"../../../Engine/Content/Functions/Engine_MaterialFunctions01/Texturing/ScaleUVsByCenter.uexp" 323
"../../../Engine/Content/Functions/Engine_MaterialFunctions02/Texturing/ScreenAlignedUVs.uasset" 324
"../../../Engine/Content/Functions/Engine_MaterialFunctions02/Texturing/ScreenAlignedUVs.uexp" 325
"../../../Engine/Content/BufferVisualization/CustomStencil.uasset" 326
"../../../Engine/Content/BufferVisualization/CustomStencil.uexp" 327
"../../../Engine/Plugins/Animation/ControlRig/Content/Controls/ControlRig_Pyramid_solid.ubulk" 328
"../../../Engine/Plugins/Animation/ControlRig/Content/Controls/ControlRig_Pyramid_solid.uasset" 329
"../../../Engine/Plugins/Animation/ControlRig/Content/Controls/ControlRig_Pyramid_solid.uexp" 330
"../../../Engine/Content/BufferVisualization/FinalImage.uasset" 331
"../../../Engine/Content/BufferVisualization/FinalImage.uexp" 332
"../../../Engine/Plugins/Animation/ControlRig/Content/Controls/ControlRig_QuarterCircle_1mm.ubulk" 333
"../../../Engine/Plugins/Animation/ControlRig/Content/Controls/ControlRig_QuarterCircle_1mm.uasset" 334
"../../../Engine/Plugins/Animation/ControlRig/Content/Controls/ControlRig_QuarterCircle_1mm.uexp" 335
"../../../Engine/Content/BufferVisualization/LightingModel.uasset" 336
"../../../Engine/Content/BufferVisualization/LightingModel.uexp" 337
"../../../Engine/Content/EngineResources/GradientTexture0.uasset" 338
"../../../Engine/Content/EngineResources/GradientTexture0.uexp" 339
"../../../Engine/Plugins/Media/MediaPlate/Content/SM_MediaPlateScreen.ubulk" 340
"../../../Engine/Plugins/Media/MediaPlate/Content/SM_MediaPlateScreen.uasset" 341
"../../../Engine/Plugins/Media/MediaPlate/Content/SM_MediaPlateScreen.uexp" 342
"../../../Engine/Plugins/Animation/ControlRig/Content/Controls/ControlRig_QuarterCircle_3mm.ubulk" 343
"../../../Engine/Plugins/Animation/ControlRig/Content/Controls/ControlRig_QuarterCircle_3mm.uasset" 344
"../../../Engine/Plugins/Animation/ControlRig/Content/Controls/ControlRig_QuarterCircle_3mm.uexp" 345
"../../../Engine/Content/BufferVisualization/MaterialAO.uasset" 346
"../../../Engine/Content/BufferVisualization/MaterialAO.uexp" 347
"../../../Engine/Plugins/NNE/NNEDenoiser/Content/NNEDIM_ColorAlbedoNormal_Alpha.uasset" 348
"../../../Engine/Plugins/NNE/NNEDenoiser/Content/NNEDIM_ColorAlbedoNormal_Alpha.uexp" 349
"../../../Engine/Plugins/Animation/ControlRig/Content/Controls/ControlRig_QuarterCircle_solid.ubulk" 350
"../../../Engine/Plugins/Animation/ControlRig/Content/Controls/ControlRig_QuarterCircle_solid.uasset" 351
"../../../Engine/Plugins/Animation/ControlRig/Content/Controls/ControlRig_QuarterCircle_solid.uexp" 352
"../../../Engine/Plugins/NNE/NNEDenoiser/Content/NNEDIM_ColorAlbedoNormal_Default.uasset" 353
"../../../Engine/Plugins/NNE/NNEDenoiser/Content/NNEDIM_ColorAlbedoNormal_Default.uexp" 354
"../../../Engine/Plugins/NNE/NNEDenoiser/Content/NNEDIM_HighQuality_Alpha.uasset" 355
"../../../Engine/Plugins/NNE/NNEDenoiser/Content/NNEDIM_HighQuality_Alpha.uexp" 356
"../../../Engine/Plugins/NNE/NNEDenoiser/Content/NNEDIM_HighQuality_Default.uasset" 357
"../../../Engine/Plugins/NNE/NNEDenoiser/Content/NNEDIM_HighQuality_Default.uexp" 358
"../../../Engine/Plugins/NNE/NNEDenoiser/Content/NNEDOM_Output_Alpha.uasset" 359
"../../../Engine/Plugins/NNE/NNEDenoiser/Content/NNEDOM_Output_Alpha.uexp" 360
"../../../Engine/Plugins/Animation/ControlRig/Content/Controls/ControlRig_RoundedSquare_1mm.ubulk" 361
"../../../Engine/Plugins/Animation/ControlRig/Content/Controls/ControlRig_RoundedSquare_1mm.uasset" 362
"../../../Engine/Plugins/Animation/ControlRig/Content/Controls/ControlRig_RoundedSquare_1mm.uexp" 363
"../../../Engine/Plugins/NNE/NNEDenoiser/Content/NNEDOM_Output_Default.uasset" 364
"../../../Engine/Plugins/NNE/NNEDenoiser/Content/NNEDOM_Output_Default.uexp" 365
"../../../Engine/Plugins/NNE/NNEDenoiser/Content/NNEDTIM_ColorAlbedoNormal_Alpha.uasset" 366
"../../../Engine/Plugins/NNE/NNEDenoiser/Content/NNEDTIM_ColorAlbedoNormal_Alpha.uexp" 367
"../../../Engine/Plugins/NNE/NNEDenoiser/Content/NNEDTIM_ColorAlbedoNormal_Default.uasset" 368
"../../../Engine/Plugins/NNE/NNEDenoiser/Content/NNEDTIM_ColorAlbedoNormal_Default.uexp" 369
"../../../Engine/Plugins/NNE/NNEDenoiser/Content/NNEDTOM_Output_Alpha.uasset" 370
"../../../Engine/Plugins/NNE/NNEDenoiser/Content/NNEDTOM_Output_Alpha.uexp" 371
"../../../Engine/Plugins/Animation/ControlRig/Content/Controls/ControlRig_RoundedSquare_3mm.ubulk" 372
"../../../Engine/Plugins/Animation/ControlRig/Content/Controls/ControlRig_RoundedSquare_3mm.uasset" 373
"../../../Engine/Plugins/Animation/ControlRig/Content/Controls/ControlRig_RoundedSquare_3mm.uexp" 374
"../../../Engine/Plugins/NNE/NNEDenoiser/Content/NNEDTOM_Output_Default.uasset" 375
"../../../Engine/Plugins/NNE/NNEDenoiser/Content/NNEDTOM_Output_Default.uexp" 376
"../../../Engine/Plugins/NNE/NNEDenoiser/Content/NNEDT_Oidn2-3_Balanced.uasset" 377
"../../../Engine/Plugins/NNE/NNEDenoiser/Content/NNEDT_Oidn2-3_Balanced.uexp" 378
"../../../Engine/Plugins/NNE/NNEDenoiser/Content/NNEDT_Oidn2-3_Balanced_Alpha.uasset" 379
"../../../Engine/Plugins/NNE/NNEDenoiser/Content/NNEDT_Oidn2-3_Balanced_Alpha.uexp" 380
"../../../Engine/Plugins/NNE/NNEDenoiser/Content/NNED_Oidn2-3_Balanced.uasset" 381
"../../../Engine/Plugins/NNE/NNEDenoiser/Content/NNED_Oidn2-3_Balanced.uexp" 382
"../../../Engine/Plugins/NNE/NNEDenoiser/Content/NNED_Oidn2-3_Balanced_Alpha.uasset" 383
"../../../Engine/Plugins/NNE/NNEDenoiser/Content/NNED_Oidn2-3_Balanced_Alpha.uexp" 384
"../../../Engine/Plugins/NNE/NNEDenoiser/Content/NNED_Oidn2-3_Fast.uasset" 385
"../../../Engine/Plugins/NNE/NNEDenoiser/Content/NNED_Oidn2-3_Fast.uexp" 386
"../../../Engine/Plugins/NNE/NNEDenoiser/Content/NNED_Oidn2-3_Fast_Alpha.uasset" 387
"../../../Engine/Plugins/NNE/NNEDenoiser/Content/NNED_Oidn2-3_Fast_Alpha.uexp" 388
"../../../Engine/Content/BufferVisualization/Metallic.uasset" 389
"../../../Engine/Content/BufferVisualization/Metallic.uexp" 390
"../../../Engine/Plugins/Animation/ControlRig/Content/Controls/ControlRig_RoundedSquare_solid.ubulk" 391
"../../../Engine/Plugins/Animation/ControlRig/Content/Controls/ControlRig_RoundedSquare_solid.uasset" 392
"../../../Engine/Plugins/Animation/ControlRig/Content/Controls/ControlRig_RoundedSquare_solid.uexp" 393
"../../../Engine/Plugins/NNE/NNEDenoiser/Content/NNED_Oidn2-3_HighQuality.uasset" 394
"../../../Engine/Plugins/NNE/NNEDenoiser/Content/NNED_Oidn2-3_HighQuality.uexp" 395
"../../../Engine/Content/BufferVisualization/Opacity.uasset" 396
"../../../Engine/Content/BufferVisualization/Opacity.uexp" 397
"../../../Engine/Content/EngineResources/LandscapeVisibilityLayerInfo.uasset" 398
"../../../Engine/Content/EngineResources/LandscapeVisibilityLayerInfo.uexp" 399
"../../../Engine/Plugins/Animation/ControlRig/Content/Controls/ControlRig_RoundedTriangle_1mm.ubulk" 400
"../../../Engine/Plugins/Animation/ControlRig/Content/Controls/ControlRig_RoundedTriangle_1mm.uasset" 401
"../../../Engine/Plugins/Animation/ControlRig/Content/Controls/ControlRig_RoundedTriangle_1mm.uexp" 402
"../../../Engine/Plugins/NNE/NNEDenoiser/Content/NNED_Oidn2-3_HighQuality_Alpha.uasset" 403
"../../../Engine/Plugins/NNE/NNEDenoiser/Content/NNED_Oidn2-3_HighQuality_Alpha.uexp" 404
"../../../Engine/Plugins/NNE/NNEDenoiser/Content/NNE_oidn2-3-0_rt_hdr_alb_nrm_small__dyn__fp16_opset11_DenoiseAlpha.uasset" 405
"../../../Engine/Plugins/NNE/NNEDenoiser/Content/NNE_oidn2-3-0_rt_hdr_alb_nrm_small__dyn__fp16_opset11_DenoiseAlpha.uexp" 406
"../../../Engine/Plugins/NNE/NNEDenoiser/Content/NNE_oidn2-3-0_rt_hdr_alb_nrm_small__dyn__fp16_opset11_ForwardAlpha.uasset" 407
"../../../Engine/Plugins/NNE/NNEDenoiser/Content/NNE_oidn2-3-0_rt_hdr_alb_nrm_small__dyn__fp16_opset11_ForwardAlpha.uexp" 408
"../../../Engine/Plugins/Animation/ControlRig/Content/Controls/ControlRig_RoundedTriangle_3mm.ubulk" 409
"../../../Engine/Plugins/Animation/ControlRig/Content/Controls/ControlRig_RoundedTriangle_3mm.uasset" 410
"../../../Engine/Plugins/Animation/ControlRig/Content/Controls/ControlRig_RoundedTriangle_3mm.uexp" 411
"../../../Engine/Content/BufferVisualization/PostTonemapHDRColor.uasset" 412
"../../../Engine/Content/BufferVisualization/PostTonemapHDRColor.uexp" 413
"../../../Engine/Content/BufferVisualization/PreTonemapHDRColor.uasset" 414
"../../../Engine/Content/BufferVisualization/PreTonemapHDRColor.uexp" 415
"../../../Engine/Plugins/NNE/NNEDenoiser/Content/NNE_oidn2-3-0_rt_hdr_alb_nrm__dyn__fp16_opset11_DenoiseAlpha.uasset" 416
"../../../Engine/Plugins/NNE/NNEDenoiser/Content/NNE_oidn2-3-0_rt_hdr_alb_nrm__dyn__fp16_opset11_DenoiseAlpha.uexp" 417
"../../../Engine/Plugins/NNE/NNEDenoiser/Content/NNE_oidn2-3-0_rt_hdr_alb_nrm__dyn__fp16_opset11_ForwardAlpha.uasset" 418
"../../../Engine/Plugins/NNE/NNEDenoiser/Content/NNE_oidn2-3-0_rt_hdr_alb_nrm__dyn__fp16_opset11_ForwardAlpha.uexp" 419
"../../../Engine/Plugins/NNE/NNEDenoiser/Content/NNE_oidn2-3-0_rt_hdr_calb_cnrm_large__dyn__fp16_opset11_DenoiseAlpha.uasset" 420
"../../../Engine/Plugins/NNE/NNEDenoiser/Content/NNE_oidn2-3-0_rt_hdr_calb_cnrm_large__dyn__fp16_opset11_DenoiseAlpha.uexp" 421
"../../../Engine/Plugins/NNE/NNEDenoiser/Content/NNE_oidn2-3-0_rt_hdr_calb_cnrm_large__dyn__fp16_opset11_ForwardAlpha.uasset" 422
"../../../Engine/Plugins/NNE/NNEDenoiser/Content/NNE_oidn2-3-0_rt_hdr_calb_cnrm_large__dyn__fp16_opset11_ForwardAlpha.uexp" 423
"../../../Engine/Plugins/Animation/ControlRig/Content/Controls/ControlRig_RoundedTriangle_solid.ubulk" 424
"../../../Engine/Plugins/Animation/ControlRig/Content/Controls/ControlRig_RoundedTriangle_solid.uasset" 425
"../../../Engine/Plugins/Animation/ControlRig/Content/Controls/ControlRig_RoundedTriangle_solid.uexp" 426
"../../../Engine/Content/BufferVisualization/Roughness.uasset" 427
"../../../Engine/Content/BufferVisualization/Roughness.uexp" 428
"../../../Engine/Plugins/Animation/ControlRig/Content/Controls/ControlRig_Sphere_1mm.ubulk" 429
"../../../Engine/Plugins/Animation/ControlRig/Content/Controls/ControlRig_Sphere_1mm.uasset" 430
"../../../Engine/Plugins/Animation/ControlRig/Content/Controls/ControlRig_Sphere_1mm.uexp" 431
"../../../Engine/Content/BufferVisualization/SceneColor.uasset" 432
"../../../Engine/Content/BufferVisualization/SceneColor.uexp" 433
"../../../Engine/Content/BufferVisualization/SceneDepth.uasset" 434
"../../../Engine/Content/BufferVisualization/SceneDepth.uexp" 435
"../../../Engine/Content/BufferVisualization/SceneDepthWorldUnits.uasset" 436
"../../../Engine/Content/BufferVisualization/SceneDepthWorldUnits.uexp" 437
"../../../Engine/Content/BufferVisualization/SeparateTranslucencyA.uasset" 438
"../../../Engine/Content/BufferVisualization/SeparateTranslucencyA.uexp" 439
"../../../Engine/Content/BufferVisualization/SeparateTranslucencyRGB.uasset" 440
"../../../Engine/Content/BufferVisualization/SeparateTranslucencyRGB.uexp" 441
"../../../Engine/Content/BufferVisualization/Specular.uasset" 442
"../../../Engine/Content/BufferVisualization/Specular.uexp" 443
"../../../Engine/Content/BufferVisualization/SubsurfaceColor.uasset" 444
"../../../Engine/Content/BufferVisualization/SubsurfaceColor.uexp" 445
"../../../Engine/Plugins/Runtime/WebBrowserWidget/Content/WebTexture_T.uasset" 446
"../../../Engine/Plugins/Runtime/WebBrowserWidget/Content/WebTexture_T.uexp" 447
"../../../Engine/Plugins/Runtime/WebBrowserWidget/Content/WebTexture_M.uasset" 448
"../../../Engine/Plugins/Runtime/WebBrowserWidget/Content/WebTexture_M.uexp" 449
"../../../Engine/Plugins/Runtime/WebBrowserWidget/Content/WebTexture_TM.uasset" 450
"../../../Engine/Plugins/Runtime/WebBrowserWidget/Content/WebTexture_TM.uexp" 451
"../../../Engine/Content/EngineMaterials/DefaultBloomKernel.uasset" 452
"../../../Engine/Content/EngineMaterials/DefaultBloomKernel.uexp" 453
"../../../Engine/Content/BufferVisualization/Velocity.uasset" 454
"../../../Engine/Content/BufferVisualization/Velocity.uexp" 455
"../../../Engine/Content/BufferVisualization/WorldNormal.uasset" 456
"../../../Engine/Content/BufferVisualization/WorldNormal.uexp" 457
"../../../Engine/Plugins/Animation/ControlRig/Content/Controls/ControlRig_Sphere_3mm.ubulk" 458
"../../../Engine/Plugins/Animation/ControlRig/Content/Controls/ControlRig_Sphere_3mm.uasset" 459
"../../../Engine/Plugins/Animation/ControlRig/Content/Controls/ControlRig_Sphere_3mm.uexp" 460
"../../../Engine/Content/EngineMaterials/DefaultBokeh.uasset" 461
"../../../Engine/Content/EngineMaterials/DefaultBokeh.uexp" 462
"../../../Engine/Plugins/Animation/ControlRig/Content/Controls/ControlRig_Sphere_solid.ubulk" 463
"../../../Engine/Plugins/Animation/ControlRig/Content/Controls/ControlRig_Sphere_solid.uasset" 464
"../../../Engine/Plugins/Animation/ControlRig/Content/Controls/ControlRig_Sphere_solid.uexp" 465
"../../../Engine/Content/BufferVisualization/WorldTangent.uasset" 466
"../../../Engine/Content/BufferVisualization/WorldTangent.uexp" 467
"../../../Engine/Plugins/Animation/ControlRig/Content/Controls/ControlRig_Square_1mm.ubulk" 468
"../../../Engine/Plugins/Animation/ControlRig/Content/Controls/ControlRig_Square_1mm.uasset" 469
"../../../Engine/Plugins/Animation/ControlRig/Content/Controls/ControlRig_Square_1mm.uexp" 470
"../../../Engine/Plugins/Animation/ControlRig/Content/Controls/ControlRig_Square_3mm.ubulk" 471
"../../../Engine/Plugins/Animation/ControlRig/Content/Controls/ControlRig_Square_3mm.uasset" 472
"../../../Engine/Plugins/Animation/ControlRig/Content/Controls/ControlRig_Square_3mm.uexp" 473
"../../../Engine/Content/EngineMaterials/DefaultDiffuse.ubulk" 474
"../../../Engine/Content/EngineMaterials/DefaultDiffuse.uasset" 475
"../../../Engine/Content/EngineMaterials/DefaultDiffuse.uexp" 476
"../../../Engine/Content/EngineMaterials/DefaultDeferredDecalMaterial.uasset" 477
"../../../Engine/Content/EngineMaterials/DefaultDeferredDecalMaterial.uexp" 478
"../../../Engine/Plugins/Runtime/AudioWidgets/Content/Resources/ScrubHandleDown_Clamped.uasset" 479
"../../../Engine/Plugins/Runtime/AudioWidgets/Content/Resources/ScrubHandleDown_Clamped.uexp" 480
"../../../Engine/Content/EngineMaterials/DefaultLightFunctionMaterial.uasset" 481
"../../../Engine/Content/EngineMaterials/DefaultLightFunctionMaterial.uexp" 482
"../../../Engine/Content/EngineMaterials/DefaultPostProcessMaterial.uasset" 483
"../../../Engine/Content/EngineMaterials/DefaultPostProcessMaterial.uexp" 484
"../../../Engine/Content/EngineFonts/RobotoDistanceField.uasset" 485
"../../../Engine/Content/EngineFonts/RobotoDistanceField.uexp" 486
"../../../Engine/Content/EngineMaterials/DefaultTextMaterialOpaque.uasset" 487
"../../../Engine/Content/EngineMaterials/DefaultTextMaterialOpaque.uexp" 488
"../../../Engine/Content/EditorLandscapeResources/DefaultAlphaTexture.uasset" 489
"../../../Engine/Content/EditorLandscapeResources/DefaultAlphaTexture.uexp" 490
"../../../Engine/Content/EditorLandscapeResources/ColorMaskBrushMaterial.uasset" 491
"../../../Engine/Content/EditorLandscapeResources/ColorMaskBrushMaterial.uexp" 492
"../../../Engine/Content/EditorLandscapeResources/ColorMaskBrushMaterial_MaskedRegion.uasset" 493
"../../../Engine/Content/EditorLandscapeResources/ColorMaskBrushMaterial_MaskedRegion.uexp" 494
"../../../Engine/Plugins/Animation/ControlRig/Content/Controls/ControlRig_Square_solid.ubulk" 495
"../../../Engine/Plugins/Animation/ControlRig/Content/Controls/ControlRig_Square_solid.uasset" 496
"../../../Engine/Plugins/Animation/ControlRig/Content/Controls/ControlRig_Square_solid.uexp" 497
"../../../Engine/Content/EngineMaterials/DefaultWhiteGrid_Low.uasset" 498
"../../../Engine/Content/EngineMaterials/DefaultWhiteGrid_Low.uexp" 499
"../../../Engine/Content/EngineMaterials/EmissiveMeshMaterial.uasset" 500
"../../../Engine/Content/EngineMaterials/EmissiveMeshMaterial.uexp" 501
"../../../Engine/Plugins/Animation/ControlRig/Content/Controls/ControlRig_Star4_1mm.ubulk" 502
"../../../Engine/Plugins/Animation/ControlRig/Content/Controls/ControlRig_Star4_1mm.uasset" 503
"../../../Engine/Plugins/Animation/ControlRig/Content/Controls/ControlRig_Star4_1mm.uexp" 504
"../../../Engine/Content/EngineMaterials/FastBlueNoise_scalar_128x128x64.uasset" 505
"../../../Engine/Content/EngineMaterials/FastBlueNoise_scalar_128x128x64.uexp" 506
"../../../Engine/Plugins/Animation/ControlRig/Content/Controls/ControlRig_Star4_3mm.ubulk" 507
"../../../Engine/Plugins/Animation/ControlRig/Content/Controls/ControlRig_Star4_3mm.uasset" 508
"../../../Engine/Plugins/Animation/ControlRig/Content/Controls/ControlRig_Star4_3mm.uexp" 509
"../../../Engine/Plugins/Animation/ControlRig/Content/Controls/ControlRig_Star4_solid.ubulk" 510
"../../../Engine/Plugins/Animation/ControlRig/Content/Controls/ControlRig_Star4_solid.uasset" 511
"../../../Engine/Plugins/Animation/ControlRig/Content/Controls/ControlRig_Star4_solid.uexp" 512
"../../../Engine/Content/EngineMaterials/FastBlueNoise_scalar_128x128x8.uasset" 513
"../../../Engine/Content/EngineMaterials/FastBlueNoise_scalar_128x128x8.uexp" 514
"../../../Engine/Plugins/Animation/ControlRig/Content/Controls/ControlRig_Triangle_1mm.ubulk" 515
"../../../Engine/Plugins/Animation/ControlRig/Content/Controls/ControlRig_Triangle_1mm.uasset" 516
"../../../Engine/Plugins/Animation/ControlRig/Content/Controls/ControlRig_Triangle_1mm.uexp" 517
"../../../Engine/Content/EditorLandscapeResources/LandscapeDirtyMaterial.uasset" 518
"../../../Engine/Content/EditorLandscapeResources/LandscapeDirtyMaterial.uexp" 519
"../../../Engine/Plugins/Animation/ControlRig/Content/Controls/ControlRig_Triangle_3mm.ubulk" 520
"../../../Engine/Plugins/Animation/ControlRig/Content/Controls/ControlRig_Triangle_3mm.uasset" 521
"../../../Engine/Plugins/Animation/ControlRig/Content/Controls/ControlRig_Triangle_3mm.uexp" 522
"../../../Engine/Content/EngineMaterials/FastBlueNoise_vec2_128x128x64.uasset" 523
"../../../Engine/Content/EngineMaterials/FastBlueNoise_vec2_128x128x64.uexp" 524
"../../../Engine/Plugins/Animation/ControlRig/Content/Controls/ControlRig_Triangle_solid.ubulk" 525
"../../../Engine/Plugins/Animation/ControlRig/Content/Controls/ControlRig_Triangle_solid.uasset" 526
"../../../Engine/Plugins/Animation/ControlRig/Content/Controls/ControlRig_Triangle_solid.uexp" 527
"../../../Engine/Content/EngineMaterials/BaseFlattenDiffuseMap.uasset" 528
"../../../Engine/Content/EngineMaterials/BaseFlattenDiffuseMap.uexp" 529
"../../../Engine/Content/EngineMaterials/BaseFlattenEmissiveMap.uasset" 530
"../../../Engine/Content/EngineMaterials/BaseFlattenEmissiveMap.uexp" 531
"../../../Engine/Content/EngineMaterials/BaseFlattenGrayscaleMap.uasset" 532
"../../../Engine/Content/EngineMaterials/BaseFlattenGrayscaleMap.uexp" 533
"../../../Engine/Content/EngineMaterials/BaseFlattenLinearColor.uasset" 534
"../../../Engine/Content/EngineMaterials/BaseFlattenLinearColor.uexp" 535
"../../../Engine/Content/EngineMaterials/BaseFlattenNormalMap.uasset" 536
"../../../Engine/Content/EngineMaterials/BaseFlattenNormalMap.uexp" 537
"../../../Engine/Content/Functions/Engine_MaterialFunctions02/PivotPainter2/Black_1x1_EXR_Texture.uasset" 538
"../../../Engine/Content/Functions/Engine_MaterialFunctions02/PivotPainter2/Black_1x1_EXR_Texture.uexp" 539
"../../../Engine/Content/EngineMaterials/FlattenMaterial.uasset" 540
"../../../Engine/Content/EngineMaterials/FlattenMaterial.uexp" 541
"../../../Engine/Plugins/Animation/ControlRig/Content/Controls/ControlRig_Wedge_1mm.ubulk" 542
"../../../Engine/Plugins/Animation/ControlRig/Content/Controls/ControlRig_Wedge_1mm.uasset" 543
"../../../Engine/Plugins/Animation/ControlRig/Content/Controls/ControlRig_Wedge_1mm.uexp" 544
"../../../Engine/Content/EngineMaterials/BaseFlattenDiffuseMap_VT.ubulk" 545
"../../../Engine/Content/EngineMaterials/BaseFlattenDiffuseMap_VT.uasset" 546
"../../../Engine/Content/EngineMaterials/BaseFlattenDiffuseMap_VT.uexp" 547
"../../../Engine/Content/EngineMaterials/BaseFlattenEmissiveMap_VT.ubulk" 548
"../../../Engine/Content/EngineMaterials/BaseFlattenEmissiveMap_VT.uasset" 549
"../../../Engine/Content/EngineMaterials/BaseFlattenEmissiveMap_VT.uexp" 550
"../../../Engine/Content/EngineMaterials/BaseFlattenGrayscaleMap_VT.ubulk" 551
"../../../Engine/Content/EngineMaterials/BaseFlattenGrayscaleMap_VT.uasset" 552
"../../../Engine/Content/EngineMaterials/BaseFlattenGrayscaleMap_VT.uexp" 553
"../../../Engine/Content/EngineMaterials/BaseFlattenLinearColor_VT.ubulk" 554
"../../../Engine/Content/EngineMaterials/BaseFlattenLinearColor_VT.uasset" 555
"../../../Engine/Content/EngineMaterials/BaseFlattenLinearColor_VT.uexp" 556
"../../../Engine/Content/EngineMaterials/BaseFlattenNormalMap_VT.ubulk" 557
"../../../Engine/Content/EngineMaterials/BaseFlattenNormalMap_VT.uasset" 558
"../../../Engine/Content/EngineMaterials/BaseFlattenNormalMap_VT.uexp" 559
"../../../Engine/Content/EngineMaterials/Black_1x1_EXR_Texture_VT.ubulk" 560
"../../../Engine/Content/EngineMaterials/Black_1x1_EXR_Texture_VT.uasset" 561
"../../../Engine/Content/EngineMaterials/Black_1x1_EXR_Texture_VT.uexp" 562
"../../../Engine/Content/EngineMaterials/FlattenMaterial_VT.uasset" 563
"../../../Engine/Content/EngineMaterials/FlattenMaterial_VT.uexp" 564
"../../../Engine/Plugins/Animation/ControlRig/Content/Controls/ControlRig_Wedge_3mm.ubulk" 565
"../../../Engine/Plugins/Animation/ControlRig/Content/Controls/ControlRig_Wedge_3mm.uasset" 566
"../../../Engine/Plugins/Animation/ControlRig/Content/Controls/ControlRig_Wedge_3mm.uexp" 567
"../../../Engine/Content/EngineMaterials/FlattenMaterial_WS_Normal_VT.uasset" 568
"../../../Engine/Content/EngineMaterials/FlattenMaterial_WS_Normal_VT.uexp" 569
"../../../Engine/Content/Functions/Engine_MaterialFunctions01/Texturing/TextureCropping.uasset" 570
"../../../Engine/Content/Functions/Engine_MaterialFunctions01/Texturing/TextureCropping.uexp" 571
"../../../Engine/Content/Functions/Engine_MaterialFunctions02/ExampleContent/DebugNumberStrip.uasset" 572
"../../../Engine/Content/Functions/Engine_MaterialFunctions02/ExampleContent/DebugNumberStrip.uexp" 573
"../../../Engine/Content/Functions/Engine_MaterialFunctions01/Debug/DebugIntValues.uasset" 574
"../../../Engine/Content/Functions/Engine_MaterialFunctions01/Debug/DebugIntValues.uexp" 575
"../../../Engine/Content/Functions/Engine_MaterialFunctions02/WorldPositionOffset/LocalPosition.uasset" 576
"../../../Engine/Content/Functions/Engine_MaterialFunctions02/WorldPositionOffset/LocalPosition.uexp" 577
"../../../Engine/Content/EditorLandscapeResources/LandscapeLayerUsageMaterial.uasset" 578
"../../../Engine/Content/EditorLandscapeResources/LandscapeLayerUsageMaterial.uexp" 579
"../../../Engine/Plugins/Animation/ControlRig/Content/Controls/ControlRig_Wedge_solid.ubulk" 580
"../../../Engine/Plugins/Animation/ControlRig/Content/Controls/ControlRig_Wedge_solid.uasset" 581
"../../../Engine/Plugins/Animation/ControlRig/Content/Controls/ControlRig_Wedge_solid.uexp" 582
"../../../Engine/Content/EngineMaterials/GizmoMaterial.uasset" 583
"../../../Engine/Content/EngineMaterials/GizmoMaterial.uexp" 584
"../../../Engine/Content/EditorLandscapeResources/WhiteSquareTexture.uasset" 585
"../../../Engine/Content/EditorLandscapeResources/WhiteSquareTexture.uexp" 586
"../../../Engine/Content/EditorLandscapeResources/LayerVisMaterial.uasset" 587
"../../../Engine/Content/EditorLandscapeResources/LayerVisMaterial.uexp" 588
"../../../Engine/Plugins/Runtime/HairStrands/Content/Materials/HairCardsDefaultMaterial.uasset" 589
"../../../Engine/Plugins/Runtime/HairStrands/Content/Materials/HairCardsDefaultMaterial.uexp" 590
"../../../Engine/Content/EngineMaterials/HairColorMap.uasset" 591
"../../../Engine/Content/EngineMaterials/HairColorMap.uexp" 592
"../../../Engine/Content/EngineMaterials/HairDebugColor.uasset" 593
"../../../Engine/Content/EngineMaterials/HairDebugColor.uexp" 594
"../../../Engine/Plugins/Runtime/HairStrands/Content/Materials/HairGroupColors.uasset" 595
"../../../Engine/Plugins/Runtime/HairStrands/Content/Materials/HairGroupColors.uexp" 596
"../../../Engine/Plugins/Runtime/HairStrands/Content/Materials/HairDebugMaterial.uasset" 597
"../../../Engine/Plugins/Runtime/HairStrands/Content/Materials/HairDebugMaterial.uexp" 598
"../../../Engine/Plugins/Runtime/HairStrands/Content/Materials/HairDefaultMaterial.uasset" 599
"../../../Engine/Plugins/Runtime/HairStrands/Content/Materials/HairDefaultMaterial.uexp" 600
"../../../Engine/Content/Functions/Engine_MaterialFunctions03/Math/WithinRangeFloat2.uasset" 601
"../../../Engine/Content/Functions/Engine_MaterialFunctions03/Math/WithinRangeFloat2.uexp" 602
"../../../Engine/Content/EditorLandscapeResources/MaskBrushMaterial.uasset" 603
"../../../Engine/Content/EditorLandscapeResources/MaskBrushMaterial.uexp" 604
"../../../Engine/Content/EditorLandscapeResources/MaskBrushMaterial_MaskedRegion.uasset" 605
"../../../Engine/Content/EditorLandscapeResources/MaskBrushMaterial_MaskedRegion.uexp" 606
"../../../Engine/Plugins/Runtime/HairStrands/Content/Materials/HairMeshesDefaultMaterial.uasset" 607
"../../../Engine/Plugins/Runtime/HairStrands/Content/Materials/HairMeshesDefaultMaterial.uexp" 608
"../../../Engine/Content/Functions/Engine_MaterialFunctions02/Math/ProjectVectorOntoPlane.uasset" 609
"../../../Engine/Content/Functions/Engine_MaterialFunctions02/Math/ProjectVectorOntoPlane.uexp" 610
"../../../Engine/Content/EngineMaterials/LineSetComponentMaterial.uasset" 611
"../../../Engine/Content/EngineMaterials/LineSetComponentMaterial.uexp" 612
"../../../Engine/Plugins/Runtime/MeshModelingToolset/Content/Materials/M_DynamicMeshComponentVtxColor.uasset" 613
"../../../Engine/Plugins/Runtime/MeshModelingToolset/Content/Materials/M_DynamicMeshComponentVtxColor.uexp" 614
"../../../Engine/Content/EngineMaterials/InvalidLightmapSettings.ubulk" 615
"../../../Engine/Content/EngineMaterials/InvalidLightmapSettings.uasset" 616
"../../../Engine/Content/EngineMaterials/InvalidLightmapSettings.uexp" 617
"../../../Engine/Content/EngineMaterials/M_InvalidLightmapSettings.uasset" 618
"../../../Engine/Content/EngineMaterials/M_InvalidLightmapSettings.uexp" 619
"../../../Engine/Content/EditorLandscapeResources/SelectBrushMaterial.uasset" 620
"../../../Engine/Content/EditorLandscapeResources/SelectBrushMaterial.uexp" 621
"../../../Engine/Content/EditorLandscapeResources/SelectBrushMaterial_Selected.uasset" 622
"../../../Engine/Content/EditorLandscapeResources/SelectBrushMaterial_Selected.uexp" 623
"../../../Engine/Content/EngineMaterials/NaniteHiddenSectionMaterial.uasset" 624
"../../../Engine/Content/EngineMaterials/NaniteHiddenSectionMaterial.uexp" 625
"../../../Engine/Content/EditorLandscapeResources/SelectBrushMaterial_SelectedRegion.uasset" 626
"../../../Engine/Content/EditorLandscapeResources/SelectBrushMaterial_SelectedRegion.uexp" 627
"../../../Engine/Plugins/Interchange/Assets/Content/Substrate/MX_SimpleVolume.uasset" 628
"../../../Engine/Plugins/Interchange/Assets/Content/Substrate/MX_SimpleVolume.uexp" 629
"../../../Engine/Content/EngineMaterials/PhAT_JointLimitMaterial.uasset" 630
"../../../Engine/Content/EngineMaterials/PhAT_JointLimitMaterial.uexp" 631
"../../../Engine/Plugins/Interchange/Assets/Content/Functions/MX_AbsorptionVDF.uasset" 632
"../../../Engine/Plugins/Interchange/Assets/Content/Functions/MX_AbsorptionVDF.uexp" 633
"../../../Engine/Content/EngineMaterials/DefaultCalibrationColor.uasset" 634
"../../../Engine/Content/EngineMaterials/DefaultCalibrationColor.uexp" 635
"../../../Engine/Content/EngineMaterials/PPM_DefaultCalibrationColor.uasset" 636
"../../../Engine/Content/EngineMaterials/PPM_DefaultCalibrationColor.uexp" 637
"../../../Engine/Content/EngineMaterials/DefaultCalibrationGrayscale.uasset" 638
"../../../Engine/Content/EngineMaterials/DefaultCalibrationGrayscale.uexp" 639
"../../../Engine/Content/EngineMaterials/PPM_DefaultCalibrationGrayscale.uasset" 640
"../../../Engine/Content/EngineMaterials/PPM_DefaultCalibrationGrayscale.uexp" 641
"../../../Engine/Plugins/Interchange/Assets/Content/Functions/MX_AnisotropicVDF.uasset" 642
"../../../Engine/Plugins/Interchange/Assets/Content/Functions/MX_AnisotropicVDF.uexp" 643
"../../../Engine/Plugins/Interchange/Assets/Content/Functions/MX_BurleyDiffuseBSDF.uasset" 644
"../../../Engine/Plugins/Interchange/Assets/Content/Functions/MX_BurleyDiffuseBSDF.uexp" 645
"../../../Engine/Content/EngineMaterials/PreintegratedSkinBRDF.uasset" 646
"../../../Engine/Content/EngineMaterials/PreintegratedSkinBRDF.uexp" 647
"../../../Engine/Plugins/Interchange/Assets/Content/Functions/MX_ChiangHairBSDF.uasset" 648
"../../../Engine/Plugins/Interchange/Assets/Content/Functions/MX_ChiangHairBSDF.uexp" 649
"../../../Engine/Content/EngineMaterials/RemoveSurfaceMaterial.uasset" 650
"../../../Engine/Content/EngineMaterials/RemoveSurfaceMaterial.uexp" 651
"../../../Engine/Plugins/Interchange/Assets/Content/Functions/MX_ConductorBSDF.uasset" 652
"../../../Engine/Plugins/Interchange/Assets/Content/Functions/MX_ConductorBSDF.uexp" 653
"../../../Engine/Content/EngineMaterials/SMAAAreaTex.uasset" 654
"../../../Engine/Content/EngineMaterials/SMAAAreaTex.uexp" 655
"../../../Engine/Content/EngineMaterials/SMAASearchTex.uasset" 656
"../../../Engine/Content/EngineMaterials/SMAASearchTex.uexp" 657
"../../../Engine/Plugins/Interchange/Assets/Content/Functions/MX_ConicalEDF.uasset" 658
"../../../Engine/Plugins/Interchange/Assets/Content/Functions/MX_ConicalEDF.uexp" 659
"../../../Engine/Plugins/Interchange/Assets/Content/Functions/MX_DielectricBSDF.uasset" 660
"../../../Engine/Plugins/Interchange/Assets/Content/Functions/MX_DielectricBSDF.uexp" 661
"../../../Engine/Content/Functions/Engine_MaterialFunctions02/Utility/BlendAngleCorrectedNormals.uasset" 662
"../../../Engine/Content/Functions/Engine_MaterialFunctions02/Utility/BlendAngleCorrectedNormals.uexp" 663
"../../../Engine/Plugins/Interchange/Assets/Content/Functions/MX_Displacement.uasset" 664
"../../../Engine/Plugins/Interchange/Assets/Content/Functions/MX_Displacement.uexp" 665
"../../../Engine/Plugins/Interchange/Assets/Content/Functions/MX_GeneralizedSchlickBSDF.uasset" 666
"../../../Engine/Plugins/Interchange/Assets/Content/Functions/MX_GeneralizedSchlickBSDF.uexp" 667
"../../../Engine/Plugins/Animation/DeformerGraph/Content/DeformerFunctions/DG_Function_LinearBlendSkin_Morph_Cloth.uasset" 668
"../../../Engine/Plugins/Animation/DeformerGraph/Content/DeformerFunctions/DG_Function_LinearBlendSkin_Morph_Cloth.uexp" 669
"../../../Engine/Plugins/Animation/DeformerGraph/Content/Deformers/DG_LinearBlendSkin_Morph_Cloth.uasset" 670
"../../../Engine/Plugins/Animation/DeformerGraph/Content/Deformers/DG_LinearBlendSkin_Morph_Cloth.uexp" 671
"../../../Engine/Plugins/Animation/DeformerGraph/Content/DeformerFunctions/DG_Function_ComputeNormalsTangents.uasset" 672
"../../../Engine/Plugins/Animation/DeformerGraph/Content/DeformerFunctions/DG_Function_ComputeNormalsTangents.uexp" 673
"../../../Engine/Plugins/Animation/DeformerGraph/Content/DeformerFunctions/DG_Function_LinearBlendSkin_Morph_Cloth_PositionOnly.uasset" 674
"../../../Engine/Plugins/Animation/DeformerGraph/Content/DeformerFunctions/DG_Function_LinearBlendSkin_Morph_Cloth_PositionOnly.uexp" 675
"../../../Engine/Plugins/Animation/DeformerGraph/Content/Deformers/DG_LinearBlendSkin_Morph_Cloth_RecomputeNormals.uasset" 676
"../../../Engine/Plugins/Animation/DeformerGraph/Content/Deformers/DG_LinearBlendSkin_Morph_Cloth_RecomputeNormals.uexp" 677
"../../../Engine/Plugins/Interchange/Assets/Content/Functions/MX_MeasuredEDF.uasset" 678
"../../../Engine/Plugins/Interchange/Assets/Content/Functions/MX_MeasuredEDF.uexp" 679
"../../../Engine/Plugins/Interchange/Assets/Content/Functions/MF_IridescenceNoLUT.uasset" 680
"../../../Engine/Plugins/Interchange/Assets/Content/Functions/MF_IridescenceNoLUT.uexp" 681
"../../../Engine/Plugins/Interchange/Assets/Content/Functions/MX_StandardSurface.uasset" 682
"../../../Engine/Plugins/Interchange/Assets/Content/Functions/MX_StandardSurface.uexp" 683
"../../../Engine/Plugins/Interchange/Assets/Content/Functions/MX_OpenPBR_Opaque.uasset" 684
"../../../Engine/Plugins/Interchange/Assets/Content/Functions/MX_OpenPBR_Opaque.uexp" 685
"../../../Engine/Plugins/Interchange/Assets/Content/Functions/MX_TransmissionSurface.uasset" 686
"../../../Engine/Plugins/Interchange/Assets/Content/Functions/MX_TransmissionSurface.uexp" 687
"../../../Engine/Plugins/Interchange/Assets/Content/Functions/MX_OpenPBR_Translucent.uasset" 688
"../../../Engine/Plugins/Interchange/Assets/Content/Functions/MX_OpenPBR_Translucent.uexp" 689
"../../../Engine/Plugins/Interchange/Assets/Content/Functions/MX_OrenNayarBSDF.uasset" 690
"../../../Engine/Plugins/Interchange/Assets/Content/Functions/MX_OrenNayarBSDF.uexp" 691
"../../../Engine/Plugins/Interchange/Runtime/Content/Pipelines/DefaultAssetsPipeline.uasset" 692
"../../../Engine/Plugins/Interchange/Runtime/Content/Pipelines/DefaultAssetsPipeline.uexp" 693
"../../../Engine/Plugins/Interchange/Runtime/Content/Pipelines/DefaultAudioPipeline.uasset" 694
"../../../Engine/Plugins/Interchange/Runtime/Content/Pipelines/DefaultAudioPipeline.uexp" 695
"../../../Engine/Plugins/Interchange/Runtime/Content/Pipelines/DefaultGLTFAssetsPipeline.uasset" 696
"../../../Engine/Plugins/Interchange/Runtime/Content/Pipelines/DefaultGLTFAssetsPipeline.uexp" 697
"../../../Engine/Plugins/Interchange/Runtime/Content/Pipelines/DefaultGLTFPipeline.uasset" 698
"../../../Engine/Plugins/Interchange/Runtime/Content/Pipelines/DefaultGLTFPipeline.uexp" 699
"../../../Engine/Plugins/Interchange/Runtime/Content/Pipelines/DefaultGLTFSceneAssetsPipeline.uasset" 700
"../../../Engine/Plugins/Interchange/Runtime/Content/Pipelines/DefaultGLTFSceneAssetsPipeline.uexp" 701
"../../../Engine/Plugins/Interchange/Runtime/Content/Pipelines/DefaultMaterialPipeline.uasset" 702
"../../../Engine/Plugins/Interchange/Runtime/Content/Pipelines/DefaultMaterialPipeline.uexp" 703
"../../../Engine/Plugins/Interchange/Runtime/Content/Pipelines/DefaultMaterialXPipeline.uasset" 704
"../../../Engine/Plugins/Interchange/Runtime/Content/Pipelines/DefaultMaterialXPipeline.uexp" 705
"../../../Engine/Plugins/Interchange/Runtime/Content/Pipelines/DefaultSceneAssetsPipeline.uasset" 706
"../../../Engine/Plugins/Interchange/Runtime/Content/Pipelines/DefaultSceneAssetsPipeline.uexp" 707
"../../../Engine/Plugins/Interchange/Runtime/Content/Pipelines/DefaultSceneLevelPipeline.uasset" 708
"../../../Engine/Plugins/Interchange/Runtime/Content/Pipelines/DefaultSceneLevelPipeline.uexp" 709
"../../../Engine/Plugins/Interchange/Runtime/Content/Pipelines/DefaultTexturePipeline.uasset" 710
"../../../Engine/Plugins/Interchange/Runtime/Content/Pipelines/DefaultTexturePipeline.uexp" 711
"../../../Engine/Plugins/PCG/Content/ComputeSources/PCGCS_Quaternion.uasset" 712
"../../../Engine/Plugins/PCG/Content/ComputeSources/PCGCS_Quaternion.uexp" 713
"../../../Engine/Plugins/PCG/Content/ComputeSources/PCGCS_ShaderUtils.uasset" 714
"../../../Engine/Plugins/PCG/Content/ComputeSources/PCGCS_ShaderUtils.uexp" 715
"../../../Engine/Plugins/PCG/Content/ComputeSources/PCGCS_ShaderUtilsInternal.uasset" 716
"../../../Engine/Plugins/PCG/Content/ComputeSources/PCGCS_ShaderUtilsInternal.uexp" 717
"../../../Engine/Content/EditorMaterials/Dataflow/DataflowTwoSidedVertexMaterial.uasset" 718
"../../../Engine/Content/EditorMaterials/Dataflow/DataflowTwoSidedVertexMaterial.uexp" 719
"../../../Engine/Content/EditorMaterials/Dataflow/DataflowVertexMaterial.uasset" 720
"../../../Engine/Content/EditorMaterials/Dataflow/DataflowVertexMaterial.uexp" 721
"../../../Engine/Plugins/Interchange/Assets/Content/Functions/MX_SheenBSDF.uasset" 722
"../../../Engine/Plugins/Interchange/Assets/Content/Functions/MX_SheenBSDF.uexp" 723
"../../../Engine/Content/Functions/Engine_MaterialFunctions02/WorldPositionOffset/ObjectScale.uasset" 724
"../../../Engine/Content/Functions/Engine_MaterialFunctions02/WorldPositionOffset/ObjectScale.uexp" 725
"../../../Engine/Plugins/Editor/SpeedTreeImporter/Content/SpeedTree9/Empty.uasset" 726
"../../../Engine/Plugins/Editor/SpeedTreeImporter/Content/SpeedTree9/Empty.uexp" 727
"../../../Engine/Plugins/Editor/SpeedTreeImporter/Content/SpeedTree9/EmptyNormal.uasset" 728
"../../../Engine/Plugins/Editor/SpeedTreeImporter/Content/SpeedTree9/EmptyNormal.uexp" 729
"../../../Engine/Plugins/Editor/SpeedTreeImporter/Content/SpeedTree9/game_wind_noise.ubulk" 730
"../../../Engine/Plugins/Editor/SpeedTreeImporter/Content/SpeedTree9/game_wind_noise.uasset" 731
"../../../Engine/Plugins/Editor/SpeedTreeImporter/Content/SpeedTree9/game_wind_noise.uexp" 732
"../../../Engine/Plugins/Editor/SpeedTreeImporter/Content/SpeedTree9/SpeedTreeBillboard.uasset" 733
"../../../Engine/Plugins/Editor/SpeedTreeImporter/Content/SpeedTree9/SpeedTreeBillboard.uexp" 734
"../../../Engine/Content/Functions/Engine_MaterialFunctions02/SafeNormalize.uasset" 735
"../../../Engine/Content/Functions/Engine_MaterialFunctions02/SafeNormalize.uexp" 736
"../../../Engine/Plugins/Editor/SpeedTreeImporter/Content/SpeedTree9/SpeedTreeWindMotion.uasset" 737
"../../../Engine/Plugins/Editor/SpeedTreeImporter/Content/SpeedTree9/SpeedTreeWindMotion.uexp" 738
"../../../Engine/Plugins/Editor/SpeedTreeImporter/Content/SpeedTree9/UnpackDirection.uasset" 739
"../../../Engine/Plugins/Editor/SpeedTreeImporter/Content/SpeedTree9/UnpackDirection.uexp" 740
"../../../Engine/Plugins/Editor/SpeedTreeImporter/Content/SpeedTree9/UnpackInteger3.uasset" 741
"../../../Engine/Plugins/Editor/SpeedTreeImporter/Content/SpeedTree9/UnpackInteger3.uexp" 742
"../../../Engine/Plugins/Editor/SpeedTreeImporter/Content/SpeedTree9/SpeedTreeBranchMotion.uasset" 743
"../../../Engine/Plugins/Editor/SpeedTreeImporter/Content/SpeedTree9/SpeedTreeBranchMotion.uexp" 744
"../../../Engine/Content/Functions/Engine_MaterialFunctions02/ObjectLocalBounds.uasset" 745
"../../../Engine/Content/Functions/Engine_MaterialFunctions02/ObjectLocalBounds.uexp" 746
"../../../Engine/Content/Functions/Engine_MaterialFunctions02/UVs/BoundingBoxBased_0-1_UVW.uasset" 747
"../../../Engine/Content/Functions/Engine_MaterialFunctions02/UVs/BoundingBoxBased_0-1_UVW.uexp" 748
"../../../Engine/Plugins/Editor/SpeedTreeImporter/Content/SpeedTree9/SpeedTreeWind.uasset" 749
"../../../Engine/Plugins/Editor/SpeedTreeImporter/Content/SpeedTree9/SpeedTreeWind.uexp" 750
"../../../Engine/Plugins/Editor/SpeedTreeImporter/Content/SpeedTree9/SpeedTreeBillboardMaster.uasset" 751
"../../../Engine/Plugins/Editor/SpeedTreeImporter/Content/SpeedTree9/SpeedTreeBillboardMaster.uexp" 752
"../../../Engine/Plugins/Editor/SpeedTreeImporter/Content/SpeedTree9/SpeedTreeCameraFacing.uasset" 753
"../../../Engine/Plugins/Editor/SpeedTreeImporter/Content/SpeedTree9/SpeedTreeCameraFacing.uexp" 754
"../../../Engine/Plugins/Editor/SpeedTreeImporter/Content/SpeedTree9/SpeedTreeMaster.uasset" 755
"../../../Engine/Plugins/Editor/SpeedTreeImporter/Content/SpeedTree9/SpeedTreeMaster.uexp" 756
"../../../Engine/Plugins/Interchange/Assets/Content/Functions/MX_SubsurfaceBSDF.uasset" 757
"../../../Engine/Plugins/Interchange/Assets/Content/Functions/MX_SubsurfaceBSDF.uexp" 758
"../../../Engine/Plugins/Interchange/Assets/Content/Functions/MX_Surface.uasset" 759
"../../../Engine/Plugins/Interchange/Assets/Content/Functions/MX_Surface.uexp" 760
"../../../Engine/Plugins/Interchange/Assets/Content/Functions/MX_SurfaceUnlit.uasset" 761
"../../../Engine/Plugins/Interchange/Assets/Content/Functions/MX_SurfaceUnlit.uexp" 762
"../../../Engine/Content/EngineMaterials/EnergyConservation/Diffuse_Energy.uasset" 763
"../../../Engine/Content/EngineMaterials/EnergyConservation/Diffuse_Energy.uexp" 764
"../../../Engine/Content/EngineMaterials/EnergyConservation/GGX_ReflectionEnergy.uasset" 765
"../../../Engine/Content/EngineMaterials/EnergyConservation/GGX_ReflectionEnergy.uexp" 766
"../../../Engine/Content/EngineMaterials/EnergyConservation/GGX_TransmissionEnergyArray.uasset" 767
"../../../Engine/Content/EngineMaterials/EnergyConservation/GGX_TransmissionEnergyArray.uexp" 768
"../../../Engine/Content/EngineMaterials/EnergyConservation/SheenLegacy_Energy.uasset" 769
"../../../Engine/Content/EngineMaterials/EnergyConservation/SheenLegacy_Energy.uexp" 770
"../../../Engine/Content/EngineMaterials/EnergyConservation/Sheen_Energy.uasset" 771
"../../../Engine/Content/EngineMaterials/EnergyConservation/Sheen_Energy.uexp" 772
"../../../Engine/Content/EngineMaterials/LTC/GGX_LTCAmp.uasset" 773
"../../../Engine/Content/EngineMaterials/LTC/GGX_LTCAmp.uexp" 774
"../../../Engine/Content/EngineMaterials/LTC/GGX_LTCMat.uasset" 775
"../../../Engine/Content/EngineMaterials/LTC/GGX_LTCMat.uexp" 776
"../../../Engine/Content/EngineMaterials/LTC/Sheen_LTC.uasset" 777
"../../../Engine/Content/EngineMaterials/LTC/Sheen_LTC.uexp" 778
"../../../Engine/Content/EngineResources/Development/ZenLogo_64.uasset" 779
"../../../Engine/Content/EngineResources/Development/ZenLogo_64.uexp" 780
"../../../Engine/Content/EngineResources/FilmGrains/Marcie_Grain_v3_128_M2_000.uasset" 781
"../../../Engine/Content/EngineResources/FilmGrains/Marcie_Grain_v3_128_M2_000.uexp" 782
"../../../Engine/Content/EditorMaterials/ParticleSystems/PSysThumbnail_NoImage.ubulk" 783
"../../../Engine/Content/EditorMaterials/ParticleSystems/PSysThumbnail_NoImage.uasset" 784
"../../../Engine/Content/EditorMaterials/ParticleSystems/PSysThumbnail_NoImage.uexp" 785
"../../../Engine/Content/EditorMaterials/ParticleSystems/PSysThumbnail_OOD.ubulk" 786
"../../../Engine/Content/EditorMaterials/ParticleSystems/PSysThumbnail_OOD.uasset" 787
"../../../Engine/Content/EditorMaterials/ParticleSystems/PSysThumbnail_OOD.uexp" 788
"../../../Engine/Content/EditorMaterials/Camera/CineMat.uasset" 789
"../../../Engine/Content/EditorMaterials/Camera/CineMat.uexp" 790
"../../../Engine/Content/EditorMaterials/Camera/MI_CineMat_Rig.uasset" 791
"../../../Engine/Content/EditorMaterials/Camera/MI_CineMat_Rig.uexp" 792
"../../../Engine/Content/EditorMeshes/Camera/SM_CraneRig_Arm.ubulk" 793
"../../../Engine/Content/EditorMeshes/Camera/SM_CraneRig_Arm.uasset" 794
"../../../Engine/Content/EditorMeshes/Camera/SM_CraneRig_Arm.uexp" 795
"../../../Engine/Content/EditorMeshes/Camera/SM_CraneRig_Base.ubulk" 796
"../../../Engine/Content/EditorMeshes/Camera/SM_CraneRig_Base.uasset" 797
"../../../Engine/Content/EditorMeshes/Camera/SM_CraneRig_Base.uexp" 798
"../../../Engine/Content/EditorMeshes/Camera/SM_CraneRig_Body.ubulk" 799
"../../../Engine/Content/EditorMeshes/Camera/SM_CraneRig_Body.uasset" 800
"../../../Engine/Content/EditorMeshes/Camera/SM_CraneRig_Body.uexp" 801
"../../../Engine/Content/EditorMeshes/Camera/SM_CraneRig_Mount.ubulk" 802
"../../../Engine/Content/EditorMeshes/Camera/SM_CraneRig_Mount.uasset" 803
"../../../Engine/Content/EditorMeshes/Camera/SM_CraneRig_Mount.uexp" 804
"../../../Engine/Content/EditorMeshes/Camera/SM_RailRig_Mount.ubulk" 805
"../../../Engine/Content/EditorMeshes/Camera/SM_RailRig_Mount.uasset" 806
"../../../Engine/Content/EditorMeshes/Camera/SM_RailRig_Mount.uexp" 807
"../../../Engine/Content/EditorMeshes/Camera/SM_RailRig_Track.ubulk" 808
"../../../Engine/Content/EditorMeshes/Camera/SM_RailRig_Track.uasset" 809
"../../../Engine/Content/EditorMeshes/Camera/SM_RailRig_Track.uexp" 810
"../../../Engine/Content/VREditor/TransformGizmo/BoundingBoxCorner.ubulk" 811
"../../../Engine/Content/VREditor/TransformGizmo/BoundingBoxCorner.uasset" 812
"../../../Engine/Content/VREditor/TransformGizmo/BoundingBoxCorner.uexp" 813
"../../../Engine/Content/VREditor/TransformGizmo/BoundingBoxEdge.ubulk" 814
"../../../Engine/Content/VREditor/TransformGizmo/BoundingBoxEdge.uasset" 815
"../../../Engine/Content/VREditor/TransformGizmo/BoundingBoxEdge.uexp" 816
"../../../Engine/Content/EditorResources/SequenceRecorder/Countdown.uasset" 817
"../../../Engine/Content/EditorResources/SequenceRecorder/Countdown.uexp" 818
"../../../Engine/Content/EditorResources/SequenceRecorder/RecordingIndicator.uasset" 819
"../../../Engine/Content/EditorResources/SequenceRecorder/RecordingIndicator.uexp" 820
"../../../Engine/Content/Functions/Engine_MaterialFunctions01/Texturing/FlattenNormal.uasset" 821
"../../../Engine/Content/Functions/Engine_MaterialFunctions01/Texturing/FlattenNormal.uexp" 822
"../../../Engine/Plugins/Interchange/Assets/Content/Utilities/New_LUT.uasset" 823
"../../../Engine/Plugins/Interchange/Assets/Content/Utilities/New_LUT.uexp" 824
"../../../Engine/Content/Functions/Engine_MaterialFunctions03/Math/RemapValueRange.uasset" 825
"../../../Engine/Content/Functions/Engine_MaterialFunctions03/Math/RemapValueRange.uexp" 826
"../../../Engine/Plugins/Interchange/Assets/Content/Functions/MF_Iridescence.uasset" 827
"../../../Engine/Plugins/Interchange/Assets/Content/Functions/MF_Iridescence.uexp" 828
"../../../Engine/Plugins/Interchange/Assets/Content/gltf/Textures/T_White_srgb.uasset" 829
"../../../Engine/Plugins/Interchange/Assets/Content/gltf/Textures/T_White_srgb.uexp" 830
"../../../Engine/Plugins/Interchange/Assets/Content/gltf/MaterialFunctions/MF_BaseColor.uasset" 831
"../../../Engine/Plugins/Interchange/Assets/Content/gltf/MaterialFunctions/MF_BaseColor.uexp" 832
"../../../Engine/Plugins/Interchange/Assets/Content/gltf/MaterialFunctions/MF_RotateNormals_TS.uasset" 833
"../../../Engine/Plugins/Interchange/Assets/Content/gltf/MaterialFunctions/MF_RotateNormals_TS.uexp" 834
"../../../Engine/Plugins/Interchange/Assets/Content/gltf/Textures/T_Generic_N.uasset" 835
"../../../Engine/Plugins/Interchange/Assets/Content/gltf/Textures/T_Generic_N.uexp" 836
"../../../Engine/Plugins/Interchange/Assets/Content/gltf/Textures/T_White_Linear.uasset" 837
"../../../Engine/Plugins/Interchange/Assets/Content/gltf/Textures/T_White_Linear.uexp" 838
"../../../Engine/Plugins/Interchange/Assets/Content/gltf/MaterialFunctions/MF_Clearcoat.uasset" 839
"../../../Engine/Plugins/Interchange/Assets/Content/gltf/MaterialFunctions/MF_Clearcoat.uexp" 840
"../../../Engine/Plugins/Interchange/Assets/Content/gltf/MaterialFunctions/MF_Emissive.uasset" 841
"../../../Engine/Plugins/Interchange/Assets/Content/gltf/MaterialFunctions/MF_Emissive.uexp" 842
"../../../Engine/Plugins/Interchange/Assets/Content/gltf/MaterialFunctions/MF_IOR.uasset" 843
"../../../Engine/Plugins/Interchange/Assets/Content/gltf/MaterialFunctions/MF_IOR.uexp" 844
"../../../Engine/Plugins/Interchange/Assets/Content/gltf/MaterialFunctions/MF_Iridescence.uasset" 845
"../../../Engine/Plugins/Interchange/Assets/Content/gltf/MaterialFunctions/MF_Iridescence.uexp" 846
"../../../Engine/Plugins/Interchange/Assets/Content/gltf/MaterialFunctions/MF_MetallicRoughness.uasset" 847
"../../../Engine/Plugins/Interchange/Assets/Content/gltf/MaterialFunctions/MF_MetallicRoughness.uexp" 848
"../../../Engine/Plugins/Interchange/Assets/Content/gltf/MaterialFunctions/MF_ScaleNormal.uasset" 849
"../../../Engine/Plugins/Interchange/Assets/Content/gltf/MaterialFunctions/MF_ScaleNormal.uexp" 850
"../../../Engine/Plugins/Interchange/Assets/Content/gltf/MaterialFunctions/MF_Normals.uasset" 851
"../../../Engine/Plugins/Interchange/Assets/Content/gltf/MaterialFunctions/MF_Normals.uexp" 852
"../../../Engine/Plugins/Interchange/Assets/Content/gltf/MaterialFunctions/MF_Occlusion.uasset" 853
"../../../Engine/Plugins/Interchange/Assets/Content/gltf/MaterialFunctions/MF_Occlusion.uexp" 854
"../../../Engine/Plugins/Interchange/Assets/Content/gltf/MaterialFunctions/MF_Specular.uasset" 855
"../../../Engine/Plugins/Interchange/Assets/Content/gltf/MaterialFunctions/MF_Specular.uexp" 856
"../../../Engine/Plugins/Interchange/Assets/Content/gltf/Textures/T_Anisotropy_Direction_Linear.uasset" 857
"../../../Engine/Plugins/Interchange/Assets/Content/gltf/Textures/T_Anisotropy_Direction_Linear.uexp" 858
"../../../Engine/Plugins/Interchange/Assets/Content/gltf/MaterialFunctions/MF_SpecularAnisotropy.uasset" 859
"../../../Engine/Plugins/Interchange/Assets/Content/gltf/MaterialFunctions/MF_SpecularAnisotropy.uexp" 860
"../../../Engine/Plugins/Interchange/Assets/Content/gltf/MaterialFunctions/MF_RotateV2.uasset" 861
"../../../Engine/Plugins/Interchange/Assets/Content/gltf/MaterialFunctions/MF_RotateV2.uexp" 862
"../../../Engine/Plugins/Interchange/Assets/Content/gltf/MaterialFunctions/MF_TransformUVs.uasset" 863
"../../../Engine/Plugins/Interchange/Assets/Content/gltf/MaterialFunctions/MF_TransformUVs.uexp" 864
"../../../Engine/Plugins/Interchange/Assets/Content/gltf/MaterialBodies/MF_ClearCoat_Body.uasset" 865
"../../../Engine/Plugins/Interchange/Assets/Content/gltf/MaterialBodies/MF_ClearCoat_Body.uexp" 866
"../../../Engine/Plugins/Interchange/Assets/Content/gltf/M_ClearCoat.uasset" 867
"../../../Engine/Plugins/Interchange/Assets/Content/gltf/M_ClearCoat.uexp" 868
"../../../Engine/Plugins/Interchange/Assets/Content/gltf/MaterialInstances/MI_ClearCoat_Blend.uasset" 869
"../../../Engine/Plugins/Interchange/Assets/Content/gltf/MaterialInstances/MI_ClearCoat_Blend.uexp" 870
"../../../Engine/Plugins/Interchange/Assets/Content/gltf/MaterialInstances/MI_ClearCoat_Blend_DS.uasset" 871
"../../../Engine/Plugins/Interchange/Assets/Content/gltf/MaterialInstances/MI_ClearCoat_Blend_DS.uexp" 872
"../../../Engine/Plugins/Interchange/Assets/Content/gltf/MaterialInstances/MI_ClearCoat_Mask.uasset" 873
"../../../Engine/Plugins/Interchange/Assets/Content/gltf/MaterialInstances/MI_ClearCoat_Mask.uexp" 874
"../../../Engine/Plugins/Interchange/Assets/Content/gltf/MaterialInstances/MI_ClearCoat_Mask_DS.uasset" 875
"../../../Engine/Plugins/Interchange/Assets/Content/gltf/MaterialInstances/MI_ClearCoat_Mask_DS.uexp" 876
"../../../Engine/Plugins/Interchange/Assets/Content/gltf/MaterialInstances/MI_ClearCoat_Opaque.uasset" 877
"../../../Engine/Plugins/Interchange/Assets/Content/gltf/MaterialInstances/MI_ClearCoat_Opaque.uexp" 878
"../../../Engine/Plugins/Interchange/Assets/Content/gltf/MaterialInstances/MI_ClearCoat_Opaque_DS.uasset" 879
"../../../Engine/Plugins/Interchange/Assets/Content/gltf/MaterialInstances/MI_ClearCoat_Opaque_DS.uexp" 880
"../../../Engine/Plugins/Interchange/Assets/Content/gltf/MaterialBodies/MF_Default_Body.uasset" 881
"../../../Engine/Plugins/Interchange/Assets/Content/gltf/MaterialBodies/MF_Default_Body.uexp" 882
"../../../Engine/Plugins/Interchange/Assets/Content/gltf/M_Default.uasset" 883
"../../../Engine/Plugins/Interchange/Assets/Content/gltf/M_Default.uexp" 884
"../../../Engine/Plugins/Interchange/Assets/Content/gltf/MaterialInstances/MI_Default_Blend.uasset" 885
"../../../Engine/Plugins/Interchange/Assets/Content/gltf/MaterialInstances/MI_Default_Blend.uexp" 886
"../../../Engine/Plugins/Interchange/Assets/Content/gltf/MaterialInstances/MI_Default_Blend_DS.uasset" 887
"../../../Engine/Plugins/Interchange/Assets/Content/gltf/MaterialInstances/MI_Default_Blend_DS.uexp" 888
"../../../Engine/Plugins/Interchange/Assets/Content/gltf/MaterialInstances/MI_Default_Mask.uasset" 889
"../../../Engine/Plugins/Interchange/Assets/Content/gltf/MaterialInstances/MI_Default_Mask.uexp" 890
"../../../Engine/Plugins/Interchange/Assets/Content/gltf/MaterialInstances/MI_Default_Mask_DS.uasset" 891
"../../../Engine/Plugins/Interchange/Assets/Content/gltf/MaterialInstances/MI_Default_Mask_DS.uexp" 892
"../../../Engine/Plugins/Interchange/Assets/Content/gltf/MaterialInstances/MI_Default_Opaque.uasset" 893
"../../../Engine/Plugins/Interchange/Assets/Content/gltf/MaterialInstances/MI_Default_Opaque.uexp" 894
"../../../Engine/Plugins/Interchange/Assets/Content/gltf/MaterialFunctions/MF_Sheen.uasset" 895
"../../../Engine/Plugins/Interchange/Assets/Content/gltf/MaterialFunctions/MF_Sheen.uexp" 896
"../../../Engine/Plugins/Interchange/Assets/Content/gltf/MaterialBodies/MF_Sheen_Body.uasset" 897
"../../../Engine/Plugins/Interchange/Assets/Content/gltf/MaterialBodies/MF_Sheen_Body.uexp" 898
"../../../Engine/Plugins/Interchange/Assets/Content/gltf/M_Sheen.uasset" 899
"../../../Engine/Plugins/Interchange/Assets/Content/gltf/M_Sheen.uexp" 900
"../../../Engine/Plugins/Interchange/Assets/Content/gltf/MaterialInstances/MI_Sheen_Blend.uasset" 901
"../../../Engine/Plugins/Interchange/Assets/Content/gltf/MaterialInstances/MI_Sheen_Blend.uexp" 902
"../../../Engine/Plugins/Interchange/Assets/Content/gltf/MaterialInstances/MI_Sheen_Blend_DS.uasset" 903
"../../../Engine/Plugins/Interchange/Assets/Content/gltf/MaterialInstances/MI_Sheen_Blend_DS.uexp" 904
"../../../Engine/Plugins/Interchange/Assets/Content/gltf/MaterialInstances/MI_Sheen_Mask.uasset" 905
"../../../Engine/Plugins/Interchange/Assets/Content/gltf/MaterialInstances/MI_Sheen_Mask.uexp" 906
"../../../Engine/Plugins/Interchange/Assets/Content/gltf/MaterialInstances/MI_Sheen_Mask_DS.uasset" 907
"../../../Engine/Plugins/Interchange/Assets/Content/gltf/MaterialInstances/MI_Sheen_Mask_DS.uexp" 908
"../../../Engine/Plugins/Interchange/Assets/Content/gltf/MaterialInstances/MI_Sheen_Opaque.uasset" 909
"../../../Engine/Plugins/Interchange/Assets/Content/gltf/MaterialInstances/MI_Sheen_Opaque.uexp" 910
"../../../Engine/Plugins/Interchange/Assets/Content/gltf/MaterialInstances/MI_Sheen_Opaque_DS.uasset" 911
"../../../Engine/Plugins/Interchange/Assets/Content/gltf/MaterialInstances/MI_Sheen_Opaque_DS.uexp" 912
"../../../Engine/Plugins/Interchange/Assets/Content/gltf/MaterialFunctions/MF_DiffuseSpecGloss.uasset" 913
"../../../Engine/Plugins/Interchange/Assets/Content/gltf/MaterialFunctions/MF_DiffuseSpecGloss.uexp" 914
"../../../Engine/Plugins/Interchange/Assets/Content/gltf/MaterialFunctions/MF_MaxComponentValue.uasset" 915
"../../../Engine/Plugins/Interchange/Assets/Content/gltf/MaterialFunctions/MF_MaxComponentValue.uexp" 916
"../../../Engine/Content/Functions/Engine_MaterialFunctions02/Math/AddComponents.uasset" 917
"../../../Engine/Content/Functions/Engine_MaterialFunctions02/Math/AddComponents.uexp" 918
"../../../Engine/Plugins/Interchange/Assets/Content/gltf/MaterialFunctions/MF_PerceivedBrightness.uasset" 919
"../../../Engine/Plugins/Interchange/Assets/Content/gltf/MaterialFunctions/MF_PerceivedBrightness.uexp" 920
"../../../Engine/Plugins/Interchange/Assets/Content/gltf/MaterialFunctions/MF_SpecGlossToMetalRoughness.uasset" 921
"../../../Engine/Plugins/Interchange/Assets/Content/gltf/MaterialFunctions/MF_SpecGlossToMetalRoughness.uexp" 922
"../../../Engine/Plugins/Interchange/Assets/Content/gltf/MaterialBodies/MF_SpecularGlossiness_Body.uasset" 923
"../../../Engine/Plugins/Interchange/Assets/Content/gltf/MaterialBodies/MF_SpecularGlossiness_Body.uexp" 924
"../../../Engine/Plugins/Interchange/Assets/Content/gltf/M_SpecularGlossiness.uasset" 925
"../../../Engine/Plugins/Interchange/Assets/Content/gltf/M_SpecularGlossiness.uexp" 926
"../../../Engine/Plugins/Interchange/Assets/Content/gltf/MaterialInstances/MI_SpecularGlossiness_Blend.uasset" 927
"../../../Engine/Plugins/Interchange/Assets/Content/gltf/MaterialInstances/MI_SpecularGlossiness_Blend.uexp" 928
"../../../Engine/Plugins/Interchange/Assets/Content/gltf/MaterialInstances/MI_SpecularGlossiness_Blend_DS.uasset" 929
"../../../Engine/Plugins/Interchange/Assets/Content/gltf/MaterialInstances/MI_SpecularGlossiness_Blend_DS.uexp" 930
"../../../Engine/Plugins/Interchange/Assets/Content/gltf/MaterialInstances/MI_SpecularGlossiness_Mask.uasset" 931
"../../../Engine/Plugins/Interchange/Assets/Content/gltf/MaterialInstances/MI_SpecularGlossiness_Mask.uexp" 932
"../../../Engine/Plugins/Interchange/Assets/Content/gltf/MaterialInstances/MI_SpecularGlossiness_Mask_DS.uasset" 933
"../../../Engine/Plugins/Interchange/Assets/Content/gltf/MaterialInstances/MI_SpecularGlossiness_Mask_DS.uexp" 934
"../../../Engine/Plugins/Interchange/Assets/Content/gltf/MaterialInstances/MI_SpecularGlossiness_Opaque.uasset" 935
"../../../Engine/Plugins/Interchange/Assets/Content/gltf/MaterialInstances/MI_SpecularGlossiness_Opaque.uexp" 936
"../../../Engine/Plugins/Interchange/Assets/Content/gltf/MaterialInstances/MI_SpecularGlossiness_Opaque_DS.uasset" 937
"../../../Engine/Plugins/Interchange/Assets/Content/gltf/MaterialInstances/MI_SpecularGlossiness_Opaque_DS.uexp" 938
"../../../Engine/Content/EngineMaterials/Good64x64TilingNoiseHighFreq.uasset" 939
"../../../Engine/Content/EngineMaterials/Good64x64TilingNoiseHighFreq.uexp" 940
"../../../Engine/Content/Functions/Engine_MaterialFunctions02/Texturing/ScreenAlignedPixelToPixelUVs.uasset" 941
"../../../Engine/Content/Functions/Engine_MaterialFunctions02/Texturing/ScreenAlignedPixelToPixelUVs.uexp" 942
"../../../Engine/Plugins/Interchange/Assets/Content/gltf/MaterialFunctions/MF_Fresnel_DS.uasset" 943
"../../../Engine/Plugins/Interchange/Assets/Content/gltf/MaterialFunctions/MF_Fresnel_DS.uexp" 944
"../../../Engine/Plugins/Interchange/Assets/Content/gltf/MaterialFunctions/MF_Temporal_Blur.uasset" 945
"../../../Engine/Plugins/Interchange/Assets/Content/gltf/MaterialFunctions/MF_Temporal_Blur.uexp" 946
"../../../Engine/Plugins/Interchange/Assets/Content/gltf/MaterialFunctions/MF_Transmission.uasset" 947
"../../../Engine/Plugins/Interchange/Assets/Content/gltf/MaterialFunctions/MF_Transmission.uexp" 948
"../../../Engine/Plugins/Interchange/Assets/Content/gltf/MaterialBodies/MF_Transmission_Body.uasset" 949
"../../../Engine/Plugins/Interchange/Assets/Content/gltf/MaterialBodies/MF_Transmission_Body.uexp" 950
"../../../Engine/Plugins/Interchange/Assets/Content/gltf/M_Transmission.uasset" 951
"../../../Engine/Plugins/Interchange/Assets/Content/gltf/M_Transmission.uexp" 952
"../../../Engine/Plugins/Interchange/Assets/Content/gltf/MaterialInstances/MI_Transmission.uasset" 953
"../../../Engine/Plugins/Interchange/Assets/Content/gltf/MaterialInstances/MI_Transmission.uexp" 954
"../../../Engine/Plugins/Interchange/Assets/Content/gltf/MaterialInstances/MI_Transmission_DS.uasset" 955
"../../../Engine/Plugins/Interchange/Assets/Content/gltf/MaterialInstances/MI_Transmission_DS.uexp" 956
"../../../Engine/Plugins/Interchange/Assets/Content/gltf/MaterialBodies/MF_Unlit_Body.uasset" 957
"../../../Engine/Plugins/Interchange/Assets/Content/gltf/MaterialBodies/MF_Unlit_Body.uexp" 958
"../../../Engine/Plugins/Interchange/Assets/Content/gltf/M_Unlit.uasset" 959
"../../../Engine/Plugins/Interchange/Assets/Content/gltf/M_Unlit.uexp" 960
"../../../Engine/Plugins/Interchange/Assets/Content/gltf/MaterialInstances/MI_Unlit_Blend.uasset" 961
"../../../Engine/Plugins/Interchange/Assets/Content/gltf/MaterialInstances/MI_Unlit_Blend.uexp" 962
"../../../Engine/Plugins/Interchange/Assets/Content/gltf/MaterialInstances/MI_Unlit_Blend_DS.uasset" 963
"../../../Engine/Plugins/Interchange/Assets/Content/gltf/MaterialInstances/MI_Unlit_Blend_DS.uexp" 964
"../../../Engine/Plugins/Interchange/Assets/Content/gltf/MaterialInstances/MI_Unlit_Mask.uasset" 965
"../../../Engine/Plugins/Interchange/Assets/Content/gltf/MaterialInstances/MI_Unlit_Mask.uexp" 966
"../../../Engine/Plugins/Interchange/Assets/Content/gltf/MaterialInstances/MI_Unlit_Mask_DS.uasset" 967
"../../../Engine/Plugins/Interchange/Assets/Content/gltf/MaterialInstances/MI_Unlit_Mask_DS.uexp" 968
"../../../Engine/Plugins/Interchange/Assets/Content/gltf/MaterialInstances/MI_Unlit_Opaque.uasset" 969
"../../../Engine/Plugins/Interchange/Assets/Content/gltf/MaterialInstances/MI_Unlit_Opaque.uexp" 970
"../../../Engine/Plugins/Interchange/Assets/Content/gltf/MaterialInstances/MI_Unlit_Opaque_DS.uasset" 971
"../../../Engine/Plugins/Interchange/Assets/Content/gltf/MaterialInstances/MI_Unlit_Opaque_DS.uexp" 972
"../../../Engine/Content/ArtTools/RenderToTexture/Meshes/S_1_Unit_Plane.ubulk" 973
"../../../Engine/Content/ArtTools/RenderToTexture/Meshes/S_1_Unit_Plane.uasset" 974
"../../../Engine/Content/ArtTools/RenderToTexture/Meshes/S_1_Unit_Plane.uexp" 975
"../../../Engine/Content/EngineMaterials/Substrate/GLints/AGlintTex2dArray.uasset" 976
"../../../Engine/Content/EngineMaterials/Substrate/GLints/AGlintTex2dArray.uexp" 977
"../../../Engine/Content/EngineMaterials/Substrate/Glints2/AGlintTex2dArray2.uasset" 978
"../../../Engine/Content/EngineMaterials/Substrate/Glints2/AGlintTex2dArray2.uexp" 979
"../../../Engine/Content/EngineMaterials/Substrate/Volume/SubstrateSimpleVolumeEnvLUT3D.uasset" 980
"../../../Engine/Content/EngineMaterials/Substrate/Volume/SubstrateSimpleVolumeEnvLUT3D.uexp" 981
"../../../Engine/Content/EngineMaterials/Substrate/Volume/SubstrateSimpleVolumeLUT3D.uasset" 982
"../../../Engine/Content/EngineMaterials/Substrate/Volume/SubstrateSimpleVolumeLUT3D.uexp" 983
"../../../Engine/Content/Functions/Engine_MaterialFunctions01/Shading/PowerToRoughness.uasset" 984
"../../../Engine/Content/Functions/Engine_MaterialFunctions01/Shading/PowerToRoughness.uexp" 985
"../../../Engine/Content/MobileResources/HUD/VirtualJoystick_Background.uasset" 986
"../../../Engine/Content/MobileResources/HUD/VirtualJoystick_Background.uexp" 987
"../../../Engine/Content/MobileResources/HUD/VirtualJoystick_Thumb.uasset" 988
"../../../Engine/Content/MobileResources/HUD/VirtualJoystick_Thumb.uexp" 989
"../../../Engine/Content/MobileResources/HUD/DefaultVirtualJoysticks.uasset" 990
"../../../Engine/Content/MobileResources/HUD/DefaultVirtualJoysticks.uexp" 991
"../../../Engine/Content/EditorMaterials/PhAT_NoCollisionMaterial.uasset" 992
"../../../Engine/Content/EditorMaterials/PhAT_NoCollisionMaterial.uexp" 993
"../../../Engine/Content/EditorMaterials/PhAT_UnselectedMaterial.uasset" 994
"../../../Engine/Content/EditorMaterials/PhAT_UnselectedMaterial.uexp" 995
"../../../Engine/Content/EditorMaterials/PreviewShadowIndicator.ubulk" 996
"../../../Engine/Content/EditorMaterials/PreviewShadowIndicator.uasset" 997
"../../../Engine/Content/EditorMaterials/PreviewShadowIndicator.uexp" 998
"../../../Engine/Content/EditorMaterials/PreviewShadowIndicatorMaterial.uasset" 999
"../../../Engine/Content/EditorMaterials/PreviewShadowIndicatorMaterial.uexp" 1000
"../../../Engine/Content/EditorResources/BSPVertex.uasset" 1001
"../../../Engine/Content/EditorResources/BSPVertex.uexp" 1002
"../../../Engine/Content/EditorResources/S_Actor.ubulk" 1003
"../../../Engine/Content/EditorResources/S_Actor.uasset" 1004
"../../../Engine/Content/EditorResources/S_Actor.uexp" 1005
"../../../Engine/Content/EditorResources/S_BoxReflectionCapture.uasset" 1006
"../../../Engine/Content/EditorResources/S_BoxReflectionCapture.uexp" 1007
"../../../Engine/Content/EditorResources/S_Solver.ubulk" 1008
"../../../Engine/Content/EditorResources/S_Solver.uasset" 1009
"../../../Engine/Content/EditorResources/S_Solver.uexp" 1010
"../../../Engine/Content/EditorResources/S_Terrain.ubulk" 1011
"../../../Engine/Content/EditorResources/S_Terrain.uasset" 1012
"../../../Engine/Content/EditorResources/S_Terrain.uexp" 1013
"../../../Engine/Content/EditorResources/S_Thruster.uasset" 1014
"../../../Engine/Content/EditorResources/S_Thruster.uexp" 1015
"../../../Engine/Content/EditorResources/S_Trigger.ubulk" 1016
"../../../Engine/Content/EditorResources/S_Trigger.uasset" 1017
"../../../Engine/Content/EditorResources/S_Trigger.uexp" 1018
"../../../Engine/Content/EditorResources/S_TriggerBox.uasset" 1019
"../../../Engine/Content/EditorResources/S_TriggerBox.uexp" 1020
"../../../Engine/Content/EditorResources/S_TriggerCapsule.uasset" 1021
"../../../Engine/Content/EditorResources/S_TriggerCapsule.uexp" 1022
"../../../Engine/Content/EditorResources/S_TriggerSphere.uasset" 1023
"../../../Engine/Content/EditorResources/S_TriggerSphere.uexp" 1024
"../../../Engine/Content/EngineDamageTypes/DmgTypeBP_Environmental.uasset" 1025
"../../../Engine/Content/EngineDamageTypes/DmgTypeBP_Environmental.uexp" 1026
"../../../Engine/Content/EngineDebugMaterials/DebugEditorMaterial.uasset" 1027
"../../../Engine/Content/EngineDebugMaterials/DebugEditorMaterial.uexp" 1028
"../../../Engine/Content/EngineDebugMaterials/DebugMeshMaterial.uasset" 1029
"../../../Engine/Content/EngineDebugMaterials/DebugMeshMaterial.uexp" 1030
"../../../Engine/Content/EngineDebugMaterials/LevelColorationLitMaterial.uasset" 1031
"../../../Engine/Content/EngineDebugMaterials/LevelColorationLitMaterial.uexp" 1032
"../../../Engine/Content/EngineDebugMaterials/LevelColorationUnlitMaterial.uasset" 1033
"../../../Engine/Content/EngineDebugMaterials/LevelColorationUnlitMaterial.uexp" 1034
"../../../Engine/Content/EngineMaterials/DefaultWhiteGrid.ubulk" 1035
"../../../Engine/Content/EngineMaterials/DefaultWhiteGrid.uasset" 1036
"../../../Engine/Content/EngineMaterials/DefaultWhiteGrid.uexp" 1037
"../../../Engine/Content/EngineDebugMaterials/MAT_LevelColorationLitLightmapUV.uasset" 1038
"../../../Engine/Content/EngineDebugMaterials/MAT_LevelColorationLitLightmapUV.uexp" 1039
"../../../Engine/Content/Maps/Entry_BuiltData.uasset" 1040
"../../../Engine/Content/Maps/Entry_BuiltData.uexp" 1041
"../../../Engine/Content/Maps/Entry.uexp" 1042
"../../../Engine/Content/Maps/Entry.umap" 1043
"../../../Engine/Content/EngineLightProfiles/180Degree_IES.uasset" 1044
"../../../Engine/Content/EngineLightProfiles/180Degree_IES.uexp" 1045
"../../../Engine/Content/EngineSky/T_Sky_Blue.ubulk" 1046
"../../../Engine/Content/EngineSky/T_Sky_Blue.uasset" 1047
"../../../Engine/Content/EngineSky/T_Sky_Blue.uexp" 1048
"../../../Engine/Content/EngineSky/T_Sky_Clouds_M.ubulk" 1049
"../../../Engine/Content/EngineSky/T_Sky_Clouds_M.uasset" 1050
"../../../Engine/Content/EngineSky/T_Sky_Clouds_M.uexp" 1051
"../../../Engine/Content/EngineSky/T_Sky_Stars.ubulk" 1052
"../../../Engine/Content/EngineSky/T_Sky_Stars.uasset" 1053
"../../../Engine/Content/EngineSky/T_Sky_Stars.uexp" 1054
"../../../Engine/Content/EngineSky/M_Sky_Panning_Clouds2.uasset" 1055
"../../../Engine/Content/EngineSky/M_Sky_Panning_Clouds2.uexp" 1056
"../../../Engine/Content/EngineSky/SM_SkySphere.ubulk" 1057
"../../../Engine/Content/EngineSky/SM_SkySphere.uasset" 1058
"../../../Engine/Content/EngineSky/SM_SkySphere.uexp" 1059
"../../../Engine/Content/EngineResources/Bad.uasset" 1060
"../../../Engine/Content/EngineResources/Bad.uexp" 1061
"../../../Engine/Content/Functions/Engine_MaterialFunctions02/Math/InverseTransformMatrix.uasset" 1062
"../../../Engine/Content/Functions/Engine_MaterialFunctions02/Math/InverseTransformMatrix.uexp" 1063
"../../../Engine/Content/Functions/Engine_MaterialFunctions02/Math/MakeVectorsOrthogonal.uasset" 1064
"../../../Engine/Content/Functions/Engine_MaterialFunctions02/Math/MakeVectorsOrthogonal.uexp" 1065
"../../../Engine/Content/Functions/Engine_MaterialFunctions02/Utility/CameraVectorWithWPOOptions.uasset" 1066
"../../../Engine/Content/Functions/Engine_MaterialFunctions02/Utility/CameraVectorWithWPOOptions.uexp" 1067
"../../../Engine/Content/Functions/Engine_MaterialFunctions02/WorldPositionOffset/ComponentPivotLocation.uasset" 1068
"../../../Engine/Content/Functions/Engine_MaterialFunctions02/WorldPositionOffset/ComponentPivotLocation.uexp" 1069
"../../../Engine/Content/Functions/Engine_MaterialFunctions02/WorldPositionOffset/AlignMeshToTheCamera.uasset" 1070
"../../../Engine/Content/Functions/Engine_MaterialFunctions02/WorldPositionOffset/AlignMeshToTheCamera.uexp" 1071
"C:/Program Files/Epic Games/Unreal Projects/Sacrilege/Content/Core/TextMaterialOpaque_CameraFacing.uasset" 1072
"C:/Program Files/Epic Games/Unreal Projects/Sacrilege/Content/Core/TextMaterialOpaque_CameraFacing.uexp" 1073
"../../../Engine/Content/VREditor/Sounds/VR_click3.ubulk" 1074
"../../../Engine/Content/VREditor/Sounds/VR_click3.uasset" 1075
"../../../Engine/Content/VREditor/Sounds/VR_click3.uexp" 1076
"../../../Engine/Content/EngineSounds/Voice.uasset" 1077
"../../../Engine/Content/EngineSounds/Voice.uexp" 1078
"../../../Engine/Content/EngineSounds/Music.uasset" 1079
"../../../Engine/Content/EngineSounds/Music.uexp" 1080
"../../../Engine/Content/EngineSounds/Normal_Attack.uasset" 1081
"../../../Engine/Content/EngineSounds/Normal_Attack.uexp" 1082
"../../../Engine/Content/EngineSounds/Duck_Normal_Attack_MixMod.uasset" 1083
"../../../Engine/Content/EngineSounds/Duck_Normal_Attack_MixMod.uexp" 1084
"../../../Engine/Content/EngineSounds/Special_Attack_PSM.uasset" 1085
"../../../Engine/Content/EngineSounds/Special_Attack_PSM.uexp" 1086
"../../../Engine/Content/EngineSounds/SFX.uasset" 1087
"../../../Engine/Content/EngineSounds/SFX.uexp" 1088
"../../../Engine/Content/EngineSounds/Master.uasset" 1089
"../../../Engine/Content/EngineSounds/Master.uexp" 1090
"../../../Engine/Content/EngineMeshes/Cube.ubulk" 1091
"../../../Engine/Content/EngineMeshes/Cube.uasset" 1092
"../../../Engine/Content/EngineMeshes/Cube.uexp" 1093
"C:/Program Files/Epic Games/Unreal Projects/Sacrilege/Content/StarterContent/Textures/T_Smoke_SubUV.ubulk" 1094
"C:/Program Files/Epic Games/Unreal Projects/Sacrilege/Content/StarterContent/Textures/T_Smoke_SubUV.uasset" 1095
"C:/Program Files/Epic Games/Unreal Projects/Sacrilege/Content/StarterContent/Textures/T_Smoke_SubUV.uexp" 1096
"C:/Program Files/Epic Games/Unreal Projects/Sacrilege/Content/StarterContent/Textures/T_Smoke_Tiled_D.ubulk" 1097
"C:/Program Files/Epic Games/Unreal Projects/Sacrilege/Content/StarterContent/Textures/T_Smoke_Tiled_D.uasset" 1098
"C:/Program Files/Epic Games/Unreal Projects/Sacrilege/Content/StarterContent/Textures/T_Smoke_Tiled_D.uexp" 1099
"C:/Program Files/Epic Games/Unreal Projects/Sacrilege/Content/StarterContent/Particles/Materials/M_smoke_subUV.uasset" 1100
"C:/Program Files/Epic Games/Unreal Projects/Sacrilege/Content/StarterContent/Particles/Materials/M_smoke_subUV.uexp" 1101
"C:/Program Files/Epic Games/Unreal Projects/Sacrilege/Content/Objects/Vehicles/NS_DustSingle.uasset" 1102
"C:/Program Files/Epic Games/Unreal Projects/Sacrilege/Content/Objects/Vehicles/NS_DustSingle.uexp" 1103
"C:/Program Files/Epic Games/Unreal Projects/Sacrilege/Content/Sounds/Foley/Impacts/Cardboard/S_Cardboard_hit_01.ubulk" 1104
"C:/Program Files/Epic Games/Unreal Projects/Sacrilege/Content/Sounds/Foley/Impacts/Cardboard/S_Cardboard_hit_01.uasset" 1105
"C:/Program Files/Epic Games/Unreal Projects/Sacrilege/Content/Sounds/Foley/Impacts/Cardboard/S_Cardboard_hit_01.uexp" 1106
"C:/Program Files/Epic Games/Unreal Projects/Sacrilege/Content/Sounds/Foley/Impacts/Cardboard/S_Cardboard_hit_02.ubulk" 1107
"C:/Program Files/Epic Games/Unreal Projects/Sacrilege/Content/Sounds/Foley/Impacts/Cardboard/S_Cardboard_hit_02.uasset" 1108
"C:/Program Files/Epic Games/Unreal Projects/Sacrilege/Content/Sounds/Foley/Impacts/Cardboard/S_Cardboard_hit_02.uexp" 1109
"C:/Program Files/Epic Games/Unreal Projects/Sacrilege/Content/Sounds/Foley/Impacts/Cardboard/S_Cardboard_hit_03.ubulk" 1110
"C:/Program Files/Epic Games/Unreal Projects/Sacrilege/Content/Sounds/Foley/Impacts/Cardboard/S_Cardboard_hit_03.uasset" 1111
"C:/Program Files/Epic Games/Unreal Projects/Sacrilege/Content/Sounds/Foley/Impacts/Cardboard/S_Cardboard_hit_03.uexp" 1112
"C:/Program Files/Epic Games/Unreal Projects/Sacrilege/Content/Sounds/Foley/Impacts/Cardboard/SC_Cardboard_hit_01_Cue.uasset" 1113
"C:/Program Files/Epic Games/Unreal Projects/Sacrilege/Content/Sounds/Foley/Impacts/Cardboard/SC_Cardboard_hit_01_Cue.uexp" 1114
"C:/Program Files/Epic Games/Unreal Projects/Sacrilege/Content/Objects/BP_DynamicProp.uasset" 1115
"C:/Program Files/Epic Games/Unreal Projects/Sacrilege/Content/Objects/BP_DynamicProp.uexp" 1116
"C:/Program Files/Epic Games/Unreal Projects/Sacrilege/Content/S_ActorSaveData.uasset" 1117
"C:/Program Files/Epic Games/Unreal Projects/Sacrilege/Content/S_ActorSaveData.uexp" 1118
"../../../Engine/Content/EngineResources/AICON-Green.uasset" 1119
"../../../Engine/Content/EngineResources/AICON-Green.uexp" 1120
"C:/Program Files/Epic Games/Unreal Projects/Sacrilege/Content/UI/Icons/Crosshairs/T_BRCrosshair.ubulk" 1121
"C:/Program Files/Epic Games/Unreal Projects/Sacrilege/Content/UI/Icons/Crosshairs/T_BRCrosshair.uasset" 1122
"C:/Program Files/Epic Games/Unreal Projects/Sacrilege/Content/UI/Icons/Crosshairs/T_BRCrosshair.uexp" 1123
"C:/Program Files/Epic Games/Unreal Projects/Sacrilege/Content/AI/BP_SmartObjectBase.uasset" 1124
"C:/Program Files/Epic Games/Unreal Projects/Sacrilege/Content/AI/BP_SmartObjectBase.uexp" 1125
"C:/Program Files/Epic Games/Unreal Projects/Sacrilege/Content/AI/BP_SmartObjectInterface.uasset" 1126
"C:/Program Files/Epic Games/Unreal Projects/Sacrilege/Content/AI/BP_SmartObjectInterface.uexp" 1127
"C:/Program Files/Epic Games/Unreal Projects/Sacrilege/Content/Sounds/MS_GunVariance.uasset" 1128
"C:/Program Files/Epic Games/Unreal Projects/Sacrilege/Content/Sounds/MS_GunVariance.uexp" 1129
"C:/Program Files/Epic Games/Unreal Projects/Sacrilege/Content/Sounds/Foley/Impacts/MS_ImpactFX.uasset" 1130
"C:/Program Files/Epic Games/Unreal Projects/Sacrilege/Content/Sounds/Foley/Impacts/MS_ImpactFX.uexp" 1131
"C:/Program Files/Epic Games/Unreal Projects/Sacrilege/Content/Sounds/Foley/Impacts/Rock/S_Bullet_rock_Impact_4.ubulk" 1132
"C:/Program Files/Epic Games/Unreal Projects/Sacrilege/Content/Sounds/Foley/Impacts/Rock/S_Bullet_rock_Impact_4.uasset" 1133
"C:/Program Files/Epic Games/Unreal Projects/Sacrilege/Content/Sounds/Foley/Impacts/Rock/S_Bullet_rock_Impact_4.uexp" 1134
"C:/Program Files/Epic Games/Unreal Projects/Sacrilege/Content/Sounds/Foley/Impacts/Rock/MS_ImpactConcrete.uasset" 1135
"C:/Program Files/Epic Games/Unreal Projects/Sacrilege/Content/Sounds/Foley/Impacts/Rock/MS_ImpactConcrete.uexp" 1136
"C:/Program Files/Epic Games/Unreal Projects/Sacrilege/Content/Sounds/Foley/Impacts/Glass/S_PM_BBI_Bullet_Impact_Glass_1_1.ubulk" 1137
"C:/Program Files/Epic Games/Unreal Projects/Sacrilege/Content/Sounds/Foley/Impacts/Glass/S_PM_BBI_Bullet_Impact_Glass_1_1.uasset" 1138
"C:/Program Files/Epic Games/Unreal Projects/Sacrilege/Content/Sounds/Foley/Impacts/Glass/S_PM_BBI_Bullet_Impact_Glass_1_1.uexp" 1139
"C:/Program Files/Epic Games/Unreal Projects/Sacrilege/Content/Sounds/Foley/Impacts/Glass/MS_ImpactGlass.uasset" 1140
"C:/Program Files/Epic Games/Unreal Projects/Sacrilege/Content/Sounds/Foley/Impacts/Glass/MS_ImpactGlass.uexp" 1141
"C:/Program Files/Epic Games/Unreal Projects/Sacrilege/Content/Sounds/Foley/Impacts/Metal/S_Bullets__Impact__Metal__Heavy__Powerful__Hard_SND6400.ubulk" 1142
"C:/Program Files/Epic Games/Unreal Projects/Sacrilege/Content/Sounds/Foley/Impacts/Metal/S_Bullets__Impact__Metal__Heavy__Powerful__Hard_SND6400.uasset" 1143
"C:/Program Files/Epic Games/Unreal Projects/Sacrilege/Content/Sounds/Foley/Impacts/Metal/S_Bullets__Impact__Metal__Heavy__Powerful__Hard_SND6400.uexp" 1144
"C:/Program Files/Epic Games/Unreal Projects/Sacrilege/Content/Sounds/Foley/Impacts/Metal/MS_ImpactMetal.uasset" 1145
"C:/Program Files/Epic Games/Unreal Projects/Sacrilege/Content/Sounds/Foley/Impacts/Metal/MS_ImpactMetal.uexp" 1146
"C:/Program Files/Epic Games/Unreal Projects/Sacrilege/Content/Sounds/Foley/Impacts/Wood/S_Bullets__Impact__Wood__Heavy_SND6413.ubulk" 1147
"C:/Program Files/Epic Games/Unreal Projects/Sacrilege/Content/Sounds/Foley/Impacts/Wood/S_Bullets__Impact__Wood__Heavy_SND6413.uasset" 1148
"C:/Program Files/Epic Games/Unreal Projects/Sacrilege/Content/Sounds/Foley/Impacts/Wood/S_Bullets__Impact__Wood__Heavy_SND6413.uexp" 1149
"C:/Program Files/Epic Games/Unreal Projects/Sacrilege/Content/Sounds/Foley/Impacts/Wood/MS_ImpactWood.uasset" 1150
"C:/Program Files/Epic Games/Unreal Projects/Sacrilege/Content/Sounds/Foley/Impacts/Wood/MS_ImpactWood.uexp" 1151
"C:/Program Files/Epic Games/Unreal Projects/Sacrilege/Content/Sounds/Attenuations/AT_BulletImpact.uasset" 1152
"C:/Program Files/Epic Games/Unreal Projects/Sacrilege/Content/Sounds/Attenuations/AT_BulletImpact.uexp" 1153
"C:/Program Files/Epic Games/Unreal Projects/Sacrilege/Content/Sounds/Foley/WeaponDropSounds/S_Gun_drop_01.ubulk" 1154
"C:/Program Files/Epic Games/Unreal Projects/Sacrilege/Content/Sounds/Foley/WeaponDropSounds/S_Gun_drop_01.uasset" 1155
"C:/Program Files/Epic Games/Unreal Projects/Sacrilege/Content/Sounds/Foley/WeaponDropSounds/S_Gun_drop_01.uexp" 1156
"C:/Program Files/Epic Games/Unreal Projects/Sacrilege/Content/Sounds/Foley/WeaponDropSounds/S_Gun_drop_02.ubulk" 1157
"C:/Program Files/Epic Games/Unreal Projects/Sacrilege/Content/Sounds/Foley/WeaponDropSounds/S_Gun_drop_02.uasset" 1158
"C:/Program Files/Epic Games/Unreal Projects/Sacrilege/Content/Sounds/Foley/WeaponDropSounds/S_Gun_drop_02.uexp" 1159
"C:/Program Files/Epic Games/Unreal Projects/Sacrilege/Content/Sounds/Foley/WeaponDropSounds/S_Gun_drop_03.ubulk" 1160
"C:/Program Files/Epic Games/Unreal Projects/Sacrilege/Content/Sounds/Foley/WeaponDropSounds/S_Gun_drop_03.uasset" 1161
"C:/Program Files/Epic Games/Unreal Projects/Sacrilege/Content/Sounds/Foley/WeaponDropSounds/S_Gun_drop_03.uexp" 1162
"C:/Program Files/Epic Games/Unreal Projects/Sacrilege/Content/Sounds/Foley/WeaponDropSounds/MS_GunImpact.uasset" 1163
"C:/Program Files/Epic Games/Unreal Projects/Sacrilege/Content/Sounds/Foley/WeaponDropSounds/MS_GunImpact.uexp" 1164
"C:/Program Files/Epic Games/Unreal Projects/Sacrilege/Content/Core/ShortLifeLight.uasset" 1165
"C:/Program Files/Epic Games/Unreal Projects/Sacrilege/Content/Core/ShortLifeLight.uexp" 1166
"C:/Program Files/Epic Games/Unreal Projects/Sacrilege/Content/UI/Icons/T_bullet2.uasset" 1167
"C:/Program Files/Epic Games/Unreal Projects/Sacrilege/Content/UI/Icons/T_bullet2.uexp" 1168
"C:/Program Files/Epic Games/Unreal Projects/Sacrilege/Content/UI/WBP_Bullet.uasset" 1169
"C:/Program Files/Epic Games/Unreal Projects/Sacrilege/Content/UI/WBP_Bullet.uexp" 1170
"C:/Program Files/Epic Games/Unreal Projects/Sacrilege/Content/Core/textures/T_ScopeOverlay.uasset" 1171
"C:/Program Files/Epic Games/Unreal Projects/Sacrilege/Content/Core/textures/T_ScopeOverlay.uexp" 1172
"C:/Program Files/Epic Games/Unreal Projects/Sacrilege/Content/UI/WBP_ScopeOverlay.uasset" 1173
"C:/Program Files/Epic Games/Unreal Projects/Sacrilege/Content/UI/WBP_ScopeOverlay.uexp" 1174
"C:/Program Files/Epic Games/Unreal Projects/Sacrilege/Content/UI/Icons/Crosshairs/T_ARCrosshair.ubulk" 1175
"C:/Program Files/Epic Games/Unreal Projects/Sacrilege/Content/UI/Icons/Crosshairs/T_ARCrosshair.uasset" 1176
"C:/Program Files/Epic Games/Unreal Projects/Sacrilege/Content/UI/Icons/Crosshairs/T_ARCrosshair.uexp" 1177
"C:/Program Files/Epic Games/Unreal Projects/Sacrilege/Content/Core/textures/T_BulletHole.uasset" 1178
"C:/Program Files/Epic Games/Unreal Projects/Sacrilege/Content/Core/textures/T_BulletHole.uexp" 1179
"C:/Program Files/Epic Games/Unreal Projects/Sacrilege/Content/Core/textures/T_BulletHole_nrml.ubulk" 1180
"C:/Program Files/Epic Games/Unreal Projects/Sacrilege/Content/Core/textures/T_BulletHole_nrml.uasset" 1181
"C:/Program Files/Epic Games/Unreal Projects/Sacrilege/Content/Core/textures/T_BulletHole_nrml.uexp" 1182
"C:/Program Files/Epic Games/Unreal Projects/Sacrilege/Content/MaterialLibrary/M_BulletDecal.uasset" 1183
"C:/Program Files/Epic Games/Unreal Projects/Sacrilege/Content/MaterialLibrary/M_BulletDecal.uexp" 1184
"../../../Engine/Plugins/FX/Niagara/Content/DefaultAssets/DefaultRIbbonMaterial.uasset" 1185
"../../../Engine/Plugins/FX/Niagara/Content/DefaultAssets/DefaultRIbbonMaterial.uexp" 1186
"../../../Engine/Plugins/FX/Niagara/Content/DefaultAssets/DefaultSpriteMaterial.uasset" 1187
"../../../Engine/Plugins/FX/Niagara/Content/DefaultAssets/DefaultSpriteMaterial.uexp" 1188
"C:/Program Files/Epic Games/Unreal Projects/Sacrilege/Content/MaterialLibrary/M_GenericSpriteMaterial.uasset" 1189
"C:/Program Files/Epic Games/Unreal Projects/Sacrilege/Content/MaterialLibrary/M_GenericSpriteMaterial.uexp" 1190
"C:/Program Files/Epic Games/Unreal Projects/Sacrilege/Content/Core/textures/T_QuadFlare4.ubulk" 1191
"C:/Program Files/Epic Games/Unreal Projects/Sacrilege/Content/Core/textures/T_QuadFlare4.uasset" 1192
"C:/Program Files/Epic Games/Unreal Projects/Sacrilege/Content/Core/textures/T_QuadFlare4.uexp" 1193
"C:/Program Files/Epic Games/Unreal Projects/Sacrilege/Content/MaterialLibrary/MI_Flare_6.uasset" 1194
"C:/Program Files/Epic Games/Unreal Projects/Sacrilege/Content/MaterialLibrary/MI_Flare_6.uexp" 1195
"C:/Program Files/Epic Games/Unreal Projects/Sacrilege/Content/StarterContent/Textures/T_Explosion_SubUV.ubulk" 1196
"C:/Program Files/Epic Games/Unreal Projects/Sacrilege/Content/StarterContent/Textures/T_Explosion_SubUV.uasset" 1197
"C:/Program Files/Epic Games/Unreal Projects/Sacrilege/Content/StarterContent/Textures/T_Explosion_SubUV.uexp" 1198
"C:/Program Files/Epic Games/Unreal Projects/Sacrilege/Content/StarterContent/Particles/Materials/M_explosion_subUV.uasset" 1199
"C:/Program Files/Epic Games/Unreal Projects/Sacrilege/Content/StarterContent/Particles/Materials/M_explosion_subUV.uexp" 1200
"C:/Program Files/Epic Games/Unreal Projects/Sacrilege/Content/ParticleEffects/NS_GenericImpact.uasset" 1201
"C:/Program Files/Epic Games/Unreal Projects/Sacrilege/Content/ParticleEffects/NS_GenericImpact.uexp" 1202
"C:/Program Files/Epic Games/Unreal Projects/Sacrilege/Content/Sounds/Attenuations/AT_FiringSound.uasset" 1203
"C:/Program Files/Epic Games/Unreal Projects/Sacrilege/Content/Sounds/Attenuations/AT_FiringSound.uexp" 1204
"C:/Program Files/Epic Games/Unreal Projects/Sacrilege/Content/Sounds/Foley/S_ImpactGeneric_01.ubulk" 1205
"C:/Program Files/Epic Games/Unreal Projects/Sacrilege/Content/Sounds/Foley/S_ImpactGeneric_01.uasset" 1206
"C:/Program Files/Epic Games/Unreal Projects/Sacrilege/Content/Sounds/Foley/S_ImpactGeneric_01.uexp" 1207
"C:/Program Files/Epic Games/Unreal Projects/Sacrilege/Content/Sounds/MS_ProjectileHitGeneric.uasset" 1208
"C:/Program Files/Epic Games/Unreal Projects/Sacrilege/Content/Sounds/MS_ProjectileHitGeneric.uexp" 1209
"C:/Program Files/Epic Games/Unreal Projects/Sacrilege/Content/ParticleEffects/NS_DirtImpact.uasset" 1210
"C:/Program Files/Epic Games/Unreal Projects/Sacrilege/Content/ParticleEffects/NS_DirtImpact.uexp" 1211
"C:/Program Files/Epic Games/Unreal Projects/Sacrilege/Content/Core/Weapons/ImpactEffects/BP_BulletDecal.uasset" 1212
"C:/Program Files/Epic Games/Unreal Projects/Sacrilege/Content/Core/Weapons/ImpactEffects/BP_BulletDecal.uexp" 1213
"C:/Program Files/Epic Games/Unreal Projects/Sacrilege/Content/StarterContent/Textures/T_Rock_Basalt_D.ubulk" 1214
"C:/Program Files/Epic Games/Unreal Projects/Sacrilege/Content/StarterContent/Textures/T_Rock_Basalt_D.uasset" 1215
"C:/Program Files/Epic Games/Unreal Projects/Sacrilege/Content/StarterContent/Textures/T_Rock_Basalt_D.uexp" 1216
"C:/Program Files/Epic Games/Unreal Projects/Sacrilege/Content/StarterContent/Textures/T_Detail_Rocky_N.ubulk" 1217
"C:/Program Files/Epic Games/Unreal Projects/Sacrilege/Content/StarterContent/Textures/T_Detail_Rocky_N.uasset" 1218
"C:/Program Files/Epic Games/Unreal Projects/Sacrilege/Content/StarterContent/Textures/T_Detail_Rocky_N.uexp" 1219
"C:/Program Files/Epic Games/Unreal Projects/Sacrilege/Content/StarterContent/Textures/T_RockMesh_M.ubulk" 1220
"C:/Program Files/Epic Games/Unreal Projects/Sacrilege/Content/StarterContent/Textures/T_RockMesh_M.uasset" 1221
"C:/Program Files/Epic Games/Unreal Projects/Sacrilege/Content/StarterContent/Textures/T_RockMesh_M.uexp" 1222
"C:/Program Files/Epic Games/Unreal Projects/Sacrilege/Content/StarterContent/Textures/T_RockMesh_N.ubulk" 1223
"C:/Program Files/Epic Games/Unreal Projects/Sacrilege/Content/StarterContent/Textures/T_RockMesh_N.uasset" 1224
"C:/Program Files/Epic Games/Unreal Projects/Sacrilege/Content/StarterContent/Textures/T_RockMesh_N.uexp" 1225
"C:/Program Files/Epic Games/Unreal Projects/Sacrilege/Content/StarterContent/Props/Materials/M_Rock.uasset" 1226
"C:/Program Files/Epic Games/Unreal Projects/Sacrilege/Content/StarterContent/Props/Materials/M_Rock.uexp" 1227
"C:/Program Files/Epic Games/Unreal Projects/Sacrilege/Content/StarterContent/Props/SM_Rock.ubulk" 1228
"C:/Program Files/Epic Games/Unreal Projects/Sacrilege/Content/StarterContent/Props/SM_Rock.uasset" 1229
"C:/Program Files/Epic Games/Unreal Projects/Sacrilege/Content/StarterContent/Props/SM_Rock.uexp" 1230
"../../../Engine/Plugins/Fab/Content/MaterialFunctions/QMF_AOAdjustments.uasset" 1231
"../../../Engine/Plugins/Fab/Content/MaterialFunctions/QMF_AOAdjustments.uexp" 1232
"../../../Engine/Plugins/Fab/Content/MaterialFunctions/QMF_BaseColorAdjustments.uasset" 1233
"../../../Engine/Plugins/Fab/Content/MaterialFunctions/QMF_BaseColorAdjustments.uexp" 1234
"../../../Engine/Plugins/Fab/Content/MaterialFunctions/QMF_NormalAdjustments.uasset" 1235
"../../../Engine/Plugins/Fab/Content/MaterialFunctions/QMF_NormalAdjustments.uexp" 1236
"../../../Engine/Plugins/Fab/Content/MaterialFunctions/QMF_RoughnessAdjustments.uasset" 1237
"../../../Engine/Plugins/Fab/Content/MaterialFunctions/QMF_RoughnessAdjustments.uexp" 1238
"../../../Engine/Plugins/Fab/Content/MaterialFunctions/QMF_Tiling.uasset" 1239
"../../../Engine/Plugins/Fab/Content/MaterialFunctions/QMF_Tiling.uexp" 1240
"../../../Engine/Plugins/Fab/Content/Textures/Standard/T_DefaultColor.uasset" 1241
"../../../Engine/Plugins/Fab/Content/Textures/Standard/T_DefaultColor.uexp" 1242
"../../../Engine/Plugins/Fab/Content/Textures/Standard/T_DefaultDisplacement.uasset" 1243
"../../../Engine/Plugins/Fab/Content/Textures/Standard/T_DefaultDisplacement.uexp" 1244
"../../../Engine/Plugins/Fab/Content/Textures/Standard/T_DefaultMasks.uasset" 1245
"../../../Engine/Plugins/Fab/Content/Textures/Standard/T_DefaultMasks.uexp" 1246
"../../../Engine/Plugins/Fab/Content/Textures/Standard/T_DefaultNormal.uasset" 1247
"../../../Engine/Plugins/Fab/Content/Textures/Standard/T_DefaultNormal.uexp" 1248
"../../../Engine/Plugins/Fab/Content/Materials/Standard/M_MS_Srf.uasset" 1249
"../../../Engine/Plugins/Fab/Content/Materials/Standard/M_MS_Srf.uexp" 1250
"C:/Program Files/Epic Games/Unreal Projects/Sacrilege/Content/Fab/Megascans/Surfaces/Road_Asphalt_rh0ribp0/Medium/T_rh0ribp0_2K_B.ubulk" 1251
"C:/Program Files/Epic Games/Unreal Projects/Sacrilege/Content/Fab/Megascans/Surfaces/Road_Asphalt_rh0ribp0/Medium/T_rh0ribp0_2K_B.uasset" 1252
"C:/Program Files/Epic Games/Unreal Projects/Sacrilege/Content/Fab/Megascans/Surfaces/Road_Asphalt_rh0ribp0/Medium/T_rh0ribp0_2K_B.uexp" 1253
"C:/Program Files/Epic Games/Unreal Projects/Sacrilege/Content/Fab/Megascans/Surfaces/Road_Asphalt_rh0ribp0/Medium/T_rh0ribp0_2K_N.ubulk" 1254
"C:/Program Files/Epic Games/Unreal Projects/Sacrilege/Content/Fab/Megascans/Surfaces/Road_Asphalt_rh0ribp0/Medium/T_rh0ribp0_2K_N.uasset" 1255
"C:/Program Files/Epic Games/Unreal Projects/Sacrilege/Content/Fab/Megascans/Surfaces/Road_Asphalt_rh0ribp0/Medium/T_rh0ribp0_2K_N.uexp" 1256
"C:/Program Files/Epic Games/Unreal Projects/Sacrilege/Content/Fab/Megascans/Surfaces/Road_Asphalt_rh0ribp0/Medium/T_rh0ribp0_2K_ORM.ubulk" 1257
"C:/Program Files/Epic Games/Unreal Projects/Sacrilege/Content/Fab/Megascans/Surfaces/Road_Asphalt_rh0ribp0/Medium/T_rh0ribp0_2K_ORM.uasset" 1258
"C:/Program Files/Epic Games/Unreal Projects/Sacrilege/Content/Fab/Megascans/Surfaces/Road_Asphalt_rh0ribp0/Medium/T_rh0ribp0_2K_ORM.uexp" 1259
"C:/Program Files/Epic Games/Unreal Projects/Sacrilege/Content/Fab/Megascans/Surfaces/Road_Asphalt_rh0ribp0/Medium/MI_rh0ribp0.uasset" 1260
"C:/Program Files/Epic Games/Unreal Projects/Sacrilege/Content/Fab/Megascans/Surfaces/Road_Asphalt_rh0ribp0/Medium/MI_rh0ribp0.uexp" 1261
"C:/Program Files/Epic Games/Unreal Projects/Sacrilege/Content/ParticleEffects/NS_AsphaltImpact.uasset" 1262
"C:/Program Files/Epic Games/Unreal Projects/Sacrilege/Content/ParticleEffects/NS_AsphaltImpact.uexp" 1263
"C:/Program Files/Epic Games/Unreal Projects/Sacrilege/Content/Core/Weapons/ImpactEffects/BP_BulletAsphaltFX.uasset" 1264
"C:/Program Files/Epic Games/Unreal Projects/Sacrilege/Content/Core/Weapons/ImpactEffects/BP_BulletAsphaltFX.uexp" 1265
"C:/Program Files/Epic Games/Unreal Projects/Sacrilege/Content/Landscape/PhysicalMaterials/PM_Concrete.uasset" 1266
"C:/Program Files/Epic Games/Unreal Projects/Sacrilege/Content/Landscape/PhysicalMaterials/PM_Concrete.uexp" 1267
"../../../Engine/Content/EngineResources/DefaultTexture.ubulk" 1268
"../../../Engine/Content/EngineResources/DefaultTexture.uasset" 1269
"../../../Engine/Content/EngineResources/DefaultTexture.uexp" 1270
"C:/Program Files/Epic Games/Unreal Projects/Sacrilege/Content/Core/GenericMaterials/M_GenericMasterMaterial.uasset" 1271
"C:/Program Files/Epic Games/Unreal Projects/Sacrilege/Content/Core/GenericMaterials/M_GenericMasterMaterial.uexp" 1272
"C:/Program Files/Epic Games/Unreal Projects/Sacrilege/Content/StarterContent/Textures/T_Concrete_Panels_D.ubulk" 1273
"C:/Program Files/Epic Games/Unreal Projects/Sacrilege/Content/StarterContent/Textures/T_Concrete_Panels_D.uasset" 1274
"C:/Program Files/Epic Games/Unreal Projects/Sacrilege/Content/StarterContent/Textures/T_Concrete_Panels_D.uexp" 1275
"C:/Program Files/Epic Games/Unreal Projects/Sacrilege/Content/StarterContent/Textures/T_Concrete_Panels_N.ubulk" 1276
"C:/Program Files/Epic Games/Unreal Projects/Sacrilege/Content/StarterContent/Textures/T_Concrete_Panels_N.uasset" 1277
"C:/Program Files/Epic Games/Unreal Projects/Sacrilege/Content/StarterContent/Textures/T_Concrete_Panels_N.uexp" 1278
"C:/Program Files/Epic Games/Unreal Projects/Sacrilege/Content/MaterialLibrary/MI_Concrete.uasset" 1279
"C:/Program Files/Epic Games/Unreal Projects/Sacrilege/Content/MaterialLibrary/MI_Concrete.uexp" 1280
"C:/Program Files/Epic Games/Unreal Projects/Sacrilege/Content/ParticleEffects/NS_ConcreteImpact.uasset" 1281
"C:/Program Files/Epic Games/Unreal Projects/Sacrilege/Content/ParticleEffects/NS_ConcreteImpact.uexp" 1282
"C:/Program Files/Epic Games/Unreal Projects/Sacrilege/Content/Core/Weapons/ImpactEffects/BP_BulletConcreteFX.uasset" 1283
"C:/Program Files/Epic Games/Unreal Projects/Sacrilege/Content/Core/Weapons/ImpactEffects/BP_BulletConcreteFX.uexp" 1284
"C:/Program Files/Epic Games/Unreal Projects/Sacrilege/Content/Core/Weapons/ImpactEffects/BP_BulletDirtFX.uasset" 1285
"C:/Program Files/Epic Games/Unreal Projects/Sacrilege/Content/Core/Weapons/ImpactEffects/BP_BulletDirtFX.uexp" 1286
"C:/Program Files/Epic Games/Unreal Projects/Sacrilege/Content/Core/Weapons/ImpactEffects/BP_BulletFleshFX.uasset" 1287
"C:/Program Files/Epic Games/Unreal Projects/Sacrilege/Content/Core/Weapons/ImpactEffects/BP_BulletFleshFX.uexp" 1288
"C:/Program Files/Epic Games/Unreal Projects/Sacrilege/Content/Core/textures/T_FloodSkinBit.ubulk" 1289
"C:/Program Files/Epic Games/Unreal Projects/Sacrilege/Content/Core/textures/T_FloodSkinBit.uasset" 1290
"C:/Program Files/Epic Games/Unreal Projects/Sacrilege/Content/Core/textures/T_FloodSkinBit.uexp" 1291
"C:/Program Files/Epic Games/Unreal Projects/Sacrilege/Content/MaterialLibrary/M_FloodSkinSprite.uasset" 1292
"C:/Program Files/Epic Games/Unreal Projects/Sacrilege/Content/MaterialLibrary/M_FloodSkinSprite.uexp" 1293
"C:/Program Files/Epic Games/Unreal Projects/Sacrilege/Content/ParticleEffects/NS_GlassImpact.uasset" 1294
"C:/Program Files/Epic Games/Unreal Projects/Sacrilege/Content/ParticleEffects/NS_GlassImpact.uexp" 1295
"C:/Program Files/Epic Games/Unreal Projects/Sacrilege/Content/Core/Weapons/ImpactEffects/BP_BulletGlassFX.uasset" 1296
"C:/Program Files/Epic Games/Unreal Projects/Sacrilege/Content/Core/Weapons/ImpactEffects/BP_BulletGlassFX.uexp" 1297
"C:/Program Files/Epic Games/Unreal Projects/Sacrilege/Content/Core/Weapons/ImpactEffects/BP_BulletMetalFX.uasset" 1298
"C:/Program Files/Epic Games/Unreal Projects/Sacrilege/Content/Core/Weapons/ImpactEffects/BP_BulletMetalFX.uexp" 1299
"C:/Program Files/Epic Games/Unreal Projects/Sacrilege/Content/ParticleEffects/NS_WoodImpact.uasset" 1300
"C:/Program Files/Epic Games/Unreal Projects/Sacrilege/Content/ParticleEffects/NS_WoodImpact.uexp" 1301
"C:/Program Files/Epic Games/Unreal Projects/Sacrilege/Content/Core/Weapons/ImpactEffects/BP_BulletWoodFX.uasset" 1302
"C:/Program Files/Epic Games/Unreal Projects/Sacrilege/Content/Core/Weapons/ImpactEffects/BP_BulletWoodFX.uexp" 1303
"C:/Program Files/Epic Games/Unreal Projects/Sacrilege/Content/Core/Feedbacks/GunFireFeedback.uasset" 1304
"C:/Program Files/Epic Games/Unreal Projects/Sacrilege/Content/Core/Feedbacks/GunFireFeedback.uexp" 1305
"C:/Program Files/Epic Games/Unreal Projects/Sacrilege/Content/Objects/Weapons/MeleeShake.uasset" 1306
"C:/Program Files/Epic Games/Unreal Projects/Sacrilege/Content/Objects/Weapons/MeleeShake.uexp" 1307
"C:/Program Files/Epic Games/Unreal Projects/Sacrilege/Content/Characters/FPArms/SKEL_Hands18.uasset" 1308
"C:/Program Files/Epic Games/Unreal Projects/Sacrilege/Content/Characters/FPArms/SKEL_Hands18.uexp" 1309
"../../../Engine/Plugins/Animation/ACLPlugin/Content/ACLAnimBoneCompressionSettings.uasset" 1310
"../../../Engine/Plugins/Animation/ACLPlugin/Content/ACLAnimBoneCompressionSettings.uexp" 1311
"../../../Engine/Content/Animation/DefaultAnimCurveCompressionSettings.uasset" 1312
"../../../Engine/Content/Animation/DefaultAnimCurveCompressionSettings.uexp" 1313
"../../../Engine/Content/Animation/DefaultVariableFrameStrippingSettings.uasset" 1314
"../../../Engine/Content/Animation/DefaultVariableFrameStrippingSettings.uexp" 1315
"C:/Program Files/Epic Games/Unreal Projects/Sacrilege/Content/Characters/FPArms/Anims/Hands18_Anim_Armature_VM_Rifle_Fire.uasset" 1316
"C:/Program Files/Epic Games/Unreal Projects/Sacrilege/Content/Characters/FPArms/Anims/Hands18_Anim_Armature_VM_Rifle_Fire.uexp" 1317
"C:/Program Files/Epic Games/Unreal Projects/Sacrilege/Content/Characters/FPArms/Anims/AM_Hands18_Anim_Armature_VM_Rifle_Fire.uasset" 1318
"C:/Program Files/Epic Games/Unreal Projects/Sacrilege/Content/Characters/FPArms/Anims/AM_Hands18_Anim_Armature_VM_Rifle_Fire.uexp" 1319
"../../../Engine/Plugins/Animation/ACLPlugin/Content/ACLAnimCurveCompressionSettings.uasset" 1320
"../../../Engine/Plugins/Animation/ACLPlugin/Content/ACLAnimCurveCompressionSettings.uexp" 1321
"C:/Program Files/Epic Games/Unreal Projects/Sacrilege/Content/Characters/FPArms/Anims/Hands_anims_pistol_swing.uasset" 1322
"C:/Program Files/Epic Games/Unreal Projects/Sacrilege/Content/Characters/FPArms/Anims/Hands_anims_pistol_swing.uexp" 1323
"C:/Program Files/Epic Games/Unreal Projects/Sacrilege/Content/Characters/FPArms/Anims/AM_Hands_Pistol_Melee.uasset" 1324
"C:/Program Files/Epic Games/Unreal Projects/Sacrilege/Content/Characters/FPArms/Anims/AM_Hands_Pistol_Melee.uexp" 1325
"C:/Program Files/Epic Games/Unreal Projects/Sacrilege/Content/Characters/FPArms/Anims/Hands18_Anim_Armature_VM_Rifle_Draw.uasset" 1326
"C:/Program Files/Epic Games/Unreal Projects/Sacrilege/Content/Characters/FPArms/Anims/Hands18_Anim_Armature_VM_Rifle_Draw.uexp" 1327
"C:/Program Files/Epic Games/Unreal Projects/Sacrilege/Content/Characters/FPArms/Anims/Hands18_Anim_Armature_VM_Rifle_Draw_Montage.uasset" 1328
"C:/Program Files/Epic Games/Unreal Projects/Sacrilege/Content/Characters/FPArms/Anims/Hands18_Anim_Armature_VM_Rifle_Draw_Montage.uexp" 1329
"C:/Program Files/Epic Games/Unreal Projects/Sacrilege/Content/Characters/FPArms/Anims/Hands18_Anim_Armature_VM_Rifle_Holster.uasset" 1330
"C:/Program Files/Epic Games/Unreal Projects/Sacrilege/Content/Characters/FPArms/Anims/Hands18_Anim_Armature_VM_Rifle_Holster.uexp" 1331
"C:/Program Files/Epic Games/Unreal Projects/Sacrilege/Content/Characters/FPArms/Anims/Hands18_Anim_Armature_VM_Rifle_Holster_Montage.uasset" 1332
"C:/Program Files/Epic Games/Unreal Projects/Sacrilege/Content/Characters/FPArms/Anims/Hands18_Anim_Armature_VM_Rifle_Holster_Montage.uexp" 1333
"C:/Program Files/Epic Games/Unreal Projects/Sacrilege/Content/Characters/FPArms/Anims/Hands18_Anim_Armature_VM_Rifle_Reload.uasset" 1334
"C:/Program Files/Epic Games/Unreal Projects/Sacrilege/Content/Characters/FPArms/Anims/Hands18_Anim_Armature_VM_Rifle_Reload.uexp" 1335
"C:/Program Files/Epic Games/Unreal Projects/Sacrilege/Content/Characters/FPArms/Anims/Hands18_Anim_Armature_VM_Rifle_Reload_Montage.uasset" 1336
"C:/Program Files/Epic Games/Unreal Projects/Sacrilege/Content/Characters/FPArms/Anims/Hands18_Anim_Armature_VM_Rifle_Reload_Montage.uexp" 1337
"C:/Program Files/Epic Games/Unreal Projects/Sacrilege/Content/Sounds/Melee00.ubulk" 1338
"C:/Program Files/Epic Games/Unreal Projects/Sacrilege/Content/Sounds/Melee00.uasset" 1339
"C:/Program Files/Epic Games/Unreal Projects/Sacrilege/Content/Sounds/Melee00.uexp" 1340
"C:/Program Files/Epic Games/Unreal Projects/Sacrilege/Content/Sounds/Melee01.ubulk" 1341
"C:/Program Files/Epic Games/Unreal Projects/Sacrilege/Content/Sounds/Melee01.uasset" 1342
"C:/Program Files/Epic Games/Unreal Projects/Sacrilege/Content/Sounds/Melee01.uexp" 1343
"C:/Program Files/Epic Games/Unreal Projects/Sacrilege/Content/Sounds/MS_MeleeGeneric.uasset" 1344
"C:/Program Files/Epic Games/Unreal Projects/Sacrilege/Content/Sounds/MS_MeleeGeneric.uexp" 1345
"../../../Engine/Content/Functions/MaterialLayerFunctions/MatLayerBlend_NormalBlend.uasset" 1346
"../../../Engine/Content/Functions/MaterialLayerFunctions/MatLayerBlend_NormalBlend.uexp" 1347
"../../../Engine/Content/Functions/MaterialLayerFunctions/MatLayerBlend_Simple.uasset" 1348
"../../../Engine/Content/Functions/MaterialLayerFunctions/MatLayerBlend_Simple.uexp" 1349
"C:/Program Files/Epic Games/Unreal Projects/Sacrilege/Content/Objects/Weapons/FPWeapon/Textures/T_FPGun_M.ubulk" 1350
"C:/Program Files/Epic Games/Unreal Projects/Sacrilege/Content/Objects/Weapons/FPWeapon/Textures/T_FPGun_M.uasset" 1351
"C:/Program Files/Epic Games/Unreal Projects/Sacrilege/Content/Objects/Weapons/FPWeapon/Textures/T_FPGun_M.uexp" 1352
"C:/Program Files/Epic Games/Unreal Projects/Sacrilege/Content/Objects/Weapons/FPWeapon/Textures/T_FPGun_N.ubulk" 1353
"C:/Program Files/Epic Games/Unreal Projects/Sacrilege/Content/Objects/Weapons/FPWeapon/Textures/T_FPGun_N.uasset" 1354
"C:/Program Files/Epic Games/Unreal Projects/Sacrilege/Content/Objects/Weapons/FPWeapon/Textures/T_FPGun_N.uexp" 1355
"C:/Program Files/Epic Games/Unreal Projects/Sacrilege/Content/Objects/Weapons/FPWeapon/Materials/MaterialLayers/T_ML_Aluminum01.ubulk" 1356
"C:/Program Files/Epic Games/Unreal Projects/Sacrilege/Content/Objects/Weapons/FPWeapon/Materials/MaterialLayers/T_ML_Aluminum01.uasset" 1357
"C:/Program Files/Epic Games/Unreal Projects/Sacrilege/Content/Objects/Weapons/FPWeapon/Materials/MaterialLayers/T_ML_Aluminum01.uexp" 1358
"C:/Program Files/Epic Games/Unreal Projects/Sacrilege/Content/Objects/Weapons/FPWeapon/Materials/MaterialLayers/T_ML_Rubber_Blue_01_D.ubulk" 1359
"C:/Program Files/Epic Games/Unreal Projects/Sacrilege/Content/Objects/Weapons/FPWeapon/Materials/MaterialLayers/T_ML_Rubber_Blue_01_D.uasset" 1360
"C:/Program Files/Epic Games/Unreal Projects/Sacrilege/Content/Objects/Weapons/FPWeapon/Materials/MaterialLayers/T_ML_Rubber_Blue_01_D.uexp" 1361
"C:/Program Files/Epic Games/Unreal Projects/Sacrilege/Content/Objects/Weapons/FPWeapon/Materials/MaterialLayers/T_ML_Rubber_Blue_01_N.ubulk" 1362
"C:/Program Files/Epic Games/Unreal Projects/Sacrilege/Content/Objects/Weapons/FPWeapon/Materials/MaterialLayers/T_ML_Rubber_Blue_01_N.uasset" 1363
"C:/Program Files/Epic Games/Unreal Projects/Sacrilege/Content/Objects/Weapons/FPWeapon/Materials/MaterialLayers/T_ML_Rubber_Blue_01_N.uexp" 1364
"C:/Program Files/Epic Games/Unreal Projects/Sacrilege/Content/Objects/Weapons/FPWeapon/Materials/MaterialLayers/ML_GlossyBlack_Latex_UE4.uasset" 1365
"C:/Program Files/Epic Games/Unreal Projects/Sacrilege/Content/Objects/Weapons/FPWeapon/Materials/MaterialLayers/ML_GlossyBlack_Latex_UE4.uexp" 1366
"C:/Program Files/Epic Games/Unreal Projects/Sacrilege/Content/Objects/Weapons/FPWeapon/Materials/MaterialLayers/ML_Plastic_Shiny_Beige.uasset" 1367
"C:/Program Files/Epic Games/Unreal Projects/Sacrilege/Content/Objects/Weapons/FPWeapon/Materials/MaterialLayers/ML_Plastic_Shiny_Beige.uexp" 1368
"C:/Program Files/Epic Games/Unreal Projects/Sacrilege/Content/Objects/Weapons/FPWeapon/Materials/MaterialLayers/ML_Screen.uasset" 1369
"C:/Program Files/Epic Games/Unreal Projects/Sacrilege/Content/Objects/Weapons/FPWeapon/Materials/MaterialLayers/ML_Screen.uexp" 1370
"C:/Program Files/Epic Games/Unreal Projects/Sacrilege/Content/Objects/Weapons/FPWeapon/Materials/MaterialLayers/T_ML_Aluminum01_N.ubulk" 1371
"C:/Program Files/Epic Games/Unreal Projects/Sacrilege/Content/Objects/Weapons/FPWeapon/Materials/MaterialLayers/T_ML_Aluminum01_N.uasset" 1372
"C:/Program Files/Epic Games/Unreal Projects/Sacrilege/Content/Objects/Weapons/FPWeapon/Materials/MaterialLayers/T_ML_Aluminum01_N.uexp" 1373
"C:/Program Files/Epic Games/Unreal Projects/Sacrilege/Content/Objects/Weapons/FPWeapon/Materials/MaterialLayers/ML_SoftMetal_UE4.uasset" 1374
"C:/Program Files/Epic Games/Unreal Projects/Sacrilege/Content/Objects/Weapons/FPWeapon/Materials/MaterialLayers/ML_SoftMetal_UE4.uexp" 1375
"C:/Program Files/Epic Games/Unreal Projects/Sacrilege/Content/Objects/Weapons/FPWeapon/Materials/M_FPGun.uasset" 1376
"C:/Program Files/Epic Games/Unreal Projects/Sacrilege/Content/Objects/Weapons/FPWeapon/Materials/M_FPGun.uexp" 1377
"C:/Program Files/Epic Games/Unreal Projects/Sacrilege/Content/Objects/Weapons/FPWeapon/Mesh/SK_FPGun_Physics.uasset" 1378
"C:/Program Files/Epic Games/Unreal Projects/Sacrilege/Content/Objects/Weapons/FPWeapon/Mesh/SK_FPGun_Physics.uexp" 1379
"C:/Program Files/Epic Games/Unreal Projects/Sacrilege/Content/Objects/Weapons/FPWeapon/Mesh/SK_FPGun_Skeleton.uasset" 1380
"C:/Program Files/Epic Games/Unreal Projects/Sacrilege/Content/Objects/Weapons/FPWeapon/Mesh/SK_FPGun_Skeleton.uexp" 1381
"C:/Program Files/Epic Games/Unreal Projects/Sacrilege/Content/Objects/Weapons/FPWeapon/Mesh/SK_FPGun.uasset" 1382
"C:/Program Files/Epic Games/Unreal Projects/Sacrilege/Content/Objects/Weapons/FPWeapon/Mesh/SK_FPGun.uexp" 1383
"C:/Program Files/Epic Games/Unreal Projects/Sacrilege/Content/AI/E_Emotion.uasset" 1384
"C:/Program Files/Epic Games/Unreal Projects/Sacrilege/Content/AI/E_Emotion.uexp" 1385
"C:/Program Files/Epic Games/Unreal Projects/Sacrilege/Content/Characters/Grunt/BB_General.uasset" 1386
"C:/Program Files/Epic Games/Unreal Projects/Sacrilege/Content/Characters/Grunt/BB_General.uexp" 1387
"C:/Program Files/Epic Games/Unreal Projects/Sacrilege/Content/AI/BT_InteractWithObject.uasset" 1388
"C:/Program Files/Epic Games/Unreal Projects/Sacrilege/Content/AI/BT_InteractWithObject.uexp" 1389
"C:/Program Files/Epic Games/Unreal Projects/Sacrilege/Content/AI/BTTask_ClearBehaviorTree.uasset" 1390
"C:/Program Files/Epic Games/Unreal Projects/Sacrilege/Content/AI/BTTask_ClearBehaviorTree.uexp" 1391
"C:/Program Files/Epic Games/Unreal Projects/Sacrilege/Content/AI/BTTask_SetHasSmartObject.uasset" 1392
"C:/Program Files/Epic Games/Unreal Projects/Sacrilege/Content/AI/BTTask_SetHasSmartObject.uexp" 1393
"C:/Program Files/Epic Games/Unreal Projects/Sacrilege/Content/AI/BTTask_SetInteractableFromSmartObject.uasset" 1394
"C:/Program Files/Epic Games/Unreal Projects/Sacrilege/Content/AI/BTTask_SetInteractableFromSmartObject.uexp" 1395
"C:/Program Files/Epic Games/Unreal Projects/Sacrilege/Content/AI/BT_Command_PilotVehicle.uasset" 1396
"C:/Program Files/Epic Games/Unreal Projects/Sacrilege/Content/AI/BT_Command_PilotVehicle.uexp" 1397
"C:/Program Files/Epic Games/Unreal Projects/Sacrilege/Content/AI/AIScript_PilotVehicle.uasset" 1398
"C:/Program Files/Epic Games/Unreal Projects/Sacrilege/Content/AI/AIScript_PilotVehicle.uexp" 1399
"C:/Program Files/Epic Games/Unreal Projects/Sacrilege/Content/Objects/Weapons/AssaultRifle/BP_AR_CameraShake.uasset" 1400
"C:/Program Files/Epic Games/Unreal Projects/Sacrilege/Content/Objects/Weapons/AssaultRifle/BP_AR_CameraShake.uexp" 1401
"C:/Program Files/Epic Games/Unreal Projects/Sacrilege/Content/ParticleEffects/NS_GenericBulletTrail.uasset" 1402
"C:/Program Files/Epic Games/Unreal Projects/Sacrilege/Content/ParticleEffects/NS_GenericBulletTrail.uexp" 1403
"C:/Program Files/Epic Games/Unreal Projects/Sacrilege/Content/ParticleEffects/NS_MuzzleBurst.uasset" 1404
"C:/Program Files/Epic Games/Unreal Projects/Sacrilege/Content/ParticleEffects/NS_MuzzleBurst.uexp" 1405
"C:/Program Files/Epic Games/Unreal Projects/Sacrilege/Content/Sounds/S_ReloadGeneric.ubulk" 1406
"C:/Program Files/Epic Games/Unreal Projects/Sacrilege/Content/Sounds/S_ReloadGeneric.uasset" 1407
"C:/Program Files/Epic Games/Unreal Projects/Sacrilege/Content/Sounds/S_ReloadGeneric.uexp" 1408
"C:/Program Files/Epic Games/Unreal Projects/Sacrilege/Content/Sounds/S_ZoomIn.ubulk" 1409
"C:/Program Files/Epic Games/Unreal Projects/Sacrilege/Content/Sounds/S_ZoomIn.uasset" 1410
"C:/Program Files/Epic Games/Unreal Projects/Sacrilege/Content/Sounds/S_ZoomIn.uexp" 1411
"C:/Program Files/Epic Games/Unreal Projects/Sacrilege/Content/Sounds/S_ZoomOut.ubulk" 1412
"C:/Program Files/Epic Games/Unreal Projects/Sacrilege/Content/Sounds/S_ZoomOut.uasset" 1413
"C:/Program Files/Epic Games/Unreal Projects/Sacrilege/Content/Sounds/S_ZoomOut.uexp" 1414
"C:/Program Files/Epic Games/Unreal Projects/Sacrilege/Content/ParticleEffects/NS_RockImpact.uasset" 1415
"C:/Program Files/Epic Games/Unreal Projects/Sacrilege/Content/ParticleEffects/NS_RockImpact.uexp" 1416
"C:/Program Files/Epic Games/Unreal Projects/Sacrilege/Content/Sounds/Foley/Impacts/Rock/MS_ImpactRock.uasset" 1417
"C:/Program Files/Epic Games/Unreal Projects/Sacrilege/Content/Sounds/Foley/Impacts/Rock/MS_ImpactRock.uexp" 1418
"C:/Program Files/Epic Games/Unreal Projects/Sacrilege/Content/Core/Weapons/ImpactEffects/BP_BulletRockFX.uasset" 1419
"C:/Program Files/Epic Games/Unreal Projects/Sacrilege/Content/Core/Weapons/ImpactEffects/BP_BulletRockFX.uexp" 1420
"C:/Program Files/Epic Games/Unreal Projects/Sacrilege/Content/Core/Weapons/HitscanFalloffCurve.uasset" 1421
"C:/Program Files/Epic Games/Unreal Projects/Sacrilege/Content/Core/Weapons/HitscanFalloffCurve.uexp" 1422
"C:/Program Files/Epic Games/Unreal Projects/Sacrilege/Content/ParticleEffects/NS_PlasticImpact.uasset" 1423
"C:/Program Files/Epic Games/Unreal Projects/Sacrilege/Content/ParticleEffects/NS_PlasticImpact.uexp" 1424
"C:/Program Files/Epic Games/Unreal Projects/Sacrilege/Content/Core/Weapons/ImpactEffects/BP_BulletPlasticFX.uasset" 1425
"C:/Program Files/Epic Games/Unreal Projects/Sacrilege/Content/Core/Weapons/ImpactEffects/BP_BulletPlasticFX.uexp" 1426
"C:/Program Files/Epic Games/Unreal Projects/Sacrilege/Content/Objects/Projectiles/BulletInfos/BP_BulletBase.uasset" 1427
"C:/Program Files/Epic Games/Unreal Projects/Sacrilege/Content/Objects/Projectiles/BulletInfos/BP_BulletBase.uexp" 1428
"C:/Program Files/Epic Games/Unreal Projects/Sacrilege/Content/Sounds/DrawSounds/S_DrawGun_05.ubulk" 1429
"C:/Program Files/Epic Games/Unreal Projects/Sacrilege/Content/Sounds/DrawSounds/S_DrawGun_05.uasset" 1430
"C:/Program Files/Epic Games/Unreal Projects/Sacrilege/Content/Sounds/DrawSounds/S_DrawGun_05.uexp" 1431
"C:/Program Files/Epic Games/Unreal Projects/Sacrilege/Content/Sounds/Melee/Fight__Impact__Punch__Body_SND14128.ubulk" 1432
"C:/Program Files/Epic Games/Unreal Projects/Sacrilege/Content/Sounds/Melee/Fight__Impact__Punch__Body_SND14128.uasset" 1433
"C:/Program Files/Epic Games/Unreal Projects/Sacrilege/Content/Sounds/Melee/Fight__Impact__Punch__Body_SND14128.uexp" 1434
"C:/Program Files/Epic Games/Unreal Projects/Sacrilege/Content/Sounds/Melee/Fight__Impact__Punch__Body_SND14128_1.ubulk" 1435
"C:/Program Files/Epic Games/Unreal Projects/Sacrilege/Content/Sounds/Melee/Fight__Impact__Punch__Body_SND14128_1.uasset" 1436
"C:/Program Files/Epic Games/Unreal Projects/Sacrilege/Content/Sounds/Melee/Fight__Impact__Punch__Body_SND14128_1.uexp" 1437
"C:/Program Files/Epic Games/Unreal Projects/Sacrilege/Content/Sounds/Melee/Fight__Impact__Punch__Body_SND14128_2.ubulk" 1438
"C:/Program Files/Epic Games/Unreal Projects/Sacrilege/Content/Sounds/Melee/Fight__Impact__Punch__Body_SND14128_2.uasset" 1439
"C:/Program Files/Epic Games/Unreal Projects/Sacrilege/Content/Sounds/Melee/Fight__Impact__Punch__Body_SND14128_2.uexp" 1440
"C:/Program Files/Epic Games/Unreal Projects/Sacrilege/Content/Sounds/Melee/Fight__Impact__Punch__Body_SND14128_3.ubulk" 1441
"C:/Program Files/Epic Games/Unreal Projects/Sacrilege/Content/Sounds/Melee/Fight__Impact__Punch__Body_SND14128_3.uasset" 1442
"C:/Program Files/Epic Games/Unreal Projects/Sacrilege/Content/Sounds/Melee/Fight__Impact__Punch__Body_SND14128_3.uexp" 1443
"C:/Program Files/Epic Games/Unreal Projects/Sacrilege/Content/Sounds/Foley/Impacts/Flesh/MS_ImpactFlesh.uasset" 1444
"C:/Program Files/Epic Games/Unreal Projects/Sacrilege/Content/Sounds/Foley/Impacts/Flesh/MS_ImpactFlesh.uexp" 1445
"C:/Program Files/Epic Games/Unreal Projects/Sacrilege/Content/Sounds/MS_DistanceCrossfade.uasset" 1446
"C:/Program Files/Epic Games/Unreal Projects/Sacrilege/Content/Sounds/MS_DistanceCrossfade.uexp" 1447
"C:/Program Files/Epic Games/Unreal Projects/Sacrilege/Content/Sounds/MS_DistantEffect.uasset" 1448
"C:/Program Files/Epic Games/Unreal Projects/Sacrilege/Content/Sounds/MS_DistantEffect.uexp" 1449
"C:/Program Files/Epic Games/Unreal Projects/Sacrilege/Content/Sounds/MS_SoundVarianceWithDistance.uasset" 1450
"C:/Program Files/Epic Games/Unreal Projects/Sacrilege/Content/Sounds/MS_SoundVarianceWithDistance.uexp" 1451
"C:/Program Files/Epic Games/Unreal Projects/Sacrilege/Content/Sounds/MS_GunTemplate_Firing.uasset" 1452
"C:/Program Files/Epic Games/Unreal Projects/Sacrilege/Content/Sounds/MS_GunTemplate_Firing.uexp" 1453
"C:/Program Files/Epic Games/Unreal Projects/Sacrilege/Content/Sounds/S_Plasma_fire_01.ubulk" 1454
"C:/Program Files/Epic Games/Unreal Projects/Sacrilege/Content/Sounds/S_Plasma_fire_01.uasset" 1455
"C:/Program Files/Epic Games/Unreal Projects/Sacrilege/Content/Sounds/S_Plasma_fire_01.uexp" 1456
"C:/Program Files/Epic Games/Unreal Projects/Sacrilege/Content/Objects/Weapons/PlasmaPistol/MS_PlasmaPistol_Fire.uasset" 1457
"C:/Program Files/Epic Games/Unreal Projects/Sacrilege/Content/Objects/Weapons/PlasmaPistol/MS_PlasmaPistol_Fire.uexp" 1458
"C:/Program Files/Epic Games/Unreal Projects/Sacrilege/Content/Core/Weapons/BP_GunBase.uasset" 1459
"C:/Program Files/Epic Games/Unreal Projects/Sacrilege/Content/Core/Weapons/BP_GunBase.uexp" 1460
"C:/Program Files/Epic Games/Unreal Projects/Sacrilege/Content/EditorTools/T_Thumbnail_BP_DMR_1.uasset" 1461
"C:/Program Files/Epic Games/Unreal Projects/Sacrilege/Content/EditorTools/T_Thumbnail_BP_DMR_1.uexp" 1462
"C:/Program Files/Epic Games/Unreal Projects/Sacrilege/Content/Characters/FPArms/Anims/Hands_anims_rifle_melee.uasset" 1463
"C:/Program Files/Epic Games/Unreal Projects/Sacrilege/Content/Characters/FPArms/Anims/Hands_anims_rifle_melee.uexp" 1464
"C:/Program Files/Epic Games/Unreal Projects/Sacrilege/Content/Characters/FPArms/Anims/AM_Hands_Rifle_Melee.uasset" 1465
"C:/Program Files/Epic Games/Unreal Projects/Sacrilege/Content/Characters/FPArms/Anims/AM_Hands_Rifle_Melee.uexp" 1466
"C:/Program Files/Epic Games/Unreal Projects/Sacrilege/Content/Sounds/DrawSounds/S_DrawGun_04.ubulk" 1467
"C:/Program Files/Epic Games/Unreal Projects/Sacrilege/Content/Sounds/DrawSounds/S_DrawGun_04.uasset" 1468
"C:/Program Files/Epic Games/Unreal Projects/Sacrilege/Content/Sounds/DrawSounds/S_DrawGun_04.uexp" 1469
"C:/Program Files/Epic Games/Unreal Projects/Sacrilege/Content/Core/textures/T_TriFlare3.ubulk" 1470
"C:/Program Files/Epic Games/Unreal Projects/Sacrilege/Content/Core/textures/T_TriFlare3.uasset" 1471
"C:/Program Files/Epic Games/Unreal Projects/Sacrilege/Content/Core/textures/T_TriFlare3.uexp" 1472
"C:/Program Files/Epic Games/Unreal Projects/Sacrilege/Content/MaterialLibrary/MI_Flare_5.uasset" 1473
"C:/Program Files/Epic Games/Unreal Projects/Sacrilege/Content/MaterialLibrary/MI_Flare_5.uexp" 1474
"C:/Program Files/Epic Games/Unreal Projects/Sacrilege/Content/Objects/Weapons/BattleRifle/NS_BRFire.uasset" 1475
"C:/Program Files/Epic Games/Unreal Projects/Sacrilege/Content/Objects/Weapons/BattleRifle/NS_BRFire.uexp" 1476
"C:/Program Files/Epic Games/Unreal Projects/Sacrilege/Content/Objects/Weapons/DMR/DMR_PhysicsAsset.uasset" 1477
"C:/Program Files/Epic Games/Unreal Projects/Sacrilege/Content/Objects/Weapons/DMR/DMR_PhysicsAsset.uexp" 1478
"C:/Program Files/Epic Games/Unreal Projects/Sacrilege/Content/Objects/Weapons/DMR/T_DMR_Diffuse.ubulk" 1479
"C:/Program Files/Epic Games/Unreal Projects/Sacrilege/Content/Objects/Weapons/DMR/T_DMR_Diffuse.uasset" 1480
"C:/Program Files/Epic Games/Unreal Projects/Sacrilege/Content/Objects/Weapons/DMR/T_DMR_Diffuse.uexp" 1481
"C:/Program Files/Epic Games/Unreal Projects/Sacrilege/Content/Objects/Weapons/DMR/T_DMR_Metallic.ubulk" 1482
"C:/Program Files/Epic Games/Unreal Projects/Sacrilege/Content/Objects/Weapons/DMR/T_DMR_Metallic.uasset" 1483
"C:/Program Files/Epic Games/Unreal Projects/Sacrilege/Content/Objects/Weapons/DMR/T_DMR_Metallic.uexp" 1484
"C:/Program Files/Epic Games/Unreal Projects/Sacrilege/Content/Objects/Weapons/DMR/T_DMR_Normal.ubulk" 1485
"C:/Program Files/Epic Games/Unreal Projects/Sacrilege/Content/Objects/Weapons/DMR/T_DMR_Normal.uasset" 1486
"C:/Program Files/Epic Games/Unreal Projects/Sacrilege/Content/Objects/Weapons/DMR/T_DMR_Normal.uexp" 1487
"C:/Program Files/Epic Games/Unreal Projects/Sacrilege/Content/Objects/Weapons/DMR/T_DMR_Rougness.ubulk" 1488
"C:/Program Files/Epic Games/Unreal Projects/Sacrilege/Content/Objects/Weapons/DMR/T_DMR_Rougness.uasset" 1489
"C:/Program Files/Epic Games/Unreal Projects/Sacrilege/Content/Objects/Weapons/DMR/T_DMR_Rougness.uexp" 1490
"C:/Program Files/Epic Games/Unreal Projects/Sacrilege/Content/Objects/Weapons/DMR/DMR_Scope_Shader.uasset" 1491
"C:/Program Files/Epic Games/Unreal Projects/Sacrilege/Content/Objects/Weapons/DMR/DMR_Scope_Shader.uexp" 1492
"C:/Program Files/Epic Games/Unreal Projects/Sacrilege/Content/Objects/Weapons/DMR/DMR_Skeleton.uasset" 1493
"C:/Program Files/Epic Games/Unreal Projects/Sacrilege/Content/Objects/Weapons/DMR/DMR_Skeleton.uexp" 1494
"C:/Program Files/Epic Games/Unreal Projects/Sacrilege/Content/Objects/Weapons/DMR/DMR.uasset" 1495
"C:/Program Files/Epic Games/Unreal Projects/Sacrilege/Content/Objects/Weapons/DMR/DMR.uexp" 1496
"C:/Program Files/Epic Games/Unreal Projects/Sacrilege/Content/Objects/Projectiles/BulletInfos/BP_DMRBulletInfo.uasset" 1497
"C:/Program Files/Epic Games/Unreal Projects/Sacrilege/Content/Objects/Projectiles/BulletInfos/BP_DMRBulletInfo.uexp" 1498
"C:/Program Files/Epic Games/Unreal Projects/Sacrilege/Content/UI/Icons/Crosshairs/T_DMRCrosshair.ubulk" 1499
"C:/Program Files/Epic Games/Unreal Projects/Sacrilege/Content/UI/Icons/Crosshairs/T_DMRCrosshair.uasset" 1500
"C:/Program Files/Epic Games/Unreal Projects/Sacrilege/Content/UI/Icons/Crosshairs/T_DMRCrosshair.uexp" 1501
"C:/Program Files/Epic Games/Unreal Projects/Sacrilege/Content/Objects/Weapons/DMR/S_Gunshot_03.ubulk" 1502
"C:/Program Files/Epic Games/Unreal Projects/Sacrilege/Content/Objects/Weapons/DMR/S_Gunshot_03.uasset" 1503
"C:/Program Files/Epic Games/Unreal Projects/Sacrilege/Content/Objects/Weapons/DMR/S_Gunshot_03.uexp" 1504
"C:/Program Files/Epic Games/Unreal Projects/Sacrilege/Content/Objects/Weapons/DMR/MS_DMR_Fire.uasset" 1505
"C:/Program Files/Epic Games/Unreal Projects/Sacrilege/Content/Objects/Weapons/DMR/MS_DMR_Fire.uexp" 1506
"C:/Program Files/Epic Games/Unreal Projects/Sacrilege/Content/Objects/Weapons/DMR/BP_DMR.uasset" 1507
"C:/Program Files/Epic Games/Unreal Projects/Sacrilege/Content/Objects/Weapons/DMR/BP_DMR.uexp" 1508
"C:/Program Files/Epic Games/Unreal Projects/Sacrilege/Content/EditorTools/T_Thumbnail_BP_AssaultRifle1.uasset" 1509
"C:/Program Files/Epic Games/Unreal Projects/Sacrilege/Content/EditorTools/T_Thumbnail_BP_AssaultRifle1.uexp" 1510
"C:/Program Files/Epic Games/Unreal Projects/Sacrilege/Content/Objects/Weapons/AssaultRifle/MarcusLehtoMA5B_PhysicsAsset.uasset" 1511
"C:/Program Files/Epic Games/Unreal Projects/Sacrilege/Content/Objects/Weapons/AssaultRifle/MarcusLehtoMA5B_PhysicsAsset.uexp" 1512
"C:/Program Files/Epic Games/Unreal Projects/Sacrilege/Content/Objects/Weapons/AssaultRifle/MarcusLehtoMA5B_Skeleton.uasset" 1513
"C:/Program Files/Epic Games/Unreal Projects/Sacrilege/Content/Objects/Weapons/AssaultRifle/MarcusLehtoMA5B_Skeleton.uexp" 1514
"../../../Engine/Plugins/Interchange/Assets/Content/Functions/MF_PhongToMetalRoughness.uasset" 1515
"../../../Engine/Plugins/Interchange/Assets/Content/Functions/MF_PhongToMetalRoughness.uexp" 1516
"C:/Program Files/Epic Games/Unreal Projects/Sacrilege/Content/Objects/Weapons/AssaultRifle/T_MA5B_Weapon_DFF.ubulk" 1517
"C:/Program Files/Epic Games/Unreal Projects/Sacrilege/Content/Objects/Weapons/AssaultRifle/T_MA5B_Weapon_DFF.uasset" 1518
"C:/Program Files/Epic Games/Unreal Projects/Sacrilege/Content/Objects/Weapons/AssaultRifle/T_MA5B_Weapon_DFF.uexp" 1519
"C:/Program Files/Epic Games/Unreal Projects/Sacrilege/Content/Objects/Weapons/AssaultRifle/T_MA5B_Weapon_NRM.ubulk" 1520
"C:/Program Files/Epic Games/Unreal Projects/Sacrilege/Content/Objects/Weapons/AssaultRifle/T_MA5B_Weapon_NRM.uasset" 1521
"C:/Program Files/Epic Games/Unreal Projects/Sacrilege/Content/Objects/Weapons/AssaultRifle/T_MA5B_Weapon_NRM.uexp" 1522
"C:/Program Files/Epic Games/Unreal Projects/Sacrilege/Content/Objects/Weapons/AssaultRifle/M_AR_Base.uasset" 1523
"C:/Program Files/Epic Games/Unreal Projects/Sacrilege/Content/Objects/Weapons/AssaultRifle/M_AR_Base.uexp" 1524
"C:/Program Files/Epic Games/Unreal Projects/Sacrilege/Content/Objects/Weapons/AssaultRifle/T_MA5B_Screen_DFF.ubulk" 1525
"C:/Program Files/Epic Games/Unreal Projects/Sacrilege/Content/Objects/Weapons/AssaultRifle/T_MA5B_Screen_DFF.uasset" 1526
"C:/Program Files/Epic Games/Unreal Projects/Sacrilege/Content/Objects/Weapons/AssaultRifle/T_MA5B_Screen_DFF.uexp" 1527
"C:/Program Files/Epic Games/Unreal Projects/Sacrilege/Content/Objects/Weapons/AssaultRifle/M_AR_Screen.uasset" 1528
"C:/Program Files/Epic Games/Unreal Projects/Sacrilege/Content/Objects/Weapons/AssaultRifle/M_AR_Screen.uexp" 1529
"C:/Program Files/Epic Games/Unreal Projects/Sacrilege/Content/Objects/Weapons/AssaultRifle/MarcusLehtoMA5B.uasset" 1530
"C:/Program Files/Epic Games/Unreal Projects/Sacrilege/Content/Objects/Weapons/AssaultRifle/MarcusLehtoMA5B.uexp" 1531
"C:/Program Files/Epic Games/Unreal Projects/Sacrilege/Content/Objects/Weapons/AssaultRifle/Machine_Gun_1.ubulk" 1532
"C:/Program Files/Epic Games/Unreal Projects/Sacrilege/Content/Objects/Weapons/AssaultRifle/Machine_Gun_1.uasset" 1533
"C:/Program Files/Epic Games/Unreal Projects/Sacrilege/Content/Objects/Weapons/AssaultRifle/Machine_Gun_1.uexp" 1534
"C:/Program Files/Epic Games/Unreal Projects/Sacrilege/Content/Objects/Weapons/AssaultRifle/MS_AssaultRifle_Fire.uasset" 1535
"C:/Program Files/Epic Games/Unreal Projects/Sacrilege/Content/Objects/Weapons/AssaultRifle/MS_AssaultRifle_Fire.uexp" 1536
"C:/Program Files/Epic Games/Unreal Projects/Sacrilege/Content/Objects/Weapons/AssaultRifle/NS_ARFire.uasset" 1537
"C:/Program Files/Epic Games/Unreal Projects/Sacrilege/Content/Objects/Weapons/AssaultRifle/NS_ARFire.uexp" 1538
"C:/Program Files/Epic Games/Unreal Projects/Sacrilege/Content/Sounds/DrawSounds/S_DrawGun_01.ubulk" 1539
"C:/Program Files/Epic Games/Unreal Projects/Sacrilege/Content/Sounds/DrawSounds/S_DrawGun_01.uasset" 1540
"C:/Program Files/Epic Games/Unreal Projects/Sacrilege/Content/Sounds/DrawSounds/S_DrawGun_01.uexp" 1541
"C:/Program Files/Epic Games/Unreal Projects/Sacrilege/Content/Objects/Projectiles/BulletInfos/BP_ARBulletInfo.uasset" 1542
"C:/Program Files/Epic Games/Unreal Projects/Sacrilege/Content/Objects/Projectiles/BulletInfos/BP_ARBulletInfo.uexp" 1543
"C:/Program Files/Epic Games/Unreal Projects/Sacrilege/Content/Objects/Weapons/AssaultRifle/BP_AssaultRifle.uasset" 1544
"C:/Program Files/Epic Games/Unreal Projects/Sacrilege/Content/Objects/Weapons/AssaultRifle/BP_AssaultRifle.uexp" 1545
"C:/Program Files/Epic Games/Unreal Projects/Sacrilege/Content/Core/S_Volume.uasset" 1546
"C:/Program Files/Epic Games/Unreal Projects/Sacrilege/Content/Core/S_Volume.uexp" 1547
"C:/Program Files/Epic Games/Unreal Projects/Sacrilege/Content/Landscape/PFX/NS_FragTrail.uasset" 1548
"C:/Program Files/Epic Games/Unreal Projects/Sacrilege/Content/Landscape/PFX/NS_FragTrail.uexp" 1549
"C:/Program Files/Epic Games/Unreal Projects/Sacrilege/Content/EditorTools/T_Thumbnail_BP_FragGrenade.uasset" 1550
"C:/Program Files/Epic Games/Unreal Projects/Sacrilege/Content/EditorTools/T_Thumbnail_BP_FragGrenade.uexp" 1551
"../../../Engine/Content/EngineMaterials/PhysMat_Metal.uasset" 1552
"../../../Engine/Content/EngineMaterials/PhysMat_Metal.uexp" 1553
"C:/Program Files/Epic Games/Unreal Projects/Sacrilege/Content/Sounds/NS_Explosion.uasset" 1554
"C:/Program Files/Epic Games/Unreal Projects/Sacrilege/Content/Sounds/NS_Explosion.uexp" 1555
"../../../Engine/Content/Functions/Engine_MaterialFunctions02/Utility/StencilMaskCompare.uasset" 1556
"../../../Engine/Content/Functions/Engine_MaterialFunctions02/Utility/StencilMaskCompare.uexp" 1557
"C:/Program Files/Epic Games/Unreal Projects/Sacrilege/Content/Core/textures/T_Burn_Mark_3.uasset" 1558
"C:/Program Files/Epic Games/Unreal Projects/Sacrilege/Content/Core/textures/T_Burn_Mark_3.uexp" 1559
"C:/Program Files/Epic Games/Unreal Projects/Sacrilege/Content/MaterialLibrary/M_GenericDecal.uasset" 1560
"C:/Program Files/Epic Games/Unreal Projects/Sacrilege/Content/MaterialLibrary/M_GenericDecal.uexp" 1561
"C:/Program Files/Epic Games/Unreal Projects/Sacrilege/Content/Core/textures/T_Burn_Mark_4.uasset" 1562
"C:/Program Files/Epic Games/Unreal Projects/Sacrilege/Content/Core/textures/T_Burn_Mark_4.uexp" 1563
"C:/Program Files/Epic Games/Unreal Projects/Sacrilege/Content/MaterialLibrary/MI_ScorchDecal_01.uasset" 1564
"C:/Program Files/Epic Games/Unreal Projects/Sacrilege/Content/MaterialLibrary/MI_ScorchDecal_01.uexp" 1565
"C:/Program Files/Epic Games/Unreal Projects/Sacrilege/Content/Core/Shakes/ExplosionShake.uasset" 1566
"C:/Program Files/Epic Games/Unreal Projects/Sacrilege/Content/Core/Shakes/ExplosionShake.uexp" 1567
"C:/Program Files/Epic Games/Unreal Projects/Sacrilege/Content/Core/Feedbacks/ExplosionFeedback.uasset" 1568
"C:/Program Files/Epic Games/Unreal Projects/Sacrilege/Content/Core/Feedbacks/ExplosionFeedback.uexp" 1569
"C:/Program Files/Epic Games/Unreal Projects/Sacrilege/Content/Core/Feedbacks/ExplosionFeedbackAttenuation.uasset" 1570
"C:/Program Files/Epic Games/Unreal Projects/Sacrilege/Content/Core/Feedbacks/ExplosionFeedbackAttenuation.uexp" 1571
"C:/Program Files/Epic Games/Unreal Projects/Sacrilege/Content/Sounds/Attenuations/AT_90db.uasset" 1572
"C:/Program Files/Epic Games/Unreal Projects/Sacrilege/Content/Sounds/Attenuations/AT_90db.uexp" 1573
"C:/Program Files/Epic Games/Unreal Projects/Sacrilege/Content/Sounds/Explosions/S_Explosion01.ubulk" 1574
"C:/Program Files/Epic Games/Unreal Projects/Sacrilege/Content/Sounds/Explosions/S_Explosion01.uasset" 1575
"C:/Program Files/Epic Games/Unreal Projects/Sacrilege/Content/Sounds/Explosions/S_Explosion01.uexp" 1576
"C:/Program Files/Epic Games/Unreal Projects/Sacrilege/Content/Sounds/Explosions/S_Explosion01Far.ubulk" 1577
"C:/Program Files/Epic Games/Unreal Projects/Sacrilege/Content/Sounds/Explosions/S_Explosion01Far.uasset" 1578
"C:/Program Files/Epic Games/Unreal Projects/Sacrilege/Content/Sounds/Explosions/S_Explosion01Far.uexp" 1579
"C:/Program Files/Epic Games/Unreal Projects/Sacrilege/Content/Sounds/Explosions/MS_GenericExplosion01.uasset" 1580
"C:/Program Files/Epic Games/Unreal Projects/Sacrilege/Content/Sounds/Explosions/MS_GenericExplosion01.uexp" 1581
"C:/Program Files/Epic Games/Unreal Projects/Sacrilege/Content/Objects/Weapons/Grenades/PM_FragGrenade.uasset" 1582
"C:/Program Files/Epic Games/Unreal Projects/Sacrilege/Content/Objects/Weapons/Grenades/PM_FragGrenade.uexp" 1583
"C:/Program Files/Epic Games/Unreal Projects/Sacrilege/Content/Sounds/Shields/AT_ShieldSounds.uasset" 1584
"C:/Program Files/Epic Games/Unreal Projects/Sacrilege/Content/Sounds/Shields/AT_ShieldSounds.uexp" 1585
"C:/Program Files/Epic Games/Unreal Projects/Sacrilege/Content/Objects/Weapons/Grenades/S_FragThrow01.ubulk" 1586
"C:/Program Files/Epic Games/Unreal Projects/Sacrilege/Content/Objects/Weapons/Grenades/S_FragThrow01.uasset" 1587
"C:/Program Files/Epic Games/Unreal Projects/Sacrilege/Content/Objects/Weapons/Grenades/S_FragThrow01.uexp" 1588
"C:/Program Files/Epic Games/Unreal Projects/Sacrilege/Content/Objects/Weapons/Grenades/FragGrenade/G67_Grenade/T_G67_ALB.ubulk" 1589
"C:/Program Files/Epic Games/Unreal Projects/Sacrilege/Content/Objects/Weapons/Grenades/FragGrenade/G67_Grenade/T_G67_ALB.uasset" 1590
"C:/Program Files/Epic Games/Unreal Projects/Sacrilege/Content/Objects/Weapons/Grenades/FragGrenade/G67_Grenade/T_G67_ALB.uexp" 1591
"C:/Program Files/Epic Games/Unreal Projects/Sacrilege/Content/Objects/Weapons/Grenades/FragGrenade/G67_Grenade/T_G67_M_MSK.ubulk" 1592
"C:/Program Files/Epic Games/Unreal Projects/Sacrilege/Content/Objects/Weapons/Grenades/FragGrenade/G67_Grenade/T_G67_M_MSK.uasset" 1593
"C:/Program Files/Epic Games/Unreal Projects/Sacrilege/Content/Objects/Weapons/Grenades/FragGrenade/G67_Grenade/T_G67_M_MSK.uexp" 1594
"C:/Program Files/Epic Games/Unreal Projects/Sacrilege/Content/Objects/Weapons/Grenades/FragGrenade/G67_Grenade/T_G67_NRM.ubulk" 1595
"C:/Program Files/Epic Games/Unreal Projects/Sacrilege/Content/Objects/Weapons/Grenades/FragGrenade/G67_Grenade/T_G67_NRM.uasset" 1596
"C:/Program Files/Epic Games/Unreal Projects/Sacrilege/Content/Objects/Weapons/Grenades/FragGrenade/G67_Grenade/T_G67_NRM.uexp" 1597
"C:/Program Files/Epic Games/Unreal Projects/Sacrilege/Content/MaterialLibrary/M_Weapon_Master_USE.uasset" 1598
"C:/Program Files/Epic Games/Unreal Projects/Sacrilege/Content/MaterialLibrary/M_Weapon_Master_USE.uexp" 1599
"C:/Program Files/Epic Games/Unreal Projects/Sacrilege/Content/Objects/Weapons/Grenades/FragGrenade/G67_Grenade/M_G67.uasset" 1600
"C:/Program Files/Epic Games/Unreal Projects/Sacrilege/Content/Objects/Weapons/Grenades/FragGrenade/G67_Grenade/M_G67.uexp" 1601
"C:/Program Files/Epic Games/Unreal Projects/Sacrilege/Content/Objects/Weapons/Grenades/FragGrenade/G67_Grenade/SM_G67.ubulk" 1602
"C:/Program Files/Epic Games/Unreal Projects/Sacrilege/Content/Objects/Weapons/Grenades/FragGrenade/G67_Grenade/SM_G67.uasset" 1603
"C:/Program Files/Epic Games/Unreal Projects/Sacrilege/Content/Objects/Weapons/Grenades/FragGrenade/G67_Grenade/SM_G67.uexp" 1604
"C:/Program Files/Epic Games/Unreal Projects/Sacrilege/Content/Sounds/S_SizzleLoop.ubulk" 1605
"C:/Program Files/Epic Games/Unreal Projects/Sacrilege/Content/Sounds/S_SizzleLoop.uasset" 1606
"C:/Program Files/Epic Games/Unreal Projects/Sacrilege/Content/Sounds/S_SizzleLoop.uexp" 1607
"C:/Program Files/Epic Games/Unreal Projects/Sacrilege/Content/Sounds/Foley/WeaponDropSounds/SC_Gun_drop_01.uasset" 1608
"C:/Program Files/Epic Games/Unreal Projects/Sacrilege/Content/Sounds/Foley/WeaponDropSounds/SC_Gun_drop_01.uexp" 1609
"C:/Program Files/Epic Games/Unreal Projects/Sacrilege/Content/Core/Weapons/BP_GrenadeBase.uasset" 1610
"C:/Program Files/Epic Games/Unreal Projects/Sacrilege/Content/Core/Weapons/BP_GrenadeBase.uexp" 1611
"C:/Program Files/Epic Games/Unreal Projects/Sacrilege/Content/Objects/Weapons/Grenades/S_Explosions__Designed__Smoke_Grenade_SND117405.ubulk" 1612
"C:/Program Files/Epic Games/Unreal Projects/Sacrilege/Content/Objects/Weapons/Grenades/S_Explosions__Designed__Smoke_Grenade_SND117405.uasset" 1613
"C:/Program Files/Epic Games/Unreal Projects/Sacrilege/Content/Objects/Weapons/Grenades/S_Explosions__Designed__Smoke_Grenade_SND117405.uexp" 1614
"C:/Program Files/Epic Games/Unreal Projects/Sacrilege/Content/Objects/Weapons/Grenades/BP_FragGrenade.uasset" 1615
"C:/Program Files/Epic Games/Unreal Projects/Sacrilege/Content/Objects/Weapons/Grenades/BP_FragGrenade.uexp" 1616
"C:/Program Files/Epic Games/Unreal Projects/Sacrilege/Content/Core/BP_HaloSaveGame.uasset" 1617
"C:/Program Files/Epic Games/Unreal Projects/Sacrilege/Content/Core/BP_HaloSaveGame.uexp" 1618
"C:/Program Files/Epic Games/Unreal Projects/Sacrilege/Content/Core/MessagingSystem/S_Message.uasset" 1619
"C:/Program Files/Epic Games/Unreal Projects/Sacrilege/Content/Core/MessagingSystem/S_Message.uexp" 1620
"C:/Program Files/Epic Games/Unreal Projects/Sacrilege/Content/Core/SC_Soundtracks.uasset" 1621
"C:/Program Files/Epic Games/Unreal Projects/Sacrilege/Content/Core/SC_Soundtracks.uexp" 1622
"C:/Program Files/Epic Games/Unreal Projects/Sacrilege/Content/Core/S_Tip.uasset" 1623
"C:/Program Files/Epic Games/Unreal Projects/Sacrilege/Content/Core/S_Tip.uexp" 1624
"../../../Engine/Content/MapTemplates/Sky/T_Sky_Stars.ubulk" 1625
"../../../Engine/Content/MapTemplates/Sky/T_Sky_Stars.uasset" 1626
"../../../Engine/Content/MapTemplates/Sky/T_Sky_Stars.uexp" 1627
"C:/Program Files/Epic Games/Unreal Projects/Sacrilege/Content/UI/WBP_Loadscreen.uasset" 1628
"C:/Program Files/Epic Games/Unreal Projects/Sacrilege/Content/UI/WBP_Loadscreen.uexp" 1629
"C:/Program Files/Epic Games/Unreal Projects/Sacrilege/Content/Sounds/Music/S_Halo_3_Soundtrack_-__Cortana__Escape__6Lc3i2JWDKs_.ubulk" 1630
"C:/Program Files/Epic Games/Unreal Projects/Sacrilege/Content/Sounds/Music/S_Halo_3_Soundtrack_-__Cortana__Escape__6Lc3i2JWDKs_.uasset" 1631
"C:/Program Files/Epic Games/Unreal Projects/Sacrilege/Content/Sounds/Music/S_Halo_3_Soundtrack_-__Cortana__Escape__6Lc3i2JWDKs_.uexp" 1632
"C:/Program Files/Epic Games/Unreal Projects/Sacrilege/Content/Sounds/Music/S_Halo_3_Soundtrack_-__Crow_s_Nest__Brutes__mvwm-Ed5UpM_.ubulk" 1633
"C:/Program Files/Epic Games/Unreal Projects/Sacrilege/Content/Sounds/Music/S_Halo_3_Soundtrack_-__Crow_s_Nest__Brutes__mvwm-Ed5UpM_.uasset" 1634
"C:/Program Files/Epic Games/Unreal Projects/Sacrilege/Content/Sounds/Music/S_Halo_3_Soundtrack_-__Crow_s_Nest__Brutes__mvwm-Ed5UpM_.uexp" 1635
"C:/Program Files/Epic Games/Unreal Projects/Sacrilege/Content/Sounds/Music/S_Halo_3_Soundtrack_-__Crow_s_Nest__Protect_The_Wounded__2bagcxpMgCw_.ubulk" 1636
"C:/Program Files/Epic Games/Unreal Projects/Sacrilege/Content/Sounds/Music/S_Halo_3_Soundtrack_-__Crow_s_Nest__Protect_The_Wounded__2bagcxpMgCw_.uasset" 1637
"C:/Program Files/Epic Games/Unreal Projects/Sacrilege/Content/Sounds/Music/S_Halo_3_Soundtrack_-__Crow_s_Nest__Protect_The_Wounded__2bagcxpMgCw_.uexp" 1638
"C:/Program Files/Epic Games/Unreal Projects/Sacrilege/Content/Sounds/Music/S_Halo_3_Soundtrack_-__FloodGate__Follow_Our_Brothers__SlA5GVGeywc_.ubulk" 1639
"C:/Program Files/Epic Games/Unreal Projects/Sacrilege/Content/Sounds/Music/S_Halo_3_Soundtrack_-__FloodGate__Follow_Our_Brothers__SlA5GVGeywc_.uasset" 1640
"C:/Program Files/Epic Games/Unreal Projects/Sacrilege/Content/Sounds/Music/S_Halo_3_Soundtrack_-__FloodGate__Follow_Our_Brothers__SlA5GVGeywc_.uexp" 1641
"C:/Program Files/Epic Games/Unreal Projects/Sacrilege/Content/Sounds/Music/S_Halo_3_Soundtrack_-__Halo__Cold_Journey__490fc2C6ZOM_.ubulk" 1642
"C:/Program Files/Epic Games/Unreal Projects/Sacrilege/Content/Sounds/Music/S_Halo_3_Soundtrack_-__Halo__Cold_Journey__490fc2C6ZOM_.uasset" 1643
"C:/Program Files/Epic Games/Unreal Projects/Sacrilege/Content/Sounds/Music/S_Halo_3_Soundtrack_-__Halo__Cold_Journey__490fc2C6ZOM_.uexp" 1644
"C:/Program Files/Epic Games/Unreal Projects/Sacrilege/Content/Sounds/Music/S_Halo_3_Soundtrack_-__Halo__Flood_Rising__Ev5BWEPiI-A_.ubulk" 1645
"C:/Program Files/Epic Games/Unreal Projects/Sacrilege/Content/Sounds/Music/S_Halo_3_Soundtrack_-__Halo__Flood_Rising__Ev5BWEPiI-A_.uasset" 1646
"C:/Program Files/Epic Games/Unreal Projects/Sacrilege/Content/Sounds/Music/S_Halo_3_Soundtrack_-__Halo__Flood_Rising__Ev5BWEPiI-A_.uexp" 1647
"C:/Program Files/Epic Games/Unreal Projects/Sacrilege/Content/Sounds/Music/S_Halo_3_Soundtrack_-__Sierra_117__Another_Walk__G5X01lMMz34_.ubulk" 1648
"C:/Program Files/Epic Games/Unreal Projects/Sacrilege/Content/Sounds/Music/S_Halo_3_Soundtrack_-__Sierra_117__Another_Walk__G5X01lMMz34_.uasset" 1649
"C:/Program Files/Epic Games/Unreal Projects/Sacrilege/Content/Sounds/Music/S_Halo_3_Soundtrack_-__Sierra_117__Another_Walk__G5X01lMMz34_.uexp" 1650
"C:/Program Files/Epic Games/Unreal Projects/Sacrilege/Content/Sounds/Music/S_Halo_3_Soundtrack_-__Sierra_117__Infiltrate__gGSv9lHYr5M_.ubulk" 1651
"C:/Program Files/Epic Games/Unreal Projects/Sacrilege/Content/Sounds/Music/S_Halo_3_Soundtrack_-__Sierra_117__Infiltrate__gGSv9lHYr5M_.uasset" 1652
"C:/Program Files/Epic Games/Unreal Projects/Sacrilege/Content/Sounds/Music/S_Halo_3_Soundtrack_-__Sierra_117__Infiltrate__gGSv9lHYr5M_.uexp" 1653
"C:/Program Files/Epic Games/Unreal Projects/Sacrilege/Content/Sounds/Music/S_Halo_3_Soundtrack_-__Sierra_117__Released__XJHvR5eqOdk_.ubulk" 1654
"C:/Program Files/Epic Games/Unreal Projects/Sacrilege/Content/Sounds/Music/S_Halo_3_Soundtrack_-__Sierra_117__Released__XJHvR5eqOdk_.uasset" 1655
"C:/Program Files/Epic Games/Unreal Projects/Sacrilege/Content/Sounds/Music/S_Halo_3_Soundtrack_-__Sierra_117__Released__XJHvR5eqOdk_.uexp" 1656
"C:/Program Files/Epic Games/Unreal Projects/Sacrilege/Content/Sounds/Music/S_Halo_3_Soundtrack_-__The_Ark__Behold_A_Pale_Horse__toThc1oC2hA_.ubulk" 1657
"C:/Program Files/Epic Games/Unreal Projects/Sacrilege/Content/Sounds/Music/S_Halo_3_Soundtrack_-__The_Ark__Behold_A_Pale_Horse__toThc1oC2hA_.uasset" 1658
"C:/Program Files/Epic Games/Unreal Projects/Sacrilege/Content/Sounds/Music/S_Halo_3_Soundtrack_-__The_Ark__Behold_A_Pale_Horse__toThc1oC2hA_.uexp" 1659
"C:/Program Files/Epic Games/Unreal Projects/Sacrilege/Content/Sounds/Music/S_Halo_3_Soundtrack_-__The_Ark__Make_Them_Pay__cS7se0r7c84_.ubulk" 1660
"C:/Program Files/Epic Games/Unreal Projects/Sacrilege/Content/Sounds/Music/S_Halo_3_Soundtrack_-__The_Ark__Make_Them_Pay__cS7se0r7c84_.uasset" 1661
"C:/Program Files/Epic Games/Unreal Projects/Sacrilege/Content/Sounds/Music/S_Halo_3_Soundtrack_-__The_Ark__Make_Them_Pay__cS7se0r7c84_.uexp" 1662
"C:/Program Files/Epic Games/Unreal Projects/Sacrilege/Content/Sounds/Music/S_Halo_3_Soundtrack_-__The_Ark__No_Time_For_Sightseeing__ZFSzph-gZOk_.ubulk" 1663
"C:/Program Files/Epic Games/Unreal Projects/Sacrilege/Content/Sounds/Music/S_Halo_3_Soundtrack_-__The_Ark__No_Time_For_Sightseeing__ZFSzph-gZOk_.uasset" 1664
"C:/Program Files/Epic Games/Unreal Projects/Sacrilege/Content/Sounds/Music/S_Halo_3_Soundtrack_-__The_Ark__No_Time_For_Sightseeing__ZFSzph-gZOk_.uexp" 1665
"C:/Program Files/Epic Games/Unreal Projects/Sacrilege/Content/Sounds/Music/S_Halo_3_Soundtrack_-__The_Covenant__Leonidas_Returns__7jpNHnaDQy4_.ubulk" 1666
"C:/Program Files/Epic Games/Unreal Projects/Sacrilege/Content/Sounds/Music/S_Halo_3_Soundtrack_-__The_Covenant__Leonidas_Returns__7jpNHnaDQy4_.uasset" 1667
"C:/Program Files/Epic Games/Unreal Projects/Sacrilege/Content/Sounds/Music/S_Halo_3_Soundtrack_-__The_Covenant__Leonidas_Returns__7jpNHnaDQy4_.uexp" 1668
"C:/Program Files/Epic Games/Unreal Projects/Sacrilege/Content/Sounds/Music/S_Halo_3_Soundtrack_-__The_Storm__Clear_The_Area__9BakI0LhLfk_.ubulk" 1669
"C:/Program Files/Epic Games/Unreal Projects/Sacrilege/Content/Sounds/Music/S_Halo_3_Soundtrack_-__The_Storm__Clear_The_Area__9BakI0LhLfk_.uasset" 1670
"C:/Program Files/Epic Games/Unreal Projects/Sacrilege/Content/Sounds/Music/S_Halo_3_Soundtrack_-__The_Storm__Clear_The_Area__9BakI0LhLfk_.uexp" 1671
"C:/Program Files/Epic Games/Unreal Projects/Sacrilege/Content/Sounds/Music/S_Halo_3_Soundtrack_-__Tsavo_Highway__Ancient_Dust__3DMteT9MJg0_.ubulk" 1672
"C:/Program Files/Epic Games/Unreal Projects/Sacrilege/Content/Sounds/Music/S_Halo_3_Soundtrack_-__Tsavo_Highway__Ancient_Dust__3DMteT9MJg0_.uasset" 1673
"C:/Program Files/Epic Games/Unreal Projects/Sacrilege/Content/Sounds/Music/S_Halo_3_Soundtrack_-__Tsavo_Highway__Ancient_Dust__3DMteT9MJg0_.uexp" 1674
"C:/Program Files/Epic Games/Unreal Projects/Sacrilege/Content/Sounds/Music/S_Halo_3_Soundtrack_-__Tsavo_Highway__Outpost__fIxiNy2TTDI_.ubulk" 1675
"C:/Program Files/Epic Games/Unreal Projects/Sacrilege/Content/Sounds/Music/S_Halo_3_Soundtrack_-__Tsavo_Highway__Outpost__fIxiNy2TTDI_.uasset" 1676
"C:/Program Files/Epic Games/Unreal Projects/Sacrilege/Content/Sounds/Music/S_Halo_3_Soundtrack_-__Tsavo_Highway__Outpost__fIxiNy2TTDI_.uexp" 1677
"C:/Program Files/Epic Games/Unreal Projects/Sacrilege/Content/Sounds/Music/S_Halo_3_Soundtrack_-__Tsavo_Highway__To_Kill_A_Demon__QnC8YKLQ9pE_.ubulk" 1678
"C:/Program Files/Epic Games/Unreal Projects/Sacrilege/Content/Sounds/Music/S_Halo_3_Soundtrack_-__Tsavo_Highway__To_Kill_A_Demon__QnC8YKLQ9pE_.uasset" 1679
"C:/Program Files/Epic Games/Unreal Projects/Sacrilege/Content/Sounds/Music/S_Halo_3_Soundtrack_-__Tsavo_Highway__To_Kill_A_Demon__QnC8YKLQ9pE_.uexp" 1680
"C:/Program Files/Epic Games/Unreal Projects/Sacrilege/Content/UI/Options/SCM_Default.uasset" 1681
"C:/Program Files/Epic Games/Unreal Projects/Sacrilege/Content/UI/Options/SCM_Default.uexp" 1682
"C:/Program Files/Epic Games/Unreal Projects/Sacrilege/Content/BP_MyGameInstance.uasset" 1683
"C:/Program Files/Epic Games/Unreal Projects/Sacrilege/Content/BP_MyGameInstance.uexp" 1684
"C:/Program Files/Epic Games/Unreal Projects/Sacrilege/Content/Core/BP_FirefightPlayerState.uasset" 1685
"C:/Program Files/Epic Games/Unreal Projects/Sacrilege/Content/Core/BP_FirefightPlayerState.uexp" 1686
"../../../Engine/Content/EngineMeshes/SkeletalCube_Skeleton.uasset" 1687
"../../../Engine/Content/EngineMeshes/SkeletalCube_Skeleton.uexp" 1688
"../../../Engine/Content/EngineMeshes/SkeletalCube.uasset" 1689
"../../../Engine/Content/EngineMeshes/SkeletalCube.uexp" 1690
"C:/Program Files/Epic Games/Unreal Projects/Sacrilege/Content/MaterialLibrary/MI_Metal.uasset" 1691
"C:/Program Files/Epic Games/Unreal Projects/Sacrilege/Content/MaterialLibrary/MI_Metal.uexp" 1692
"C:/Program Files/Epic Games/Unreal Projects/Sacrilege/Content/Objects/Debris/Debris00/StaticMeshes/Debris00.ubulk" 1693
"C:/Program Files/Epic Games/Unreal Projects/Sacrilege/Content/Objects/Debris/Debris00/StaticMeshes/Debris00.uasset" 1694
"C:/Program Files/Epic Games/Unreal Projects/Sacrilege/Content/Objects/Debris/Debris00/StaticMeshes/Debris00.uexp" 1695
"C:/Program Files/Epic Games/Unreal Projects/Sacrilege/Content/Sounds/Foley/Impacts/Metal/metal_clutter_10.ubulk" 1696
"C:/Program Files/Epic Games/Unreal Projects/Sacrilege/Content/Sounds/Foley/Impacts/Metal/metal_clutter_10.uasset" 1697
"C:/Program Files/Epic Games/Unreal Projects/Sacrilege/Content/Sounds/Foley/Impacts/Metal/metal_clutter_10.uexp" 1698
"C:/Program Files/Epic Games/Unreal Projects/Sacrilege/Content/Sounds/Foley/Impacts/Metal/MS_DebrisCollision.uasset" 1699
"C:/Program Files/Epic Games/Unreal Projects/Sacrilege/Content/Sounds/Foley/Impacts/Metal/MS_DebrisCollision.uexp" 1700
"C:/Program Files/Epic Games/Unreal Projects/Sacrilege/Content/BP_Debris.uasset" 1701
"C:/Program Files/Epic Games/Unreal Projects/Sacrilege/Content/BP_Debris.uexp" 1702
"C:/Program Files/Epic Games/Unreal Projects/Sacrilege/Content/HaloEnhancedInputUserSettings.uasset" 1703
"C:/Program Files/Epic Games/Unreal Projects/Sacrilege/Content/HaloEnhancedInputUserSettings.uexp" 1704
"C:/Program Files/Epic Games/Unreal Projects/Sacrilege/Content/Core/VehicleLerpExitCurve.uasset" 1705
"C:/Program Files/Epic Games/Unreal Projects/Sacrilege/Content/Core/VehicleLerpExitCurve.uexp" 1706
"../../../Engine/Content/Functions/Engine_MaterialFunctions02/Math/Pi.uasset" 1707
"../../../Engine/Content/Functions/Engine_MaterialFunctions02/Math/Pi.uexp" 1708
"C:/Program Files/Epic Games/Unreal Projects/Sacrilege/Content/Core/textures/T_water_caustics.ubulk" 1709
"C:/Program Files/Epic Games/Unreal Projects/Sacrilege/Content/Core/textures/T_water_caustics.uasset" 1710
"C:/Program Files/Epic Games/Unreal Projects/Sacrilege/Content/Core/textures/T_water_caustics.uexp" 1711
"C:/Program Files/Epic Games/Unreal Projects/Sacrilege/Content/MaterialLibrary/M_Shield.uasset" 1712
"C:/Program Files/Epic Games/Unreal Projects/Sacrilege/Content/MaterialLibrary/M_Shield.uexp" 1713
"C:/Program Files/Epic Games/Unreal Projects/Sacrilege/Content/MaterialLibrary/MI_Shield.uasset" 1714
"C:/Program Files/Epic Games/Unreal Projects/Sacrilege/Content/MaterialLibrary/MI_Shield.uexp" 1715
"C:/Program Files/Epic Games/Unreal Projects/Sacrilege/Content/StarterContent/Audio/S_Fire01.ubulk" 1716
"C:/Program Files/Epic Games/Unreal Projects/Sacrilege/Content/StarterContent/Audio/S_Fire01.uasset" 1717
"C:/Program Files/Epic Games/Unreal Projects/Sacrilege/Content/StarterContent/Audio/S_Fire01.uexp" 1718
"C:/Program Files/Epic Games/Unreal Projects/Sacrilege/Content/StarterContent/Audio/SC_Fire01_Cue.uasset" 1719
"C:/Program Files/Epic Games/Unreal Projects/Sacrilege/Content/StarterContent/Audio/SC_Fire01_Cue.uexp" 1720
"C:/Program Files/Epic Games/Unreal Projects/Sacrilege/Content/StarterContent/Textures/T_Fire_SubUV.ubulk" 1721
"C:/Program Files/Epic Games/Unreal Projects/Sacrilege/Content/StarterContent/Textures/T_Fire_SubUV.uasset" 1722
"C:/Program Files/Epic Games/Unreal Projects/Sacrilege/Content/StarterContent/Textures/T_Fire_SubUV.uexp" 1723
"C:/Program Files/Epic Games/Unreal Projects/Sacrilege/Content/StarterContent/Textures/T_Fire_Tiled_D.ubulk" 1724
"C:/Program Files/Epic Games/Unreal Projects/Sacrilege/Content/StarterContent/Textures/T_Fire_Tiled_D.uasset" 1725
"C:/Program Files/Epic Games/Unreal Projects/Sacrilege/Content/StarterContent/Textures/T_Fire_Tiled_D.uexp" 1726
"C:/Program Files/Epic Games/Unreal Projects/Sacrilege/Content/StarterContent/Particles/Materials/M_Fire_SubUV.uasset" 1727
"C:/Program Files/Epic Games/Unreal Projects/Sacrilege/Content/StarterContent/Particles/Materials/M_Fire_SubUV.uexp" 1728
"C:/Program Files/Epic Games/Unreal Projects/Sacrilege/Content/ParticleEffects/NS_Fire.uasset" 1729
"C:/Program Files/Epic Games/Unreal Projects/Sacrilege/Content/ParticleEffects/NS_Fire.uexp" 1730
"C:/Program Files/Epic Games/Unreal Projects/Sacrilege/Content/Objects/BP_FireEntity.uasset" 1731
"C:/Program Files/Epic Games/Unreal Projects/Sacrilege/Content/Objects/BP_FireEntity.uexp" 1732
"C:/Program Files/Epic Games/Unreal Projects/Sacrilege/Content/UI/Icons/Crosshairs/T_unarmedCrosshair01.uasset" 1733
"C:/Program Files/Epic Games/Unreal Projects/Sacrilege/Content/UI/Icons/Crosshairs/T_unarmedCrosshair01.uexp" 1734
"C:/Program Files/Epic Games/Unreal Projects/Sacrilege/Content/UI/Icons/T_HealthBarFull_Fill01.ubulk" 1735
"C:/Program Files/Epic Games/Unreal Projects/Sacrilege/Content/UI/Icons/T_HealthBarFull_Fill01.uasset" 1736
"C:/Program Files/Epic Games/Unreal Projects/Sacrilege/Content/UI/Icons/T_HealthBarFull_Fill01.uexp" 1737
"C:/Program Files/Epic Games/Unreal Projects/Sacrilege/Content/UI/M_HealthBar.uasset" 1738
"C:/Program Files/Epic Games/Unreal Projects/Sacrilege/Content/UI/M_HealthBar.uexp" 1739
"C:/Program Files/Epic Games/Unreal Projects/Sacrilege/Content/UI/MI_HealthBar.uasset" 1740
"C:/Program Files/Epic Games/Unreal Projects/Sacrilege/Content/UI/MI_HealthBar.uexp" 1741
"C:/Program Files/Epic Games/Unreal Projects/Sacrilege/Content/UI/Icons/T_Compass_Marker.uasset" 1742
"C:/Program Files/Epic Games/Unreal Projects/Sacrilege/Content/UI/Icons/T_Compass_Marker.uexp" 1743
"C:/Program Files/Epic Games/Unreal Projects/Sacrilege/Content/UI/Icons/T_Compass_Points.uasset" 1744
"C:/Program Files/Epic Games/Unreal Projects/Sacrilege/Content/UI/Icons/T_Compass_Points.uexp" 1745
"C:/Program Files/Epic Games/Unreal Projects/Sacrilege/Content/UI/WBP_Compass.uasset" 1746
"C:/Program Files/Epic Games/Unreal Projects/Sacrilege/Content/UI/WBP_Compass.uexp" 1747
"C:/Program Files/Epic Games/Unreal Projects/Sacrilege/Content/UI/WBP_Crosshair.uasset" 1748
"C:/Program Files/Epic Games/Unreal Projects/Sacrilege/Content/UI/WBP_Crosshair.uexp" 1749
"C:/Program Files/Epic Games/Unreal Projects/Sacrilege/Content/UI/Icons/T_ShieldBarFull_Fill01.ubulk" 1750
"C:/Program Files/Epic Games/Unreal Projects/Sacrilege/Content/UI/Icons/T_ShieldBarFull_Fill01.uasset" 1751
"C:/Program Files/Epic Games/Unreal Projects/Sacrilege/Content/UI/Icons/T_ShieldBarFull_Fill01.uexp" 1752
"C:/Program Files/Epic Games/Unreal Projects/Sacrilege/Content/UI/M_ShieldBar.uasset" 1753
"C:/Program Files/Epic Games/Unreal Projects/Sacrilege/Content/UI/M_ShieldBar.uexp" 1754
"C:/Program Files/Epic Games/Unreal Projects/Sacrilege/Content/UI/MI_ShieldBar.uasset" 1755
"C:/Program Files/Epic Games/Unreal Projects/Sacrilege/Content/UI/MI_ShieldBar.uexp" 1756
"C:/Program Files/Epic Games/Unreal Projects/Sacrilege/Content/UI/Icons/T_HealthBarFull_Outline01.ubulk" 1757
"C:/Program Files/Epic Games/Unreal Projects/Sacrilege/Content/UI/Icons/T_HealthBarFull_Outline01.uasset" 1758
"C:/Program Files/Epic Games/Unreal Projects/Sacrilege/Content/UI/Icons/T_HealthBarFull_Outline01.uexp" 1759
"C:/Program Files/Epic Games/Unreal Projects/Sacrilege/Content/UI/Icons/T_ShieldBarFull_Outline.ubulk" 1760
"C:/Program Files/Epic Games/Unreal Projects/Sacrilege/Content/UI/Icons/T_ShieldBarFull_Outline.uasset" 1761
"C:/Program Files/Epic Games/Unreal Projects/Sacrilege/Content/UI/Icons/T_ShieldBarFull_Outline.uexp" 1762
"C:/Program Files/Epic Games/Unreal Projects/Sacrilege/Content/UI/WBP_Healthbar.uasset" 1763
"C:/Program Files/Epic Games/Unreal Projects/Sacrilege/Content/UI/WBP_Healthbar.uexp" 1764
"C:/Program Files/Epic Games/Unreal Projects/Sacrilege/Content/UI/WBP_ScoreEntry.uasset" 1765
"C:/Program Files/Epic Games/Unreal Projects/Sacrilege/Content/UI/WBP_ScoreEntry.uexp" 1766
"C:/Program Files/Epic Games/Unreal Projects/Sacrilege/Content/UI/WBP_ScoringHUD.uasset" 1767
"C:/Program Files/Epic Games/Unreal Projects/Sacrilege/Content/UI/WBP_ScoringHUD.uexp" 1768
"../../../Engine/Content/EngineFonts/Faces/DroidSansFallback.uexp" 1769
"../../../Engine/Content/EngineFonts/Faces/DroidSansFallback.uasset" 1770
"../../../Engine/Content/EngineFonts/Faces/DroidSansFallback.ufont" 1771
"../../../Engine/Content/EngineFonts/Faces/RobotoBold.uexp" 1772
"../../../Engine/Content/EngineFonts/Faces/RobotoBold.uasset" 1773
"../../../Engine/Content/EngineFonts/Faces/RobotoBold.ufont" 1774
"../../../Engine/Content/EngineFonts/Faces/RobotoBoldItalic.uexp" 1775
"../../../Engine/Content/EngineFonts/Faces/RobotoBoldItalic.uasset" 1776
"../../../Engine/Content/EngineFonts/Faces/RobotoBoldItalic.ufont" 1777
"../../../Engine/Content/EngineFonts/Faces/RobotoItalic.uexp" 1778
"../../../Engine/Content/EngineFonts/Faces/RobotoItalic.uasset" 1779
"../../../Engine/Content/EngineFonts/Faces/RobotoItalic.ufont" 1780
"../../../Engine/Content/EngineFonts/Faces/RobotoLight.uexp" 1781
"../../../Engine/Content/EngineFonts/Faces/RobotoLight.uasset" 1782
"../../../Engine/Content/EngineFonts/Faces/RobotoLight.ufont" 1783
"../../../Engine/Content/EngineFonts/Faces/RobotoRegular.uexp" 1784
"../../../Engine/Content/EngineFonts/Faces/RobotoRegular.uasset" 1785
"../../../Engine/Content/EngineFonts/Faces/RobotoRegular.ufont" 1786
"../../../Engine/Content/EngineFonts/Roboto.uasset" 1787
"../../../Engine/Content/EngineFonts/Roboto.uexp" 1788
"C:/Program Files/Epic Games/Unreal Projects/Sacrilege/Content/UI/WBP_HaloText.uasset" 1789
"C:/Program Files/Epic Games/Unreal Projects/Sacrilege/Content/UI/WBP_HaloText.uexp" 1790
"C:/Program Files/Epic Games/Unreal Projects/Sacrilege/Content/UI/WBP_GamemodeInfo.uasset" 1791
"C:/Program Files/Epic Games/Unreal Projects/Sacrilege/Content/UI/WBP_GamemodeInfo.uexp" 1792
"C:/Program Files/Epic Games/Unreal Projects/Sacrilege/Content/UI/Icons/T_RadarMarker.ubulk" 1793
"C:/Program Files/Epic Games/Unreal Projects/Sacrilege/Content/UI/Icons/T_RadarMarker.uasset" 1794
"C:/Program Files/Epic Games/Unreal Projects/Sacrilege/Content/UI/Icons/T_RadarMarker.uexp" 1795
"C:/Program Files/Epic Games/Unreal Projects/Sacrilege/Content/UI/WBP_Minimap_Unit.uasset" 1796
"C:/Program Files/Epic Games/Unreal Projects/Sacrilege/Content/UI/WBP_Minimap_Unit.uexp" 1797
"C:/Program Files/Epic Games/Unreal Projects/Sacrilege/Content/UI/Icons/T_PlateIcon.uasset" 1798
"C:/Program Files/Epic Games/Unreal Projects/Sacrilege/Content/UI/Icons/T_PlateIcon.uexp" 1799
"C:/Program Files/Epic Games/Unreal Projects/Sacrilege/Content/UI/Icons/T_Radar.ubulk" 1800
"C:/Program Files/Epic Games/Unreal Projects/Sacrilege/Content/UI/Icons/T_Radar.uasset" 1801
"C:/Program Files/Epic Games/Unreal Projects/Sacrilege/Content/UI/Icons/T_Radar.uexp" 1802
"C:/Program Files/Epic Games/Unreal Projects/Sacrilege/Content/UI/Icons/T_RadarCircle.ubulk" 1803
"C:/Program Files/Epic Games/Unreal Projects/Sacrilege/Content/UI/Icons/T_RadarCircle.uasset" 1804
"C:/Program Files/Epic Games/Unreal Projects/Sacrilege/Content/UI/Icons/T_RadarCircle.uexp" 1805
"C:/Program Files/Epic Games/Unreal Projects/Sacrilege/Content/UI/WBP_Minimap.uasset" 1806
"C:/Program Files/Epic Games/Unreal Projects/Sacrilege/Content/UI/WBP_Minimap.uexp" 1807
"C:/Program Files/Epic Games/Unreal Projects/Sacrilege/Content/UI/WBP_VehicleHUD.uasset" 1808
"C:/Program Files/Epic Games/Unreal Projects/Sacrilege/Content/UI/WBP_VehicleHUD.uexp" 1809
"C:/Program Files/Epic Games/Unreal Projects/Sacrilege/Content/UI/Icons/T_Arrow.ubulk" 1810
"C:/Program Files/Epic Games/Unreal Projects/Sacrilege/Content/UI/Icons/T_Arrow.uasset" 1811
"C:/Program Files/Epic Games/Unreal Projects/Sacrilege/Content/UI/Icons/T_Arrow.uexp" 1812
"C:/Program Files/Epic Games/Unreal Projects/Sacrilege/Content/Core/Input/Actions/IA_Look.uasset" 1813
"C:/Program Files/Epic Games/Unreal Projects/Sacrilege/Content/Core/Input/Actions/IA_Look.uexp" 1814
"../../../Engine/Plugins/FX/Niagara/Content/VectorFields/Assets/TilingCurl16.uasset" 1815
"../../../Engine/Plugins/FX/Niagara/Content/VectorFields/Assets/TilingCurl16.uexp" 1816
"C:/Program Files/Epic Games/Unreal Projects/Sacrilege/Content/Core/Shields/NS_ShieldBreak.uasset" 1817
"C:/Program Files/Epic Games/Unreal Projects/Sacrilege/Content/Core/Shields/NS_ShieldBreak.uexp" 1818
"C:/Program Files/Epic Games/Unreal Projects/Sacrilege/Content/Core/Shields/T_Electric_arc_sprite.ubulk" 1819
"C:/Program Files/Epic Games/Unreal Projects/Sacrilege/Content/Core/Shields/T_Electric_arc_sprite.uasset" 1820
"C:/Program Files/Epic Games/Unreal Projects/Sacrilege/Content/Core/Shields/T_Electric_arc_sprite.uexp" 1821
"C:/Program Files/Epic Games/Unreal Projects/Sacrilege/Content/Core/Shields/M_ElectricArcSprite.uasset" 1822
"C:/Program Files/Epic Games/Unreal Projects/Sacrilege/Content/Core/Shields/M_ElectricArcSprite.uexp" 1823
"C:/Program Files/Epic Games/Unreal Projects/Sacrilege/Content/Core/Shields/NS_ShieldBroken.uasset" 1824
"C:/Program Files/Epic Games/Unreal Projects/Sacrilege/Content/Core/Shields/NS_ShieldBroken.uexp" 1825
"C:/Program Files/Epic Games/Unreal Projects/Sacrilege/Content/Core/Shields/NS_ShieldHit.uasset" 1826
"C:/Program Files/Epic Games/Unreal Projects/Sacrilege/Content/Core/Shields/NS_ShieldHit.uexp" 1827
"C:/Program Files/Epic Games/Unreal Projects/Sacrilege/Content/Core/Shields/T_1000_F_942014392_T1we4tTgpxr5voR3y8ZIdia1wU9Ot1fj.ubulk" 1828
"C:/Program Files/Epic Games/Unreal Projects/Sacrilege/Content/Core/Shields/T_1000_F_942014392_T1we4tTgpxr5voR3y8ZIdia1wU9Ot1fj.uasset" 1829
"C:/Program Files/Epic Games/Unreal Projects/Sacrilege/Content/Core/Shields/T_1000_F_942014392_T1we4tTgpxr5voR3y8ZIdia1wU9Ot1fj.uexp" 1830
"C:/Program Files/Epic Games/Unreal Projects/Sacrilege/Content/Core/Shields/M_ShieldRing.uasset" 1831
"C:/Program Files/Epic Games/Unreal Projects/Sacrilege/Content/Core/Shields/M_ShieldRing.uexp" 1832
"C:/Program Files/Epic Games/Unreal Projects/Sacrilege/Content/Core/Shields/SM_ShieldRingMesh.ubulk" 1833
"C:/Program Files/Epic Games/Unreal Projects/Sacrilege/Content/Core/Shields/SM_ShieldRingMesh.uasset" 1834
"C:/Program Files/Epic Games/Unreal Projects/Sacrilege/Content/Core/Shields/SM_ShieldRingMesh.uexp" 1835
"C:/Program Files/Epic Games/Unreal Projects/Sacrilege/Content/Core/Shields/NS_ShieldRegen.uasset" 1836
"C:/Program Files/Epic Games/Unreal Projects/Sacrilege/Content/Core/Shields/NS_ShieldRegen.uexp" 1837
"C:/Program Files/Epic Games/Unreal Projects/Sacrilege/Content/Sounds/Shields/S_Shield_Full_01.ubulk" 1838
"C:/Program Files/Epic Games/Unreal Projects/Sacrilege/Content/Sounds/Shields/S_Shield_Full_01.uasset" 1839
"C:/Program Files/Epic Games/Unreal Projects/Sacrilege/Content/Sounds/Shields/S_Shield_Full_01.uexp" 1840
"C:/Program Files/Epic Games/Unreal Projects/Sacrilege/Content/Sounds/Shields/S_Shield_StartRegen_01.ubulk" 1841
"C:/Program Files/Epic Games/Unreal Projects/Sacrilege/Content/Sounds/Shields/S_Shield_StartRegen_01.uasset" 1842
"C:/Program Files/Epic Games/Unreal Projects/Sacrilege/Content/Sounds/Shields/S_Shield_StartRegen_01.uexp" 1843
"C:/Program Files/Epic Games/Unreal Projects/Sacrilege/Content/Landscape/PFX/NS_EnvSmoke.uasset" 1844
"C:/Program Files/Epic Games/Unreal Projects/Sacrilege/Content/Landscape/PFX/NS_EnvSmoke.uexp" 1845
"C:/Program Files/Epic Games/Unreal Projects/Sacrilege/Content/Core/BP_SensitivityModifier.uasset" 1846
"C:/Program Files/Epic Games/Unreal Projects/Sacrilege/Content/Core/BP_SensitivityModifier.uexp" 1847
"C:/Program Files/Epic Games/Unreal Projects/Sacrilege/Content/Core/Input/Input/Generic/IA_LC_LookDelta.uasset" 1848
"C:/Program Files/Epic Games/Unreal Projects/Sacrilege/Content/Core/Input/Input/Generic/IA_LC_LookDelta.uexp" 1849
"C:/Program Files/Epic Games/Unreal Projects/Sacrilege/Content/Core/Input/Input/Generic/IA_LC_Look.uasset" 1850
"C:/Program Files/Epic Games/Unreal Projects/Sacrilege/Content/Core/Input/Input/Generic/IA_LC_Look.uexp" 1851
"C:/Program Files/Epic Games/Unreal Projects/Sacrilege/Content/Core/Input/Input/Generic/IM_LC_InputMapping.uasset" 1852
"C:/Program Files/Epic Games/Unreal Projects/Sacrilege/Content/Core/Input/Input/Generic/IM_LC_InputMapping.uexp" 1853
"C:/Program Files/Epic Games/Unreal Projects/Sacrilege/Content/Core/Input/Input/Vehicle/IA_VH_Exit.uasset" 1854
"C:/Program Files/Epic Games/Unreal Projects/Sacrilege/Content/Core/Input/Input/Vehicle/IA_VH_Exit.uexp" 1855
"C:/Program Files/Epic Games/Unreal Projects/Sacrilege/Content/Core/Input/Input/Vehicle/IA_VH_Altitude.uasset" 1856
"C:/Program Files/Epic Games/Unreal Projects/Sacrilege/Content/Core/Input/Input/Vehicle/IA_VH_Altitude.uexp" 1857
"C:/Program Files/Epic Games/Unreal Projects/Sacrilege/Content/Core/Input/Input/Vehicle/IA_VH_Brake.uasset" 1858
"C:/Program Files/Epic Games/Unreal Projects/Sacrilege/Content/Core/Input/Input/Vehicle/IA_VH_Brake.uexp" 1859
"C:/Program Files/Epic Games/Unreal Projects/Sacrilege/Content/Core/Input/Input/Vehicle/IA_VH_Handbrake.uasset" 1860
"C:/Program Files/Epic Games/Unreal Projects/Sacrilege/Content/Core/Input/Input/Vehicle/IA_VH_Handbrake.uexp" 1861
"C:/Program Files/Epic Games/Unreal Projects/Sacrilege/Content/Core/Input/Input/Vehicle/IA_VH_Steering.uasset" 1862
"C:/Program Files/Epic Games/Unreal Projects/Sacrilege/Content/Core/Input/Input/Vehicle/IA_VH_Steering.uexp" 1863
"C:/Program Files/Epic Games/Unreal Projects/Sacrilege/Content/Core/Input/Input/Vehicle/IA_VH_Throttle.uasset" 1864
"C:/Program Files/Epic Games/Unreal Projects/Sacrilege/Content/Core/Input/Input/Vehicle/IA_VH_Throttle.uexp" 1865
"C:/Program Files/Epic Games/Unreal Projects/Sacrilege/Content/Core/Input/Input/Vehicle/SteeringInputCurve.uasset" 1866
"C:/Program Files/Epic Games/Unreal Projects/Sacrilege/Content/Core/Input/Input/Vehicle/SteeringInputCurve.uexp" 1867
"C:/Program Files/Epic Games/Unreal Projects/Sacrilege/Content/Core/Input/Input/Vehicle/IMC_VH_InputMapping.uasset" 1868
"C:/Program Files/Epic Games/Unreal Projects/Sacrilege/Content/Core/Input/Input/Vehicle/IMC_VH_InputMapping.uexp" 1869
"C:/Program Files/Epic Games/Unreal Projects/Sacrilege/Content/AI/BTService_SetFocus.uasset" 1870
"C:/Program Files/Epic Games/Unreal Projects/Sacrilege/Content/AI/BTService_SetFocus.uexp" 1871
"C:/Program Files/Epic Games/Unreal Projects/Sacrilege/Content/AI/BTTask_SetRandomPoint.uasset" 1872
"C:/Program Files/Epic Games/Unreal Projects/Sacrilege/Content/AI/BTTask_SetRandomPoint.uexp" 1873
"C:/Program Files/Epic Games/Unreal Projects/Sacrilege/Content/AI/BTService_CheckLastMovement.uasset" 1874
"C:/Program Files/Epic Games/Unreal Projects/Sacrilege/Content/AI/BTService_CheckLastMovement.uexp" 1875
"C:/Program Files/Epic Games/Unreal Projects/Sacrilege/Content/AI/BTService_VehicleFire.uasset" 1876
"C:/Program Files/Epic Games/Unreal Projects/Sacrilege/Content/AI/BTService_VehicleFire.uexp" 1877
"C:/Program Files/Epic Games/Unreal Projects/Sacrilege/Content/AI/BTTask_RandomControlRotation.uasset" 1878
"C:/Program Files/Epic Games/Unreal Projects/Sacrilege/Content/AI/BTTask_RandomControlRotation.uexp" 1879
"C:/Program Files/Epic Games/Unreal Projects/Sacrilege/Content/AI/BT_Turret1.uasset" 1880
"C:/Program Files/Epic Games/Unreal Projects/Sacrilege/Content/AI/BT_Turret1.uexp" 1881
"C:/Program Files/Epic Games/Unreal Projects/Sacrilege/Content/AI/BP_VehicleAIController.uasset" 1882
"C:/Program Files/Epic Games/Unreal Projects/Sacrilege/Content/AI/BP_VehicleAIController.uexp" 1883
"C:/Program Files/Epic Games/Unreal Projects/Sacrilege/Content/AI/BTTask_PopSmartObject.uasset" 1884
"C:/Program Files/Epic Games/Unreal Projects/Sacrilege/Content/AI/BTTask_PopSmartObject.uexp" 1885
"C:/Program Files/Epic Games/Unreal Projects/Sacrilege/Content/AI/BT_PickupCharacter.uasset" 1886
"C:/Program Files/Epic Games/Unreal Projects/Sacrilege/Content/AI/BT_PickupCharacter.uexp" 1887
"C:/Program Files/Epic Games/Unreal Projects/Sacrilege/Content/AI/AIScript_PickupCharacter.uasset" 1888
"C:/Program Files/Epic Games/Unreal Projects/Sacrilege/Content/AI/AIScript_PickupCharacter.uexp" 1889
"C:/Program Files/Epic Games/Unreal Projects/Sacrilege/Content/Sounds/Foley/S_CarImpact00.ubulk" 1890
"C:/Program Files/Epic Games/Unreal Projects/Sacrilege/Content/Sounds/Foley/S_CarImpact00.uasset" 1891
"C:/Program Files/Epic Games/Unreal Projects/Sacrilege/Content/Sounds/Foley/S_CarImpact00.uexp" 1892
"C:/Program Files/Epic Games/Unreal Projects/Sacrilege/Content/Sounds/Foley/S_CarImpact01.ubulk" 1893
"C:/Program Files/Epic Games/Unreal Projects/Sacrilege/Content/Sounds/Foley/S_CarImpact01.uasset" 1894
"C:/Program Files/Epic Games/Unreal Projects/Sacrilege/Content/Sounds/Foley/S_CarImpact01.uexp" 1895
"C:/Program Files/Epic Games/Unreal Projects/Sacrilege/Content/Sounds/MS_MetalImpact.uasset" 1896
"C:/Program Files/Epic Games/Unreal Projects/Sacrilege/Content/Sounds/MS_MetalImpact.uexp" 1897
"C:/Program Files/Epic Games/Unreal Projects/Sacrilege/Content/Objects/Vehicles/BP_VehicleBase.uasset" 1898
"C:/Program Files/Epic Games/Unreal Projects/Sacrilege/Content/Objects/Vehicles/BP_VehicleBase.uexp" 1899
"../../../Engine/Content/VREditor/Sounds/UI/Camera_Shutter.ubulk" 1900
"../../../Engine/Content/VREditor/Sounds/UI/Camera_Shutter.uasset" 1901
"../../../Engine/Content/VREditor/Sounds/UI/Camera_Shutter.uexp" 1902
"C:/Program Files/Epic Games/Unreal Projects/Sacrilege/Content/UI/WBP_Ping.uasset" 1903
"C:/Program Files/Epic Games/Unreal Projects/Sacrilege/Content/UI/WBP_Ping.uexp" 1904
"C:/Program Files/Epic Games/Unreal Projects/Sacrilege/Content/Core/BP_Ping.uasset" 1905
"C:/Program Files/Epic Games/Unreal Projects/Sacrilege/Content/Core/BP_Ping.uexp" 1906
"../../../Engine/Content/EditorMaterials/Anchor.uasset" 1907
"../../../Engine/Content/EditorMaterials/Anchor.uexp" 1908
"../../../Engine/Content/EditorResources/Ai_Spawnpoint.ubulk" 1909
"../../../Engine/Content/EditorResources/Ai_Spawnpoint.uasset" 1910
"../../../Engine/Content/EditorResources/Ai_Spawnpoint.uexp" 1911
"../../../Engine/Content/EditorResources/Bad.ubulk" 1912
"../../../Engine/Content/EditorResources/Bad.uasset" 1913
"../../../Engine/Content/EditorResources/Bad.uexp" 1914
"../../../Engine/Content/EditorResources/BadBlueprintSprite.ubulk" 1915
"../../../Engine/Content/EditorResources/BadBlueprintSprite.uasset" 1916
"../../../Engine/Content/EditorResources/BadBlueprintSprite.uexp" 1917
"../../../Engine/Content/EngineMaterials/BlendFunc_DefBlend.uasset" 1918
"../../../Engine/Content/EngineMaterials/BlendFunc_DefBlend.uexp" 1919
"../../../Engine/Content/EngineResources/AICON-Red.uasset" 1920
"../../../Engine/Content/EngineResources/AICON-Red.uexp" 1921
"../../../Engine/Plugins/Runtime/AudioWidgets/Content/AudioFader/AudioFader_Normal.uasset" 1922
"../../../Engine/Plugins/Runtime/AudioWidgets/Content/AudioFader/AudioFader_Normal.uexp" 1923
"../../../Engine/Content/EngineResources/Cursors/Arrow.uasset" 1924
"../../../Engine/Content/EngineResources/Cursors/Arrow.uexp" 1925
"../../../Engine/Content/MobileResources/HUD/AnalogHat.uasset" 1926
"../../../Engine/Content/MobileResources/HUD/AnalogHat.uexp" 1927
"../../../Engine/Content/Tutorial/Mobile/TutorialAssets/android_Icon.uasset" 1928
"../../../Engine/Content/Tutorial/Mobile/TutorialAssets/android_Icon.uexp" 1929
"C:/Program Files/Epic Games/Unreal Projects/Sacrilege/Content/Core/BP_SpectateManager.uasset" 1930
"C:/Program Files/Epic Games/Unreal Projects/Sacrilege/Content/Core/BP_SpectateManager.uexp" 1931
"C:/Program Files/Epic Games/Unreal Projects/Sacrilege/Content/UI/Icons/T_ButtonLeft.uasset" 1932
"C:/Program Files/Epic Games/Unreal Projects/Sacrilege/Content/UI/Icons/T_ButtonLeft.uexp" 1933
"C:/Program Files/Epic Games/Unreal Projects/Sacrilege/Content/UI/Icons/T_ButtonMiddle.uasset" 1934
"C:/Program Files/Epic Games/Unreal Projects/Sacrilege/Content/UI/Icons/T_ButtonMiddle.uexp" 1935
"C:/Program Files/Epic Games/Unreal Projects/Sacrilege/Content/UI/Icons/T_ButtonRight.uasset" 1936
"C:/Program Files/Epic Games/Unreal Projects/Sacrilege/Content/UI/Icons/T_ButtonRight.uexp" 1937
"C:/Program Files/Epic Games/Unreal Projects/Sacrilege/Content/UI/WBP_BackgroundSlot.uasset" 1938
"C:/Program Files/Epic Games/Unreal Projects/Sacrilege/Content/UI/WBP_BackgroundSlot.uexp" 1939
"C:/Program Files/Epic Games/Unreal Projects/Sacrilege/Content/Core/Input/Actions/IA_Crouch.uasset" 1940
"C:/Program Files/Epic Games/Unreal Projects/Sacrilege/Content/Core/Input/Actions/IA_Crouch.uexp" 1941
"C:/Program Files/Epic Games/Unreal Projects/Sacrilege/Content/UI/Icons/T_KeyboardKeyIcon.ubulk" 1942
"C:/Program Files/Epic Games/Unreal Projects/Sacrilege/Content/UI/Icons/T_KeyboardKeyIcon.uasset" 1943
"C:/Program Files/Epic Games/Unreal Projects/Sacrilege/Content/UI/Icons/T_KeyboardKeyIcon.uexp" 1944
"C:/Program Files/Epic Games/Unreal Projects/Sacrilege/Content/UI/WBP_KeybindHint.uasset" 1945
"C:/Program Files/Epic Games/Unreal Projects/Sacrilege/Content/UI/WBP_KeybindHint.uexp" 1946
"C:/Program Files/Epic Games/Unreal Projects/Sacrilege/Content/Core/Input/Actions/Spectator/IA_OpenLoadoutMenu.uasset" 1947
"C:/Program Files/Epic Games/Unreal Projects/Sacrilege/Content/Core/Input/Actions/Spectator/IA_OpenLoadoutMenu.uexp" 1948
"C:/Program Files/Epic Games/Unreal Projects/Sacrilege/Content/Core/Input/Actions/Spectator/IA_SwitchPerspective.uasset" 1949
"C:/Program Files/Epic Games/Unreal Projects/Sacrilege/Content/Core/Input/Actions/Spectator/IA_SwitchPerspective.uexp" 1950
"C:/Program Files/Epic Games/Unreal Projects/Sacrilege/Content/Core/Input/Actions/Spectator/IA_SwitchSpectatorMode.uasset" 1951
"C:/Program Files/Epic Games/Unreal Projects/Sacrilege/Content/Core/Input/Actions/Spectator/IA_SwitchSpectatorMode.uexp" 1952
"C:/Program Files/Epic Games/Unreal Projects/Sacrilege/Content/UI/WBP_RespawnHUD.uasset" 1953
"C:/Program Files/Epic Games/Unreal Projects/Sacrilege/Content/UI/WBP_RespawnHUD.uexp" 1954
"C:/Program Files/Epic Games/Unreal Projects/Sacrilege/Content/Core/Input/Actions/IA_Move.uasset" 1955
"C:/Program Files/Epic Games/Unreal Projects/Sacrilege/Content/Core/Input/Actions/IA_Move.uexp" 1956
"C:/Program Files/Epic Games/Unreal Projects/Sacrilege/Content/Core/Input/Actions/Spectator/IA_CycleView.uasset" 1957
"C:/Program Files/Epic Games/Unreal Projects/Sacrilege/Content/Core/Input/Actions/Spectator/IA_CycleView.uexp" 1958
"C:/Program Files/Epic Games/Unreal Projects/Sacrilege/Content/Core/Input/IMC_Spectator.uasset" 1959
"C:/Program Files/Epic Games/Unreal Projects/Sacrilege/Content/Core/Input/IMC_Spectator.uexp" 1960
"C:/Program Files/Epic Games/Unreal Projects/Sacrilege/Content/Core/Characters/BP_HaloSpectatorPawn.uasset" 1961
"C:/Program Files/Epic Games/Unreal Projects/Sacrilege/Content/Core/Characters/BP_HaloSpectatorPawn.uexp" 1962
"C:/Program Files/Epic Games/Unreal Projects/Sacrilege/Content/LS_FadeIn.uasset" 1963
"C:/Program Files/Epic Games/Unreal Projects/Sacrilege/Content/LS_FadeIn.uexp" 1964
"C:/Program Files/Epic Games/Unreal Projects/Sacrilege/Content/EditorTools/T_Thumbnail_BP_BattleRifle1.uasset" 1965
"C:/Program Files/Epic Games/Unreal Projects/Sacrilege/Content/EditorTools/T_Thumbnail_BP_BattleRifle1.uexp" 1966
"C:/Program Files/Epic Games/Unreal Projects/Sacrilege/Content/Objects/Weapons/BattleRifle/BR_PhysicsAsset.uasset" 1967
"C:/Program Files/Epic Games/Unreal Projects/Sacrilege/Content/Objects/Weapons/BattleRifle/BR_PhysicsAsset.uexp" 1968
"C:/Program Files/Epic Games/Unreal Projects/Sacrilege/Content/Objects/Weapons/BattleRifle/BR_Skeleton.uasset" 1969
"C:/Program Files/Epic Games/Unreal Projects/Sacrilege/Content/Objects/Weapons/BattleRifle/BR_Skeleton.uexp" 1970
"C:/Program Files/Epic Games/Unreal Projects/Sacrilege/Content/Objects/Weapons/BattleRifle/T_DefaultMaterial_albedo.ubulk" 1971
"C:/Program Files/Epic Games/Unreal Projects/Sacrilege/Content/Objects/Weapons/BattleRifle/T_DefaultMaterial_albedo.uasset" 1972
"C:/Program Files/Epic Games/Unreal Projects/Sacrilege/Content/Objects/Weapons/BattleRifle/T_DefaultMaterial_albedo.uexp" 1973
"C:/Program Files/Epic Games/Unreal Projects/Sacrilege/Content/Objects/Weapons/BattleRifle/T_DefaultMaterial_AO.ubulk" 1974
"C:/Program Files/Epic Games/Unreal Projects/Sacrilege/Content/Objects/Weapons/BattleRifle/T_DefaultMaterial_AO.uasset" 1975
"C:/Program Files/Epic Games/Unreal Projects/Sacrilege/Content/Objects/Weapons/BattleRifle/T_DefaultMaterial_AO.uexp" 1976
"C:/Program Files/Epic Games/Unreal Projects/Sacrilege/Content/Objects/Weapons/BattleRifle/T_DefaultMaterial_metallic.ubulk" 1977
"C:/Program Files/Epic Games/Unreal Projects/Sacrilege/Content/Objects/Weapons/BattleRifle/T_DefaultMaterial_metallic.uasset" 1978
"C:/Program Files/Epic Games/Unreal Projects/Sacrilege/Content/Objects/Weapons/BattleRifle/T_DefaultMaterial_metallic.uexp" 1979
"C:/Program Files/Epic Games/Unreal Projects/Sacrilege/Content/Objects/Weapons/BattleRifle/T_DefaultMaterial_normal.ubulk" 1980
"C:/Program Files/Epic Games/Unreal Projects/Sacrilege/Content/Objects/Weapons/BattleRifle/T_DefaultMaterial_normal.uasset" 1981
"C:/Program Files/Epic Games/Unreal Projects/Sacrilege/Content/Objects/Weapons/BattleRifle/T_DefaultMaterial_normal.uexp" 1982
"C:/Program Files/Epic Games/Unreal Projects/Sacrilege/Content/Objects/Weapons/BattleRifle/T_DefaultMaterial_roughness.ubulk" 1983
"C:/Program Files/Epic Games/Unreal Projects/Sacrilege/Content/Objects/Weapons/BattleRifle/T_DefaultMaterial_roughness.uasset" 1984
"C:/Program Files/Epic Games/Unreal Projects/Sacrilege/Content/Objects/Weapons/BattleRifle/T_DefaultMaterial_roughness.uexp" 1985
"C:/Program Files/Epic Games/Unreal Projects/Sacrilege/Content/Objects/Weapons/BattleRifle/M_BattleRifle.uasset" 1986
"C:/Program Files/Epic Games/Unreal Projects/Sacrilege/Content/Objects/Weapons/BattleRifle/M_BattleRifle.uexp" 1987
"C:/Program Files/Epic Games/Unreal Projects/Sacrilege/Content/Objects/Weapons/BattleRifle/BR.uasset" 1988
"C:/Program Files/Epic Games/Unreal Projects/Sacrilege/Content/Objects/Weapons/BattleRifle/BR.uexp" 1989
"C:/Program Files/Epic Games/Unreal Projects/Sacrilege/Content/Objects/Projectiles/BulletInfos/BP_BRBulletInfo.uasset" 1990
"C:/Program Files/Epic Games/Unreal Projects/Sacrilege/Content/Objects/Projectiles/BulletInfos/BP_BRBulletInfo.uexp" 1991
"C:/Program Files/Epic Games/Unreal Projects/Sacrilege/Content/Sounds/DrawSounds/S_DrawGun_03.ubulk" 1992
"C:/Program Files/Epic Games/Unreal Projects/Sacrilege/Content/Sounds/DrawSounds/S_DrawGun_03.uasset" 1993
"C:/Program Files/Epic Games/Unreal Projects/Sacrilege/Content/Sounds/DrawSounds/S_DrawGun_03.uexp" 1994
"C:/Program Files/Epic Games/Unreal Projects/Sacrilege/Content/Objects/Weapons/BattleRifle/S_Gunshot_06.ubulk" 1995
"C:/Program Files/Epic Games/Unreal Projects/Sacrilege/Content/Objects/Weapons/BattleRifle/S_Gunshot_06.uasset" 1996
"C:/Program Files/Epic Games/Unreal Projects/Sacrilege/Content/Objects/Weapons/BattleRifle/S_Gunshot_06.uexp" 1997
"C:/Program Files/Epic Games/Unreal Projects/Sacrilege/Content/Objects/Weapons/BattleRifle/MS_BattleRifle_Fire.uasset" 1998
"C:/Program Files/Epic Games/Unreal Projects/Sacrilege/Content/Objects/Weapons/BattleRifle/MS_BattleRifle_Fire.uexp" 1999
"C:/Program Files/Epic Games/Unreal Projects/Sacrilege/Content/Objects/Weapons/BattleRifle/BP_BattleRifle.uasset" 2000
"C:/Program Files/Epic Games/Unreal Projects/Sacrilege/Content/Objects/Weapons/BattleRifle/BP_BattleRifle.uexp" 2001
"C:/Program Files/Epic Games/Unreal Projects/Sacrilege/Content/EditorTools/T_Thumbnail_BP_SMG.uasset" 2002
"C:/Program Files/Epic Games/Unreal Projects/Sacrilege/Content/EditorTools/T_Thumbnail_BP_SMG.uexp" 2003
"C:/Program Files/Epic Games/Unreal Projects/Sacrilege/Content/Characters/FPArms/Anims/Hands_anims_pistol_draw.uasset" 2004
"C:/Program Files/Epic Games/Unreal Projects/Sacrilege/Content/Characters/FPArms/Anims/Hands_anims_pistol_draw.uexp" 2005
"C:/Program Files/Epic Games/Unreal Projects/Sacrilege/Content/Characters/FPArms/Anims/AM_Hands_Pistol_Draw.uasset" 2006
"C:/Program Files/Epic Games/Unreal Projects/Sacrilege/Content/Characters/FPArms/Anims/AM_Hands_Pistol_Draw.uexp" 2007
"C:/Program Files/Epic Games/Unreal Projects/Sacrilege/Content/Characters/FPArms/Anims/Hands_anims_pistol_holster.uasset" 2008
"C:/Program Files/Epic Games/Unreal Projects/Sacrilege/Content/Characters/FPArms/Anims/Hands_anims_pistol_holster.uexp" 2009
"C:/Program Files/Epic Games/Unreal Projects/Sacrilege/Content/Characters/FPArms/Anims/AM_Hands_Pistol_Holster.uasset" 2010
"C:/Program Files/Epic Games/Unreal Projects/Sacrilege/Content/Characters/FPArms/Anims/AM_Hands_Pistol_Holster.uexp" 2011
"C:/Program Files/Epic Games/Unreal Projects/Sacrilege/Content/Objects/Weapons/SMG/T_SMG_Diffuse.ubulk" 2012
"C:/Program Files/Epic Games/Unreal Projects/Sacrilege/Content/Objects/Weapons/SMG/T_SMG_Diffuse.uasset" 2013
"C:/Program Files/Epic Games/Unreal Projects/Sacrilege/Content/Objects/Weapons/SMG/T_SMG_Diffuse.uexp" 2014
"C:/Program Files/Epic Games/Unreal Projects/Sacrilege/Content/Objects/Weapons/SMG/T_SMG_Metallic.ubulk" 2015
"C:/Program Files/Epic Games/Unreal Projects/Sacrilege/Content/Objects/Weapons/SMG/T_SMG_Metallic.uasset" 2016
"C:/Program Files/Epic Games/Unreal Projects/Sacrilege/Content/Objects/Weapons/SMG/T_SMG_Metallic.uexp" 2017
"C:/Program Files/Epic Games/Unreal Projects/Sacrilege/Content/Objects/Weapons/SMG/T_SMG_Normal.ubulk" 2018
"C:/Program Files/Epic Games/Unreal Projects/Sacrilege/Content/Objects/Weapons/SMG/T_SMG_Normal.uasset" 2019
"C:/Program Files/Epic Games/Unreal Projects/Sacrilege/Content/Objects/Weapons/SMG/T_SMG_Normal.uexp" 2020
"C:/Program Files/Epic Games/Unreal Projects/Sacrilege/Content/Objects/Weapons/SMG/T_SMG_Roughness.ubulk" 2021
"C:/Program Files/Epic Games/Unreal Projects/Sacrilege/Content/Objects/Weapons/SMG/T_SMG_Roughness.uasset" 2022
"C:/Program Files/Epic Games/Unreal Projects/Sacrilege/Content/Objects/Weapons/SMG/T_SMG_Roughness.uexp" 2023
"C:/Program Files/Epic Games/Unreal Projects/Sacrilege/Content/Objects/Weapons/SMG/M_SMG_Body.uasset" 2024
"C:/Program Files/Epic Games/Unreal Projects/Sacrilege/Content/Objects/Weapons/SMG/M_SMG_Body.uexp" 2025
"C:/Program Files/Epic Games/Unreal Projects/Sacrilege/Content/Objects/Weapons/SMG/SMG_PhysicsAsset.uasset" 2026
"C:/Program Files/Epic Games/Unreal Projects/Sacrilege/Content/Objects/Weapons/SMG/SMG_PhysicsAsset.uexp" 2027
"C:/Program Files/Epic Games/Unreal Projects/Sacrilege/Content/Objects/Weapons/SMG/SMG_Skeleton.uasset" 2028
"C:/Program Files/Epic Games/Unreal Projects/Sacrilege/Content/Objects/Weapons/SMG/SMG_Skeleton.uexp" 2029
"C:/Program Files/Epic Games/Unreal Projects/Sacrilege/Content/Objects/Weapons/SMG/SMG.uasset" 2030
"C:/Program Files/Epic Games/Unreal Projects/Sacrilege/Content/Objects/Weapons/SMG/SMG.uexp" 2031
"C:/Program Files/Epic Games/Unreal Projects/Sacrilege/Content/Objects/Weapons/SMG/NS_SMGFire.uasset" 2032
"C:/Program Files/Epic Games/Unreal Projects/Sacrilege/Content/Objects/Weapons/SMG/NS_SMGFire.uexp" 2033
"C:/Program Files/Epic Games/Unreal Projects/Sacrilege/Content/Objects/Projectiles/BulletInfos/BP_SMGBulletInfo.uasset" 2034
"C:/Program Files/Epic Games/Unreal Projects/Sacrilege/Content/Objects/Projectiles/BulletInfos/BP_SMGBulletInfo.uexp" 2035
"C:/Program Files/Epic Games/Unreal Projects/Sacrilege/Content/UI/Icons/Crosshairs/T_SMGCrosshair.ubulk" 2036
"C:/Program Files/Epic Games/Unreal Projects/Sacrilege/Content/UI/Icons/Crosshairs/T_SMGCrosshair.uasset" 2037
"C:/Program Files/Epic Games/Unreal Projects/Sacrilege/Content/UI/Icons/Crosshairs/T_SMGCrosshair.uexp" 2038
"C:/Program Files/Epic Games/Unreal Projects/Sacrilege/Content/Objects/Weapons/SMG/gun_submachine_auto_shot_00_automatic_preview_01.ubulk" 2039
"C:/Program Files/Epic Games/Unreal Projects/Sacrilege/Content/Objects/Weapons/SMG/gun_submachine_auto_shot_00_automatic_preview_01.uasset" 2040
"C:/Program Files/Epic Games/Unreal Projects/Sacrilege/Content/Objects/Weapons/SMG/gun_submachine_auto_shot_00_automatic_preview_01.uexp" 2041
"C:/Program Files/Epic Games/Unreal Projects/Sacrilege/Content/Objects/Weapons/SMG/MS_SMG_Fire.uasset" 2042
"C:/Program Files/Epic Games/Unreal Projects/Sacrilege/Content/Objects/Weapons/SMG/MS_SMG_Fire.uexp" 2043
"C:/Program Files/Epic Games/Unreal Projects/Sacrilege/Content/Objects/Weapons/SMG/BP_SMG.uasset" 2044
"C:/Program Files/Epic Games/Unreal Projects/Sacrilege/Content/Objects/Weapons/SMG/BP_SMG.uexp" 2045
"C:/Program Files/Epic Games/Unreal Projects/Sacrilege/Content/EditorTools/T_Thumbnail_BP_Sidekick1.uasset" 2046
"C:/Program Files/Epic Games/Unreal Projects/Sacrilege/Content/EditorTools/T_Thumbnail_BP_Sidekick1.uexp" 2047
"C:/Program Files/Epic Games/Unreal Projects/Sacrilege/Content/Objects/Weapons/Glock/Glock_Physics.uasset" 2048
"C:/Program Files/Epic Games/Unreal Projects/Sacrilege/Content/Objects/Weapons/Glock/Glock_Physics.uexp" 2049
"C:/Program Files/Epic Games/Unreal Projects/Sacrilege/Content/Objects/Weapons/Glock/Glock_Skeleton.uasset" 2050
"C:/Program Files/Epic Games/Unreal Projects/Sacrilege/Content/Objects/Weapons/Glock/Glock_Skeleton.uexp" 2051
"C:/Program Files/Epic Games/Unreal Projects/Sacrilege/Content/Objects/Weapons/Glock/Glock.uasset" 2052
"C:/Program Files/Epic Games/Unreal Projects/Sacrilege/Content/Objects/Weapons/Glock/Glock.uexp" 2053
"C:/Program Files/Epic Games/Unreal Projects/Sacrilege/Content/Objects/Weapons/Glock/S_Gunshot_05.ubulk" 2054
"C:/Program Files/Epic Games/Unreal Projects/Sacrilege/Content/Objects/Weapons/Glock/S_Gunshot_05.uasset" 2055
"C:/Program Files/Epic Games/Unreal Projects/Sacrilege/Content/Objects/Weapons/Glock/S_Gunshot_05.uexp" 2056
"C:/Program Files/Epic Games/Unreal Projects/Sacrilege/Content/Objects/Weapons/Glock/BP_Sidekick.uasset" 2057
"C:/Program Files/Epic Games/Unreal Projects/Sacrilege/Content/Objects/Weapons/Glock/BP_Sidekick.uexp" 2058
"C:/Program Files/Epic Games/Unreal Projects/Sacrilege/Content/EditorTools/T_Thumbnail_BP_Shotgun04.uasset" 2059
"C:/Program Files/Epic Games/Unreal Projects/Sacrilege/Content/EditorTools/T_Thumbnail_BP_Shotgun04.uexp" 2060
"C:/Program Files/Epic Games/Unreal Projects/Sacrilege/Content/UI/Icons/T_ShotgunCrosshair.uasset" 2061
"C:/Program Files/Epic Games/Unreal Projects/Sacrilege/Content/UI/Icons/T_ShotgunCrosshair.uexp" 2062
"C:/Program Files/Epic Games/Unreal Projects/Sacrilege/Content/Objects/Weapons/Shotgun/T_Shotgun_Diffuse.ubulk" 2063
"C:/Program Files/Epic Games/Unreal Projects/Sacrilege/Content/Objects/Weapons/Shotgun/T_Shotgun_Diffuse.uasset" 2064
"C:/Program Files/Epic Games/Unreal Projects/Sacrilege/Content/Objects/Weapons/Shotgun/T_Shotgun_Diffuse.uexp" 2065
"C:/Program Files/Epic Games/Unreal Projects/Sacrilege/Content/Objects/Weapons/Shotgun/T_Shotgun_Emissive.ubulk" 2066
"C:/Program Files/Epic Games/Unreal Projects/Sacrilege/Content/Objects/Weapons/Shotgun/T_Shotgun_Emissive.uasset" 2067
"C:/Program Files/Epic Games/Unreal Projects/Sacrilege/Content/Objects/Weapons/Shotgun/T_Shotgun_Emissive.uexp" 2068
"C:/Program Files/Epic Games/Unreal Projects/Sacrilege/Content/Objects/Weapons/Shotgun/T_Shotgun_Metallic.ubulk" 2069
"C:/Program Files/Epic Games/Unreal Projects/Sacrilege/Content/Objects/Weapons/Shotgun/T_Shotgun_Metallic.uasset" 2070
"C:/Program Files/Epic Games/Unreal Projects/Sacrilege/Content/Objects/Weapons/Shotgun/T_Shotgun_Metallic.uexp" 2071
"C:/Program Files/Epic Games/Unreal Projects/Sacrilege/Content/Objects/Weapons/Shotgun/T_Shotgun_Normal.ubulk" 2072
"C:/Program Files/Epic Games/Unreal Projects/Sacrilege/Content/Objects/Weapons/Shotgun/T_Shotgun_Normal.uasset" 2073
"C:/Program Files/Epic Games/Unreal Projects/Sacrilege/Content/Objects/Weapons/Shotgun/T_Shotgun_Normal.uexp" 2074
"C:/Program Files/Epic Games/Unreal Projects/Sacrilege/Content/Objects/Weapons/Shotgun/T_Shotgun_Roughness.ubulk" 2075
"C:/Program Files/Epic Games/Unreal Projects/Sacrilege/Content/Objects/Weapons/Shotgun/T_Shotgun_Roughness.uasset" 2076
"C:/Program Files/Epic Games/Unreal Projects/Sacrilege/Content/Objects/Weapons/Shotgun/T_Shotgun_Roughness.uexp" 2077
"C:/Program Files/Epic Games/Unreal Projects/Sacrilege/Content/Objects/Weapons/Shotgun/M_Shotgun.uasset" 2078
"C:/Program Files/Epic Games/Unreal Projects/Sacrilege/Content/Objects/Weapons/Shotgun/M_Shotgun.uexp" 2079
"C:/Program Files/Epic Games/Unreal Projects/Sacrilege/Content/Objects/Weapons/Shotgun/Shotgun_PhysicsAsset.uasset" 2080
"C:/Program Files/Epic Games/Unreal Projects/Sacrilege/Content/Objects/Weapons/Shotgun/Shotgun_PhysicsAsset.uexp" 2081
"C:/Program Files/Epic Games/Unreal Projects/Sacrilege/Content/Objects/Weapons/Shotgun/Shotgun_Skeleton.uasset" 2082
"C:/Program Files/Epic Games/Unreal Projects/Sacrilege/Content/Objects/Weapons/Shotgun/Shotgun_Skeleton.uexp" 2083
"C:/Program Files/Epic Games/Unreal Projects/Sacrilege/Content/Objects/Weapons/Shotgun/Shotgun.uasset" 2084
"C:/Program Files/Epic Games/Unreal Projects/Sacrilege/Content/Objects/Weapons/Shotgun/Shotgun.uexp" 2085
"C:/Program Files/Epic Games/Unreal Projects/Sacrilege/Content/Objects/Weapons/Shotgun/Shotgun_Pump00.ubulk" 2086
"C:/Program Files/Epic Games/Unreal Projects/Sacrilege/Content/Objects/Weapons/Shotgun/Shotgun_Pump00.uasset" 2087
"C:/Program Files/Epic Games/Unreal Projects/Sacrilege/Content/Objects/Weapons/Shotgun/Shotgun_Pump00.uexp" 2088
"C:/Program Files/Epic Games/Unreal Projects/Sacrilege/Content/Objects/Weapons/SniperRifle/NS_SniperFire.uasset" 2089
"C:/Program Files/Epic Games/Unreal Projects/Sacrilege/Content/Objects/Weapons/SniperRifle/NS_SniperFire.uexp" 2090
"C:/Program Files/Epic Games/Unreal Projects/Sacrilege/Content/Objects/Projectiles/BulletInfos/BP_ShotgunBulletInfo.uasset" 2091
"C:/Program Files/Epic Games/Unreal Projects/Sacrilege/Content/Objects/Projectiles/BulletInfos/BP_ShotgunBulletInfo.uexp" 2092
"C:/Program Files/Epic Games/Unreal Projects/Sacrilege/Content/Objects/Weapons/Shotgun/S_Gunshot_07.ubulk" 2093
"C:/Program Files/Epic Games/Unreal Projects/Sacrilege/Content/Objects/Weapons/Shotgun/S_Gunshot_07.uasset" 2094
"C:/Program Files/Epic Games/Unreal Projects/Sacrilege/Content/Objects/Weapons/Shotgun/S_Gunshot_07.uexp" 2095
"C:/Program Files/Epic Games/Unreal Projects/Sacrilege/Content/Objects/Weapons/Shotgun/MS_Shotgun_Fire.uasset" 2096
"C:/Program Files/Epic Games/Unreal Projects/Sacrilege/Content/Objects/Weapons/Shotgun/MS_Shotgun_Fire.uexp" 2097
"C:/Program Files/Epic Games/Unreal Projects/Sacrilege/Content/Objects/Weapons/Shotgun/BP_Shotgun.uasset" 2098
"C:/Program Files/Epic Games/Unreal Projects/Sacrilege/Content/Objects/Weapons/Shotgun/BP_Shotgun.uexp" 2099
"C:/Program Files/Epic Games/Unreal Projects/Sacrilege/Content/Core/S_Spawnables.uasset" 2100
"C:/Program Files/Epic Games/Unreal Projects/Sacrilege/Content/Core/S_Spawnables.uexp" 2101
"../../../Engine/Content/BasicShapes/Cube.ubulk" 2102
"../../../Engine/Content/BasicShapes/Cube.uasset" 2103
"../../../Engine/Content/BasicShapes/Cube.uexp" 2104
"C:/Program Files/Epic Games/Unreal Projects/Sacrilege/Content/MaterialLibrary/MI_Metal_Green.uasset" 2105
"C:/Program Files/Epic Games/Unreal Projects/Sacrilege/Content/MaterialLibrary/MI_Metal_Green.uexp" 2106
"C:/Program Files/Epic Games/Unreal Projects/Sacrilege/Content/Characters/Grunt/SKEL_Grunt.uasset" 2107
"C:/Program Files/Epic Games/Unreal Projects/Sacrilege/Content/Characters/Grunt/SKEL_Grunt.uexp" 2108
"C:/Program Files/Epic Games/Unreal Projects/Sacrilege/Content/Characters/Grunt/T_Grunt_HighPoly_Normal.ubulk" 2109
"C:/Program Files/Epic Games/Unreal Projects/Sacrilege/Content/Characters/Grunt/T_Grunt_HighPoly_Normal.uasset" 2110
"C:/Program Files/Epic Games/Unreal Projects/Sacrilege/Content/Characters/Grunt/T_Grunt_HighPoly_Normal.uexp" 2111
"C:/Program Files/Epic Games/Unreal Projects/Sacrilege/Content/Characters/Grunt/M_GruntSkin.uasset" 2112
"C:/Program Files/Epic Games/Unreal Projects/Sacrilege/Content/Characters/Grunt/M_GruntSkin.uexp" 2113
"C:/Program Files/Epic Games/Unreal Projects/Sacrilege/Content/Characters/Grunt/PA_Grunt.uasset" 2114
"C:/Program Files/Epic Games/Unreal Projects/Sacrilege/Content/Characters/Grunt/PA_Grunt.uexp" 2115
"C:/Program Files/Epic Games/Unreal Projects/Sacrilege/Content/Characters/Grunt/SK_Grunt.uasset" 2116
"C:/Program Files/Epic Games/Unreal Projects/Sacrilege/Content/Characters/Grunt/SK_Grunt.uexp" 2117
"../../../Engine/Content/Functions/Engine_MaterialFunctions02/WorldPositionOffset/ObjectPivotPoint.uasset" 2118
"../../../Engine/Content/Functions/Engine_MaterialFunctions02/WorldPositionOffset/ObjectPivotPoint.uexp" 2119
"C:/Program Files/Epic Games/Unreal Projects/Sacrilege/Content/Core/textures/T_bs_6_color.ubulk" 2120
"C:/Program Files/Epic Games/Unreal Projects/Sacrilege/Content/Core/textures/T_bs_6_color.uasset" 2121
"C:/Program Files/Epic Games/Unreal Projects/Sacrilege/Content/Core/textures/T_bs_6_color.uexp" 2122
"C:/Program Files/Epic Games/Unreal Projects/Sacrilege/Content/Core/textures/T_Bs_6_normalmap.ubulk" 2123
"C:/Program Files/Epic Games/Unreal Projects/Sacrilege/Content/Core/textures/T_Bs_6_normalmap.uasset" 2124
"C:/Program Files/Epic Games/Unreal Projects/Sacrilege/Content/Core/textures/T_Bs_6_normalmap.uexp" 2125
"C:/Program Files/Epic Games/Unreal Projects/Sacrilege/Content/Core/textures/T_bs_6_opacity.ubulk" 2126
"C:/Program Files/Epic Games/Unreal Projects/Sacrilege/Content/Core/textures/T_bs_6_opacity.uasset" 2127
"C:/Program Files/Epic Games/Unreal Projects/Sacrilege/Content/Core/textures/T_bs_6_opacity.uexp" 2128
"C:/Program Files/Epic Games/Unreal Projects/Sacrilege/Content/MaterialLibrary/M_BloodDecalGround.uasset" 2129
"C:/Program Files/Epic Games/Unreal Projects/Sacrilege/Content/MaterialLibrary/M_BloodDecalGround.uexp" 2130
"C:/Program Files/Epic Games/Unreal Projects/Sacrilege/Content/MaterialLibrary/MI_Blood_Blue.uasset" 2131
"C:/Program Files/Epic Games/Unreal Projects/Sacrilege/Content/MaterialLibrary/MI_Blood_Blue.uexp" 2132
"C:/Program Files/Epic Games/Unreal Projects/Sacrilege/Content/MaterialLibrary/MI_Metal_Red.uasset" 2133
"C:/Program Files/Epic Games/Unreal Projects/Sacrilege/Content/MaterialLibrary/MI_Metal_Red.uexp" 2134
"C:/Program Files/Epic Games/Unreal Projects/Sacrilege/Content/Objects/Weapons/Grenades/NS_PlasmaGrenadeExplosion.uasset" 2135
"C:/Program Files/Epic Games/Unreal Projects/Sacrilege/Content/Objects/Weapons/Grenades/NS_PlasmaGrenadeExplosion.uexp" 2136
"C:/Program Files/Epic Games/Unreal Projects/Sacrilege/Content/EditorTools/T_Thumbnail_BP_PlasmaGrenade1.uasset" 2137
"C:/Program Files/Epic Games/Unreal Projects/Sacrilege/Content/EditorTools/T_Thumbnail_BP_PlasmaGrenade1.uexp" 2138
"C:/Program Files/Epic Games/Unreal Projects/Sacrilege/Content/Objects/Projectiles/NS_PlasmaGrenadeTrail.uasset" 2139
"C:/Program Files/Epic Games/Unreal Projects/Sacrilege/Content/Objects/Projectiles/NS_PlasmaGrenadeTrail.uexp" 2140
"C:/Program Files/Epic Games/Unreal Projects/Sacrilege/Content/Sounds/S_Chemicals__Acid__Burn__Short_Sizzle__Fizz_SND22204.ubulk" 2141
"C:/Program Files/Epic Games/Unreal Projects/Sacrilege/Content/Sounds/S_Chemicals__Acid__Burn__Short_Sizzle__Fizz_SND22204.uasset" 2142
"C:/Program Files/Epic Games/Unreal Projects/Sacrilege/Content/Sounds/S_Chemicals__Acid__Burn__Short_Sizzle__Fizz_SND22204.uexp" 2143
"C:/Program Files/Epic Games/Unreal Projects/Sacrilege/Content/Sounds/Explosions/S_PlasmaGrenadeExplosionFar.ubulk" 2144
"C:/Program Files/Epic Games/Unreal Projects/Sacrilege/Content/Sounds/Explosions/S_PlasmaGrenadeExplosionFar.uasset" 2145
"C:/Program Files/Epic Games/Unreal Projects/Sacrilege/Content/Sounds/Explosions/S_PlasmaGrenadeExplosionFar.uexp" 2146
"C:/Program Files/Epic Games/Unreal Projects/Sacrilege/Content/Sounds/Explosions/S_PlasmaGrenadeExplosion.ubulk" 2147
"C:/Program Files/Epic Games/Unreal Projects/Sacrilege/Content/Sounds/Explosions/S_PlasmaGrenadeExplosion.uasset" 2148
"C:/Program Files/Epic Games/Unreal Projects/Sacrilege/Content/Sounds/Explosions/S_PlasmaGrenadeExplosion.uexp" 2149
"C:/Program Files/Epic Games/Unreal Projects/Sacrilege/Content/Sounds/Explosions/MS_PlasmaExplosion01.uasset" 2150
"C:/Program Files/Epic Games/Unreal Projects/Sacrilege/Content/Sounds/Explosions/MS_PlasmaExplosion01.uexp" 2151
"C:/Program Files/Epic Games/Unreal Projects/Sacrilege/Content/Objects/Weapons/Grenades/PM_PlasmaGrenade.uasset" 2152
"C:/Program Files/Epic Games/Unreal Projects/Sacrilege/Content/Objects/Weapons/Grenades/PM_PlasmaGrenade.uexp" 2153
"../../../Engine/Content/Functions/Substrate/SMF_UE4Legacy.uasset" 2154
"../../../Engine/Content/Functions/Substrate/SMF_UE4Legacy.uexp" 2155
"C:/Program Files/Epic Games/Unreal Projects/Sacrilege/Content/Objects/Weapons/Grenades/PlasmaGrenade/T_Emissive_PlasmaGrenade.ubulk" 2156
"C:/Program Files/Epic Games/Unreal Projects/Sacrilege/Content/Objects/Weapons/Grenades/PlasmaGrenade/T_Emissive_PlasmaGrenade.uasset" 2157
"C:/Program Files/Epic Games/Unreal Projects/Sacrilege/Content/Objects/Weapons/Grenades/PlasmaGrenade/T_Emissive_PlasmaGrenade.uexp" 2158
"C:/Program Files/Epic Games/Unreal Projects/Sacrilege/Content/Objects/Weapons/Grenades/PlasmaGrenade/T_Normal_PlasmaGrenade.ubulk" 2159
"C:/Program Files/Epic Games/Unreal Projects/Sacrilege/Content/Objects/Weapons/Grenades/PlasmaGrenade/T_Normal_PlasmaGrenade.uasset" 2160
"C:/Program Files/Epic Games/Unreal Projects/Sacrilege/Content/Objects/Weapons/Grenades/PlasmaGrenade/T_Normal_PlasmaGrenade.uexp" 2161
"C:/Program Files/Epic Games/Unreal Projects/Sacrilege/Content/Objects/Weapons/Grenades/PlasmaGrenade/M_PlasmaGrenade.uasset" 2162
"C:/Program Files/Epic Games/Unreal Projects/Sacrilege/Content/Objects/Weapons/Grenades/PlasmaGrenade/M_PlasmaGrenade.uexp" 2163
"C:/Program Files/Epic Games/Unreal Projects/Sacrilege/Content/Objects/Weapons/Grenades/PlasmaGrenade/SM_PlasmaGrenade.ubulk" 2164
"C:/Program Files/Epic Games/Unreal Projects/Sacrilege/Content/Objects/Weapons/Grenades/PlasmaGrenade/SM_PlasmaGrenade.uasset" 2165
"C:/Program Files/Epic Games/Unreal Projects/Sacrilege/Content/Objects/Weapons/Grenades/PlasmaGrenade/SM_PlasmaGrenade.uexp" 2166
"C:/Program Files/Epic Games/Unreal Projects/Sacrilege/Content/Objects/Weapons/Grenades/PlasmaGrenade/S_PlasmaGrenadeSettle.ubulk" 2167
"C:/Program Files/Epic Games/Unreal Projects/Sacrilege/Content/Objects/Weapons/Grenades/PlasmaGrenade/S_PlasmaGrenadeSettle.uasset" 2168
"C:/Program Files/Epic Games/Unreal Projects/Sacrilege/Content/Objects/Weapons/Grenades/PlasmaGrenade/S_PlasmaGrenadeSettle.uexp" 2169
"C:/Program Files/Epic Games/Unreal Projects/Sacrilege/Content/Objects/Weapons/Grenades/PlasmaGrenade/S_RisingTone.ubulk" 2170
"C:/Program Files/Epic Games/Unreal Projects/Sacrilege/Content/Objects/Weapons/Grenades/PlasmaGrenade/S_RisingTone.uasset" 2171
"C:/Program Files/Epic Games/Unreal Projects/Sacrilege/Content/Objects/Weapons/Grenades/PlasmaGrenade/S_RisingTone.uexp" 2172
"C:/Program Files/Epic Games/Unreal Projects/Sacrilege/Content/Objects/Weapons/Grenades/BP_PlasmaGrenade.uasset" 2173
"C:/Program Files/Epic Games/Unreal Projects/Sacrilege/Content/Objects/Weapons/Grenades/BP_PlasmaGrenade.uexp" 2174
"C:/Program Files/Epic Games/Unreal Projects/Sacrilege/Content/Sounds/Shields/S_Shield_Low.ubulk" 2175
"C:/Program Files/Epic Games/Unreal Projects/Sacrilege/Content/Sounds/Shields/S_Shield_Low.uasset" 2176
"C:/Program Files/Epic Games/Unreal Projects/Sacrilege/Content/Sounds/Shields/S_Shield_Low.uexp" 2177
"C:/Program Files/Epic Games/Unreal Projects/Sacrilege/Content/Sounds/Shields/S_Shield_Warning.ubulk" 2178
"C:/Program Files/Epic Games/Unreal Projects/Sacrilege/Content/Sounds/Shields/S_Shield_Warning.uasset" 2179
"C:/Program Files/Epic Games/Unreal Projects/Sacrilege/Content/Sounds/Shields/S_Shield_Warning.uexp" 2180
"C:/Program Files/Epic Games/Unreal Projects/Sacrilege/Content/EditorTools/T_Thumbnail_BP_PlasmaPistol2.uasset" 2181
"C:/Program Files/Epic Games/Unreal Projects/Sacrilege/Content/EditorTools/T_Thumbnail_BP_PlasmaPistol2.uexp" 2182
"C:/Program Files/Epic Games/Unreal Projects/Sacrilege/Content/BP_ScorchDecal.uasset" 2183
"C:/Program Files/Epic Games/Unreal Projects/Sacrilege/Content/BP_ScorchDecal.uexp" 2184
"C:/Program Files/Epic Games/Unreal Projects/Sacrilege/Content/Sounds/S_Crackle.ubulk" 2185
"C:/Program Files/Epic Games/Unreal Projects/Sacrilege/Content/Sounds/S_Crackle.uasset" 2186
"C:/Program Files/Epic Games/Unreal Projects/Sacrilege/Content/Sounds/S_Crackle.uexp" 2187
"C:/Program Files/Epic Games/Unreal Projects/Sacrilege/Content/Sounds/MS_GenericBulletIdle.uasset" 2188
"C:/Program Files/Epic Games/Unreal Projects/Sacrilege/Content/Sounds/MS_GenericBulletIdle.uexp" 2189
"C:/Program Files/Epic Games/Unreal Projects/Sacrilege/Content/Objects/Projectiles/NS_PlasmaProjectileHit.uasset" 2190
"C:/Program Files/Epic Games/Unreal Projects/Sacrilege/Content/Objects/Projectiles/NS_PlasmaProjectileHit.uexp" 2191
"C:/Program Files/Epic Games/Unreal Projects/Sacrilege/Content/Core/Weapons/BP_ProjectileBase.uasset" 2192
"C:/Program Files/Epic Games/Unreal Projects/Sacrilege/Content/Core/Weapons/BP_ProjectileBase.uexp" 2193
"C:/Program Files/Epic Games/Unreal Projects/Sacrilege/Content/Sounds/S_Plasma_Impact_01.ubulk" 2194
"C:/Program Files/Epic Games/Unreal Projects/Sacrilege/Content/Sounds/S_Plasma_Impact_01.uasset" 2195
"C:/Program Files/Epic Games/Unreal Projects/Sacrilege/Content/Sounds/S_Plasma_Impact_01.uexp" 2196
"C:/Program Files/Epic Games/Unreal Projects/Sacrilege/Content/Objects/Projectiles/SC_Plasma_Impact.uasset" 2197
"C:/Program Files/Epic Games/Unreal Projects/Sacrilege/Content/Objects/Projectiles/SC_Plasma_Impact.uexp" 2198
"C:/Program Files/Epic Games/Unreal Projects/Sacrilege/Content/Objects/Projectiles/M_PlasmaSpriteCircle.uasset" 2199
"C:/Program Files/Epic Games/Unreal Projects/Sacrilege/Content/Objects/Projectiles/M_PlasmaSpriteCircle.uexp" 2200
"C:/Program Files/Epic Games/Unreal Projects/Sacrilege/Content/Objects/Projectiles/NS_PlasmaTrail.uasset" 2201
"C:/Program Files/Epic Games/Unreal Projects/Sacrilege/Content/Objects/Projectiles/NS_PlasmaTrail.uexp" 2202
"C:/Program Files/Epic Games/Unreal Projects/Sacrilege/Content/Objects/Projectiles/BP_PlasmaPistolChargedProjectile.uasset" 2203
"C:/Program Files/Epic Games/Unreal Projects/Sacrilege/Content/Objects/Projectiles/BP_PlasmaPistolChargedProjectile.uexp" 2204
"C:/Program Files/Epic Games/Unreal Projects/Sacrilege/Content/Objects/Projectiles/BP_PlasmaPistolProjectile.uasset" 2205
"C:/Program Files/Epic Games/Unreal Projects/Sacrilege/Content/Objects/Projectiles/BP_PlasmaPistolProjectile.uexp" 2206
"C:/Program Files/Epic Games/Unreal Projects/Sacrilege/Content/Core/textures/T_SpikyFlare.ubulk" 2207
"C:/Program Files/Epic Games/Unreal Projects/Sacrilege/Content/Core/textures/T_SpikyFlare.uasset" 2208
"C:/Program Files/Epic Games/Unreal Projects/Sacrilege/Content/Core/textures/T_SpikyFlare.uexp" 2209
"C:/Program Files/Epic Games/Unreal Projects/Sacrilege/Content/MaterialLibrary/MI_Flare_4.uasset" 2210
"C:/Program Files/Epic Games/Unreal Projects/Sacrilege/Content/MaterialLibrary/MI_Flare_4.uexp" 2211
"C:/Program Files/Epic Games/Unreal Projects/Sacrilege/Content/Objects/Weapons/Carbine/NS_CarbineFire.uasset" 2212
"C:/Program Files/Epic Games/Unreal Projects/Sacrilege/Content/Objects/Weapons/Carbine/NS_CarbineFire.uexp" 2213
"C:/Program Files/Epic Games/Unreal Projects/Sacrilege/Content/Objects/Weapons/PlasmaPistol/T_None_Base_Color.ubulk" 2214
"C:/Program Files/Epic Games/Unreal Projects/Sacrilege/Content/Objects/Weapons/PlasmaPistol/T_None_Base_Color.uasset" 2215
"C:/Program Files/Epic Games/Unreal Projects/Sacrilege/Content/Objects/Weapons/PlasmaPistol/T_None_Base_Color.uexp" 2216
"C:/Program Files/Epic Games/Unreal Projects/Sacrilege/Content/Objects/Weapons/PlasmaPistol/T_None_Emissive.ubulk" 2217
"C:/Program Files/Epic Games/Unreal Projects/Sacrilege/Content/Objects/Weapons/PlasmaPistol/T_None_Emissive.uasset" 2218
"C:/Program Files/Epic Games/Unreal Projects/Sacrilege/Content/Objects/Weapons/PlasmaPistol/T_None_Emissive.uexp" 2219
"C:/Program Files/Epic Games/Unreal Projects/Sacrilege/Content/Objects/Weapons/PlasmaPistol/T_None_Metallic.ubulk" 2220
"C:/Program Files/Epic Games/Unreal Projects/Sacrilege/Content/Objects/Weapons/PlasmaPistol/T_None_Metallic.uasset" 2221
"C:/Program Files/Epic Games/Unreal Projects/Sacrilege/Content/Objects/Weapons/PlasmaPistol/T_None_Metallic.uexp" 2222
"C:/Program Files/Epic Games/Unreal Projects/Sacrilege/Content/Objects/Weapons/PlasmaPistol/T_None_Mixed_AO.ubulk" 2223
"C:/Program Files/Epic Games/Unreal Projects/Sacrilege/Content/Objects/Weapons/PlasmaPistol/T_None_Mixed_AO.uasset" 2224
"C:/Program Files/Epic Games/Unreal Projects/Sacrilege/Content/Objects/Weapons/PlasmaPistol/T_None_Mixed_AO.uexp" 2225
"C:/Program Files/Epic Games/Unreal Projects/Sacrilege/Content/Objects/Weapons/PlasmaPistol/T_None_Normal_OpenGL.ubulk" 2226
"C:/Program Files/Epic Games/Unreal Projects/Sacrilege/Content/Objects/Weapons/PlasmaPistol/T_None_Normal_OpenGL.uasset" 2227
"C:/Program Files/Epic Games/Unreal Projects/Sacrilege/Content/Objects/Weapons/PlasmaPistol/T_None_Normal_OpenGL.uexp" 2228
"C:/Program Files/Epic Games/Unreal Projects/Sacrilege/Content/Objects/Weapons/PlasmaPistol/T_None_Roughness.ubulk" 2229
"C:/Program Files/Epic Games/Unreal Projects/Sacrilege/Content/Objects/Weapons/PlasmaPistol/T_None_Roughness.uasset" 2230
"C:/Program Files/Epic Games/Unreal Projects/Sacrilege/Content/Objects/Weapons/PlasmaPistol/T_None_Roughness.uexp" 2231
"C:/Program Files/Epic Games/Unreal Projects/Sacrilege/Content/Objects/Weapons/PlasmaPistol/M_Plasma_Pistol.uasset" 2232
"C:/Program Files/Epic Games/Unreal Projects/Sacrilege/Content/Objects/Weapons/PlasmaPistol/M_Plasma_Pistol.uexp" 2233
"C:/Program Files/Epic Games/Unreal Projects/Sacrilege/Content/Objects/Weapons/PlasmaPistol/plasmapistol00_PhysicsAsset.uasset" 2234
"C:/Program Files/Epic Games/Unreal Projects/Sacrilege/Content/Objects/Weapons/PlasmaPistol/plasmapistol00_PhysicsAsset.uexp" 2235
"C:/Program Files/Epic Games/Unreal Projects/Sacrilege/Content/Objects/Weapons/PlasmaPistol/plasmapistol00_Skeleton.uasset" 2236
"C:/Program Files/Epic Games/Unreal Projects/Sacrilege/Content/Objects/Weapons/PlasmaPistol/plasmapistol00_Skeleton.uexp" 2237
"C:/Program Files/Epic Games/Unreal Projects/Sacrilege/Content/Objects/Weapons/PlasmaPistol/plasmapistol00.uasset" 2238
"C:/Program Files/Epic Games/Unreal Projects/Sacrilege/Content/Objects/Weapons/PlasmaPistol/plasmapistol00.uexp" 2239
"C:/Program Files/Epic Games/Unreal Projects/Sacrilege/Content/UI/Icons/Crosshairs/T_PlasmaPistolCrosshair.ubulk" 2240
"C:/Program Files/Epic Games/Unreal Projects/Sacrilege/Content/UI/Icons/Crosshairs/T_PlasmaPistolCrosshair.uasset" 2241
"C:/Program Files/Epic Games/Unreal Projects/Sacrilege/Content/UI/Icons/Crosshairs/T_PlasmaPistolCrosshair.uexp" 2242
"C:/Program Files/Epic Games/Unreal Projects/Sacrilege/Content/Objects/Weapons/PlasmaPistol/BP_PlasmaPistol.uasset" 2243
"C:/Program Files/Epic Games/Unreal Projects/Sacrilege/Content/Objects/Weapons/PlasmaPistol/BP_PlasmaPistol.uexp" 2244
"C:/Program Files/Epic Games/Unreal Projects/Sacrilege/Content/EditorTools/T_Thumbnail_BP_IncendiaryGrenade.uasset" 2245
"C:/Program Files/Epic Games/Unreal Projects/Sacrilege/Content/EditorTools/T_Thumbnail_BP_IncendiaryGrenade.uexp" 2246
"C:/Program Files/Epic Games/Unreal Projects/Sacrilege/Content/Objects/Weapons/Grenades/NS_FireGrenadeTrail.uasset" 2247
"C:/Program Files/Epic Games/Unreal Projects/Sacrilege/Content/Objects/Weapons/Grenades/NS_FireGrenadeTrail.uexp" 2248
"../../../Engine/Plugins/FX/Niagara/Content/DefaultAssets/M_Gnomon_Alpha.uasset" 2249
"../../../Engine/Plugins/FX/Niagara/Content/DefaultAssets/M_Gnomon_Alpha.uexp" 2250
"../../../Engine/Plugins/FX/Niagara/Content/DefaultAssets/M_Gnomon.uasset" 2251
"../../../Engine/Plugins/FX/Niagara/Content/DefaultAssets/M_Gnomon.uexp" 2252
"../../../Engine/Plugins/FX/Niagara/Content/DefaultAssets/S_Arrow.ubulk" 2253
"../../../Engine/Plugins/FX/Niagara/Content/DefaultAssets/S_Arrow.uasset" 2254
"../../../Engine/Plugins/FX/Niagara/Content/DefaultAssets/S_Arrow.uexp" 2255
"C:/Program Files/Epic Games/Unreal Projects/Sacrilege/Content/ParticleEffects/NS_FireExplosion.uasset" 2256
"C:/Program Files/Epic Games/Unreal Projects/Sacrilege/Content/ParticleEffects/NS_FireExplosion.uexp" 2257
"C:/Program Files/Epic Games/Unreal Projects/Sacrilege/Content/Sounds/S_Fire_explosion_01.ubulk" 2258
"C:/Program Files/Epic Games/Unreal Projects/Sacrilege/Content/Sounds/S_Fire_explosion_01.uasset" 2259
"C:/Program Files/Epic Games/Unreal Projects/Sacrilege/Content/Sounds/S_Fire_explosion_01.uexp" 2260
"C:/Program Files/Epic Games/Unreal Projects/Sacrilege/Content/Landscape/PhysicalMaterials/PM_Glass.uasset" 2261
"C:/Program Files/Epic Games/Unreal Projects/Sacrilege/Content/Landscape/PhysicalMaterials/PM_Glass.uexp" 2262
"C:/Program Files/Epic Games/Unreal Projects/Sacrilege/Content/MaterialLibrary/M_Light.uasset" 2263
"C:/Program Files/Epic Games/Unreal Projects/Sacrilege/Content/MaterialLibrary/M_Light.uexp" 2264
"C:/Program Files/Epic Games/Unreal Projects/Sacrilege/Content/MaterialLibrary/MI_Light_Orange.uasset" 2265
"C:/Program Files/Epic Games/Unreal Projects/Sacrilege/Content/MaterialLibrary/MI_Light_Orange.uexp" 2266
"C:/Program Files/Epic Games/Unreal Projects/Sacrilege/Content/MaterialLibrary/MI_Metal_Black.uasset" 2267
"C:/Program Files/Epic Games/Unreal Projects/Sacrilege/Content/MaterialLibrary/MI_Metal_Black.uexp" 2268
"C:/Program Files/Epic Games/Unreal Projects/Sacrilege/Content/Objects/Weapons/Grenades/IncendiaryGrenade/SM_IncendiaryGrenade.ubulk" 2269
"C:/Program Files/Epic Games/Unreal Projects/Sacrilege/Content/Objects/Weapons/Grenades/IncendiaryGrenade/SM_IncendiaryGrenade.uasset" 2270
"C:/Program Files/Epic Games/Unreal Projects/Sacrilege/Content/Objects/Weapons/Grenades/IncendiaryGrenade/SM_IncendiaryGrenade.uexp" 2271
"C:/Program Files/Epic Games/Unreal Projects/Sacrilege/Content/Objects/Weapons/Grenades/IncendiaryGrenade/S_Object___Material_Sounds_-_Match_Flame_01_1.ubulk" 2272
"C:/Program Files/Epic Games/Unreal Projects/Sacrilege/Content/Objects/Weapons/Grenades/IncendiaryGrenade/S_Object___Material_Sounds_-_Match_Flame_01_1.uasset" 2273
"C:/Program Files/Epic Games/Unreal Projects/Sacrilege/Content/Objects/Weapons/Grenades/IncendiaryGrenade/S_Object___Material_Sounds_-_Match_Flame_01_1.uexp" 2274
"C:/Program Files/Epic Games/Unreal Projects/Sacrilege/Content/Objects/Weapons/Grenades/BP_IncendiaryGrenade.uasset" 2275
"C:/Program Files/Epic Games/Unreal Projects/Sacrilege/Content/Objects/Weapons/Grenades/BP_IncendiaryGrenade.uexp" 2276
"C:/Program Files/Epic Games/Unreal Projects/Sacrilege/Content/EditorTools/T_Thumbnail_BP_SpikeGrenade.uasset" 2277
"C:/Program Files/Epic Games/Unreal Projects/Sacrilege/Content/EditorTools/T_Thumbnail_BP_SpikeGrenade.uexp" 2278
"C:/Program Files/Epic Games/Unreal Projects/Sacrilege/Content/ParticleEffects/NS_ExplosiveFlash.uasset" 2279
"C:/Program Files/Epic Games/Unreal Projects/Sacrilege/Content/ParticleEffects/NS_ExplosiveFlash.uexp" 2280
"C:/Program Files/Epic Games/Unreal Projects/Sacrilege/Content/Sounds/Explosions/S_SpikeGrenadeExplosion.ubulk" 2281
"C:/Program Files/Epic Games/Unreal Projects/Sacrilege/Content/Sounds/Explosions/S_SpikeGrenadeExplosion.uasset" 2282
"C:/Program Files/Epic Games/Unreal Projects/Sacrilege/Content/Sounds/Explosions/S_SpikeGrenadeExplosion.uexp" 2283
"C:/Program Files/Epic Games/Unreal Projects/Sacrilege/Content/Sounds/Explosions/S_SpikeGrenadeExplosionFar.ubulk" 2284
"C:/Program Files/Epic Games/Unreal Projects/Sacrilege/Content/Sounds/Explosions/S_SpikeGrenadeExplosionFar.uasset" 2285
"C:/Program Files/Epic Games/Unreal Projects/Sacrilege/Content/Sounds/Explosions/S_SpikeGrenadeExplosionFar.uexp" 2286
"C:/Program Files/Epic Games/Unreal Projects/Sacrilege/Content/Sounds/Explosions/MS_SpikeGrenadeExplosion.uasset" 2287
"C:/Program Files/Epic Games/Unreal Projects/Sacrilege/Content/Sounds/Explosions/MS_SpikeGrenadeExplosion.uexp" 2288
"C:/Program Files/Epic Games/Unreal Projects/Sacrilege/Content/Sounds/S_GlassPing.ubulk" 2289
"C:/Program Files/Epic Games/Unreal Projects/Sacrilege/Content/Sounds/S_GlassPing.uasset" 2290
"C:/Program Files/Epic Games/Unreal Projects/Sacrilege/Content/Sounds/S_GlassPing.uexp" 2291
"C:/Program Files/Epic Games/Unreal Projects/Sacrilege/Content/Sounds/MS_NeedleBounce.uasset" 2292
"C:/Program Files/Epic Games/Unreal Projects/Sacrilege/Content/Sounds/MS_NeedleBounce.uexp" 2293
"C:/Program Files/Epic Games/Unreal Projects/Sacrilege/Content/Objects/Projectiles/SM_Spike.ubulk" 2294
"C:/Program Files/Epic Games/Unreal Projects/Sacrilege/Content/Objects/Projectiles/SM_Spike.uasset" 2295
"C:/Program Files/Epic Games/Unreal Projects/Sacrilege/Content/Objects/Projectiles/SM_Spike.uexp" 2296
"C:/Program Files/Epic Games/Unreal Projects/Sacrilege/Content/Objects/Projectiles/BP_Spike.uasset" 2297
"C:/Program Files/Epic Games/Unreal Projects/Sacrilege/Content/Objects/Projectiles/BP_Spike.uexp" 2298
"C:/Program Files/Epic Games/Unreal Projects/Sacrilege/Content/Objects/Projectiles/NS_SpikeGrenadeTrail.uasset" 2299
"C:/Program Files/Epic Games/Unreal Projects/Sacrilege/Content/Objects/Projectiles/NS_SpikeGrenadeTrail.uexp" 2300
"C:/Program Files/Epic Games/Unreal Projects/Sacrilege/Content/MaterialLibrary/MI_Metal_White.uasset" 2301
"C:/Program Files/Epic Games/Unreal Projects/Sacrilege/Content/MaterialLibrary/MI_Metal_White.uexp" 2302
"C:/Program Files/Epic Games/Unreal Projects/Sacrilege/Content/Objects/Weapons/Grenades/SpikeGrenade/SM_SpikeGrenade.ubulk" 2303
"C:/Program Files/Epic Games/Unreal Projects/Sacrilege/Content/Objects/Weapons/Grenades/SpikeGrenade/SM_SpikeGrenade.uasset" 2304
"C:/Program Files/Epic Games/Unreal Projects/Sacrilege/Content/Objects/Weapons/Grenades/SpikeGrenade/SM_SpikeGrenade.uexp" 2305
"C:/Program Files/Epic Games/Unreal Projects/Sacrilege/Content/Objects/Weapons/Grenades/SpikeGrenade/S_SpikeGrenadeSelect.ubulk" 2306
"C:/Program Files/Epic Games/Unreal Projects/Sacrilege/Content/Objects/Weapons/Grenades/SpikeGrenade/S_SpikeGrenadeSelect.uasset" 2307
"C:/Program Files/Epic Games/Unreal Projects/Sacrilege/Content/Objects/Weapons/Grenades/SpikeGrenade/S_SpikeGrenadeSelect.uexp" 2308
"C:/Program Files/Epic Games/Unreal Projects/Sacrilege/Content/Objects/Weapons/Grenades/SpikeGrenade/S_SpikeGrenadeStick.ubulk" 2309
"C:/Program Files/Epic Games/Unreal Projects/Sacrilege/Content/Objects/Weapons/Grenades/SpikeGrenade/S_SpikeGrenadeStick.uasset" 2310
"C:/Program Files/Epic Games/Unreal Projects/Sacrilege/Content/Objects/Weapons/Grenades/SpikeGrenade/S_SpikeGrenadeStick.uexp" 2311
"C:/Program Files/Epic Games/Unreal Projects/Sacrilege/Content/Objects/Weapons/Grenades/BP_SpikeGrenade.uasset" 2312
"C:/Program Files/Epic Games/Unreal Projects/Sacrilege/Content/Objects/Weapons/Grenades/BP_SpikeGrenade.uexp" 2313
"C:/Program Files/Epic Games/Unreal Projects/Sacrilege/Content/Characters/Grunt/PA_Grunt_ChestArmor.uasset" 2314
"C:/Program Files/Epic Games/Unreal Projects/Sacrilege/Content/Characters/Grunt/PA_Grunt_ChestArmor.uexp" 2315
"C:/Program Files/Epic Games/Unreal Projects/Sacrilege/Content/Characters/Grunt/SK_ChestArmor.uasset" 2316
"C:/Program Files/Epic Games/Unreal Projects/Sacrilege/Content/Characters/Grunt/SK_ChestArmor.uexp" 2317
"C:/Program Files/Epic Games/Unreal Projects/Sacrilege/Content/Characters/Grunt/PA_Grunt_Backpack.uasset" 2318
"C:/Program Files/Epic Games/Unreal Projects/Sacrilege/Content/Characters/Grunt/PA_Grunt_Backpack.uexp" 2319
"C:/Program Files/Epic Games/Unreal Projects/Sacrilege/Content/Characters/Grunt/SK_Backpack.uasset" 2320
"C:/Program Files/Epic Games/Unreal Projects/Sacrilege/Content/Characters/Grunt/SK_Backpack.uexp" 2321
"C:/Program Files/Epic Games/Unreal Projects/Sacrilege/Content/Characters/Grunt/PA_Mask.uasset" 2322
"C:/Program Files/Epic Games/Unreal Projects/Sacrilege/Content/Characters/Grunt/PA_Mask.uexp" 2323
"C:/Program Files/Epic Games/Unreal Projects/Sacrilege/Content/Characters/Grunt/SK_Mask.uasset" 2324
"C:/Program Files/Epic Games/Unreal Projects/Sacrilege/Content/Characters/Grunt/SK_Mask.uexp" 2325
"C:/Program Files/Epic Games/Unreal Projects/Sacrilege/Content/MaterialLibrary/M_BloodDecal.uasset" 2326
"C:/Program Files/Epic Games/Unreal Projects/Sacrilege/Content/MaterialLibrary/M_BloodDecal.uexp" 2327
"C:/Program Files/Epic Games/Unreal Projects/Sacrilege/Content/Characters/Grunt/MI_GruntBlood.uasset" 2328
"C:/Program Files/Epic Games/Unreal Projects/Sacrilege/Content/Characters/Grunt/MI_GruntBlood.uexp" 2329
"../../../Engine/Content/Functions/Engine_MaterialFunctions02/Utility/DitherTemporalAA.uasset" 2330
"../../../Engine/Content/Functions/Engine_MaterialFunctions02/Utility/DitherTemporalAA.uexp" 2331
"C:/Program Files/Epic Games/Unreal Projects/Sacrilege/Content/MaterialLibrary/M_Blood.uasset" 2332
"C:/Program Files/Epic Games/Unreal Projects/Sacrilege/Content/MaterialLibrary/M_Blood.uexp" 2333
"C:/Program Files/Epic Games/Unreal Projects/Sacrilege/Content/Characters/Grunt/NS_Blood_Burst_Grunt.uasset" 2334
"C:/Program Files/Epic Games/Unreal Projects/Sacrilege/Content/Characters/Grunt/NS_Blood_Burst_Grunt.uexp" 2335
"C:/Program Files/Epic Games/Unreal Projects/Sacrilege/Content/ABP_AimOffset.uasset" 2336
"C:/Program Files/Epic Games/Unreal Projects/Sacrilege/Content/ABP_AimOffset.uexp" 2337
"C:/Program Files/Epic Games/Unreal Projects/Sacrilege/Content/Characters/Elite/SKEL_Elite.uasset" 2338
"C:/Program Files/Epic Games/Unreal Projects/Sacrilege/Content/Characters/Elite/SKEL_Elite.uexp" 2339
"C:/Program Files/Epic Games/Unreal Projects/Sacrilege/Content/Characters/Elite/anims/elite_anims_pistol_Aim_Forward.uasset" 2340
"C:/Program Files/Epic Games/Unreal Projects/Sacrilege/Content/Characters/Elite/anims/elite_anims_pistol_Aim_Forward.uexp" 2341
"C:/Program Files/Epic Games/Unreal Projects/Sacrilege/Content/Characters/Elite/anims/pistolAimAnims/elite_pistol_aim_back_l.uasset" 2342
"C:/Program Files/Epic Games/Unreal Projects/Sacrilege/Content/Characters/Elite/anims/pistolAimAnims/elite_pistol_aim_back_l.uexp" 2343
"C:/Program Files/Epic Games/Unreal Projects/Sacrilege/Content/Characters/Elite/anims/pistolAimAnims/elite_pistol_aim_right_back.uasset" 2344
"C:/Program Files/Epic Games/Unreal Projects/Sacrilege/Content/Characters/Elite/anims/pistolAimAnims/elite_pistol_aim_right_back.uexp" 2345
"C:/Program Files/Epic Games/Unreal Projects/Sacrilege/Content/Characters/Elite/anims/elite_anims_Pistol_Aim_Down.uasset" 2346
"C:/Program Files/Epic Games/Unreal Projects/Sacrilege/Content/Characters/Elite/anims/elite_anims_Pistol_Aim_Down.uexp" 2347
"C:/Program Files/Epic Games/Unreal Projects/Sacrilege/Content/Characters/Elite/anims/elite_anims_Pistol_Aim_Up.uasset" 2348
"C:/Program Files/Epic Games/Unreal Projects/Sacrilege/Content/Characters/Elite/anims/elite_anims_Pistol_Aim_Up.uexp" 2349
"C:/Program Files/Epic Games/Unreal Projects/Sacrilege/Content/Characters/Elite/anims/pistolAimAnims/elite_pistol_aim_left.uasset" 2350
"C:/Program Files/Epic Games/Unreal Projects/Sacrilege/Content/Characters/Elite/anims/pistolAimAnims/elite_pistol_aim_left.uexp" 2351
"C:/Program Files/Epic Games/Unreal Projects/Sacrilege/Content/Characters/Elite/anims/pistolAimAnims/elite_pistol_aim_right.uasset" 2352
"C:/Program Files/Epic Games/Unreal Projects/Sacrilege/Content/Characters/Elite/anims/pistolAimAnims/elite_pistol_aim_right.uexp" 2353
"C:/Program Files/Epic Games/Unreal Projects/Sacrilege/Content/Characters/Elite/anims/AO_Elite_Pistol_Aiming.uasset" 2354
"C:/Program Files/Epic Games/Unreal Projects/Sacrilege/Content/Characters/Elite/anims/AO_Elite_Pistol_Aiming.uexp" 2355
"C:/Program Files/Epic Games/Unreal Projects/Sacrilege/Content/ABP_DriverOccupant.uasset" 2356
"C:/Program Files/Epic Games/Unreal Projects/Sacrilege/Content/ABP_DriverOccupant.uexp" 2357
"C:/Program Files/Epic Games/Unreal Projects/Sacrilege/Content/ABP_WeaponHoldTypes.uasset" 2358
"C:/Program Files/Epic Games/Unreal Projects/Sacrilege/Content/ABP_WeaponHoldTypes.uexp" 2359
"C:/Program Files/Epic Games/Unreal Projects/Sacrilege/Content/ABP_PassengerOccupant.uasset" 2360
"C:/Program Files/Epic Games/Unreal Projects/Sacrilege/Content/ABP_PassengerOccupant.uexp" 2361
"C:/Program Files/Epic Games/Unreal Projects/Sacrilege/Content/ABP_TwoHandIK.uasset" 2362
"C:/Program Files/Epic Games/Unreal Projects/Sacrilege/Content/ABP_TwoHandIK.uexp" 2363
"C:/Program Files/Epic Games/Unreal Projects/Sacrilege/Content/ABP_TurretOccupant.uasset" 2364
"C:/Program Files/Epic Games/Unreal Projects/Sacrilege/Content/ABP_TurretOccupant.uexp" 2365
"C:/Program Files/Epic Games/Unreal Projects/Sacrilege/Content/Characters/Carrier/ABP_GroundLoco.uasset" 2366
"C:/Program Files/Epic Games/Unreal Projects/Sacrilege/Content/Characters/Carrier/ABP_GroundLoco.uexp" 2367
"C:/Program Files/Epic Games/Unreal Projects/Sacrilege/Content/Characters/Carrier/ABP_Character_Template.uasset" 2368
"C:/Program Files/Epic Games/Unreal Projects/Sacrilege/Content/Characters/Carrier/ABP_Character_Template.uexp" 2369
"../../../Engine/Content/Animation/DefaultAnimBoneCompressionSettings.uasset" 2370
"../../../Engine/Content/Animation/DefaultAnimBoneCompressionSettings.uexp" 2371
"C:/Program Files/Epic Games/Unreal Projects/Sacrilege/Content/Sounds/StepSounds/S_StepDirt_01.ubulk" 2372
"C:/Program Files/Epic Games/Unreal Projects/Sacrilege/Content/Sounds/StepSounds/S_StepDirt_01.uasset" 2373
"C:/Program Files/Epic Games/Unreal Projects/Sacrilege/Content/Sounds/StepSounds/S_StepDirt_01.uexp" 2374
"C:/Program Files/Epic Games/Unreal Projects/Sacrilege/Content/Sounds/StepSounds/MS_Step_Dirt.uasset" 2375
"C:/Program Files/Epic Games/Unreal Projects/Sacrilege/Content/Sounds/StepSounds/MS_Step_Dirt.uexp" 2376
"C:/Program Files/Epic Games/Unreal Projects/Sacrilege/Content/Sounds/StepSounds/S_Step_Concrete_02.ubulk" 2377
"C:/Program Files/Epic Games/Unreal Projects/Sacrilege/Content/Sounds/StepSounds/S_Step_Concrete_02.uasset" 2378
"C:/Program Files/Epic Games/Unreal Projects/Sacrilege/Content/Sounds/StepSounds/S_Step_Concrete_02.uexp" 2379
"C:/Program Files/Epic Games/Unreal Projects/Sacrilege/Content/Sounds/StepSounds/S_Step_Concrete_03.ubulk" 2380
"C:/Program Files/Epic Games/Unreal Projects/Sacrilege/Content/Sounds/StepSounds/S_Step_Concrete_03.uasset" 2381
"C:/Program Files/Epic Games/Unreal Projects/Sacrilege/Content/Sounds/StepSounds/S_Step_Concrete_03.uexp" 2382
"C:/Program Files/Epic Games/Unreal Projects/Sacrilege/Content/Sounds/StepSounds/S_Step_Concrete_04.ubulk" 2383
"C:/Program Files/Epic Games/Unreal Projects/Sacrilege/Content/Sounds/StepSounds/S_Step_Concrete_04.uasset" 2384
"C:/Program Files/Epic Games/Unreal Projects/Sacrilege/Content/Sounds/StepSounds/S_Step_Concrete_04.uexp" 2385
"C:/Program Files/Epic Games/Unreal Projects/Sacrilege/Content/Sounds/StepSounds/SC_Step_Concrete.uasset" 2386
"C:/Program Files/Epic Games/Unreal Projects/Sacrilege/Content/Sounds/StepSounds/SC_Step_Concrete.uexp" 2387
"C:/Program Files/Epic Games/Unreal Projects/Sacrilege/Content/Sounds/StepSounds/S_Step_Gravel_01.ubulk" 2388
"C:/Program Files/Epic Games/Unreal Projects/Sacrilege/Content/Sounds/StepSounds/S_Step_Gravel_01.uasset" 2389
"C:/Program Files/Epic Games/Unreal Projects/Sacrilege/Content/Sounds/StepSounds/S_Step_Gravel_01.uexp" 2390
"C:/Program Files/Epic Games/Unreal Projects/Sacrilege/Content/Sounds/StepSounds/SC_Step_Gravel.uasset" 2391
"C:/Program Files/Epic Games/Unreal Projects/Sacrilege/Content/Sounds/StepSounds/SC_Step_Gravel.uexp" 2392
"C:/Program Files/Epic Games/Unreal Projects/Sacrilege/Content/Core/AnimNotifies/BP_FootstepAnimNotify.uasset" 2393
"C:/Program Files/Epic Games/Unreal Projects/Sacrilege/Content/Core/AnimNotifies/BP_FootstepAnimNotify.uexp" 2394
"C:/Program Files/Epic Games/Unreal Projects/Sacrilege/Content/Characters/Grunt/Anims/A_Run_Fwd_Agitated01.uasset" 2395
"C:/Program Files/Epic Games/Unreal Projects/Sacrilege/Content/Characters/Grunt/Anims/A_Run_Fwd_Agitated01.uexp" 2396
"C:/Program Files/Epic Games/Unreal Projects/Sacrilege/Content/Characters/Grunt/Anims/A_Idle_Agitated01.uasset" 2397
"C:/Program Files/Epic Games/Unreal Projects/Sacrilege/Content/Characters/Grunt/Anims/A_Idle_Agitated01.uexp" 2398
"C:/Program Files/Epic Games/Unreal Projects/Sacrilege/Content/Characters/Grunt/Anims/A_Run_Bwd_Agitated01.uasset" 2399
"C:/Program Files/Epic Games/Unreal Projects/Sacrilege/Content/Characters/Grunt/Anims/A_Run_Bwd_Agitated01.uexp" 2400
"C:/Program Files/Epic Games/Unreal Projects/Sacrilege/Content/Characters/Grunt/Anims/A_Run_Left_Agitated02.uasset" 2401
"C:/Program Files/Epic Games/Unreal Projects/Sacrilege/Content/Characters/Grunt/Anims/A_Run_Left_Agitated02.uexp" 2402
"C:/Program Files/Epic Games/Unreal Projects/Sacrilege/Content/Characters/Grunt/Anims/A_Run_Right_Agitated02.uasset" 2403
"C:/Program Files/Epic Games/Unreal Projects/Sacrilege/Content/Characters/Grunt/Anims/A_Run_Right_Agitated02.uexp" 2404
"C:/Program Files/Epic Games/Unreal Projects/Sacrilege/Content/Characters/Grunt/Anims/BS_Grunt_Alerted.uasset" 2405
"C:/Program Files/Epic Games/Unreal Projects/Sacrilege/Content/Characters/Grunt/Anims/BS_Grunt_Alerted.uexp" 2406
"C:/Program Files/Epic Games/Unreal Projects/Sacrilege/Content/Characters/Grunt/Anims/A_AimDown.uasset" 2407
"C:/Program Files/Epic Games/Unreal Projects/Sacrilege/Content/Characters/Grunt/Anims/A_AimDown.uexp" 2408
"C:/Program Files/Epic Games/Unreal Projects/Sacrilege/Content/Characters/Grunt/Anims/A_AimFront.uasset" 2409
"C:/Program Files/Epic Games/Unreal Projects/Sacrilege/Content/Characters/Grunt/Anims/A_AimFront.uexp" 2410
"C:/Program Files/Epic Games/Unreal Projects/Sacrilege/Content/Characters/Grunt/Anims/A_AimLeft.uasset" 2411
"C:/Program Files/Epic Games/Unreal Projects/Sacrilege/Content/Characters/Grunt/Anims/A_AimLeft.uexp" 2412
"C:/Program Files/Epic Games/Unreal Projects/Sacrilege/Content/Characters/Grunt/Anims/A_AimRight.uasset" 2413
"C:/Program Files/Epic Games/Unreal Projects/Sacrilege/Content/Characters/Grunt/Anims/A_AimRight.uexp" 2414
"C:/Program Files/Epic Games/Unreal Projects/Sacrilege/Content/Characters/Grunt/Anims/A_AimUp.uasset" 2415
"C:/Program Files/Epic Games/Unreal Projects/Sacrilege/Content/Characters/Grunt/Anims/A_AimUp.uexp" 2416
"C:/Program Files/Epic Games/Unreal Projects/Sacrilege/Content/Characters/Grunt/Anims/AO_GruntAiming.uasset" 2417
"C:/Program Files/Epic Games/Unreal Projects/Sacrilege/Content/Characters/Grunt/Anims/AO_GruntAiming.uexp" 2418
"C:/Program Files/Epic Games/Unreal Projects/Sacrilege/Content/Characters/Grunt/Anims/A_LookDown.uasset" 2419
"C:/Program Files/Epic Games/Unreal Projects/Sacrilege/Content/Characters/Grunt/Anims/A_LookDown.uexp" 2420
"C:/Program Files/Epic Games/Unreal Projects/Sacrilege/Content/Characters/Grunt/Anims/A_LookFront.uasset" 2421
"C:/Program Files/Epic Games/Unreal Projects/Sacrilege/Content/Characters/Grunt/Anims/A_LookFront.uexp" 2422
"C:/Program Files/Epic Games/Unreal Projects/Sacrilege/Content/Characters/Grunt/Anims/A_LookLeft.uasset" 2423
"C:/Program Files/Epic Games/Unreal Projects/Sacrilege/Content/Characters/Grunt/Anims/A_LookLeft.uexp" 2424
"C:/Program Files/Epic Games/Unreal Projects/Sacrilege/Content/Characters/Grunt/Anims/A_LookRight.uasset" 2425
"C:/Program Files/Epic Games/Unreal Projects/Sacrilege/Content/Characters/Grunt/Anims/A_LookRight.uexp" 2426
"C:/Program Files/Epic Games/Unreal Projects/Sacrilege/Content/Characters/Grunt/Anims/A_LookUp.uasset" 2427
"C:/Program Files/Epic Games/Unreal Projects/Sacrilege/Content/Characters/Grunt/Anims/A_LookUp.uexp" 2428
"C:/Program Files/Epic Games/Unreal Projects/Sacrilege/Content/Characters/Grunt/Anims/AO_GruntLooking.uasset" 2429
"C:/Program Files/Epic Games/Unreal Projects/Sacrilege/Content/Characters/Grunt/Anims/AO_GruntLooking.uexp" 2430
"C:/Program Files/Epic Games/Unreal Projects/Sacrilege/Content/Characters/Grunt/Anims/A_Idle_Relaxed01.uasset" 2431
"C:/Program Files/Epic Games/Unreal Projects/Sacrilege/Content/Characters/Grunt/Anims/A_Idle_Relaxed01.uexp" 2432
"C:/Program Files/Epic Games/Unreal Projects/Sacrilege/Content/Characters/Grunt/Anims/A_Walk_Fwd_Relaxed01.uasset" 2433
"C:/Program Files/Epic Games/Unreal Projects/Sacrilege/Content/Characters/Grunt/Anims/A_Walk_Fwd_Relaxed01.uexp" 2434
"C:/Program Files/Epic Games/Unreal Projects/Sacrilege/Content/Characters/Grunt/Anims/BS_Grunt_Relaxed.uasset" 2435
"C:/Program Files/Epic Games/Unreal Projects/Sacrilege/Content/Characters/Grunt/Anims/BS_Grunt_Relaxed.uexp" 2436
"C:/Program Files/Epic Games/Unreal Projects/Sacrilege/Content/Characters/Grunt/Anims/ABP_Grunt.uasset" 2437
"C:/Program Files/Epic Games/Unreal Projects/Sacrilege/Content/Characters/Grunt/Anims/ABP_Grunt.uexp" 2438
"C:/Program Files/Epic Games/Unreal Projects/Sacrilege/Content/Characters/Grunt/Anims/Fire_Additive.uasset" 2439
"C:/Program Files/Epic Games/Unreal Projects/Sacrilege/Content/Characters/Grunt/Anims/Fire_Additive.uexp" 2440
"C:/Program Files/Epic Games/Unreal Projects/Sacrilege/Content/Characters/Grunt/Anims/Fire_Additive_Montage.uasset" 2441
"C:/Program Files/Epic Games/Unreal Projects/Sacrilege/Content/Characters/Grunt/Anims/Fire_Additive_Montage.uexp" 2442
"C:/Program Files/Epic Games/Unreal Projects/Sacrilege/Content/Characters/Grunt/Anims/Hard_Hit_Front.uasset" 2443
"C:/Program Files/Epic Games/Unreal Projects/Sacrilege/Content/Characters/Grunt/Anims/Hard_Hit_Front.uexp" 2444
"C:/Program Files/Epic Games/Unreal Projects/Sacrilege/Content/Characters/Grunt/Anims/Hard_Hit_Front_Montage.uasset" 2445
"C:/Program Files/Epic Games/Unreal Projects/Sacrilege/Content/Characters/Grunt/Anims/Hard_Hit_Front_Montage.uexp" 2446
"C:/Program Files/Epic Games/Unreal Projects/Sacrilege/Content/Sounds/Attenuations/AT_VoiceNormal.uasset" 2447
"C:/Program Files/Epic Games/Unreal Projects/Sacrilege/Content/Sounds/Attenuations/AT_VoiceNormal.uexp" 2448
"C:/Program Files/Epic Games/Unreal Projects/Sacrilege/Content/Characters/Grunt/VA/S_Grunt_Death_01.ubulk" 2449
"C:/Program Files/Epic Games/Unreal Projects/Sacrilege/Content/Characters/Grunt/VA/S_Grunt_Death_01.uasset" 2450
"C:/Program Files/Epic Games/Unreal Projects/Sacrilege/Content/Characters/Grunt/VA/S_Grunt_Death_01.uexp" 2451
"C:/Program Files/Epic Games/Unreal Projects/Sacrilege/Content/Characters/Grunt/VA/S_Grunt_Hurt_02.ubulk" 2452
"C:/Program Files/Epic Games/Unreal Projects/Sacrilege/Content/Characters/Grunt/VA/S_Grunt_Hurt_02.uasset" 2453
"C:/Program Files/Epic Games/Unreal Projects/Sacrilege/Content/Characters/Grunt/VA/S_Grunt_Hurt_02.uexp" 2454
"C:/Program Files/Epic Games/Unreal Projects/Sacrilege/Content/Characters/Grunt/VA/S_Grunt_Hurt_03.ubulk" 2455
"C:/Program Files/Epic Games/Unreal Projects/Sacrilege/Content/Characters/Grunt/VA/S_Grunt_Hurt_03.uasset" 2456
"C:/Program Files/Epic Games/Unreal Projects/Sacrilege/Content/Characters/Grunt/VA/S_Grunt_Hurt_03.uexp" 2457
"C:/Program Files/Epic Games/Unreal Projects/Sacrilege/Content/Characters/Grunt/VA/MS_Grunt_Death.uasset" 2458
"C:/Program Files/Epic Games/Unreal Projects/Sacrilege/Content/Characters/Grunt/VA/MS_Grunt_Death.uexp" 2459
"C:/Program Files/Epic Games/Unreal Projects/Sacrilege/Content/Characters/FPArms/Anims/Hands18_Anim_Armature_VM_Rifle_Idle.uasset" 2460
"C:/Program Files/Epic Games/Unreal Projects/Sacrilege/Content/Characters/FPArms/Anims/Hands18_Anim_Armature_VM_Rifle_Idle.uexp" 2461
"C:/Program Files/Epic Games/Unreal Projects/Sacrilege/Content/Sounds/Air__Hiss__Gas_Leak__Loop_01_SND5852.ubulk" 2462
"C:/Program Files/Epic Games/Unreal Projects/Sacrilege/Content/Sounds/Air__Hiss__Gas_Leak__Loop_01_SND5852.uasset" 2463
"C:/Program Files/Epic Games/Unreal Projects/Sacrilege/Content/Sounds/Air__Hiss__Gas_Leak__Loop_01_SND5852.uexp" 2464
"C:/Program Files/Epic Games/Unreal Projects/Sacrilege/Content/Sounds/Impact_-_Tech_Debris_12.ubulk" 2465
"C:/Program Files/Epic Games/Unreal Projects/Sacrilege/Content/Sounds/Impact_-_Tech_Debris_12.uasset" 2466
"C:/Program Files/Epic Games/Unreal Projects/Sacrilege/Content/Sounds/Impact_-_Tech_Debris_12.uexp" 2467
"C:/Program Files/Epic Games/Unreal Projects/Sacrilege/Content/Objects/Props/Explosives/PropaneTankSmall/MS_PropaneTank.uasset" 2468
"C:/Program Files/Epic Games/Unreal Projects/Sacrilege/Content/Objects/Props/Explosives/PropaneTankSmall/MS_PropaneTank.uexp" 2469
"C:/Program Files/Epic Games/Unreal Projects/Sacrilege/Content/Characters/Grunt/BP_Grunt_Base.uasset" 2470
"C:/Program Files/Epic Games/Unreal Projects/Sacrilege/Content/Characters/Grunt/BP_Grunt_Base.uexp" 2471
"C:/Program Files/Epic Games/Unreal Projects/Sacrilege/Content/Characters/Grunt/Classes/BP_Grunt_Medium.uasset" 2472
"C:/Program Files/Epic Games/Unreal Projects/Sacrilege/Content/Characters/Grunt/Classes/BP_Grunt_Medium.uexp" 2473
"C:/Program Files/Epic Games/Unreal Projects/Sacrilege/Content/Objects/BP_Barracks.uasset" 2474
"C:/Program Files/Epic Games/Unreal Projects/Sacrilege/Content/Objects/BP_Barracks.uexp" 2475
"C:/Program Files/Epic Games/Unreal Projects/Sacrilege/Content/Sounds/S_Planes_-_10_-_Takeoff_-_C_1.ubulk" 2476
"C:/Program Files/Epic Games/Unreal Projects/Sacrilege/Content/Sounds/S_Planes_-_10_-_Takeoff_-_C_1.uasset" 2477
"C:/Program Files/Epic Games/Unreal Projects/Sacrilege/Content/Sounds/S_Planes_-_10_-_Takeoff_-_C_1.uexp" 2478
"C:/Program Files/Epic Games/Unreal Projects/Sacrilege/Content/Objects/Vehicles/DropPod/AT_DropPodIdle.uasset" 2479
"C:/Program Files/Epic Games/Unreal Projects/Sacrilege/Content/Objects/Vehicles/DropPod/AT_DropPodIdle.uexp" 2480
"C:/Program Files/Epic Games/Unreal Projects/Sacrilege/Content/Objects/Vehicles/DropPod/MS_DropPodIdle.uasset" 2481
"C:/Program Files/Epic Games/Unreal Projects/Sacrilege/Content/Objects/Vehicles/DropPod/MS_DropPodIdle.uexp" 2482
"C:/Program Files/Epic Games/Unreal Projects/Sacrilege/Content/MaterialLibrary/MI_Metal_Olive_Green.uasset" 2483
"C:/Program Files/Epic Games/Unreal Projects/Sacrilege/Content/MaterialLibrary/MI_Metal_Olive_Green.uexp" 2484
"C:/Program Files/Epic Games/Unreal Projects/Sacrilege/Content/Objects/Vehicles/DropPod/DropPod_PhysicsAsset.uasset" 2485
"C:/Program Files/Epic Games/Unreal Projects/Sacrilege/Content/Objects/Vehicles/DropPod/DropPod_PhysicsAsset.uexp" 2486
"C:/Program Files/Epic Games/Unreal Projects/Sacrilege/Content/Objects/Vehicles/DropPod/DropPod_Skeleton.uasset" 2487
"C:/Program Files/Epic Games/Unreal Projects/Sacrilege/Content/Objects/Vehicles/DropPod/DropPod_Skeleton.uexp" 2488
"C:/Program Files/Epic Games/Unreal Projects/Sacrilege/Content/Objects/Vehicles/DropPod/DropPod.uasset" 2489
"C:/Program Files/Epic Games/Unreal Projects/Sacrilege/Content/Objects/Vehicles/DropPod/DropPod.uexp" 2490
"C:/Program Files/Epic Games/Unreal Projects/Sacrilege/Content/Objects/Vehicles/DropPod/BP_DropPodCameraShake.uasset" 2491
"C:/Program Files/Epic Games/Unreal Projects/Sacrilege/Content/Objects/Vehicles/DropPod/BP_DropPodCameraShake.uexp" 2492
"C:/Program Files/Epic Games/Unreal Projects/Sacrilege/Content/Objects/Vehicles/DropPod/DropPodZVelCurve.uasset" 2493
"C:/Program Files/Epic Games/Unreal Projects/Sacrilege/Content/Objects/Vehicles/DropPod/DropPodZVelCurve.uexp" 2494
"C:/Program Files/Epic Games/Unreal Projects/Sacrilege/Content/Objects/Vehicles/DropPod/SM_DropPodPanel.ubulk" 2495
"C:/Program Files/Epic Games/Unreal Projects/Sacrilege/Content/Objects/Vehicles/DropPod/SM_DropPodPanel.uasset" 2496
"C:/Program Files/Epic Games/Unreal Projects/Sacrilege/Content/Objects/Vehicles/DropPod/SM_DropPodPanel.uexp" 2497
"C:/Program Files/Epic Games/Unreal Projects/Sacrilege/Content/Objects/Vehicles/DropPod/BP_DropPod.uasset" 2498
"C:/Program Files/Epic Games/Unreal Projects/Sacrilege/Content/Objects/Vehicles/DropPod/BP_DropPod.uexp" 2499
"C:/Program Files/Epic Games/Unreal Projects/Sacrilege/Content/Sounds/CableDetach00.ubulk" 2500
"C:/Program Files/Epic Games/Unreal Projects/Sacrilege/Content/Sounds/CableDetach00.uasset" 2501
"C:/Program Files/Epic Games/Unreal Projects/Sacrilege/Content/Sounds/CableDetach00.uexp" 2502
"C:/Program Files/Epic Games/Unreal Projects/Sacrilege/Content/Core/BP_BulletFiringComponent.uasset" 2503
"C:/Program Files/Epic Games/Unreal Projects/Sacrilege/Content/Core/BP_BulletFiringComponent.uexp" 2504
"../../../Engine/Content/EditorResources/S_Pawn.uasset" 2505
"../../../Engine/Content/EditorResources/S_Pawn.uexp" 2506
"C:/Program Files/Epic Games/Unreal Projects/Sacrilege/Content/AI/AIC_Turret.uasset" 2507
"C:/Program Files/Epic Games/Unreal Projects/Sacrilege/Content/AI/AIC_Turret.uexp" 2508
"C:/Program Files/Epic Games/Unreal Projects/Sacrilege/Content/Core/Input/Actions/IA_Reload.uasset" 2509
"C:/Program Files/Epic Games/Unreal Projects/Sacrilege/Content/Core/Input/Actions/IA_Reload.uexp" 2510
"C:/Program Files/Epic Games/Unreal Projects/Sacrilege/Content/Core/Input/Actions/IA_Shoot.uasset" 2511
"C:/Program Files/Epic Games/Unreal Projects/Sacrilege/Content/Core/Input/Actions/IA_Shoot.uexp" 2512
"C:/Program Files/Epic Games/Unreal Projects/Sacrilege/Content/Core/Input/Actions/IA_ThrowGrenade.uasset" 2513
"C:/Program Files/Epic Games/Unreal Projects/Sacrilege/Content/Core/Input/Actions/IA_ThrowGrenade.uexp" 2514
"C:/Program Files/Epic Games/Unreal Projects/Sacrilege/Content/Core/Input/Actions/IA_SwitchWeapon.uasset" 2515
"C:/Program Files/Epic Games/Unreal Projects/Sacrilege/Content/Core/Input/Actions/IA_SwitchWeapon.uexp" 2516
"C:/Program Files/Epic Games/Unreal Projects/Sacrilege/Content/Core/Input/Actions/IA_SwitchGrenade.uasset" 2517
"C:/Program Files/Epic Games/Unreal Projects/Sacrilege/Content/Core/Input/Actions/IA_SwitchGrenade.uexp" 2518
"C:/Program Files/Epic Games/Unreal Projects/Sacrilege/Content/Core/Input/Actions/IA_ShootSecondary.uasset" 2519
"C:/Program Files/Epic Games/Unreal Projects/Sacrilege/Content/Core/Input/Actions/IA_ShootSecondary.uexp" 2520
"C:/Program Files/Epic Games/Unreal Projects/Sacrilege/Content/Core/Input/Actions/IA_UseEquipment.uasset" 2521
"C:/Program Files/Epic Games/Unreal Projects/Sacrilege/Content/Core/Input/Actions/IA_UseEquipment.uexp" 2522
"C:/Program Files/Epic Games/Unreal Projects/Sacrilege/Content/Core/Input/Actions/IA_Interact.uasset" 2523
"C:/Program Files/Epic Games/Unreal Projects/Sacrilege/Content/Core/Input/Actions/IA_Interact.uexp" 2524
"C:/Program Files/Epic Games/Unreal Projects/Sacrilege/Content/Core/Input/Actions/IA_Jump.uasset" 2525
"C:/Program Files/Epic Games/Unreal Projects/Sacrilege/Content/Core/Input/Actions/IA_Jump.uexp" 2526
"C:/Program Files/Epic Games/Unreal Projects/Sacrilege/Content/Core/Input/Actions/IA_Melee.uasset" 2527
"C:/Program Files/Epic Games/Unreal Projects/Sacrilege/Content/Core/Input/Actions/IA_Melee.uexp" 2528
"C:/Program Files/Epic Games/Unreal Projects/Sacrilege/Content/Core/Input/Actions/IA_Scope.uasset" 2529
"C:/Program Files/Epic Games/Unreal Projects/Sacrilege/Content/Core/Input/Actions/IA_Scope.uexp" 2530
"C:/Program Files/Epic Games/Unreal Projects/Sacrilege/Content/Core/Input/Actions/IA_ToggleFlashlight.uasset" 2531
"C:/Program Files/Epic Games/Unreal Projects/Sacrilege/Content/Core/Input/Actions/IA_ToggleFlashlight.uexp" 2532
"C:/Program Files/Epic Games/Unreal Projects/Sacrilege/Content/Core/Input/Actions/IA_UsePDA.uasset" 2533
"C:/Program Files/Epic Games/Unreal Projects/Sacrilege/Content/Core/Input/Actions/IA_UsePDA.uexp" 2534
"C:/Program Files/Epic Games/Unreal Projects/Sacrilege/Content/Core/Input/IMC_Infantry.uasset" 2535
"C:/Program Files/Epic Games/Unreal Projects/Sacrilege/Content/Core/Input/IMC_Infantry.uexp" 2536
"C:/Program Files/Epic Games/Unreal Projects/Sacrilege/Content/Core/BP_PassengerSeat.uasset" 2537
"C:/Program Files/Epic Games/Unreal Projects/Sacrilege/Content/Core/BP_PassengerSeat.uexp" 2538
"C:/Program Files/Epic Games/Unreal Projects/Sacrilege/Content/EditorTools/T_Thumbnail_BP_Hornet.ubulk" 2539
"C:/Program Files/Epic Games/Unreal Projects/Sacrilege/Content/EditorTools/T_Thumbnail_BP_Hornet.uasset" 2540
"C:/Program Files/Epic Games/Unreal Projects/Sacrilege/Content/EditorTools/T_Thumbnail_BP_Hornet.uexp" 2541
"C:/Program Files/Epic Games/Unreal Projects/Sacrilege/Content/UI/Icons/HornetCrosshair.ubulk" 2542
"C:/Program Files/Epic Games/Unreal Projects/Sacrilege/Content/UI/Icons/HornetCrosshair.uasset" 2543
"C:/Program Files/Epic Games/Unreal Projects/Sacrilege/Content/UI/Icons/HornetCrosshair.uexp" 2544
"C:/Program Files/Epic Games/Unreal Projects/Sacrilege/Content/UI/WBP_HornetHUD.uasset" 2545
"C:/Program Files/Epic Games/Unreal Projects/Sacrilege/Content/UI/WBP_HornetHUD.uexp" 2546
"C:/Program Files/Epic Games/Unreal Projects/Sacrilege/Content/AI/BTTask_FindRandomPoint.uasset" 2547
"C:/Program Files/Epic Games/Unreal Projects/Sacrilege/Content/AI/BTTask_FindRandomPoint.uexp" 2548
"C:/Program Files/Epic Games/Unreal Projects/Sacrilege/Content/AI/BTTask_FindSpawner.uasset" 2549
"C:/Program Files/Epic Games/Unreal Projects/Sacrilege/Content/AI/BTTask_FindSpawner.uexp" 2550
"C:/Program Files/Epic Games/Unreal Projects/Sacrilege/Content/Core/ActivatableInterface.uasset" 2551
"C:/Program Files/Epic Games/Unreal Projects/Sacrilege/Content/Core/ActivatableInterface.uexp" 2552
"C:/Program Files/Epic Games/Unreal Projects/Sacrilege/Content/Core/BP_HoverComponent.uasset" 2553
"C:/Program Files/Epic Games/Unreal Projects/Sacrilege/Content/Core/BP_HoverComponent.uexp" 2554
"C:/Program Files/Epic Games/Unreal Projects/Sacrilege/Content/Core/ShortLifeLight_Blue.uasset" 2555
"C:/Program Files/Epic Games/Unreal Projects/Sacrilege/Content/Core/ShortLifeLight_Blue.uexp" 2556
"C:/Program Files/Epic Games/Unreal Projects/Sacrilege/Content/EditorTools/T_Thumbnail_BP_Ghost.uasset" 2557
"C:/Program Files/Epic Games/Unreal Projects/Sacrilege/Content/EditorTools/T_Thumbnail_BP_Ghost.uexp" 2558
"C:/Program Files/Epic Games/Unreal Projects/Sacrilege/Content/UI/Icons/Crosshairs/T_GhostCrosshair.ubulk" 2559
"C:/Program Files/Epic Games/Unreal Projects/Sacrilege/Content/UI/Icons/Crosshairs/T_GhostCrosshair.uasset" 2560
"C:/Program Files/Epic Games/Unreal Projects/Sacrilege/Content/UI/Icons/Crosshairs/T_GhostCrosshair.uexp" 2561
"C:/Program Files/Epic Games/Unreal Projects/Sacrilege/Content/UI/WBP_Ghost.uasset" 2562
"C:/Program Files/Epic Games/Unreal Projects/Sacrilege/Content/UI/WBP_Ghost.uexp" 2563
"C:/Program Files/Epic Games/Unreal Projects/Sacrilege/Content/AI/BTTask_SafeMoveTo.uasset" 2564
"C:/Program Files/Epic Games/Unreal Projects/Sacrilege/Content/AI/BTTask_SafeMoveTo.uexp" 2565
"C:/Program Files/Epic Games/Unreal Projects/Sacrilege/Content/AI/BT_PatrolArea.uasset" 2566
"C:/Program Files/Epic Games/Unreal Projects/Sacrilege/Content/AI/BT_PatrolArea.uexp" 2567
"C:/Program Files/Epic Games/Unreal Projects/Sacrilege/Content/AI/BTTask_SetCrouched.uasset" 2568
"C:/Program Files/Epic Games/Unreal Projects/Sacrilege/Content/AI/BTTask_SetCrouched.uexp" 2569
"C:/Program Files/Epic Games/Unreal Projects/Sacrilege/Content/AI/BT_InvestigateStimulus.uasset" 2570
"C:/Program Files/Epic Games/Unreal Projects/Sacrilege/Content/AI/BT_InvestigateStimulus.uexp" 2571
"C:/Program Files/Epic Games/Unreal Projects/Sacrilege/Content/AI/BTTask_ClearFocus.uasset" 2572
"C:/Program Files/Epic Games/Unreal Projects/Sacrilege/Content/AI/BTTask_ClearFocus.uexp" 2573
"C:/Program Files/Epic Games/Unreal Projects/Sacrilege/Content/AI/BTDecorator_RandomChance.uasset" 2574
"C:/Program Files/Epic Games/Unreal Projects/Sacrilege/Content/AI/BTDecorator_RandomChance.uexp" 2575
"C:/Program Files/Epic Games/Unreal Projects/Sacrilege/Content/AI/BTService_Boost.uasset" 2576
"C:/Program Files/Epic Games/Unreal Projects/Sacrilege/Content/AI/BTService_Boost.uexp" 2577
"C:/Program Files/Epic Games/Unreal Projects/Sacrilege/Content/AI/BTTask_GetRandomPointAroundKey.uasset" 2578
"C:/Program Files/Epic Games/Unreal Projects/Sacrilege/Content/AI/BTTask_GetRandomPointAroundKey.uexp" 2579
"C:/Program Files/Epic Games/Unreal Projects/Sacrilege/Content/AI/BTTask_Roadkill.uasset" 2580
"C:/Program Files/Epic Games/Unreal Projects/Sacrilege/Content/AI/BTTask_Roadkill.uexp" 2581
"C:/Program Files/Epic Games/Unreal Projects/Sacrilege/Content/AI/BT_Ghost.uasset" 2582
"C:/Program Files/Epic Games/Unreal Projects/Sacrilege/Content/AI/BT_Ghost.uexp" 2583
"C:/Program Files/Epic Games/Unreal Projects/Sacrilege/Content/AI/BP_AICGhost.uasset" 2584
"C:/Program Files/Epic Games/Unreal Projects/Sacrilege/Content/AI/BP_AICGhost.uexp" 2585
"C:/Program Files/Epic Games/Unreal Projects/Sacrilege/Content/Objects/Projectiles/NS_PlasmaProjectileHitBlue.uasset" 2586
"C:/Program Files/Epic Games/Unreal Projects/Sacrilege/Content/Objects/Projectiles/NS_PlasmaProjectileHitBlue.uexp" 2587
"C:/Program Files/Epic Games/Unreal Projects/Sacrilege/Content/Objects/Projectiles/NS_PlasmaTrailBlue.uasset" 2588
"C:/Program Files/Epic Games/Unreal Projects/Sacrilege/Content/Objects/Projectiles/NS_PlasmaTrailBlue.uexp" 2589
"C:/Program Files/Epic Games/Unreal Projects/Sacrilege/Content/Objects/Projectiles/BP_PlasmaRifleProjectile.uasset" 2590
"C:/Program Files/Epic Games/Unreal Projects/Sacrilege/Content/Objects/Projectiles/BP_PlasmaRifleProjectile.uexp" 2591
"C:/Program Files/Epic Games/Unreal Projects/Sacrilege/Content/ParticleEffects/NS_BoostRibbons.uasset" 2592
"C:/Program Files/Epic Games/Unreal Projects/Sacrilege/Content/ParticleEffects/NS_BoostRibbons.uexp" 2593
"C:/Program Files/Epic Games/Unreal Projects/Sacrilege/Content/ParticleEffects/NS_HoverEffect.uasset" 2594
"C:/Program Files/Epic Games/Unreal Projects/Sacrilege/Content/ParticleEffects/NS_HoverEffect.uexp" 2595
"../../../Engine/Plugins/FX/Niagara/Content/VectorFields/Assets/TilingCurl32.uasset" 2596
"../../../Engine/Plugins/FX/Niagara/Content/VectorFields/Assets/TilingCurl32.uexp" 2597
"C:/Program Files/Epic Games/Unreal Projects/Sacrilege/Content/ParticleEffects/NS_PlasmaFire1.uasset" 2598
"C:/Program Files/Epic Games/Unreal Projects/Sacrilege/Content/ParticleEffects/NS_PlasmaFire1.uexp" 2599
"C:/Program Files/Epic Games/Unreal Projects/Sacrilege/Content/Objects/Vehicles/Boost/S_boost_loop.ubulk" 2600
"C:/Program Files/Epic Games/Unreal Projects/Sacrilege/Content/Objects/Vehicles/Boost/S_boost_loop.uasset" 2601
"C:/Program Files/Epic Games/Unreal Projects/Sacrilege/Content/Objects/Vehicles/Boost/S_boost_loop.uexp" 2602
"C:/Program Files/Epic Games/Unreal Projects/Sacrilege/Content/Objects/Vehicles/Boost/S_boost_start.ubulk" 2603
"C:/Program Files/Epic Games/Unreal Projects/Sacrilege/Content/Objects/Vehicles/Boost/S_boost_start.uasset" 2604
"C:/Program Files/Epic Games/Unreal Projects/Sacrilege/Content/Objects/Vehicles/Boost/S_boost_start.uexp" 2605
"C:/Program Files/Epic Games/Unreal Projects/Sacrilege/Content/Objects/Vehicles/Boost/S_boost_stop.ubulk" 2606
"C:/Program Files/Epic Games/Unreal Projects/Sacrilege/Content/Objects/Vehicles/Boost/S_boost_stop.uasset" 2607
"C:/Program Files/Epic Games/Unreal Projects/Sacrilege/Content/Objects/Vehicles/Boost/S_boost_stop.uexp" 2608
"C:/Program Files/Epic Games/Unreal Projects/Sacrilege/Content/Sounds/Explosions/S_SciFiExplosionBassy.ubulk" 2609
"C:/Program Files/Epic Games/Unreal Projects/Sacrilege/Content/Sounds/Explosions/S_SciFiExplosionBassy.uasset" 2610
"C:/Program Files/Epic Games/Unreal Projects/Sacrilege/Content/Sounds/Explosions/S_SciFiExplosionBassy.uexp" 2611
"C:/Program Files/Epic Games/Unreal Projects/Sacrilege/Content/Sounds/Explosions/MS_GenericExplosion02.uasset" 2612
"C:/Program Files/Epic Games/Unreal Projects/Sacrilege/Content/Sounds/Explosions/MS_GenericExplosion02.uexp" 2613
"C:/Program Files/Epic Games/Unreal Projects/Sacrilege/Content/MaterialLibrary/MI_Metal_Purple.uasset" 2614
"C:/Program Files/Epic Games/Unreal Projects/Sacrilege/Content/MaterialLibrary/MI_Metal_Purple.uexp" 2615
"C:/Program Files/Epic Games/Unreal Projects/Sacrilege/Content/Objects/Vehicles/Ghost/ghost_PhysicsAsset.uasset" 2616
"C:/Program Files/Epic Games/Unreal Projects/Sacrilege/Content/Objects/Vehicles/Ghost/ghost_PhysicsAsset.uexp" 2617
"C:/Program Files/Epic Games/Unreal Projects/Sacrilege/Content/Objects/Vehicles/Ghost/ghost_Skeleton.uasset" 2618
"C:/Program Files/Epic Games/Unreal Projects/Sacrilege/Content/Objects/Vehicles/Ghost/ghost_Skeleton.uexp" 2619
"C:/Program Files/Epic Games/Unreal Projects/Sacrilege/Content/Objects/Vehicles/Ghost/ghost.uasset" 2620
"C:/Program Files/Epic Games/Unreal Projects/Sacrilege/Content/Objects/Vehicles/Ghost/ghost.uexp" 2621
"C:/Program Files/Epic Games/Unreal Projects/Sacrilege/Content/Objects/Vehicles/Ghost/S_GhostHover.ubulk" 2622
"C:/Program Files/Epic Games/Unreal Projects/Sacrilege/Content/Objects/Vehicles/Ghost/S_GhostHover.uasset" 2623
"C:/Program Files/Epic Games/Unreal Projects/Sacrilege/Content/Objects/Vehicles/Ghost/S_GhostHover.uexp" 2624
"C:/Program Files/Epic Games/Unreal Projects/Sacrilege/Content/Objects/Vehicles/Ghost/S_DSGNSrce_Stop_Time_Drop_Diego_Hodge_Noisevember_2022.ubulk" 2625
"C:/Program Files/Epic Games/Unreal Projects/Sacrilege/Content/Objects/Vehicles/Ghost/S_DSGNSrce_Stop_Time_Drop_Diego_Hodge_Noisevember_2022.uasset" 2626
"C:/Program Files/Epic Games/Unreal Projects/Sacrilege/Content/Objects/Vehicles/Ghost/S_DSGNSrce_Stop_Time_Drop_Diego_Hodge_Noisevember_2022.uexp" 2627
"C:/Program Files/Epic Games/Unreal Projects/Sacrilege/Content/Objects/Vehicles/Ghost/S_GhostEngineStart.ubulk" 2628
"C:/Program Files/Epic Games/Unreal Projects/Sacrilege/Content/Objects/Vehicles/Ghost/S_GhostEngineStart.uasset" 2629
"C:/Program Files/Epic Games/Unreal Projects/Sacrilege/Content/Objects/Vehicles/Ghost/S_GhostEngineStart.uexp" 2630
"C:/Program Files/Epic Games/Unreal Projects/Sacrilege/Content/Objects/Vehicles/Ghost/MS_GhostEngine.uasset" 2631
"C:/Program Files/Epic Games/Unreal Projects/Sacrilege/Content/Objects/Vehicles/Ghost/MS_GhostEngine.uexp" 2632
"C:/Program Files/Epic Games/Unreal Projects/Sacrilege/Content/Objects/Vehicles/Ghost/S_Scifi__Weapon__Plasma_Rifle_02_SND28436.ubulk" 2633
"C:/Program Files/Epic Games/Unreal Projects/Sacrilege/Content/Objects/Vehicles/Ghost/S_Scifi__Weapon__Plasma_Rifle_02_SND28436.uasset" 2634
"C:/Program Files/Epic Games/Unreal Projects/Sacrilege/Content/Objects/Vehicles/Ghost/S_Scifi__Weapon__Plasma_Rifle_02_SND28436.uexp" 2635
"C:/Program Files/Epic Games/Unreal Projects/Sacrilege/Content/Objects/Vehicles/Ghost/MS_Ghost_Fire.uasset" 2636
"C:/Program Files/Epic Games/Unreal Projects/Sacrilege/Content/Objects/Vehicles/Ghost/MS_Ghost_Fire.uexp" 2637
"../../../Engine/Content/Functions/Engine_MaterialFunctions01/Gradient/RadialGradient.uasset" 2638
"../../../Engine/Content/Functions/Engine_MaterialFunctions01/Gradient/RadialGradient.uexp" 2639
"C:/Program Files/Epic Games/Unreal Projects/Sacrilege/Content/StarterContent/Particles/Materials/M_Radial_Gradient.uasset" 2640
"C:/Program Files/Epic Games/Unreal Projects/Sacrilege/Content/StarterContent/Particles/Materials/M_Radial_Gradient.uexp" 2641
"C:/Program Files/Epic Games/Unreal Projects/Sacrilege/Content/Objects/Vehicles/Turrets/Turret_Plasma/NS_SpectreFire.uasset" 2642
"C:/Program Files/Epic Games/Unreal Projects/Sacrilege/Content/Objects/Vehicles/Turrets/Turret_Plasma/NS_SpectreFire.uexp" 2643
"C:/Program Files/Epic Games/Unreal Projects/Sacrilege/Content/Objects/Vehicles/Ghost/BP_Ghost.uasset" 2644
"C:/Program Files/Epic Games/Unreal Projects/Sacrilege/Content/Objects/Vehicles/Ghost/BP_Ghost.uexp" 2645
"C:/Program Files/Epic Games/Unreal Projects/Sacrilege/Content/EditorTools/T_Thumbnail_Wraith1.uasset" 2646
"C:/Program Files/Epic Games/Unreal Projects/Sacrilege/Content/EditorTools/T_Thumbnail_Wraith1.uexp" 2647
"C:/Program Files/Epic Games/Unreal Projects/Sacrilege/Content/UI/Icons/Crosshairs/T_WraithCrosshair.ubulk" 2648
"C:/Program Files/Epic Games/Unreal Projects/Sacrilege/Content/UI/Icons/Crosshairs/T_WraithCrosshair.uasset" 2649
"C:/Program Files/Epic Games/Unreal Projects/Sacrilege/Content/UI/Icons/Crosshairs/T_WraithCrosshair.uexp" 2650
"C:/Program Files/Epic Games/Unreal Projects/Sacrilege/Content/UI/WBP_WraithHUD.uasset" 2651
"C:/Program Files/Epic Games/Unreal Projects/Sacrilege/Content/UI/WBP_WraithHUD.uexp" 2652
"C:/Program Files/Epic Games/Unreal Projects/Sacrilege/Content/EditorTools/T_Thumbnail_BP_SpectreTurret.uasset" 2653
"C:/Program Files/Epic Games/Unreal Projects/Sacrilege/Content/EditorTools/T_Thumbnail_BP_SpectreTurret.uexp" 2654
"C:/Program Files/Epic Games/Unreal Projects/Sacrilege/Content/UI/Icons/Crosshairs/T_PlasmaTurretCrosshair.ubulk" 2655
"C:/Program Files/Epic Games/Unreal Projects/Sacrilege/Content/UI/Icons/Crosshairs/T_PlasmaTurretCrosshair.uasset" 2656
"C:/Program Files/Epic Games/Unreal Projects/Sacrilege/Content/UI/Icons/Crosshairs/T_PlasmaTurretCrosshair.uexp" 2657
"C:/Program Files/Epic Games/Unreal Projects/Sacrilege/Content/UI/WBP_SpectreTurret.uasset" 2658
"C:/Program Files/Epic Games/Unreal Projects/Sacrilege/Content/UI/WBP_SpectreTurret.uexp" 2659
"C:/Program Files/Epic Games/Unreal Projects/Sacrilege/Content/Objects/Projectiles/NS_PlasmaProjectileHitRed.uasset" 2660
"C:/Program Files/Epic Games/Unreal Projects/Sacrilege/Content/Objects/Projectiles/NS_PlasmaProjectileHitRed.uexp" 2661
"C:/Program Files/Epic Games/Unreal Projects/Sacrilege/Content/Objects/Projectiles/NS_PlasmaTrailRed.uasset" 2662
"C:/Program Files/Epic Games/Unreal Projects/Sacrilege/Content/Objects/Projectiles/NS_PlasmaTrailRed.uexp" 2663
"C:/Program Files/Epic Games/Unreal Projects/Sacrilege/Content/Objects/Projectiles/BP_BrutePlasmaRifleProjectile.uasset" 2664
"C:/Program Files/Epic Games/Unreal Projects/Sacrilege/Content/Objects/Projectiles/BP_BrutePlasmaRifleProjectile.uexp" 2665
"C:/Program Files/Epic Games/Unreal Projects/Sacrilege/Content/Objects/Weapons/AssaultRifle/S_Gunshot_01.ubulk" 2666
"C:/Program Files/Epic Games/Unreal Projects/Sacrilege/Content/Objects/Weapons/AssaultRifle/S_Gunshot_01.uasset" 2667
"C:/Program Files/Epic Games/Unreal Projects/Sacrilege/Content/Objects/Weapons/AssaultRifle/S_Gunshot_01.uexp" 2668
"C:/Program Files/Epic Games/Unreal Projects/Sacrilege/Content/Sounds/Explosions/DESTRCrsh_Designed_Car_Explosion_With_Metal_Breaking_And_Glass_Shattering__06_DDUMAIS_NONE.ubulk" 2669
"C:/Program Files/Epic Games/Unreal Projects/Sacrilege/Content/Sounds/Explosions/DESTRCrsh_Designed_Car_Explosion_With_Metal_Breaking_And_Glass_Shattering__06_DDUMAIS_NONE.uasset" 2670
"C:/Program Files/Epic Games/Unreal Projects/Sacrilege/Content/Sounds/Explosions/DESTRCrsh_Designed_Car_Explosion_With_Metal_Breaking_And_Glass_Shattering__06_DDUMAIS_NONE.uexp" 2671
"C:/Program Files/Epic Games/Unreal Projects/Sacrilege/Content/Sounds/Explosions/MS_GenericExplosion03.uasset" 2672
"C:/Program Files/Epic Games/Unreal Projects/Sacrilege/Content/Sounds/Explosions/MS_GenericExplosion03.uexp" 2673
"C:/Program Files/Epic Games/Unreal Projects/Sacrilege/Content/Objects/Vehicles/Turrets/Turret_Gatling/GatlingTurret_PhysicsAsset.uasset" 2674
"C:/Program Files/Epic Games/Unreal Projects/Sacrilege/Content/Objects/Vehicles/Turrets/Turret_Gatling/GatlingTurret_PhysicsAsset.uexp" 2675
"C:/Program Files/Epic Games/Unreal Projects/Sacrilege/Content/Objects/Vehicles/Turrets/Turret_Gatling/GatlingTurret_Skeleton.uasset" 2676
"C:/Program Files/Epic Games/Unreal Projects/Sacrilege/Content/Objects/Vehicles/Turrets/Turret_Gatling/GatlingTurret_Skeleton.uexp" 2677
"C:/Program Files/Epic Games/Unreal Projects/Sacrilege/Content/Objects/Vehicles/Turrets/Turret_Gatling/GatlingTurret.uasset" 2678
"C:/Program Files/Epic Games/Unreal Projects/Sacrilege/Content/Objects/Vehicles/Turrets/Turret_Gatling/GatlingTurret.uexp" 2679
"C:/Program Files/Epic Games/Unreal Projects/Sacrilege/Content/Objects/Vehicles/ABP_TurretTemplate.uasset" 2680
"C:/Program Files/Epic Games/Unreal Projects/Sacrilege/Content/Objects/Vehicles/ABP_TurretTemplate.uexp" 2681
"C:/Program Files/Epic Games/Unreal Projects/Sacrilege/Content/Objects/Vehicles/Turrets/Turret_Gatling/Anims/GatlingTurret_LookUp.uasset" 2682
"C:/Program Files/Epic Games/Unreal Projects/Sacrilege/Content/Objects/Vehicles/Turrets/Turret_Gatling/Anims/GatlingTurret_LookUp.uexp" 2683
"C:/Program Files/Epic Games/Unreal Projects/Sacrilege/Content/Objects/Vehicles/Turrets/Turret_Gatling/Anims/GatlingTurret_LookCenter.uasset" 2684
"C:/Program Files/Epic Games/Unreal Projects/Sacrilege/Content/Objects/Vehicles/Turrets/Turret_Gatling/Anims/GatlingTurret_LookCenter.uexp" 2685
"C:/Program Files/Epic Games/Unreal Projects/Sacrilege/Content/Objects/Vehicles/Turrets/Turret_Gatling/Anims/GatlingTurret_LookDown.uasset" 2686
"C:/Program Files/Epic Games/Unreal Projects/Sacrilege/Content/Objects/Vehicles/Turrets/Turret_Gatling/Anims/GatlingTurret_LookDown.uexp" 2687
"C:/Program Files/Epic Games/Unreal Projects/Sacrilege/Content/Objects/Vehicles/Turrets/Turret_Gatling/Anims/BS_GatlingAim.uasset" 2688
"C:/Program Files/Epic Games/Unreal Projects/Sacrilege/Content/Objects/Vehicles/Turrets/Turret_Gatling/Anims/BS_GatlingAim.uexp" 2689
"C:/Program Files/Epic Games/Unreal Projects/Sacrilege/Content/Objects/Vehicles/Turrets/Turret_Gatling/Anims/ABP_GatlingTurret.uasset" 2690
"C:/Program Files/Epic Games/Unreal Projects/Sacrilege/Content/Objects/Vehicles/Turrets/Turret_Gatling/Anims/ABP_GatlingTurret.uexp" 2691
"C:/Program Files/Epic Games/Unreal Projects/Sacrilege/Content/Objects/Vehicles/Turrets/BP_TurretBase.uasset" 2692
"C:/Program Files/Epic Games/Unreal Projects/Sacrilege/Content/Objects/Vehicles/Turrets/BP_TurretBase.uexp" 2693
"C:/Program Files/Epic Games/Unreal Projects/Sacrilege/Content/Objects/Vehicles/Turrets/Turret_Plasma/S_Scifi__Weapon__Plasma_Machine_Gun__Long_SND28402.ubulk" 2694
"C:/Program Files/Epic Games/Unreal Projects/Sacrilege/Content/Objects/Vehicles/Turrets/Turret_Plasma/S_Scifi__Weapon__Plasma_Machine_Gun__Long_SND28402.uasset" 2695
"C:/Program Files/Epic Games/Unreal Projects/Sacrilege/Content/Objects/Vehicles/Turrets/Turret_Plasma/S_Scifi__Weapon__Plasma_Machine_Gun__Long_SND28402.uexp" 2696
"C:/Program Files/Epic Games/Unreal Projects/Sacrilege/Content/Objects/Vehicles/Turrets/Turret_Plasma/MS_SpectreFire.uasset" 2697
"C:/Program Files/Epic Games/Unreal Projects/Sacrilege/Content/Objects/Vehicles/Turrets/Turret_Plasma/MS_SpectreFire.uexp" 2698
"C:/Program Files/Epic Games/Unreal Projects/Sacrilege/Content/Objects/Vehicles/Turrets/Turret_Plasma/SpectreTurret_PhysicsAsset.uasset" 2699
"C:/Program Files/Epic Games/Unreal Projects/Sacrilege/Content/Objects/Vehicles/Turrets/Turret_Plasma/SpectreTurret_PhysicsAsset.uexp" 2700
"C:/Program Files/Epic Games/Unreal Projects/Sacrilege/Content/Objects/Vehicles/Turrets/Turret_Plasma/SpectreTurret_Skeleton.uasset" 2701
"C:/Program Files/Epic Games/Unreal Projects/Sacrilege/Content/Objects/Vehicles/Turrets/Turret_Plasma/SpectreTurret_Skeleton.uexp" 2702
"C:/Program Files/Epic Games/Unreal Projects/Sacrilege/Content/Objects/Vehicles/Turrets/Turret_Plasma/SpectreTurret.uasset" 2703
"C:/Program Files/Epic Games/Unreal Projects/Sacrilege/Content/Objects/Vehicles/Turrets/Turret_Plasma/SpectreTurret.uexp" 2704
"C:/Program Files/Epic Games/Unreal Projects/Sacrilege/Content/Objects/Vehicles/Turrets/Turret_Plasma/Anims/SpectreTurret_AimCenter.uasset" 2705
"C:/Program Files/Epic Games/Unreal Projects/Sacrilege/Content/Objects/Vehicles/Turrets/Turret_Plasma/Anims/SpectreTurret_AimCenter.uexp" 2706
"C:/Program Files/Epic Games/Unreal Projects/Sacrilege/Content/Objects/Vehicles/Turrets/Turret_Plasma/Anims/SpectreTurret_AimDown.uasset" 2707
"C:/Program Files/Epic Games/Unreal Projects/Sacrilege/Content/Objects/Vehicles/Turrets/Turret_Plasma/Anims/SpectreTurret_AimDown.uexp" 2708
"C:/Program Files/Epic Games/Unreal Projects/Sacrilege/Content/Objects/Vehicles/Turrets/Turret_Plasma/Anims/SpectreTurret_AimUp.uasset" 2709
"C:/Program Files/Epic Games/Unreal Projects/Sacrilege/Content/Objects/Vehicles/Turrets/Turret_Plasma/Anims/SpectreTurret_AimUp.uexp" 2710
"C:/Program Files/Epic Games/Unreal Projects/Sacrilege/Content/Objects/Vehicles/Turrets/Turret_Plasma/Anims/BS_SpectreAim.uasset" 2711
"C:/Program Files/Epic Games/Unreal Projects/Sacrilege/Content/Objects/Vehicles/Turrets/Turret_Plasma/Anims/BS_SpectreAim.uexp" 2712
"C:/Program Files/Epic Games/Unreal Projects/Sacrilege/Content/Objects/Vehicles/Turrets/Turret_Plasma/Anims/ABP_SpectreTurret.uasset" 2713
"C:/Program Files/Epic Games/Unreal Projects/Sacrilege/Content/Objects/Vehicles/Turrets/Turret_Plasma/Anims/ABP_SpectreTurret.uexp" 2714
"C:/Program Files/Epic Games/Unreal Projects/Sacrilege/Content/Objects/Vehicles/Turrets/Turret_Plasma/Anims/Fire.uasset" 2715
"C:/Program Files/Epic Games/Unreal Projects/Sacrilege/Content/Objects/Vehicles/Turrets/Turret_Plasma/Anims/Fire.uexp" 2716
"C:/Program Files/Epic Games/Unreal Projects/Sacrilege/Content/Objects/Vehicles/Turrets/Turret_Plasma/Anims/AM_SpectreTurret_Fire.uasset" 2717
"C:/Program Files/Epic Games/Unreal Projects/Sacrilege/Content/Objects/Vehicles/Turrets/Turret_Plasma/Anims/AM_SpectreTurret_Fire.uexp" 2718
"C:/Program Files/Epic Games/Unreal Projects/Sacrilege/Content/Objects/Vehicles/Turrets/Turret_Plasma/BP_SpectreTurret.uasset" 2719
"C:/Program Files/Epic Games/Unreal Projects/Sacrilege/Content/Objects/Vehicles/Turrets/Turret_Plasma/BP_SpectreTurret.uexp" 2720
"C:/Program Files/Epic Games/Unreal Projects/Sacrilege/Content/AI/BT_Wraith.uasset" 2721
"C:/Program Files/Epic Games/Unreal Projects/Sacrilege/Content/AI/BT_Wraith.uexp" 2722
"C:/Program Files/Epic Games/Unreal Projects/Sacrilege/Content/AI/AIC_Wraith.uasset" 2723
"C:/Program Files/Epic Games/Unreal Projects/Sacrilege/Content/AI/AIC_Wraith.uexp" 2724
"C:/Program Files/Epic Games/Unreal Projects/Sacrilege/Content/Objects/Weapons/Grenades/NS_WraithMortarExplosion.uasset" 2725
"C:/Program Files/Epic Games/Unreal Projects/Sacrilege/Content/Objects/Weapons/Grenades/NS_WraithMortarExplosion.uexp" 2726
"C:/Program Files/Epic Games/Unreal Projects/Sacrilege/Content/Sounds/Explosions/S_WraithMortarExplode.ubulk" 2727
"C:/Program Files/Epic Games/Unreal Projects/Sacrilege/Content/Sounds/Explosions/S_WraithMortarExplode.uasset" 2728
"C:/Program Files/Epic Games/Unreal Projects/Sacrilege/Content/Sounds/Explosions/S_WraithMortarExplode.uexp" 2729
"C:/Program Files/Epic Games/Unreal Projects/Sacrilege/Content/Sounds/Explosions/MS_WraithMortarExplosion.uasset" 2730
"C:/Program Files/Epic Games/Unreal Projects/Sacrilege/Content/Sounds/Explosions/MS_WraithMortarExplosion.uexp" 2731
"C:/Program Files/Epic Games/Unreal Projects/Sacrilege/Content/Objects/Projectiles/NS_WraithProjectileTrail.uasset" 2732
"C:/Program Files/Epic Games/Unreal Projects/Sacrilege/Content/Objects/Projectiles/NS_WraithProjectileTrail.uexp" 2733
"C:/Program Files/Epic Games/Unreal Projects/Sacrilege/Content/Objects/Vehicles/Wraith/S_WraithMortarLoop.ubulk" 2734
"C:/Program Files/Epic Games/Unreal Projects/Sacrilege/Content/Objects/Vehicles/Wraith/S_WraithMortarLoop.uasset" 2735
"C:/Program Files/Epic Games/Unreal Projects/Sacrilege/Content/Objects/Vehicles/Wraith/S_WraithMortarLoop.uexp" 2736
"C:/Program Files/Epic Games/Unreal Projects/Sacrilege/Content/Objects/Projectiles/BP_WraithProjectile.uasset" 2737
"C:/Program Files/Epic Games/Unreal Projects/Sacrilege/Content/Objects/Projectiles/BP_WraithProjectile.uexp" 2738
"C:/Program Files/Epic Games/Unreal Projects/Sacrilege/Content/Objects/Vehicles/Wraith/Wraith_PhysicsAsset.uasset" 2739
"C:/Program Files/Epic Games/Unreal Projects/Sacrilege/Content/Objects/Vehicles/Wraith/Wraith_PhysicsAsset.uexp" 2740
"C:/Program Files/Epic Games/Unreal Projects/Sacrilege/Content/Objects/Vehicles/Wraith/Wraith_Skeleton.uasset" 2741
"C:/Program Files/Epic Games/Unreal Projects/Sacrilege/Content/Objects/Vehicles/Wraith/Wraith_Skeleton.uexp" 2742
"C:/Program Files/Epic Games/Unreal Projects/Sacrilege/Content/Objects/Vehicles/Wraith/Wraith.uasset" 2743
"C:/Program Files/Epic Games/Unreal Projects/Sacrilege/Content/Objects/Vehicles/Wraith/Wraith.uexp" 2744
"C:/Program Files/Epic Games/Unreal Projects/Sacrilege/Content/Objects/Vehicles/Wraith/S_WraithHover.ubulk" 2745
"C:/Program Files/Epic Games/Unreal Projects/Sacrilege/Content/Objects/Vehicles/Wraith/S_WraithHover.uasset" 2746
"C:/Program Files/Epic Games/Unreal Projects/Sacrilege/Content/Objects/Vehicles/Wraith/S_WraithHover.uexp" 2747
"C:/Program Files/Epic Games/Unreal Projects/Sacrilege/Content/Objects/Vehicles/Wraith/MS_WraithEngine.uasset" 2748
"C:/Program Files/Epic Games/Unreal Projects/Sacrilege/Content/Objects/Vehicles/Wraith/MS_WraithEngine.uexp" 2749
"C:/Program Files/Epic Games/Unreal Projects/Sacrilege/Content/Objects/Vehicles/Wraith/S_WraithShot.ubulk" 2750
"C:/Program Files/Epic Games/Unreal Projects/Sacrilege/Content/Objects/Vehicles/Wraith/S_WraithShot.uasset" 2751
"C:/Program Files/Epic Games/Unreal Projects/Sacrilege/Content/Objects/Vehicles/Wraith/S_WraithShot.uexp" 2752
"C:/Program Files/Epic Games/Unreal Projects/Sacrilege/Content/Objects/Vehicles/Wraith/MS_Wraith_Fire.uasset" 2753
"C:/Program Files/Epic Games/Unreal Projects/Sacrilege/Content/Objects/Vehicles/Wraith/MS_Wraith_Fire.uexp" 2754
"C:/Program Files/Epic Games/Unreal Projects/Sacrilege/Content/Objects/Vehicles/Wraith/BP_Wraith.uasset" 2755
"C:/Program Files/Epic Games/Unreal Projects/Sacrilege/Content/Objects/Vehicles/Wraith/BP_Wraith.uexp" 2756
"C:/Program Files/Epic Games/Unreal Projects/Sacrilege/Content/MaterialLibrary/MI_Blood_Green.uasset" 2757
"C:/Program Files/Epic Games/Unreal Projects/Sacrilege/Content/MaterialLibrary/MI_Blood_Green.uexp" 2758
"C:/Program Files/Epic Games/Unreal Projects/Sacrilege/Content/UI/M_HUDBloom.uasset" 2759
"C:/Program Files/Epic Games/Unreal Projects/Sacrilege/Content/UI/M_HUDBloom.uexp" 2760
"C:/Program Files/Epic Games/Unreal Projects/Sacrilege/Content/UI/WBP_InteractInfo.uasset" 2761
"C:/Program Files/Epic Games/Unreal Projects/Sacrilege/Content/UI/WBP_InteractInfo.uexp" 2762
"C:/Program Files/Epic Games/Unreal Projects/Sacrilege/Content/UI/WBP_NotificationLine.uasset" 2763
"C:/Program Files/Epic Games/Unreal Projects/Sacrilege/Content/UI/WBP_NotificationLine.uexp" 2764
"C:/Program Files/Epic Games/Unreal Projects/Sacrilege/Content/UI/Icons/T_HUD4.uasset" 2765
"C:/Program Files/Epic Games/Unreal Projects/Sacrilege/Content/UI/Icons/T_HUD4.uexp" 2766
"C:/Program Files/Epic Games/Unreal Projects/Sacrilege/Content/UI/WBP_CreatureHUD.uasset" 2767
"C:/Program Files/Epic Games/Unreal Projects/Sacrilege/Content/UI/WBP_CreatureHUD.uexp" 2768
"C:/Program Files/Epic Games/Unreal Projects/Sacrilege/Content/AI/BTService_LookForEmptyVehicle.uasset" 2769
"C:/Program Files/Epic Games/Unreal Projects/Sacrilege/Content/AI/BTService_LookForEmptyVehicle.uexp" 2770
"C:/Program Files/Epic Games/Unreal Projects/Sacrilege/Content/AI/BT_LookForVehicle.uasset" 2771
"C:/Program Files/Epic Games/Unreal Projects/Sacrilege/Content/AI/BT_LookForVehicle.uexp" 2772
"C:/Program Files/Epic Games/Unreal Projects/Sacrilege/Content/AI/BTService_FireWeapon.uasset" 2773
"C:/Program Files/Epic Games/Unreal Projects/Sacrilege/Content/AI/BTService_FireWeapon.uexp" 2774
"C:/Program Files/Epic Games/Unreal Projects/Sacrilege/Content/AI/BTTask_Melee.uasset" 2775
"C:/Program Files/Epic Games/Unreal Projects/Sacrilege/Content/AI/BTTask_Melee.uexp" 2776
"C:/Program Files/Epic Games/Unreal Projects/Sacrilege/Content/AI/BTService_ToggleCrouch.uasset" 2777
"C:/Program Files/Epic Games/Unreal Projects/Sacrilege/Content/AI/BTService_ToggleCrouch.uexp" 2778
"C:/Program Files/Epic Games/Unreal Projects/Sacrilege/Content/AI/BTTask_GetFiringPosition.uasset" 2779
"C:/Program Files/Epic Games/Unreal Projects/Sacrilege/Content/AI/BTTask_GetFiringPosition.uexp" 2780
"C:/Program Files/Epic Games/Unreal Projects/Sacrilege/Content/AI/BTTask_StanceMoveTo.uasset" 2781
"C:/Program Files/Epic Games/Unreal Projects/Sacrilege/Content/AI/BTTask_StanceMoveTo.uexp" 2782
"C:/Program Files/Epic Games/Unreal Projects/Sacrilege/Content/AI/BT_MoveAroundEnemy.uasset" 2783
"C:/Program Files/Epic Games/Unreal Projects/Sacrilege/Content/AI/BT_MoveAroundEnemy.uexp" 2784
"C:/Program Files/Epic Games/Unreal Projects/Sacrilege/Content/AI/BTTask_ThrowGrenade.uasset" 2785
"C:/Program Files/Epic Games/Unreal Projects/Sacrilege/Content/AI/BTTask_ThrowGrenade.uexp" 2786
"C:/Program Files/Epic Games/Unreal Projects/Sacrilege/Content/AI/BTDecorator_HasLineOfSightTo.uasset" 2787
"C:/Program Files/Epic Games/Unreal Projects/Sacrilege/Content/AI/BTDecorator_HasLineOfSightTo.uexp" 2788
"C:/Program Files/Epic Games/Unreal Projects/Sacrilege/Content/AI/BTTask_UseEquipment.uasset" 2789
"C:/Program Files/Epic Games/Unreal Projects/Sacrilege/Content/AI/BTTask_UseEquipment.uexp" 2790
"C:/Program Files/Epic Games/Unreal Projects/Sacrilege/Content/AI/BT__GenericAlertedBehavior.uasset" 2791
"C:/Program Files/Epic Games/Unreal Projects/Sacrilege/Content/AI/BT__GenericAlertedBehavior.uexp" 2792
"C:/Program Files/Epic Games/Unreal Projects/Sacrilege/Content/Characters/Grunt/BT_Grunt.uasset" 2793
"C:/Program Files/Epic Games/Unreal Projects/Sacrilege/Content/Characters/Grunt/BT_Grunt.uexp" 2794
"C:/Program Files/Epic Games/Unreal Projects/Sacrilege/Content/AI/BP_AIControllerBase.uasset" 2795
"C:/Program Files/Epic Games/Unreal Projects/Sacrilege/Content/AI/BP_AIControllerBase.uexp" 2796
"C:/Program Files/Epic Games/Unreal Projects/Sacrilege/Content/Characters/Carrier/BT_Carrier.uasset" 2797
"C:/Program Files/Epic Games/Unreal Projects/Sacrilege/Content/Characters/Carrier/BT_Carrier.uexp" 2798
"C:/Program Files/Epic Games/Unreal Projects/Sacrilege/Content/Characters/Carrier/AIC_Carrier.uasset" 2799
"C:/Program Files/Epic Games/Unreal Projects/Sacrilege/Content/Characters/Carrier/AIC_Carrier.uexp" 2800
"C:/Program Files/Epic Games/Unreal Projects/Sacrilege/Content/Characters/InfectionForm/BB_InfectionForm.uasset" 2801
"C:/Program Files/Epic Games/Unreal Projects/Sacrilege/Content/Characters/InfectionForm/BB_InfectionForm.uexp" 2802
"C:/Program Files/Epic Games/Unreal Projects/Sacrilege/Content/AI/BTService_AttemptMelee.uasset" 2803
"C:/Program Files/Epic Games/Unreal Projects/Sacrilege/Content/AI/BTService_AttemptMelee.uexp" 2804
"C:/Program Files/Epic Games/Unreal Projects/Sacrilege/Content/Characters/InfectionForm/BT_InfectionForm.uasset" 2805
"C:/Program Files/Epic Games/Unreal Projects/Sacrilege/Content/Characters/InfectionForm/BT_InfectionForm.uexp" 2806
"C:/Program Files/Epic Games/Unreal Projects/Sacrilege/Content/Characters/InfectionForm/AIC_InfectionForm.uasset" 2807
"C:/Program Files/Epic Games/Unreal Projects/Sacrilege/Content/Characters/InfectionForm/AIC_InfectionForm.uexp" 2808
"C:/Program Files/Epic Games/Unreal Projects/Sacrilege/Content/Landscape/PhysicalMaterials/PM_Flesh.uasset" 2809
"C:/Program Files/Epic Games/Unreal Projects/Sacrilege/Content/Landscape/PhysicalMaterials/PM_Flesh.uexp" 2810
"C:/Program Files/Epic Games/Unreal Projects/Sacrilege/Content/Characters/InfectionForm/T_InfectionForm_Export_Emissive.ubulk" 2811
"C:/Program Files/Epic Games/Unreal Projects/Sacrilege/Content/Characters/InfectionForm/T_InfectionForm_Export_Emissive.uasset" 2812
"C:/Program Files/Epic Games/Unreal Projects/Sacrilege/Content/Characters/InfectionForm/T_InfectionForm_Export_Emissive.uexp" 2813
"C:/Program Files/Epic Games/Unreal Projects/Sacrilege/Content/Characters/InfectionForm/T_InfectionForm_Export_Normal.ubulk" 2814
"C:/Program Files/Epic Games/Unreal Projects/Sacrilege/Content/Characters/InfectionForm/T_InfectionForm_Export_Normal.uasset" 2815
"C:/Program Files/Epic Games/Unreal Projects/Sacrilege/Content/Characters/InfectionForm/T_InfectionForm_Export_Normal.uexp" 2816
"C:/Program Files/Epic Games/Unreal Projects/Sacrilege/Content/Characters/InfectionForm/v2/T_InfectionForm_Export_Diffuse_01.ubulk" 2817
"C:/Program Files/Epic Games/Unreal Projects/Sacrilege/Content/Characters/InfectionForm/v2/T_InfectionForm_Export_Diffuse_01.uasset" 2818
"C:/Program Files/Epic Games/Unreal Projects/Sacrilege/Content/Characters/InfectionForm/v2/T_InfectionForm_Export_Diffuse_01.uexp" 2819
"C:/Program Files/Epic Games/Unreal Projects/Sacrilege/Content/Characters/InfectionForm/M_InfectionFormBase.uasset" 2820
"C:/Program Files/Epic Games/Unreal Projects/Sacrilege/Content/Characters/InfectionForm/M_InfectionFormBase.uexp" 2821
"C:/Program Files/Epic Games/Unreal Projects/Sacrilege/Content/Characters/InfectionForm/T_InfectionForm_Export_Diffuse.ubulk" 2822
"C:/Program Files/Epic Games/Unreal Projects/Sacrilege/Content/Characters/InfectionForm/T_InfectionForm_Export_Diffuse.uasset" 2823
"C:/Program Files/Epic Games/Unreal Projects/Sacrilege/Content/Characters/InfectionForm/T_InfectionForm_Export_Diffuse.uexp" 2824
"C:/Program Files/Epic Games/Unreal Projects/Sacrilege/Content/Characters/InfectionForm/M_InfectionFormFronds.uasset" 2825
"C:/Program Files/Epic Games/Unreal Projects/Sacrilege/Content/Characters/InfectionForm/M_InfectionFormFronds.uexp" 2826
"C:/Program Files/Epic Games/Unreal Projects/Sacrilege/Content/Characters/InfectionForm/M_InfectionFormLegs.uasset" 2827
"C:/Program Files/Epic Games/Unreal Projects/Sacrilege/Content/Characters/InfectionForm/M_InfectionFormLegs.uexp" 2828
"C:/Program Files/Epic Games/Unreal Projects/Sacrilege/Content/Characters/InfectionForm/v2/infectionForm_PhysicsAsset.uasset" 2829
"C:/Program Files/Epic Games/Unreal Projects/Sacrilege/Content/Characters/InfectionForm/v2/infectionForm_PhysicsAsset.uexp" 2830
"C:/Program Files/Epic Games/Unreal Projects/Sacrilege/Content/Characters/InfectionForm/v2/infectionForm_Skeleton.uasset" 2831
"C:/Program Files/Epic Games/Unreal Projects/Sacrilege/Content/Characters/InfectionForm/v2/infectionForm_Skeleton.uexp" 2832
"C:/Program Files/Epic Games/Unreal Projects/Sacrilege/Content/Characters/InfectionForm/v2/infectionForm.uasset" 2833
"C:/Program Files/Epic Games/Unreal Projects/Sacrilege/Content/Characters/InfectionForm/v2/infectionForm.uexp" 2834
"C:/Program Files/Epic Games/Unreal Projects/Sacrilege/Content/MaterialLibrary/DefaultSpriteMaterialLit.uasset" 2835
"C:/Program Files/Epic Games/Unreal Projects/Sacrilege/Content/MaterialLibrary/DefaultSpriteMaterialLit.uexp" 2836
"C:/Program Files/Epic Games/Unreal Projects/Sacrilege/Content/Characters/InfectionForm/NS_InfFormExplosion.uasset" 2837
"C:/Program Files/Epic Games/Unreal Projects/Sacrilege/Content/Characters/InfectionForm/NS_InfFormExplosion.uexp" 2838
"C:/Program Files/Epic Games/Unreal Projects/Sacrilege/Content/Characters/InfectionForm/v2/anims/infectionForm_anims_Idle_001.uasset" 2839
"C:/Program Files/Epic Games/Unreal Projects/Sacrilege/Content/Characters/InfectionForm/v2/anims/infectionForm_anims_Idle_001.uexp" 2840
"C:/Program Files/Epic Games/Unreal Projects/Sacrilege/Content/Characters/InfectionForm/v2/anims/infectionForm_anims_Run_001.uasset" 2841
"C:/Program Files/Epic Games/Unreal Projects/Sacrilege/Content/Characters/InfectionForm/v2/anims/infectionForm_anims_Run_001.uexp" 2842
"C:/Program Files/Epic Games/Unreal Projects/Sacrilege/Content/Characters/InfectionForm/v2/anims/BS_InfectionForm_Movement.uasset" 2843
"C:/Program Files/Epic Games/Unreal Projects/Sacrilege/Content/Characters/InfectionForm/v2/anims/BS_InfectionForm_Movement.uexp" 2844
"C:/Program Files/Epic Games/Unreal Projects/Sacrilege/Content/Characters/InfectionForm/v2/anims/infectionForm_anims_Add_Pulsate.uasset" 2845
"C:/Program Files/Epic Games/Unreal Projects/Sacrilege/Content/Characters/InfectionForm/v2/anims/infectionForm_anims_Add_Pulsate.uexp" 2846
"C:/Program Files/Epic Games/Unreal Projects/Sacrilege/Content/Characters/InfectionForm/v2/anims/infectionForm_anims_Falling.uasset" 2847
"C:/Program Files/Epic Games/Unreal Projects/Sacrilege/Content/Characters/InfectionForm/v2/anims/infectionForm_anims_Falling.uexp" 2848
"C:/Program Files/Epic Games/Unreal Projects/Sacrilege/Content/Characters/InfectionForm/v2/anims/ABP_InfectionForm.uasset" 2849
"C:/Program Files/Epic Games/Unreal Projects/Sacrilege/Content/Characters/InfectionForm/v2/anims/ABP_InfectionForm.uexp" 2850
"C:/Program Files/Epic Games/Unreal Projects/Sacrilege/Content/Characters/InfectionForm/v2/anims/infectionForm_anims_Infect.uasset" 2851
"C:/Program Files/Epic Games/Unreal Projects/Sacrilege/Content/Characters/InfectionForm/v2/anims/infectionForm_anims_Infect.uexp" 2852
"C:/Program Files/Epic Games/Unreal Projects/Sacrilege/Content/Characters/InfectionForm/v2/anims/AM_infectionForm_anims_Infect_Montage.uasset" 2853
"C:/Program Files/Epic Games/Unreal Projects/Sacrilege/Content/Characters/InfectionForm/v2/anims/AM_infectionForm_anims_Infect_Montage.uexp" 2854
"C:/Program Files/Epic Games/Unreal Projects/Sacrilege/Content/Characters/InfectionForm/FloodNoises-001.ubulk" 2855
"C:/Program Files/Epic Games/Unreal Projects/Sacrilege/Content/Characters/InfectionForm/FloodNoises-001.uasset" 2856
"C:/Program Files/Epic Games/Unreal Projects/Sacrilege/Content/Characters/InfectionForm/FloodNoises-001.uexp" 2857
"C:/Program Files/Epic Games/Unreal Projects/Sacrilege/Content/Characters/InfectionForm/FloodNoises-002.ubulk" 2858
"C:/Program Files/Epic Games/Unreal Projects/Sacrilege/Content/Characters/InfectionForm/FloodNoises-002.uasset" 2859
"C:/Program Files/Epic Games/Unreal Projects/Sacrilege/Content/Characters/InfectionForm/FloodNoises-002.uexp" 2860
"C:/Program Files/Epic Games/Unreal Projects/Sacrilege/Content/Characters/InfectionForm/FloodNoises-003.ubulk" 2861
"C:/Program Files/Epic Games/Unreal Projects/Sacrilege/Content/Characters/InfectionForm/FloodNoises-003.uasset" 2862
"C:/Program Files/Epic Games/Unreal Projects/Sacrilege/Content/Characters/InfectionForm/FloodNoises-003.uexp" 2863
"C:/Program Files/Epic Games/Unreal Projects/Sacrilege/Content/Characters/InfectionForm/MS_PodInfector_Idle.uasset" 2864
"C:/Program Files/Epic Games/Unreal Projects/Sacrilege/Content/Characters/InfectionForm/MS_PodInfector_Idle.uexp" 2865
"C:/Program Files/Epic Games/Unreal Projects/Sacrilege/Content/Characters/InfectionForm/S_InfFormExploding.ubulk" 2866
"C:/Program Files/Epic Games/Unreal Projects/Sacrilege/Content/Characters/InfectionForm/S_InfFormExploding.uasset" 2867
"C:/Program Files/Epic Games/Unreal Projects/Sacrilege/Content/Characters/InfectionForm/S_InfFormExploding.uexp" 2868
"C:/Program Files/Epic Games/Unreal Projects/Sacrilege/Content/Characters/InfectionForm/SC_InfFormExploding_Cue.uasset" 2869
"C:/Program Files/Epic Games/Unreal Projects/Sacrilege/Content/Characters/InfectionForm/SC_InfFormExploding_Cue.uexp" 2870
"C:/Program Files/Epic Games/Unreal Projects/Sacrilege/Content/Characters/InfectionForm/BP_Flood_InfectionForm.uasset" 2871
"C:/Program Files/Epic Games/Unreal Projects/Sacrilege/Content/Characters/InfectionForm/BP_Flood_InfectionForm.uexp" 2872
"C:/Program Files/Epic Games/Unreal Projects/Sacrilege/Content/Characters/Carrier/TEST/carrier_39_Skeleton.uasset" 2873
"C:/Program Files/Epic Games/Unreal Projects/Sacrilege/Content/Characters/Carrier/TEST/carrier_39_Skeleton.uexp" 2874
"C:/Program Files/Epic Games/Unreal Projects/Sacrilege/Content/Characters/Carrier/carrier_19_fixedanims_Anim_Armature_Run_Alerted.uasset" 2875
"C:/Program Files/Epic Games/Unreal Projects/Sacrilege/Content/Characters/Carrier/carrier_19_fixedanims_Anim_Armature_Run_Alerted.uexp" 2876
"C:/Program Files/Epic Games/Unreal Projects/Sacrilege/Content/Characters/Carrier/V2/T_Carrier_Diffuse.ubulk" 2877
"C:/Program Files/Epic Games/Unreal Projects/Sacrilege/Content/Characters/Carrier/V2/T_Carrier_Diffuse.uasset" 2878
"C:/Program Files/Epic Games/Unreal Projects/Sacrilege/Content/Characters/Carrier/V2/T_Carrier_Diffuse.uexp" 2879
"C:/Program Files/Epic Games/Unreal Projects/Sacrilege/Content/Characters/Carrier/V2/T_Carrier_Emissive.ubulk" 2880
"C:/Program Files/Epic Games/Unreal Projects/Sacrilege/Content/Characters/Carrier/V2/T_Carrier_Emissive.uasset" 2881
"C:/Program Files/Epic Games/Unreal Projects/Sacrilege/Content/Characters/Carrier/V2/T_Carrier_Emissive.uexp" 2882
"C:/Program Files/Epic Games/Unreal Projects/Sacrilege/Content/Characters/Carrier/V2/T_Carrier_Normal.ubulk" 2883
"C:/Program Files/Epic Games/Unreal Projects/Sacrilege/Content/Characters/Carrier/V2/T_Carrier_Normal.uasset" 2884
"C:/Program Files/Epic Games/Unreal Projects/Sacrilege/Content/Characters/Carrier/V2/T_Carrier_Normal.uexp" 2885
"C:/Program Files/Epic Games/Unreal Projects/Sacrilege/Content/Characters/Carrier/M_CarrierMat.uasset" 2886
"C:/Program Files/Epic Games/Unreal Projects/Sacrilege/Content/Characters/Carrier/M_CarrierMat.uexp" 2887
"C:/Program Files/Epic Games/Unreal Projects/Sacrilege/Content/Characters/Carrier/MI_CarrierMat.uasset" 2888
"C:/Program Files/Epic Games/Unreal Projects/Sacrilege/Content/Characters/Carrier/MI_CarrierMat.uexp" 2889
"C:/Program Files/Epic Games/Unreal Projects/Sacrilege/Content/Characters/Carrier/V2/PA_Carrier.uasset" 2890
"C:/Program Files/Epic Games/Unreal Projects/Sacrilege/Content/Characters/Carrier/V2/PA_Carrier.uexp" 2891
"C:/Program Files/Epic Games/Unreal Projects/Sacrilege/Content/Characters/Carrier/V2/SKEL_Carrier.uasset" 2892
"C:/Program Files/Epic Games/Unreal Projects/Sacrilege/Content/Characters/Carrier/V2/SKEL_Carrier.uexp" 2893
"C:/Program Files/Epic Games/Unreal Projects/Sacrilege/Content/Characters/Carrier/V2/SKM_Carrier.uasset" 2894
"C:/Program Files/Epic Games/Unreal Projects/Sacrilege/Content/Characters/Carrier/V2/SKM_Carrier.uexp" 2895
"C:/Program Files/Epic Games/Unreal Projects/Sacrilege/Content/Characters/Carrier/S_Carrier_Pulsate.ubulk" 2896
"C:/Program Files/Epic Games/Unreal Projects/Sacrilege/Content/Characters/Carrier/S_Carrier_Pulsate.uasset" 2897
"C:/Program Files/Epic Games/Unreal Projects/Sacrilege/Content/Characters/Carrier/S_Carrier_Pulsate.uexp" 2898
"C:/Program Files/Epic Games/Unreal Projects/Sacrilege/Content/Characters/Carrier/NS_CarrierExplosion.uasset" 2899
"C:/Program Files/Epic Games/Unreal Projects/Sacrilege/Content/Characters/Carrier/NS_CarrierExplosion.uexp" 2900
"C:/Program Files/Epic Games/Unreal Projects/Sacrilege/Content/Characters/Grunt/NS_Blood_Burst_Flood.uasset" 2901
"C:/Program Files/Epic Games/Unreal Projects/Sacrilege/Content/Characters/Grunt/NS_Blood_Burst_Flood.uexp" 2902
"C:/Program Files/Epic Games/Unreal Projects/Sacrilege/Content/Characters/Carrier/V2/anims/Carrier_anims_SuicideBomb.uasset" 2903
"C:/Program Files/Epic Games/Unreal Projects/Sacrilege/Content/Characters/Carrier/V2/anims/Carrier_anims_SuicideBomb.uexp" 2904
"C:/Program Files/Epic Games/Unreal Projects/Sacrilege/Content/Characters/Carrier/V2/anims/AM_Carrier_anims_SuicideBomb_Montage.uasset" 2905
"C:/Program Files/Epic Games/Unreal Projects/Sacrilege/Content/Characters/Carrier/V2/anims/AM_Carrier_anims_SuicideBomb_Montage.uexp" 2906
"C:/Program Files/Epic Games/Unreal Projects/Sacrilege/Content/Characters/Carrier/V2/anims/Carrier_anims_Idle_Alerted.uasset" 2907
"C:/Program Files/Epic Games/Unreal Projects/Sacrilege/Content/Characters/Carrier/V2/anims/Carrier_anims_Idle_Alerted.uexp" 2908
"C:/Program Files/Epic Games/Unreal Projects/Sacrilege/Content/Sounds/StepSounds/S_Step_Mud_01.ubulk" 2909
"C:/Program Files/Epic Games/Unreal Projects/Sacrilege/Content/Sounds/StepSounds/S_Step_Mud_01.uasset" 2910
"C:/Program Files/Epic Games/Unreal Projects/Sacrilege/Content/Sounds/StepSounds/S_Step_Mud_01.uexp" 2911
"C:/Program Files/Epic Games/Unreal Projects/Sacrilege/Content/Sounds/StepSounds/MS_Step_Mud.uasset" 2912
"C:/Program Files/Epic Games/Unreal Projects/Sacrilege/Content/Sounds/StepSounds/MS_Step_Mud.uexp" 2913
"C:/Program Files/Epic Games/Unreal Projects/Sacrilege/Content/Characters/Carrier/V2/anims/Carrier_anims_Run_Alerted.uasset" 2914
"C:/Program Files/Epic Games/Unreal Projects/Sacrilege/Content/Characters/Carrier/V2/anims/Carrier_anims_Run_Alerted.uexp" 2915
"C:/Program Files/Epic Games/Unreal Projects/Sacrilege/Content/Characters/Carrier/V2/anims/BS_CarrierAlertedMovement.uasset" 2916
"C:/Program Files/Epic Games/Unreal Projects/Sacrilege/Content/Characters/Carrier/V2/anims/BS_CarrierAlertedMovement.uexp" 2917
"C:/Program Files/Epic Games/Unreal Projects/Sacrilege/Content/Characters/Carrier/V2/anims/Carrier_anims_Idle_Unalerted.uasset" 2918
"C:/Program Files/Epic Games/Unreal Projects/Sacrilege/Content/Characters/Carrier/V2/anims/Carrier_anims_Idle_Unalerted.uexp" 2919
"C:/Program Files/Epic Games/Unreal Projects/Sacrilege/Content/Characters/Carrier/V2/anims/Carrier_anims_Walk_Unalerted.uasset" 2920
"C:/Program Files/Epic Games/Unreal Projects/Sacrilege/Content/Characters/Carrier/V2/anims/Carrier_anims_Walk_Unalerted.uexp" 2921
"C:/Program Files/Epic Games/Unreal Projects/Sacrilege/Content/Characters/Carrier/V2/anims/BS_CarrierUnalertedMovement1.uasset" 2922
"C:/Program Files/Epic Games/Unreal Projects/Sacrilege/Content/Characters/Carrier/V2/anims/BS_CarrierUnalertedMovement1.uexp" 2923
"C:/Program Files/Epic Games/Unreal Projects/Sacrilege/Content/Characters/Carrier/V2/anims/Carrier_anims_Add_Pulsating.uasset" 2924
"C:/Program Files/Epic Games/Unreal Projects/Sacrilege/Content/Characters/Carrier/V2/anims/Carrier_anims_Add_Pulsating.uexp" 2925
"C:/Program Files/Epic Games/Unreal Projects/Sacrilege/Content/Characters/Carrier/V2/anims/ABP_Carrier.uasset" 2926
"C:/Program Files/Epic Games/Unreal Projects/Sacrilege/Content/Characters/Carrier/V2/anims/ABP_Carrier.uexp" 2927
"C:/Program Files/Epic Games/Unreal Projects/Sacrilege/Content/Characters/Carrier/V2/anims/AM_Carrier_anims_SuicideBomb_Montage01.uasset" 2928
"C:/Program Files/Epic Games/Unreal Projects/Sacrilege/Content/Characters/Carrier/V2/anims/AM_Carrier_anims_SuicideBomb_Montage01.uexp" 2929
"C:/Program Files/Epic Games/Unreal Projects/Sacrilege/Content/Characters/Carrier/SC_CarrierExploding_Cue.uasset" 2930
"C:/Program Files/Epic Games/Unreal Projects/Sacrilege/Content/Characters/Carrier/SC_CarrierExploding_Cue.uexp" 2931
"C:/Program Files/Epic Games/Unreal Projects/Sacrilege/Content/Characters/Carrier/BP_Flood_Carrier.uasset" 2932
"C:/Program Files/Epic Games/Unreal Projects/Sacrilege/Content/Characters/Carrier/BP_Flood_Carrier.uexp" 2933
"C:/Program Files/Epic Games/Unreal Projects/Sacrilege/Content/EditorTools/T_Thumbnail_Spectre.uasset" 2934
"C:/Program Files/Epic Games/Unreal Projects/Sacrilege/Content/EditorTools/T_Thumbnail_Spectre.uexp" 2935
"C:/Program Files/Epic Games/Unreal Projects/Sacrilege/Content/UI/Icons/Crosshairs/T_DrivingCrosshair.ubulk" 2936
"C:/Program Files/Epic Games/Unreal Projects/Sacrilege/Content/UI/Icons/Crosshairs/T_DrivingCrosshair.uasset" 2937
"C:/Program Files/Epic Games/Unreal Projects/Sacrilege/Content/UI/Icons/Crosshairs/T_DrivingCrosshair.uexp" 2938
"C:/Program Files/Epic Games/Unreal Projects/Sacrilege/Content/UI/WBP_GenericDriverHUD.uasset" 2939
"C:/Program Files/Epic Games/Unreal Projects/Sacrilege/Content/UI/WBP_GenericDriverHUD.uexp" 2940
"C:/Program Files/Epic Games/Unreal Projects/Sacrilege/Content/Objects/Vehicles/Warthog/MI_Rubber.uasset" 2941
"C:/Program Files/Epic Games/Unreal Projects/Sacrilege/Content/Objects/Vehicles/Warthog/MI_Rubber.uexp" 2942
"C:/Program Files/Epic Games/Unreal Projects/Sacrilege/Content/Objects/Vehicles/Spectre/Spectre_PhysicsAsset.uasset" 2943
"C:/Program Files/Epic Games/Unreal Projects/Sacrilege/Content/Objects/Vehicles/Spectre/Spectre_PhysicsAsset.uexp" 2944
"C:/Program Files/Epic Games/Unreal Projects/Sacrilege/Content/Objects/Vehicles/Spectre/Spectre_Skeleton.uasset" 2945
"C:/Program Files/Epic Games/Unreal Projects/Sacrilege/Content/Objects/Vehicles/Spectre/Spectre_Skeleton.uexp" 2946
"C:/Program Files/Epic Games/Unreal Projects/Sacrilege/Content/Objects/Vehicles/Spectre/Spectre.uasset" 2947
"C:/Program Files/Epic Games/Unreal Projects/Sacrilege/Content/Objects/Vehicles/Spectre/Spectre.uexp" 2948
"C:/Program Files/Epic Games/Unreal Projects/Sacrilege/Content/Objects/Vehicles/Spectre/Anims/Door_Close.uasset" 2949
"C:/Program Files/Epic Games/Unreal Projects/Sacrilege/Content/Objects/Vehicles/Spectre/Anims/Door_Close.uexp" 2950
"C:/Program Files/Epic Games/Unreal Projects/Sacrilege/Content/Objects/Vehicles/Spectre/Anims/Door_Open.uasset" 2951
"C:/Program Files/Epic Games/Unreal Projects/Sacrilege/Content/Objects/Vehicles/Spectre/Anims/Door_Open.uexp" 2952
"C:/Program Files/Epic Games/Unreal Projects/Sacrilege/Content/Objects/Vehicles/Spectre/Anims/ABP_Spectre.uasset" 2953
"C:/Program Files/Epic Games/Unreal Projects/Sacrilege/Content/Objects/Vehicles/Spectre/Anims/ABP_Spectre.uexp" 2954
"C:/Program Files/Epic Games/Unreal Projects/Sacrilege/Content/Objects/Vehicles/Spectre/BP_Spectre.uasset" 2955
"C:/Program Files/Epic Games/Unreal Projects/Sacrilege/Content/Objects/Vehicles/Spectre/BP_Spectre.uexp" 2956
"C:/Program Files/Epic Games/Unreal Projects/Sacrilege/Content/AI/BTTask_Despawn.uasset" 2957
"C:/Program Files/Epic Games/Unreal Projects/Sacrilege/Content/AI/BTTask_Despawn.uexp" 2958
"C:/Program Files/Epic Games/Unreal Projects/Sacrilege/Content/AI/BTTask_DropUnits.uasset" 2959
"C:/Program Files/Epic Games/Unreal Projects/Sacrilege/Content/AI/BTTask_DropUnits.uexp" 2960
"C:/Program Files/Epic Games/Unreal Projects/Sacrilege/Content/AI/BT_Phantom.uasset" 2961
"C:/Program Files/Epic Games/Unreal Projects/Sacrilege/Content/AI/BT_Phantom.uexp" 2962
"C:/Program Files/Epic Games/Unreal Projects/Sacrilege/Content/AI/AIC_Phantom.uasset" 2963
"C:/Program Files/Epic Games/Unreal Projects/Sacrilege/Content/AI/AIC_Phantom.uexp" 2964
"C:/Program Files/Epic Games/Unreal Projects/Sacrilege/Content/Objects/Vehicles/Phantom/phantom_PhysicsAsset.uasset" 2965
"C:/Program Files/Epic Games/Unreal Projects/Sacrilege/Content/Objects/Vehicles/Phantom/phantom_PhysicsAsset.uexp" 2966
"C:/Program Files/Epic Games/Unreal Projects/Sacrilege/Content/Objects/Vehicles/Phantom/phantom_Skeleton.uasset" 2967
"C:/Program Files/Epic Games/Unreal Projects/Sacrilege/Content/Objects/Vehicles/Phantom/phantom_Skeleton.uexp" 2968
"C:/Program Files/Epic Games/Unreal Projects/Sacrilege/Content/Objects/Vehicles/Phantom/phantom.uasset" 2969
"C:/Program Files/Epic Games/Unreal Projects/Sacrilege/Content/Objects/Vehicles/Phantom/phantom.uexp" 2970
"C:/Program Files/Epic Games/Unreal Projects/Sacrilege/Content/Objects/Vehicles/Phantom/BP_Phantom.uasset" 2971
"C:/Program Files/Epic Games/Unreal Projects/Sacrilege/Content/Objects/Vehicles/Phantom/BP_Phantom.uexp" 2972
"C:/Program Files/Epic Games/Unreal Projects/Sacrilege/Content/EditorTools/BP_AISpawner.uasset" 2973
"C:/Program Files/Epic Games/Unreal Projects/Sacrilege/Content/EditorTools/BP_AISpawner.uexp" 2974
"C:/Program Files/Epic Games/Unreal Projects/Sacrilege/Content/AI/BTTask_GetAISpawnerAbovePoint.uasset" 2975
"C:/Program Files/Epic Games/Unreal Projects/Sacrilege/Content/AI/BTTask_GetAISpawnerAbovePoint.uexp" 2976
"C:/Program Files/Epic Games/Unreal Projects/Sacrilege/Content/AI/BT_Hornet.uasset" 2977
"C:/Program Files/Epic Games/Unreal Projects/Sacrilege/Content/AI/BT_Hornet.uexp" 2978
"C:/Program Files/Epic Games/Unreal Projects/Sacrilege/Content/AI/AIC_Hornet.uasset" 2979
"C:/Program Files/Epic Games/Unreal Projects/Sacrilege/Content/AI/AIC_Hornet.uexp" 2980
"C:/Program Files/Epic Games/Unreal Projects/Sacrilege/Content/Objects/Projectiles/NS_RocketTrail.uasset" 2981
"C:/Program Files/Epic Games/Unreal Projects/Sacrilege/Content/Objects/Projectiles/NS_RocketTrail.uexp" 2982
"C:/Program Files/Epic Games/Unreal Projects/Sacrilege/Content/Objects/Projectiles/BP_HornetRocketProjectile.uasset" 2983
"C:/Program Files/Epic Games/Unreal Projects/Sacrilege/Content/Objects/Projectiles/BP_HornetRocketProjectile.uexp" 2984
"C:/Program Files/Epic Games/Unreal Projects/Sacrilege/Content/Objects/Projectiles/BulletInfos/BP_HornetBulletInfo.uasset" 2985
"C:/Program Files/Epic Games/Unreal Projects/Sacrilege/Content/Objects/Projectiles/BulletInfos/BP_HornetBulletInfo.uexp" 2986
"C:/Program Files/Epic Games/Unreal Projects/Sacrilege/Content/Objects/Vehicles/Hornet/NS_HornetDust.uasset" 2987
"C:/Program Files/Epic Games/Unreal Projects/Sacrilege/Content/Objects/Vehicles/Hornet/NS_HornetDust.uexp" 2988
"C:/Program Files/Epic Games/Unreal Projects/Sacrilege/Content/Core/textures/T_flare_blurred.ubulk" 2989
"C:/Program Files/Epic Games/Unreal Projects/Sacrilege/Content/Core/textures/T_flare_blurred.uasset" 2990
"C:/Program Files/Epic Games/Unreal Projects/Sacrilege/Content/Core/textures/T_flare_blurred.uexp" 2991
"C:/Program Files/Epic Games/Unreal Projects/Sacrilege/Content/MaterialLibrary/MI_Flare_2.uasset" 2992
"C:/Program Files/Epic Games/Unreal Projects/Sacrilege/Content/MaterialLibrary/MI_Flare_2.uexp" 2993
"C:/Program Files/Epic Games/Unreal Projects/Sacrilege/Content/Objects/Vehicles/Hornet/NS_HornetThruster.uasset" 2994
"C:/Program Files/Epic Games/Unreal Projects/Sacrilege/Content/Objects/Vehicles/Hornet/NS_HornetThruster.uexp" 2995
"C:/Program Files/Epic Games/Unreal Projects/Sacrilege/Content/Objects/Vehicles/Hornet/Hornet/SkeletalMeshes/Hornet_Skeleton.uasset" 2996
"C:/Program Files/Epic Games/Unreal Projects/Sacrilege/Content/Objects/Vehicles/Hornet/Hornet/SkeletalMeshes/Hornet_Skeleton.uexp" 2997
"C:/Program Files/Epic Games/Unreal Projects/Sacrilege/Content/Objects/Vehicles/Hornet/Hornet/SkeletalMeshes/Hornet_Physics.uasset" 2998
"C:/Program Files/Epic Games/Unreal Projects/Sacrilege/Content/Objects/Vehicles/Hornet/Hornet/SkeletalMeshes/Hornet_Physics.uexp" 2999
"C:/Program Files/Epic Games/Unreal Projects/Sacrilege/Content/Objects/Vehicles/Hornet/Hornet/SkeletalMeshes/Hornet.uasset" 3000
"C:/Program Files/Epic Games/Unreal Projects/Sacrilege/Content/Objects/Vehicles/Hornet/Hornet/SkeletalMeshes/Hornet.uexp" 3001
"C:/Program Files/Epic Games/Unreal Projects/Sacrilege/Content/Objects/Vehicles/Hornet/A_Hornet_TurnL.uasset" 3002
"C:/Program Files/Epic Games/Unreal Projects/Sacrilege/Content/Objects/Vehicles/Hornet/A_Hornet_TurnL.uexp" 3003
"C:/Program Files/Epic Games/Unreal Projects/Sacrilege/Content/Objects/Vehicles/Hornet/A_Hornet_TurnR.uasset" 3004
"C:/Program Files/Epic Games/Unreal Projects/Sacrilege/Content/Objects/Vehicles/Hornet/A_Hornet_TurnR.uexp" 3005
"C:/Program Files/Epic Games/Unreal Projects/Sacrilege/Content/Objects/Vehicles/Hornet/Hornet_Add_None.uasset" 3006
"C:/Program Files/Epic Games/Unreal Projects/Sacrilege/Content/Objects/Vehicles/Hornet/Hornet_Add_None.uexp" 3007
"C:/Program Files/Epic Games/Unreal Projects/Sacrilege/Content/Objects/Vehicles/Hornet/Hornet/SkeletalMeshes/Hornet_Animations/SkeletalMeshes/BS_HornetTurning.uasset" 3008
"C:/Program Files/Epic Games/Unreal Projects/Sacrilege/Content/Objects/Vehicles/Hornet/Hornet/SkeletalMeshes/Hornet_Animations/SkeletalMeshes/BS_HornetTurning.uexp" 3009
"C:/Program Files/Epic Games/Unreal Projects/Sacrilege/Content/Objects/Vehicles/Hornet/Hornet/A_Hornet_MoveL.uasset" 3010
"C:/Program Files/Epic Games/Unreal Projects/Sacrilege/Content/Objects/Vehicles/Hornet/Hornet/A_Hornet_MoveL.uexp" 3011
"C:/Program Files/Epic Games/Unreal Projects/Sacrilege/Content/Objects/Vehicles/Hornet/Hornet/A_Hornet_MoveR.uasset" 3012
"C:/Program Files/Epic Games/Unreal Projects/Sacrilege/Content/Objects/Vehicles/Hornet/Hornet/A_Hornet_MoveR.uexp" 3013
"C:/Program Files/Epic Games/Unreal Projects/Sacrilege/Content/Objects/Vehicles/Hornet/Hornet/SkeletalMeshes/Hornet_Animations/SkeletalMeshes/BS_Hornet_Strafe.uasset" 3014
"C:/Program Files/Epic Games/Unreal Projects/Sacrilege/Content/Objects/Vehicles/Hornet/Hornet/SkeletalMeshes/Hornet_Animations/SkeletalMeshes/BS_Hornet_Strafe.uexp" 3015
"C:/Program Files/Epic Games/Unreal Projects/Sacrilege/Content/Objects/Vehicles/Hornet/A_Hornet_MoveB.uasset" 3016
"C:/Program Files/Epic Games/Unreal Projects/Sacrilege/Content/Objects/Vehicles/Hornet/A_Hornet_MoveB.uexp" 3017
"C:/Program Files/Epic Games/Unreal Projects/Sacrilege/Content/Objects/Vehicles/Hornet/A_Hornet_MoveF.uasset" 3018
"C:/Program Files/Epic Games/Unreal Projects/Sacrilege/Content/Objects/Vehicles/Hornet/A_Hornet_MoveF.uexp" 3019
"C:/Program Files/Epic Games/Unreal Projects/Sacrilege/Content/Objects/Vehicles/Hornet/Hornet/SkeletalMeshes/Hornet_Animations/SkeletalMeshes/BS_Hornet_Throttle.uasset" 3020
"C:/Program Files/Epic Games/Unreal Projects/Sacrilege/Content/Objects/Vehicles/Hornet/Hornet/SkeletalMeshes/Hornet_Animations/SkeletalMeshes/BS_Hornet_Throttle.uexp" 3021
"C:/Program Files/Epic Games/Unreal Projects/Sacrilege/Content/Objects/Vehicles/Hornet/Hornet/SkeletalMeshes/Hornet_Animations/SkeletalMeshes/Hornet_AnimationsTPose.uasset" 3022
"C:/Program Files/Epic Games/Unreal Projects/Sacrilege/Content/Objects/Vehicles/Hornet/Hornet/SkeletalMeshes/Hornet_Animations/SkeletalMeshes/Hornet_AnimationsTPose.uexp" 3023
"C:/Program Files/Epic Games/Unreal Projects/Sacrilege/Content/Objects/Vehicles/Hornet/Hornet/SkeletalMeshes/Hornet_Animations/SkeletalMeshes/ABP_Hornet.uasset" 3024
"C:/Program Files/Epic Games/Unreal Projects/Sacrilege/Content/Objects/Vehicles/Hornet/Hornet/SkeletalMeshes/Hornet_Animations/SkeletalMeshes/ABP_Hornet.uexp" 3025
"C:/Program Files/Epic Games/Unreal Projects/Sacrilege/Content/Objects/Vehicles/Hornet/STDSGN_WoWW2_Wep_MG_M1919_Machinegun_Auto-Burst_Shot_X6.ubulk" 3026
"C:/Program Files/Epic Games/Unreal Projects/Sacrilege/Content/Objects/Vehicles/Hornet/STDSGN_WoWW2_Wep_MG_M1919_Machinegun_Auto-Burst_Shot_X6.uasset" 3027
"C:/Program Files/Epic Games/Unreal Projects/Sacrilege/Content/Objects/Vehicles/Hornet/STDSGN_WoWW2_Wep_MG_M1919_Machinegun_Auto-Burst_Shot_X6.uexp" 3028
"C:/Program Files/Epic Games/Unreal Projects/Sacrilege/Content/Objects/Vehicles/Hornet/MS_Hornet_Fire.uasset" 3029
"C:/Program Files/Epic Games/Unreal Projects/Sacrilege/Content/Objects/Vehicles/Hornet/MS_Hornet_Fire.uexp" 3030
"C:/Program Files/Epic Games/Unreal Projects/Sacrilege/Content/Objects/Vehicles/Turrets/Turret_Gatling/NS_GatlingGunFire.uasset" 3031
"C:/Program Files/Epic Games/Unreal Projects/Sacrilege/Content/Objects/Vehicles/Turrets/Turret_Gatling/NS_GatlingGunFire.uexp" 3032
"C:/Program Files/Epic Games/Unreal Projects/Sacrilege/Content/Objects/Vehicles/Hornet/AEROJet_Blast_Off_Clean_344_Audio_Air_Designed_Loop.ubulk" 3033
"C:/Program Files/Epic Games/Unreal Projects/Sacrilege/Content/Objects/Vehicles/Hornet/AEROJet_Blast_Off_Clean_344_Audio_Air_Designed_Loop.uasset" 3034
"C:/Program Files/Epic Games/Unreal Projects/Sacrilege/Content/Objects/Vehicles/Hornet/AEROJet_Blast_Off_Clean_344_Audio_Air_Designed_Loop.uexp" 3035
"C:/Program Files/Epic Games/Unreal Projects/Sacrilege/Content/Objects/Vehicles/Hornet/AEROJet_Blast_Off_Clean_344_Audio_Air_Designed_start.ubulk" 3036
"C:/Program Files/Epic Games/Unreal Projects/Sacrilege/Content/Objects/Vehicles/Hornet/AEROJet_Blast_Off_Clean_344_Audio_Air_Designed_start.uasset" 3037
"C:/Program Files/Epic Games/Unreal Projects/Sacrilege/Content/Objects/Vehicles/Hornet/AEROJet_Blast_Off_Clean_344_Audio_Air_Designed_start.uexp" 3038
"C:/Program Files/Epic Games/Unreal Projects/Sacrilege/Content/Objects/Vehicles/Hornet/MS_HornetEngine.uasset" 3039
"C:/Program Files/Epic Games/Unreal Projects/Sacrilege/Content/Objects/Vehicles/Hornet/MS_HornetEngine.uexp" 3040
"C:/Program Files/Epic Games/Unreal Projects/Sacrilege/Content/Objects/Vehicles/Hornet/Bluezone_BC0277_weapon_smoke_grenade_launcher_003.ubulk" 3041
"C:/Program Files/Epic Games/Unreal Projects/Sacrilege/Content/Objects/Vehicles/Hornet/Bluezone_BC0277_weapon_smoke_grenade_launcher_003.uasset" 3042
"C:/Program Files/Epic Games/Unreal Projects/Sacrilege/Content/Objects/Vehicles/Hornet/Bluezone_BC0277_weapon_smoke_grenade_launcher_003.uexp" 3043
"C:/Program Files/Epic Games/Unreal Projects/Sacrilege/Content/Objects/Vehicles/Hornet/MS_Hornet_Rocket_Fire.uasset" 3044
"C:/Program Files/Epic Games/Unreal Projects/Sacrilege/Content/Objects/Vehicles/Hornet/MS_Hornet_Rocket_Fire.uexp" 3045
"C:/Program Files/Epic Games/Unreal Projects/Sacrilege/Content/Objects/Vehicles/Hornet/BP_Hornet.uasset" 3046
"C:/Program Files/Epic Games/Unreal Projects/Sacrilege/Content/Objects/Vehicles/Hornet/BP_Hornet.uexp" 3047
"C:/Program Files/Epic Games/Unreal Projects/Sacrilege/Content/Objects/Vehicles/Falcon/Falcon_Skeleton.uasset" 3048
"C:/Program Files/Epic Games/Unreal Projects/Sacrilege/Content/Objects/Vehicles/Falcon/Falcon_Skeleton.uexp" 3049
"C:/Program Files/Epic Games/Unreal Projects/Sacrilege/Content/Objects/Vehicles/Falcon/Falcon_animsRotorLoop.uasset" 3050
"C:/Program Files/Epic Games/Unreal Projects/Sacrilege/Content/Objects/Vehicles/Falcon/Falcon_animsRotorLoop.uexp" 3051
"C:/Program Files/Epic Games/Unreal Projects/Sacrilege/Content/Objects/Vehicles/Falcon/Falcon_animsTPose.uasset" 3052
"C:/Program Files/Epic Games/Unreal Projects/Sacrilege/Content/Objects/Vehicles/Falcon/Falcon_animsTPose.uexp" 3053
"C:/Program Files/Epic Games/Unreal Projects/Sacrilege/Content/Objects/Vehicles/Falcon/Falcon_MoveNone.uasset" 3054
"C:/Program Files/Epic Games/Unreal Projects/Sacrilege/Content/Objects/Vehicles/Falcon/Falcon_MoveNone.uexp" 3055
"C:/Program Files/Epic Games/Unreal Projects/Sacrilege/Content/Objects/Vehicles/Falcon/Falcon_TurnR.uasset" 3056
"C:/Program Files/Epic Games/Unreal Projects/Sacrilege/Content/Objects/Vehicles/Falcon/Falcon_TurnR.uexp" 3057
"C:/Program Files/Epic Games/Unreal Projects/Sacrilege/Content/Objects/Vehicles/Falcon/Falcon_MoveB.uasset" 3058
"C:/Program Files/Epic Games/Unreal Projects/Sacrilege/Content/Objects/Vehicles/Falcon/Falcon_MoveB.uexp" 3059
"C:/Program Files/Epic Games/Unreal Projects/Sacrilege/Content/Objects/Vehicles/Falcon/Falcon_MoveF.uasset" 3060
"C:/Program Files/Epic Games/Unreal Projects/Sacrilege/Content/Objects/Vehicles/Falcon/Falcon_MoveF.uexp" 3061
"C:/Program Files/Epic Games/Unreal Projects/Sacrilege/Content/Objects/Vehicles/Falcon/Falcon_TurnL.uasset" 3062
"C:/Program Files/Epic Games/Unreal Projects/Sacrilege/Content/Objects/Vehicles/Falcon/Falcon_TurnL.uexp" 3063
"C:/Program Files/Epic Games/Unreal Projects/Sacrilege/Content/Objects/Vehicles/Falcon/BS_FalconMovement.uasset" 3064
"C:/Program Files/Epic Games/Unreal Projects/Sacrilege/Content/Objects/Vehicles/Falcon/BS_FalconMovement.uexp" 3065
"C:/Program Files/Epic Games/Unreal Projects/Sacrilege/Content/Objects/Vehicles/Falcon/ABP_Falcon.uasset" 3066
"C:/Program Files/Epic Games/Unreal Projects/Sacrilege/Content/Objects/Vehicles/Falcon/ABP_Falcon.uexp" 3067
"C:/Program Files/Epic Games/Unreal Projects/Sacrilege/Content/Objects/Vehicles/Falcon/Falcon_PhysicsAsset.uasset" 3068
"C:/Program Files/Epic Games/Unreal Projects/Sacrilege/Content/Objects/Vehicles/Falcon/Falcon_PhysicsAsset.uexp" 3069
"C:/Program Files/Epic Games/Unreal Projects/Sacrilege/Content/Objects/Vehicles/Falcon/Falcon.uasset" 3070
"C:/Program Files/Epic Games/Unreal Projects/Sacrilege/Content/Objects/Vehicles/Falcon/Falcon.uexp" 3071
"C:/Program Files/Epic Games/Unreal Projects/Sacrilege/Content/Objects/Vehicles/Falcon/HeliLoop.ubulk" 3072
"C:/Program Files/Epic Games/Unreal Projects/Sacrilege/Content/Objects/Vehicles/Falcon/HeliLoop.uasset" 3073
"C:/Program Files/Epic Games/Unreal Projects/Sacrilege/Content/Objects/Vehicles/Falcon/HeliLoop.uexp" 3074
"C:/Program Files/Epic Games/Unreal Projects/Sacrilege/Content/Objects/Vehicles/Falcon/HeliStart.ubulk" 3075
"C:/Program Files/Epic Games/Unreal Projects/Sacrilege/Content/Objects/Vehicles/Falcon/HeliStart.uasset" 3076
"C:/Program Files/Epic Games/Unreal Projects/Sacrilege/Content/Objects/Vehicles/Falcon/HeliStart.uexp" 3077
"C:/Program Files/Epic Games/Unreal Projects/Sacrilege/Content/Objects/Vehicles/Falcon/HeliStop.ubulk" 3078
"C:/Program Files/Epic Games/Unreal Projects/Sacrilege/Content/Objects/Vehicles/Falcon/HeliStop.uasset" 3079
"C:/Program Files/Epic Games/Unreal Projects/Sacrilege/Content/Objects/Vehicles/Falcon/HeliStop.uexp" 3080
"C:/Program Files/Epic Games/Unreal Projects/Sacrilege/Content/Objects/Vehicles/Falcon/MS_FalconEngine.uasset" 3081
"C:/Program Files/Epic Games/Unreal Projects/Sacrilege/Content/Objects/Vehicles/Falcon/MS_FalconEngine.uexp" 3082
"C:/Program Files/Epic Games/Unreal Projects/Sacrilege/Content/EditorTools/T_Thumbnail_BP_UNSCTurret.uasset" 3083
"C:/Program Files/Epic Games/Unreal Projects/Sacrilege/Content/EditorTools/T_Thumbnail_BP_UNSCTurret.uexp" 3084
"C:/Program Files/Epic Games/Unreal Projects/Sacrilege/Content/UI/Icons/Crosshairs/T_WarthogCrosshair.ubulk" 3085
"C:/Program Files/Epic Games/Unreal Projects/Sacrilege/Content/UI/Icons/Crosshairs/T_WarthogCrosshair.uasset" 3086
"C:/Program Files/Epic Games/Unreal Projects/Sacrilege/Content/UI/Icons/Crosshairs/T_WarthogCrosshair.uexp" 3087
"C:/Program Files/Epic Games/Unreal Projects/Sacrilege/Content/UI/WBP_UNSCTurret.uasset" 3088
"C:/Program Files/Epic Games/Unreal Projects/Sacrilege/Content/UI/WBP_UNSCTurret.uexp" 3089
"C:/Program Files/Epic Games/Unreal Projects/Sacrilege/Content/Objects/Projectiles/BulletInfos/BP_WarthogBulletInfo.uasset" 3090
"C:/Program Files/Epic Games/Unreal Projects/Sacrilege/Content/Objects/Projectiles/BulletInfos/BP_WarthogBulletInfo.uexp" 3091
"C:/Program Files/Epic Games/Unreal Projects/Sacrilege/Content/Objects/Vehicles/Turrets/Turret_Gatling/m249-1.ubulk" 3092
"C:/Program Files/Epic Games/Unreal Projects/Sacrilege/Content/Objects/Vehicles/Turrets/Turret_Gatling/m249-1.uasset" 3093
"C:/Program Files/Epic Games/Unreal Projects/Sacrilege/Content/Objects/Vehicles/Turrets/Turret_Gatling/m249-1.uexp" 3094
"C:/Program Files/Epic Games/Unreal Projects/Sacrilege/Content/Objects/Vehicles/Turrets/Turret_Gatling/MS_GatlingTurret_Fire.uasset" 3095
"C:/Program Files/Epic Games/Unreal Projects/Sacrilege/Content/Objects/Vehicles/Turrets/Turret_Gatling/MS_GatlingTurret_Fire.uexp" 3096
"C:/Program Files/Epic Games/Unreal Projects/Sacrilege/Content/StarterContent/Textures/T_MacroVariation.uasset" 3097
"C:/Program Files/Epic Games/Unreal Projects/Sacrilege/Content/StarterContent/Textures/T_MacroVariation.uexp" 3098
"C:/Program Files/Epic Games/Unreal Projects/Sacrilege/Content/StarterContent/Textures/T_Metal_Gold_N.ubulk" 3099
"C:/Program Files/Epic Games/Unreal Projects/Sacrilege/Content/StarterContent/Textures/T_Metal_Gold_N.uasset" 3100
"C:/Program Files/Epic Games/Unreal Projects/Sacrilege/Content/StarterContent/Textures/T_Metal_Gold_N.uexp" 3101
"C:/Program Files/Epic Games/Unreal Projects/Sacrilege/Content/StarterContent/Textures/T_Metal_Gold_D.ubulk" 3102
"C:/Program Files/Epic Games/Unreal Projects/Sacrilege/Content/StarterContent/Textures/T_Metal_Gold_D.uasset" 3103
"C:/Program Files/Epic Games/Unreal Projects/Sacrilege/Content/StarterContent/Textures/T_Metal_Gold_D.uexp" 3104
"C:/Program Files/Epic Games/Unreal Projects/Sacrilege/Content/StarterContent/Materials/M_Metal_Gold.uasset" 3105
"C:/Program Files/Epic Games/Unreal Projects/Sacrilege/Content/StarterContent/Materials/M_Metal_Gold.uexp" 3106
"C:/Program Files/Epic Games/Unreal Projects/Sacrilege/Content/Objects/BulletMesh/Bullet762/StaticMeshes/Bullet762.ubulk" 3107
"C:/Program Files/Epic Games/Unreal Projects/Sacrilege/Content/Objects/BulletMesh/Bullet762/StaticMeshes/Bullet762.uasset" 3108
"C:/Program Files/Epic Games/Unreal Projects/Sacrilege/Content/Objects/BulletMesh/Bullet762/StaticMeshes/Bullet762.uexp" 3109
"C:/Program Files/Epic Games/Unreal Projects/Sacrilege/Content/Objects/Vehicles/Turrets/Turret_Gatling/NS_BulletSpawn.uasset" 3110
"C:/Program Files/Epic Games/Unreal Projects/Sacrilege/Content/Objects/Vehicles/Turrets/Turret_Gatling/NS_BulletSpawn.uexp" 3111
"C:/Program Files/Epic Games/Unreal Projects/Sacrilege/Content/Objects/Vehicles/Turrets/Turret_Gatling/UNSCTurretRampCurve.uasset" 3112
"C:/Program Files/Epic Games/Unreal Projects/Sacrilege/Content/Objects/Vehicles/Turrets/Turret_Gatling/UNSCTurretRampCurve.uexp" 3113
"C:/Program Files/Epic Games/Unreal Projects/Sacrilege/Content/Objects/Vehicles/Turrets/Turret_Gatling/Anims/0TPose.uasset" 3114
"C:/Program Files/Epic Games/Unreal Projects/Sacrilege/Content/Objects/Vehicles/Turrets/Turret_Gatling/Anims/0TPose.uexp" 3115
"C:/Program Files/Epic Games/Unreal Projects/Sacrilege/Content/Objects/Vehicles/Turrets/Turret_Gatling/Anims/Fire.uasset" 3116
"C:/Program Files/Epic Games/Unreal Projects/Sacrilege/Content/Objects/Vehicles/Turrets/Turret_Gatling/Anims/Fire.uexp" 3117
"C:/Program Files/Epic Games/Unreal Projects/Sacrilege/Content/Objects/Vehicles/Turrets/Turret_Gatling/Anims/AM_GatlingFire.uasset" 3118
"C:/Program Files/Epic Games/Unreal Projects/Sacrilege/Content/Objects/Vehicles/Turrets/Turret_Gatling/Anims/AM_GatlingFire.uexp" 3119
"C:/Program Files/Epic Games/Unreal Projects/Sacrilege/Content/Objects/Vehicles/Turrets/Turret_Gatling/BP_UNSCTurret.uasset" 3120
"C:/Program Files/Epic Games/Unreal Projects/Sacrilege/Content/Objects/Vehicles/Turrets/Turret_Gatling/BP_UNSCTurret.uexp" 3121
"C:/Program Files/Epic Games/Unreal Projects/Sacrilege/Content/Objects/Vehicles/Turrets/Turret_Gatling/GatlingTurret_Mesh.uasset" 3122
"C:/Program Files/Epic Games/Unreal Projects/Sacrilege/Content/Objects/Vehicles/Turrets/Turret_Gatling/GatlingTurret_Mesh.uexp" 3123
"C:/Program Files/Epic Games/Unreal Projects/Sacrilege/Content/Objects/Vehicles/Turrets/Turret_Gatling/BP_FalconTurret.uasset" 3124
"C:/Program Files/Epic Games/Unreal Projects/Sacrilege/Content/Objects/Vehicles/Turrets/Turret_Gatling/BP_FalconTurret.uexp" 3125
"C:/Program Files/Epic Games/Unreal Projects/Sacrilege/Content/Objects/Vehicles/Falcon/BP_Falcon.uasset" 3126
"C:/Program Files/Epic Games/Unreal Projects/Sacrilege/Content/Objects/Vehicles/Falcon/BP_Falcon.uexp" 3127
"C:/Program Files/Epic Games/Unreal Projects/Sacrilege/Content/MaterialLibrary/MI_Blood_Purple.uasset" 3128
"C:/Program Files/Epic Games/Unreal Projects/Sacrilege/Content/MaterialLibrary/MI_Blood_Purple.uexp" 3129
"C:/Program Files/Epic Games/Unreal Projects/Sacrilege/Content/EditorTools/T_Thumbnail_BP_PlasmaRifle_3.uasset" 3130
"C:/Program Files/Epic Games/Unreal Projects/Sacrilege/Content/EditorTools/T_Thumbnail_BP_PlasmaRifle_3.uexp" 3131
"C:/Program Files/Epic Games/Unreal Projects/Sacrilege/Content/Objects/Weapons/PlasmaRifle/T_None_Base_Color.ubulk" 3132
"C:/Program Files/Epic Games/Unreal Projects/Sacrilege/Content/Objects/Weapons/PlasmaRifle/T_None_Base_Color.uasset" 3133
"C:/Program Files/Epic Games/Unreal Projects/Sacrilege/Content/Objects/Weapons/PlasmaRifle/T_None_Base_Color.uexp" 3134
"C:/Program Files/Epic Games/Unreal Projects/Sacrilege/Content/Objects/Weapons/PlasmaRifle/T_None_Emissive.ubulk" 3135
"C:/Program Files/Epic Games/Unreal Projects/Sacrilege/Content/Objects/Weapons/PlasmaRifle/T_None_Emissive.uasset" 3136
"C:/Program Files/Epic Games/Unreal Projects/Sacrilege/Content/Objects/Weapons/PlasmaRifle/T_None_Emissive.uexp" 3137
"C:/Program Files/Epic Games/Unreal Projects/Sacrilege/Content/Objects/Weapons/PlasmaRifle/T_None_Metallic.ubulk" 3138
"C:/Program Files/Epic Games/Unreal Projects/Sacrilege/Content/Objects/Weapons/PlasmaRifle/T_None_Metallic.uasset" 3139
"C:/Program Files/Epic Games/Unreal Projects/Sacrilege/Content/Objects/Weapons/PlasmaRifle/T_None_Metallic.uexp" 3140
"C:/Program Files/Epic Games/Unreal Projects/Sacrilege/Content/Objects/Weapons/PlasmaRifle/T_None_Normal_OpenGL.ubulk" 3141
"C:/Program Files/Epic Games/Unreal Projects/Sacrilege/Content/Objects/Weapons/PlasmaRifle/T_None_Normal_OpenGL.uasset" 3142
"C:/Program Files/Epic Games/Unreal Projects/Sacrilege/Content/Objects/Weapons/PlasmaRifle/T_None_Normal_OpenGL.uexp" 3143
"C:/Program Files/Epic Games/Unreal Projects/Sacrilege/Content/Objects/Weapons/PlasmaRifle/T_None_Roughness.ubulk" 3144
"C:/Program Files/Epic Games/Unreal Projects/Sacrilege/Content/Objects/Weapons/PlasmaRifle/T_None_Roughness.uasset" 3145
"C:/Program Files/Epic Games/Unreal Projects/Sacrilege/Content/Objects/Weapons/PlasmaRifle/T_None_Roughness.uexp" 3146
"C:/Program Files/Epic Games/Unreal Projects/Sacrilege/Content/Objects/Weapons/PlasmaRifle/M_PlasmaRifle.uasset" 3147
"C:/Program Files/Epic Games/Unreal Projects/Sacrilege/Content/Objects/Weapons/PlasmaRifle/M_PlasmaRifle.uexp" 3148
"C:/Program Files/Epic Games/Unreal Projects/Sacrilege/Content/Objects/Weapons/PlasmaRifle/plasmarifle00_PhysicsAsset.uasset" 3149
"C:/Program Files/Epic Games/Unreal Projects/Sacrilege/Content/Objects/Weapons/PlasmaRifle/plasmarifle00_PhysicsAsset.uexp" 3150
"C:/Program Files/Epic Games/Unreal Projects/Sacrilege/Content/Objects/Weapons/PlasmaRifle/plasmarifle00_Skeleton.uasset" 3151
"C:/Program Files/Epic Games/Unreal Projects/Sacrilege/Content/Objects/Weapons/PlasmaRifle/plasmarifle00_Skeleton.uexp" 3152
"C:/Program Files/Epic Games/Unreal Projects/Sacrilege/Content/Objects/Weapons/PlasmaRifle/plasmarifle00.uasset" 3153
"C:/Program Files/Epic Games/Unreal Projects/Sacrilege/Content/Objects/Weapons/PlasmaRifle/plasmarifle00.uexp" 3154
"C:/Program Files/Epic Games/Unreal Projects/Sacrilege/Content/UI/Icons/Crosshairs/T_PlasmaRifleCrosshair.ubulk" 3155
"C:/Program Files/Epic Games/Unreal Projects/Sacrilege/Content/UI/Icons/Crosshairs/T_PlasmaRifleCrosshair.uasset" 3156
"C:/Program Files/Epic Games/Unreal Projects/Sacrilege/Content/UI/Icons/Crosshairs/T_PlasmaRifleCrosshair.uexp" 3157
"C:/Program Files/Epic Games/Unreal Projects/Sacrilege/Content/Objects/Weapons/PlasmaRifle/S_Lasers__Gun__Laser_Sniper_Rifle__Various_SND28388.ubulk" 3158
"C:/Program Files/Epic Games/Unreal Projects/Sacrilege/Content/Objects/Weapons/PlasmaRifle/S_Lasers__Gun__Laser_Sniper_Rifle__Various_SND28388.uasset" 3159
"C:/Program Files/Epic Games/Unreal Projects/Sacrilege/Content/Objects/Weapons/PlasmaRifle/S_Lasers__Gun__Laser_Sniper_Rifle__Various_SND28388.uexp" 3160
"C:/Program Files/Epic Games/Unreal Projects/Sacrilege/Content/Objects/Weapons/PlasmaRifle/MS_PlasmaRifle_Fire.uasset" 3161
"C:/Program Files/Epic Games/Unreal Projects/Sacrilege/Content/Objects/Weapons/PlasmaRifle/MS_PlasmaRifle_Fire.uexp" 3162
"C:/Program Files/Epic Games/Unreal Projects/Sacrilege/Content/Objects/Weapons/PlasmaRifle/BP_PlasmaRifle.uasset" 3163
"C:/Program Files/Epic Games/Unreal Projects/Sacrilege/Content/Objects/Weapons/PlasmaRifle/BP_PlasmaRifle.uexp" 3164
"C:/Program Files/Epic Games/Unreal Projects/Sacrilege/Content/Characters/Elite/PA_Elite.uasset" 3165
"C:/Program Files/Epic Games/Unreal Projects/Sacrilege/Content/Characters/Elite/PA_Elite.uexp" 3166
"C:/Program Files/Epic Games/Unreal Projects/Sacrilege/Content/StarterContent/Textures/T_Tech_Hex_Tile_N.ubulk" 3167
"C:/Program Files/Epic Games/Unreal Projects/Sacrilege/Content/StarterContent/Textures/T_Tech_Hex_Tile_N.uasset" 3168
"C:/Program Files/Epic Games/Unreal Projects/Sacrilege/Content/StarterContent/Textures/T_Tech_Hex_Tile_N.uexp" 3169
"C:/Program Files/Epic Games/Unreal Projects/Sacrilege/Content/Characters/Elite/Materials/M_EliteUndersuit.uasset" 3170
"C:/Program Files/Epic Games/Unreal Projects/Sacrilege/Content/Characters/Elite/Materials/M_EliteUndersuit.uexp" 3171
"C:/Program Files/Epic Games/Unreal Projects/Sacrilege/Content/Characters/Elite/T_Elite_Normal.ubulk" 3172
"C:/Program Files/Epic Games/Unreal Projects/Sacrilege/Content/Characters/Elite/T_Elite_Normal.uasset" 3173
"C:/Program Files/Epic Games/Unreal Projects/Sacrilege/Content/Characters/Elite/T_Elite_Normal.uexp" 3174
"C:/Program Files/Epic Games/Unreal Projects/Sacrilege/Content/Characters/Elite/Materials/M_EliteSkin.uasset" 3175
"C:/Program Files/Epic Games/Unreal Projects/Sacrilege/Content/Characters/Elite/Materials/M_EliteSkin.uexp" 3176
"C:/Program Files/Epic Games/Unreal Projects/Sacrilege/Content/Characters/Elite/SK_Elite.uasset" 3177
"C:/Program Files/Epic Games/Unreal Projects/Sacrilege/Content/Characters/Elite/SK_Elite.uexp" 3178
"C:/Program Files/Epic Games/Unreal Projects/Sacrilege/Content/Characters/Grunt/NS_Blood_Burst_Elite.uasset" 3179
"C:/Program Files/Epic Games/Unreal Projects/Sacrilege/Content/Characters/Grunt/NS_Blood_Burst_Elite.uexp" 3180
"C:/Program Files/Epic Games/Unreal Projects/Sacrilege/Content/Characters/Elite/anims/elite_anims_Death_01.uasset" 3181
"C:/Program Files/Epic Games/Unreal Projects/Sacrilege/Content/Characters/Elite/anims/elite_anims_Death_01.uexp" 3182
"C:/Program Files/Epic Games/Unreal Projects/Sacrilege/Content/Characters/Elite/anims/AM_elite_anims_Death_01.uasset" 3183
"C:/Program Files/Epic Games/Unreal Projects/Sacrilege/Content/Characters/Elite/anims/AM_elite_anims_Death_01.uexp" 3184
"C:/Program Files/Epic Games/Unreal Projects/Sacrilege/Content/Characters/Elite/Materials/M_EliteArmor.uasset" 3185
"C:/Program Files/Epic Games/Unreal Projects/Sacrilege/Content/Characters/Elite/Materials/M_EliteArmor.uexp" 3186
"C:/Program Files/Epic Games/Unreal Projects/Sacrilege/Content/Characters/Elite/Elite_minor_armguards_PhysicsAsset.uasset" 3187
"C:/Program Files/Epic Games/Unreal Projects/Sacrilege/Content/Characters/Elite/Elite_minor_armguards_PhysicsAsset.uexp" 3188
"C:/Program Files/Epic Games/Unreal Projects/Sacrilege/Content/Characters/Elite/Elite_minor_armguards.uasset" 3189
"C:/Program Files/Epic Games/Unreal Projects/Sacrilege/Content/Characters/Elite/Elite_minor_armguards.uexp" 3190
"C:/Program Files/Epic Games/Unreal Projects/Sacrilege/Content/Characters/Elite/Elite_minor_armrings_PhysicsAsset.uasset" 3191
"C:/Program Files/Epic Games/Unreal Projects/Sacrilege/Content/Characters/Elite/Elite_minor_armrings_PhysicsAsset.uexp" 3192
"C:/Program Files/Epic Games/Unreal Projects/Sacrilege/Content/Characters/Elite/Elite_minor_armrings.uasset" 3193
"C:/Program Files/Epic Games/Unreal Projects/Sacrilege/Content/Characters/Elite/Elite_minor_armrings.uexp" 3194
"C:/Program Files/Epic Games/Unreal Projects/Sacrilege/Content/MaterialLibrary/MI_Light_Green.uasset" 3195
"C:/Program Files/Epic Games/Unreal Projects/Sacrilege/Content/MaterialLibrary/MI_Light_Green.uexp" 3196
"C:/Program Files/Epic Games/Unreal Projects/Sacrilege/Content/Characters/Elite/Elite_minor_chest_PhysicsAsset.uasset" 3197
"C:/Program Files/Epic Games/Unreal Projects/Sacrilege/Content/Characters/Elite/Elite_minor_chest_PhysicsAsset.uexp" 3198
"C:/Program Files/Epic Games/Unreal Projects/Sacrilege/Content/Characters/Elite/Elite_minor_chest.uasset" 3199
"C:/Program Files/Epic Games/Unreal Projects/Sacrilege/Content/Characters/Elite/Elite_minor_chest.uexp" 3200
"C:/Program Files/Epic Games/Unreal Projects/Sacrilege/Content/Characters/Elite/Elite_minor_helmet_PhysicsAsset.uasset" 3201
"C:/Program Files/Epic Games/Unreal Projects/Sacrilege/Content/Characters/Elite/Elite_minor_helmet_PhysicsAsset.uexp" 3202
"C:/Program Files/Epic Games/Unreal Projects/Sacrilege/Content/Characters/Elite/Elite_minor_helmet.uasset" 3203
"C:/Program Files/Epic Games/Unreal Projects/Sacrilege/Content/Characters/Elite/Elite_minor_helmet.uexp" 3204
"C:/Program Files/Epic Games/Unreal Projects/Sacrilege/Content/Characters/Elite/Elite_minor_legguards_PhysicsAsset.uasset" 3205
"C:/Program Files/Epic Games/Unreal Projects/Sacrilege/Content/Characters/Elite/Elite_minor_legguards_PhysicsAsset.uexp" 3206
"C:/Program Files/Epic Games/Unreal Projects/Sacrilege/Content/Characters/Elite/Elite_minor_legguards.uasset" 3207
"C:/Program Files/Epic Games/Unreal Projects/Sacrilege/Content/Characters/Elite/Elite_minor_legguards.uexp" 3208
"C:/Program Files/Epic Games/Unreal Projects/Sacrilege/Content/Characters/Elite/Elite_minor_lowerlegguards_PhysicsAsset.uasset" 3209
"C:/Program Files/Epic Games/Unreal Projects/Sacrilege/Content/Characters/Elite/Elite_minor_lowerlegguards_PhysicsAsset.uexp" 3210
"C:/Program Files/Epic Games/Unreal Projects/Sacrilege/Content/Characters/Elite/Elite_minor_lowerlegguards.uasset" 3211
"C:/Program Files/Epic Games/Unreal Projects/Sacrilege/Content/Characters/Elite/Elite_minor_lowerlegguards.uexp" 3212
"C:/Program Files/Epic Games/Unreal Projects/Sacrilege/Content/Characters/Elite/Elite_minor_shoulders_PhysicsAsset.uasset" 3213
"C:/Program Files/Epic Games/Unreal Projects/Sacrilege/Content/Characters/Elite/Elite_minor_shoulders_PhysicsAsset.uexp" 3214
"C:/Program Files/Epic Games/Unreal Projects/Sacrilege/Content/Characters/Elite/Elite_minor_shoulders.uasset" 3215
"C:/Program Files/Epic Games/Unreal Projects/Sacrilege/Content/Characters/Elite/Elite_minor_shoulders.uexp" 3216
"C:/Program Files/Epic Games/Unreal Projects/Sacrilege/Content/Characters/Elite/anims/elite_anims_Pistol_Alert_Idle.uasset" 3217
"C:/Program Files/Epic Games/Unreal Projects/Sacrilege/Content/Characters/Elite/anims/elite_anims_Pistol_Alert_Idle.uexp" 3218
"C:/Program Files/Epic Games/Unreal Projects/Sacrilege/Content/Characters/Elite/anims/elite_anims_Add_Hit_Front.uasset" 3219
"C:/Program Files/Epic Games/Unreal Projects/Sacrilege/Content/Characters/Elite/anims/elite_anims_Add_Hit_Front.uexp" 3220
"C:/Program Files/Epic Games/Unreal Projects/Sacrilege/Content/Characters/Elite/anims/AM_elite_anims_Add_Hit_Front_Montage.uasset" 3221
"C:/Program Files/Epic Games/Unreal Projects/Sacrilege/Content/Characters/Elite/anims/AM_elite_anims_Add_Hit_Front_Montage.uexp" 3222
"C:/Program Files/Epic Games/Unreal Projects/Sacrilege/Content/Characters/Elite/anims/elite_anims_Infect01.uasset" 3223
"C:/Program Files/Epic Games/Unreal Projects/Sacrilege/Content/Characters/Elite/anims/elite_anims_Infect01.uexp" 3224
"C:/Program Files/Epic Games/Unreal Projects/Sacrilege/Content/Characters/Elite/anims/AM_elite_anims_Infect01.uasset" 3225
"C:/Program Files/Epic Games/Unreal Projects/Sacrilege/Content/Characters/Elite/anims/AM_elite_anims_Infect01.uexp" 3226
"C:/Program Files/Epic Games/Unreal Projects/Sacrilege/Content/Characters/Elite/anims/elite_anims_Pistol_DodgeRoll.uasset" 3227
"C:/Program Files/Epic Games/Unreal Projects/Sacrilege/Content/Characters/Elite/anims/elite_anims_Pistol_DodgeRoll.uexp" 3228
"C:/Program Files/Epic Games/Unreal Projects/Sacrilege/Content/Characters/Elite/anims/AM_elite_anims_pistol_dodgeroll1.uasset" 3229
"C:/Program Files/Epic Games/Unreal Projects/Sacrilege/Content/Characters/Elite/anims/AM_elite_anims_pistol_dodgeroll1.uexp" 3230
"C:/Program Files/Epic Games/Unreal Projects/Sacrilege/Content/Characters/Elite/anims/elite_anims_dodge_left.uasset" 3231
"C:/Program Files/Epic Games/Unreal Projects/Sacrilege/Content/Characters/Elite/anims/elite_anims_dodge_left.uexp" 3232
"C:/Program Files/Epic Games/Unreal Projects/Sacrilege/Content/Characters/Elite/anims/elite_anims_dodge_left_Montage.uasset" 3233
"C:/Program Files/Epic Games/Unreal Projects/Sacrilege/Content/Characters/Elite/anims/elite_anims_dodge_left_Montage.uexp" 3234
"C:/Program Files/Epic Games/Unreal Projects/Sacrilege/Content/Characters/Elite/anims/elite_anims_dodge_right.uasset" 3235
"C:/Program Files/Epic Games/Unreal Projects/Sacrilege/Content/Characters/Elite/anims/elite_anims_dodge_right.uexp" 3236
"C:/Program Files/Epic Games/Unreal Projects/Sacrilege/Content/Characters/Elite/anims/elite_anims_dodge_right_Montage.uasset" 3237
"C:/Program Files/Epic Games/Unreal Projects/Sacrilege/Content/Characters/Elite/anims/elite_anims_dodge_right_Montage.uexp" 3238
"C:/Program Files/Epic Games/Unreal Projects/Sacrilege/Content/Characters/Elite/anims/elite_anims_Pistol_Add_Fire.uasset" 3239
"C:/Program Files/Epic Games/Unreal Projects/Sacrilege/Content/Characters/Elite/anims/elite_anims_Pistol_Add_Fire.uexp" 3240
"C:/Program Files/Epic Games/Unreal Projects/Sacrilege/Content/Characters/Elite/anims/elite_anims_Pistol_Add_Fire_Montage.uasset" 3241
"C:/Program Files/Epic Games/Unreal Projects/Sacrilege/Content/Characters/Elite/anims/elite_anims_Pistol_Add_Fire_Montage.uexp" 3242
"C:/Program Files/Epic Games/Unreal Projects/Sacrilege/Content/Characters/Elite/anims/elite_anims_Pistol_Spot01.uasset" 3243
"C:/Program Files/Epic Games/Unreal Projects/Sacrilege/Content/Characters/Elite/anims/elite_anims_Pistol_Spot01.uexp" 3244
"C:/Program Files/Epic Games/Unreal Projects/Sacrilege/Content/Characters/Elite/anims/elite_anims_Pistol_Spot01_Montage.uasset" 3245
"C:/Program Files/Epic Games/Unreal Projects/Sacrilege/Content/Characters/Elite/anims/elite_anims_Pistol_Spot01_Montage.uexp" 3246
"C:/Program Files/Epic Games/Unreal Projects/Sacrilege/Content/Core/AnimNotifies/MeleeDamageNotify.uasset" 3247
"C:/Program Files/Epic Games/Unreal Projects/Sacrilege/Content/Core/AnimNotifies/MeleeDamageNotify.uexp" 3248
"C:/Program Files/Epic Games/Unreal Projects/Sacrilege/Content/Characters/Elite/anims/elite_anims_Pistol_Melee.uasset" 3249
"C:/Program Files/Epic Games/Unreal Projects/Sacrilege/Content/Characters/Elite/anims/elite_anims_Pistol_Melee.uexp" 3250
"C:/Program Files/Epic Games/Unreal Projects/Sacrilege/Content/Characters/Elite/anims/AM_elite_anims_Pistol_Melee.uasset" 3251
"C:/Program Files/Epic Games/Unreal Projects/Sacrilege/Content/Characters/Elite/anims/AM_elite_anims_Pistol_Melee.uexp" 3252
"C:/Program Files/Epic Games/Unreal Projects/Sacrilege/Content/Core/AnimNotifies/BP_ThrowGrenadeNotify.uasset" 3253
"C:/Program Files/Epic Games/Unreal Projects/Sacrilege/Content/Core/AnimNotifies/BP_ThrowGrenadeNotify.uexp" 3254
"C:/Program Files/Epic Games/Unreal Projects/Sacrilege/Content/Characters/Elite/anims/elite_anims_ThrowGrenade.uasset" 3255
"C:/Program Files/Epic Games/Unreal Projects/Sacrilege/Content/Characters/Elite/anims/elite_anims_ThrowGrenade.uexp" 3256
"C:/Program Files/Epic Games/Unreal Projects/Sacrilege/Content/Characters/Elite/anims/AM_elite_anims_ThrowGrenade.uasset" 3257
"C:/Program Files/Epic Games/Unreal Projects/Sacrilege/Content/Characters/Elite/anims/AM_elite_anims_ThrowGrenade.uexp" 3258
"C:/Program Files/Epic Games/Unreal Projects/Sacrilege/Content/Characters/Elite/anims/elite_anims_Pistol_Sprint_Forward.uasset" 3259
"C:/Program Files/Epic Games/Unreal Projects/Sacrilege/Content/Characters/Elite/anims/elite_anims_Pistol_Sprint_Forward.uexp" 3260
"C:/Program Files/Epic Games/Unreal Projects/Sacrilege/Content/Characters/Elite/anims/elite_look_f.uasset" 3261
"C:/Program Files/Epic Games/Unreal Projects/Sacrilege/Content/Characters/Elite/anims/elite_look_f.uexp" 3262
"C:/Program Files/Epic Games/Unreal Projects/Sacrilege/Content/Characters/Elite/anims/elite_look_d.uasset" 3263
"C:/Program Files/Epic Games/Unreal Projects/Sacrilege/Content/Characters/Elite/anims/elite_look_d.uexp" 3264
"C:/Program Files/Epic Games/Unreal Projects/Sacrilege/Content/Characters/Elite/anims/elite_look_l.uasset" 3265
"C:/Program Files/Epic Games/Unreal Projects/Sacrilege/Content/Characters/Elite/anims/elite_look_l.uexp" 3266
"C:/Program Files/Epic Games/Unreal Projects/Sacrilege/Content/Characters/Elite/anims/elite_look_r.uasset" 3267
"C:/Program Files/Epic Games/Unreal Projects/Sacrilege/Content/Characters/Elite/anims/elite_look_r.uexp" 3268
"C:/Program Files/Epic Games/Unreal Projects/Sacrilege/Content/Characters/Elite/anims/elite_look_u.uasset" 3269
"C:/Program Files/Epic Games/Unreal Projects/Sacrilege/Content/Characters/Elite/anims/elite_look_u.uexp" 3270
"C:/Program Files/Epic Games/Unreal Projects/Sacrilege/Content/Characters/Elite/anims/AO_Elite_Looking.uasset" 3271
"C:/Program Files/Epic Games/Unreal Projects/Sacrilege/Content/Characters/Elite/anims/AO_Elite_Looking.uexp" 3272
"C:/Program Files/Epic Games/Unreal Projects/Sacrilege/Content/Characters/Elite/anims/elite_anims_Pistol_Airborne.uasset" 3273
"C:/Program Files/Epic Games/Unreal Projects/Sacrilege/Content/Characters/Elite/anims/elite_anims_Pistol_Airborne.uexp" 3274
"C:/Program Files/Epic Games/Unreal Projects/Sacrilege/Content/Characters/Elite/anims/elite_anims_Pistol_BasePose.uasset" 3275
"C:/Program Files/Epic Games/Unreal Projects/Sacrilege/Content/Characters/Elite/anims/elite_anims_Pistol_BasePose.uexp" 3276
"C:/Program Files/Epic Games/Unreal Projects/Sacrilege/Content/Characters/Elite/anims/elite_anims_Pistol_Sprint_Backwards.uasset" 3277
"C:/Program Files/Epic Games/Unreal Projects/Sacrilege/Content/Characters/Elite/anims/elite_anims_Pistol_Sprint_Backwards.uexp" 3278
"C:/Program Files/Epic Games/Unreal Projects/Sacrilege/Content/Characters/Elite/anims/elite_anims_Pistol_Sprint_Left.uasset" 3279
"C:/Program Files/Epic Games/Unreal Projects/Sacrilege/Content/Characters/Elite/anims/elite_anims_Pistol_Sprint_Left.uexp" 3280
"C:/Program Files/Epic Games/Unreal Projects/Sacrilege/Content/Characters/Elite/anims/elite_anims_Pistol_Sprint_Right.uasset" 3281
"C:/Program Files/Epic Games/Unreal Projects/Sacrilege/Content/Characters/Elite/anims/elite_anims_Pistol_Sprint_Right.uexp" 3282
"C:/Program Files/Epic Games/Unreal Projects/Sacrilege/Content/Characters/Elite/anims/elite_anims_Pistol_Walk_Backwards.uasset" 3283
"C:/Program Files/Epic Games/Unreal Projects/Sacrilege/Content/Characters/Elite/anims/elite_anims_Pistol_Walk_Backwards.uexp" 3284
"C:/Program Files/Epic Games/Unreal Projects/Sacrilege/Content/Characters/Elite/anims/elite_anims_Pistol_Walk_Forward.uasset" 3285
"C:/Program Files/Epic Games/Unreal Projects/Sacrilege/Content/Characters/Elite/anims/elite_anims_Pistol_Walk_Forward.uexp" 3286
"C:/Program Files/Epic Games/Unreal Projects/Sacrilege/Content/Characters/Elite/anims/BS_Elite_Pistol_Movement_Alerted.uasset" 3287
"C:/Program Files/Epic Games/Unreal Projects/Sacrilege/Content/Characters/Elite/anims/BS_Elite_Pistol_Movement_Alerted.uexp" 3288
"C:/Program Files/Epic Games/Unreal Projects/Sacrilege/Content/Characters/Elite/anims/elite_anims_Pistol_Alert_Idle_Crouch.uasset" 3289
"C:/Program Files/Epic Games/Unreal Projects/Sacrilege/Content/Characters/Elite/anims/elite_anims_Pistol_Alert_Idle_Crouch.uexp" 3290
"C:/Program Files/Epic Games/Unreal Projects/Sacrilege/Content/Characters/Elite/anims/elite_handheld_pose.uasset" 3291
"C:/Program Files/Epic Games/Unreal Projects/Sacrilege/Content/Characters/Elite/anims/elite_handheld_pose.uexp" 3292
"C:/Program Files/Epic Games/Unreal Projects/Sacrilege/Content/Characters/Elite/anims/elite_sword_pose.uasset" 3293
"C:/Program Files/Epic Games/Unreal Projects/Sacrilege/Content/Characters/Elite/anims/elite_sword_pose.uexp" 3294
"C:/Program Files/Epic Games/Unreal Projects/Sacrilege/Content/Characters/Elite/anims/Poses/elite_posesHammer_BasePose.uasset" 3295
"C:/Program Files/Epic Games/Unreal Projects/Sacrilege/Content/Characters/Elite/anims/Poses/elite_posesHammer_BasePose.uexp" 3296
"C:/Program Files/Epic Games/Unreal Projects/Sacrilege/Content/Characters/Elite/anims/Turret_pose/elite_driver_pose.uasset" 3297
"C:/Program Files/Epic Games/Unreal Projects/Sacrilege/Content/Characters/Elite/anims/Turret_pose/elite_driver_pose.uexp" 3298
"C:/Program Files/Epic Games/Unreal Projects/Sacrilege/Content/Characters/Elite/anims/Turret_pose/elite_passenger_pose.uasset" 3299
"C:/Program Files/Epic Games/Unreal Projects/Sacrilege/Content/Characters/Elite/anims/Turret_pose/elite_passenger_pose.uexp" 3300
"C:/Program Files/Epic Games/Unreal Projects/Sacrilege/Content/Characters/Elite/anims/Turret_pose/elite_posesLauncher_BasePose.uasset" 3301
"C:/Program Files/Epic Games/Unreal Projects/Sacrilege/Content/Characters/Elite/anims/Turret_pose/elite_posesLauncher_BasePose.uexp" 3302
"C:/Program Files/Epic Games/Unreal Projects/Sacrilege/Content/Characters/Elite/anims/Turret_pose/elite_posesRifle_BasePose_001.uasset" 3303
"C:/Program Files/Epic Games/Unreal Projects/Sacrilege/Content/Characters/Elite/anims/Turret_pose/elite_posesRifle_BasePose_001.uexp" 3304
"C:/Program Files/Epic Games/Unreal Projects/Sacrilege/Content/Characters/Elite/anims/Turret_pose/elite_turret_pose.uasset" 3305
"C:/Program Files/Epic Games/Unreal Projects/Sacrilege/Content/Characters/Elite/anims/Turret_pose/elite_turret_pose.uexp" 3306
"C:/Program Files/Epic Games/Unreal Projects/Sacrilege/Content/Characters/Elite/anims/A_Elite_Aim_F.uasset" 3307
"C:/Program Files/Epic Games/Unreal Projects/Sacrilege/Content/Characters/Elite/anims/A_Elite_Aim_F.uexp" 3308
"C:/Program Files/Epic Games/Unreal Projects/Sacrilege/Content/Characters/Elite/anims/A_Elite_Aim_D.uasset" 3309
"C:/Program Files/Epic Games/Unreal Projects/Sacrilege/Content/Characters/Elite/anims/A_Elite_Aim_D.uexp" 3310
"C:/Program Files/Epic Games/Unreal Projects/Sacrilege/Content/Characters/Elite/anims/A_Elite_Aim_L.uasset" 3311
"C:/Program Files/Epic Games/Unreal Projects/Sacrilege/Content/Characters/Elite/anims/A_Elite_Aim_L.uexp" 3312
"C:/Program Files/Epic Games/Unreal Projects/Sacrilege/Content/Characters/Elite/anims/A_Elite_Aim_R.uasset" 3313
"C:/Program Files/Epic Games/Unreal Projects/Sacrilege/Content/Characters/Elite/anims/A_Elite_Aim_R.uexp" 3314
"C:/Program Files/Epic Games/Unreal Projects/Sacrilege/Content/Characters/Elite/anims/A_Elite_Aim_U.uasset" 3315
"C:/Program Files/Epic Games/Unreal Projects/Sacrilege/Content/Characters/Elite/anims/A_Elite_Aim_U.uexp" 3316
"C:/Program Files/Epic Games/Unreal Projects/Sacrilege/Content/Characters/Elite/anims/AO_Elite_Aiming.uasset" 3317
"C:/Program Files/Epic Games/Unreal Projects/Sacrilege/Content/Characters/Elite/anims/AO_Elite_Aiming.uexp" 3318
"C:/Program Files/Epic Games/Unreal Projects/Sacrilege/Content/Characters/Elite/anims/A_Elite_Breathe_Add.uasset" 3319
"C:/Program Files/Epic Games/Unreal Projects/Sacrilege/Content/Characters/Elite/anims/A_Elite_Breathe_Add.uexp" 3320
"C:/Program Files/Epic Games/Unreal Projects/Sacrilege/Content/Characters/Elite/anims/ABP_Elite.uasset" 3321
"C:/Program Files/Epic Games/Unreal Projects/Sacrilege/Content/Characters/Elite/anims/ABP_Elite.uexp" 3322
"C:/Program Files/Epic Games/Unreal Projects/Sacrilege/Content/Objects/Props/Flood_Muffin/SM_FloodMuffin.ubulk" 3323
"C:/Program Files/Epic Games/Unreal Projects/Sacrilege/Content/Objects/Props/Flood_Muffin/SM_FloodMuffin.uasset" 3324
"C:/Program Files/Epic Games/Unreal Projects/Sacrilege/Content/Objects/Props/Flood_Muffin/SM_FloodMuffin.uexp" 3325
"C:/Program Files/Epic Games/Unreal Projects/Sacrilege/Content/ParticleEffects/NS_FloodMuffins.uasset" 3326
"C:/Program Files/Epic Games/Unreal Projects/Sacrilege/Content/ParticleEffects/NS_FloodMuffins.uexp" 3327
"C:/Program Files/Epic Games/Unreal Projects/Sacrilege/Content/AI/BTService_EvadeDangers.uasset" 3328
"C:/Program Files/Epic Games/Unreal Projects/Sacrilege/Content/AI/BTService_EvadeDangers.uexp" 3329
"C:/Program Files/Epic Games/Unreal Projects/Sacrilege/Content/AI/BTTask_LeapToTarget.uasset" 3330
"C:/Program Files/Epic Games/Unreal Projects/Sacrilege/Content/AI/BTTask_LeapToTarget.uexp" 3331
"C:/Program Files/Epic Games/Unreal Projects/Sacrilege/Content/Characters/Elite/BT_FloodCombatForm.uasset" 3332
"C:/Program Files/Epic Games/Unreal Projects/Sacrilege/Content/Characters/Elite/BT_FloodCombatForm.uexp" 3333
"C:/Program Files/Epic Games/Unreal Projects/Sacrilege/Content/AI/AIC_FloodCombatForm.uasset" 3334
"C:/Program Files/Epic Games/Unreal Projects/Sacrilege/Content/AI/AIC_FloodCombatForm.uexp" 3335
"C:/Program Files/Epic Games/Unreal Projects/Sacrilege/Content/Characters/Flood_Elite/BP_Flood_Elite.uasset" 3336
"C:/Program Files/Epic Games/Unreal Projects/Sacrilege/Content/Characters/Flood_Elite/BP_Flood_Elite.uexp" 3337
"C:/Program Files/Epic Games/Unreal Projects/Sacrilege/Content/Characters/Elite/BT_Elite.uasset" 3338
"C:/Program Files/Epic Games/Unreal Projects/Sacrilege/Content/Characters/Elite/BT_Elite.uexp" 3339
"C:/Program Files/Epic Games/Unreal Projects/Sacrilege/Content/AI/BP_AICElite.uasset" 3340
"C:/Program Files/Epic Games/Unreal Projects/Sacrilege/Content/AI/BP_AICElite.uexp" 3341
"C:/Program Files/Epic Games/Unreal Projects/Sacrilege/Content/Core/BP_WeaponBase.uasset" 3342
"C:/Program Files/Epic Games/Unreal Projects/Sacrilege/Content/Core/BP_WeaponBase.uexp" 3343
"C:/Program Files/Epic Games/Unreal Projects/Sacrilege/Content/EditorTools/T_Thumbnail_BP_EnergySword1.ubulk" 3344
"C:/Program Files/Epic Games/Unreal Projects/Sacrilege/Content/EditorTools/T_Thumbnail_BP_EnergySword1.uasset" 3345
"C:/Program Files/Epic Games/Unreal Projects/Sacrilege/Content/EditorTools/T_Thumbnail_BP_EnergySword1.uexp" 3346
"C:/Program Files/Epic Games/Unreal Projects/Sacrilege/Content/Objects/Weapons/EnergySword/EnergySword/SkeletalMeshes/EnergySword_PhysicsAsset.uasset" 3347
"C:/Program Files/Epic Games/Unreal Projects/Sacrilege/Content/Objects/Weapons/EnergySword/EnergySword/SkeletalMeshes/EnergySword_PhysicsAsset.uexp" 3348
"C:/Program Files/Epic Games/Unreal Projects/Sacrilege/Content/Objects/Weapons/EnergySword/EnergySword/SkeletalMeshes/EnergySword_Skeleton.uasset" 3349
"C:/Program Files/Epic Games/Unreal Projects/Sacrilege/Content/Objects/Weapons/EnergySword/EnergySword/SkeletalMeshes/EnergySword_Skeleton.uexp" 3350
"C:/Program Files/Epic Games/Unreal Projects/Sacrilege/Content/Objects/Weapons/EnergySword/EnergySword/SkeletalMeshes/EnergySword.uasset" 3351
"C:/Program Files/Epic Games/Unreal Projects/Sacrilege/Content/Objects/Weapons/EnergySword/EnergySword/SkeletalMeshes/EnergySword.uexp" 3352
"C:/Program Files/Epic Games/Unreal Projects/Sacrilege/Content/Characters/Elite/anims/elite_anims_sword_swing.uasset" 3353
"C:/Program Files/Epic Games/Unreal Projects/Sacrilege/Content/Characters/Elite/anims/elite_anims_sword_swing.uexp" 3354
"C:/Program Files/Epic Games/Unreal Projects/Sacrilege/Content/Characters/Elite/anims/AM_Elite_Sword_Swing.uasset" 3355
"C:/Program Files/Epic Games/Unreal Projects/Sacrilege/Content/Characters/Elite/anims/AM_Elite_Sword_Swing.uexp" 3356
"C:/Program Files/Epic Games/Unreal Projects/Sacrilege/Content/Characters/FPArms/Anims/Hands_anims_sword_draw.uasset" 3357
"C:/Program Files/Epic Games/Unreal Projects/Sacrilege/Content/Characters/FPArms/Anims/Hands_anims_sword_draw.uexp" 3358
"C:/Program Files/Epic Games/Unreal Projects/Sacrilege/Content/Characters/FPArms/Anims/AM_Hands_Sword_Draw.uasset" 3359
"C:/Program Files/Epic Games/Unreal Projects/Sacrilege/Content/Characters/FPArms/Anims/AM_Hands_Sword_Draw.uexp" 3360
"C:/Program Files/Epic Games/Unreal Projects/Sacrilege/Content/Characters/FPArms/Anims/Hands_anims_sword_melee.uasset" 3361
"C:/Program Files/Epic Games/Unreal Projects/Sacrilege/Content/Characters/FPArms/Anims/Hands_anims_sword_melee.uexp" 3362
"C:/Program Files/Epic Games/Unreal Projects/Sacrilege/Content/Characters/FPArms/Anims/AM_Hands_Sword_Melee.uasset" 3363
"C:/Program Files/Epic Games/Unreal Projects/Sacrilege/Content/Characters/FPArms/Anims/AM_Hands_Sword_Melee.uexp" 3364
"C:/Program Files/Epic Games/Unreal Projects/Sacrilege/Content/Characters/FPArms/Anims/Hands_anims_sword_swingVM_Sword_Swing.uasset" 3365
"C:/Program Files/Epic Games/Unreal Projects/Sacrilege/Content/Characters/FPArms/Anims/Hands_anims_sword_swingVM_Sword_Swing.uexp" 3366
"C:/Program Files/Epic Games/Unreal Projects/Sacrilege/Content/Characters/FPArms/Anims/AM_Hands_Sword_Swing.uasset" 3367
"C:/Program Files/Epic Games/Unreal Projects/Sacrilege/Content/Characters/FPArms/Anims/AM_Hands_Sword_Swing.uexp" 3368
"C:/Program Files/Epic Games/Unreal Projects/Sacrilege/Content/UI/Icons/Crosshairs/EnergySwordCrosshair.ubulk" 3369
"C:/Program Files/Epic Games/Unreal Projects/Sacrilege/Content/UI/Icons/Crosshairs/EnergySwordCrosshair.uasset" 3370
"C:/Program Files/Epic Games/Unreal Projects/Sacrilege/Content/UI/Icons/Crosshairs/EnergySwordCrosshair.uexp" 3371
"C:/Program Files/Epic Games/Unreal Projects/Sacrilege/Content/Objects/Weapons/EnergySword/EnergySwordSwing.ubulk" 3372
"C:/Program Files/Epic Games/Unreal Projects/Sacrilege/Content/Objects/Weapons/EnergySword/EnergySwordSwing.uasset" 3373
"C:/Program Files/Epic Games/Unreal Projects/Sacrilege/Content/Objects/Weapons/EnergySword/EnergySwordSwing.uexp" 3374
"C:/Program Files/Epic Games/Unreal Projects/Sacrilege/Content/Objects/Weapons/EnergySword/MS_EnergySwordHit.uasset" 3375
"C:/Program Files/Epic Games/Unreal Projects/Sacrilege/Content/Objects/Weapons/EnergySword/MS_EnergySwordHit.uexp" 3376
"C:/Program Files/Epic Games/Unreal Projects/Sacrilege/Content/Objects/Weapons/EnergySword/BP_EnergySword.uasset" 3377
"C:/Program Files/Epic Games/Unreal Projects/Sacrilege/Content/Objects/Weapons/EnergySword/BP_EnergySword.uexp" 3378
"C:/Program Files/Epic Games/Unreal Projects/Sacrilege/Content/Characters/Elite/anims/elite_turret_enter.uasset" 3379
"C:/Program Files/Epic Games/Unreal Projects/Sacrilege/Content/Characters/Elite/anims/elite_turret_enter.uexp" 3380
"C:/Program Files/Epic Games/Unreal Projects/Sacrilege/Content/Characters/Elite/anims/AM_Elite_Turret_Enter.uasset" 3381
"C:/Program Files/Epic Games/Unreal Projects/Sacrilege/Content/Characters/Elite/anims/AM_Elite_Turret_Enter.uexp" 3382
"C:/Program Files/Epic Games/Unreal Projects/Sacrilege/Content/Characters/Elite/anims/elite_driver_enter.uasset" 3383
"C:/Program Files/Epic Games/Unreal Projects/Sacrilege/Content/Characters/Elite/anims/elite_driver_enter.uexp" 3384
"C:/Program Files/Epic Games/Unreal Projects/Sacrilege/Content/Characters/Elite/anims/AM_Elite_Driver_Enter.uasset" 3385
"C:/Program Files/Epic Games/Unreal Projects/Sacrilege/Content/Characters/Elite/anims/AM_Elite_Driver_Enter.uexp" 3386
"C:/Program Files/Epic Games/Unreal Projects/Sacrilege/Content/Characters/Elite/anims/elite_passenger_enter.uasset" 3387
"C:/Program Files/Epic Games/Unreal Projects/Sacrilege/Content/Characters/Elite/anims/elite_passenger_enter.uexp" 3388
"C:/Program Files/Epic Games/Unreal Projects/Sacrilege/Content/Characters/Elite/anims/AM_Elite_Passenger_Enter.uasset" 3389
"C:/Program Files/Epic Games/Unreal Projects/Sacrilege/Content/Characters/Elite/anims/AM_Elite_Passenger_Enter.uexp" 3390
"C:/Program Files/Epic Games/Unreal Projects/Sacrilege/Content/Characters/Elite/anims/elite_turret_exit.uasset" 3391
"C:/Program Files/Epic Games/Unreal Projects/Sacrilege/Content/Characters/Elite/anims/elite_turret_exit.uexp" 3392
"C:/Program Files/Epic Games/Unreal Projects/Sacrilege/Content/Characters/Elite/anims/AM_Turret_Exit.uasset" 3393
"C:/Program Files/Epic Games/Unreal Projects/Sacrilege/Content/Characters/Elite/anims/AM_Turret_Exit.uexp" 3394
"C:/Program Files/Epic Games/Unreal Projects/Sacrilege/Content/Characters/Elite/anims/elite_driver_exit.uasset" 3395
"C:/Program Files/Epic Games/Unreal Projects/Sacrilege/Content/Characters/Elite/anims/elite_driver_exit.uexp" 3396
"C:/Program Files/Epic Games/Unreal Projects/Sacrilege/Content/Characters/Elite/anims/AM_Elite_Driver_exit.uasset" 3397
"C:/Program Files/Epic Games/Unreal Projects/Sacrilege/Content/Characters/Elite/anims/AM_Elite_Driver_exit.uexp" 3398
"C:/Program Files/Epic Games/Unreal Projects/Sacrilege/Content/Characters/Elite/anims/AM_elite_pistol_melee_f.uasset" 3399
"C:/Program Files/Epic Games/Unreal Projects/Sacrilege/Content/Characters/Elite/anims/AM_elite_pistol_melee_f.uexp" 3400
"C:/Program Files/Epic Games/Unreal Projects/Sacrilege/Content/Characters/Elite/anims/A_elite_throw_grenade_fast.uasset" 3401
"C:/Program Files/Epic Games/Unreal Projects/Sacrilege/Content/Characters/Elite/anims/A_elite_throw_grenade_fast.uexp" 3402
"C:/Program Files/Epic Games/Unreal Projects/Sacrilege/Content/Characters/Elite/anims/AM_elite_throw_grenade_fast_Montage.uasset" 3403
"C:/Program Files/Epic Games/Unreal Projects/Sacrilege/Content/Characters/Elite/anims/AM_elite_throw_grenade_fast_Montage.uexp" 3404
"C:/Program Files/Epic Games/Unreal Projects/Sacrilege/Content/Characters/Elite/BP_Elite_Base.uasset" 3405
"C:/Program Files/Epic Games/Unreal Projects/Sacrilege/Content/Characters/Elite/BP_Elite_Base.uexp" 3406
"C:/Program Files/Epic Games/Unreal Projects/Sacrilege/Content/EditorTools/T_Thumbnail_BP_Needler2.uasset" 3407
"C:/Program Files/Epic Games/Unreal Projects/Sacrilege/Content/EditorTools/T_Thumbnail_BP_Needler2.uexp" 3408
"C:/Program Files/Epic Games/Unreal Projects/Sacrilege/Content/Core/textures/T_LensFlare1.ubulk" 3409
"C:/Program Files/Epic Games/Unreal Projects/Sacrilege/Content/Core/textures/T_LensFlare1.uasset" 3410
"C:/Program Files/Epic Games/Unreal Projects/Sacrilege/Content/Core/textures/T_LensFlare1.uexp" 3411
"C:/Program Files/Epic Games/Unreal Projects/Sacrilege/Content/MaterialLibrary/MI_Flare_1.uasset" 3412
"C:/Program Files/Epic Games/Unreal Projects/Sacrilege/Content/MaterialLibrary/MI_Flare_1.uexp" 3413
"C:/Program Files/Epic Games/Unreal Projects/Sacrilege/Content/MaterialLibrary/MI_Flare_3.uasset" 3414
"C:/Program Files/Epic Games/Unreal Projects/Sacrilege/Content/MaterialLibrary/MI_Flare_3.uexp" 3415
"C:/Program Files/Epic Games/Unreal Projects/Sacrilege/Content/Core/textures/T_WideFlare.ubulk" 3416
"C:/Program Files/Epic Games/Unreal Projects/Sacrilege/Content/Core/textures/T_WideFlare.uasset" 3417
"C:/Program Files/Epic Games/Unreal Projects/Sacrilege/Content/Core/textures/T_WideFlare.uexp" 3418
"C:/Program Files/Epic Games/Unreal Projects/Sacrilege/Content/MaterialLibrary/MI_Flare_7.uasset" 3419
"C:/Program Files/Epic Games/Unreal Projects/Sacrilege/Content/MaterialLibrary/MI_Flare_7.uexp" 3420
"C:/Program Files/Epic Games/Unreal Projects/Sacrilege/Content/Objects/Weapons/Needler/NS_NeedlerFire.uasset" 3421
"C:/Program Files/Epic Games/Unreal Projects/Sacrilege/Content/Objects/Weapons/Needler/NS_NeedlerFire.uexp" 3422
"C:/Program Files/Epic Games/Unreal Projects/Sacrilege/Content/MaterialLibrary/MI_Light_Purple.uasset" 3423
"C:/Program Files/Epic Games/Unreal Projects/Sacrilege/Content/MaterialLibrary/MI_Light_Purple.uexp" 3424
"C:/Program Files/Epic Games/Unreal Projects/Sacrilege/Content/Objects/Weapons/Grenades/NS_SupercombineExplosion.uasset" 3425
"C:/Program Files/Epic Games/Unreal Projects/Sacrilege/Content/Objects/Weapons/Grenades/NS_SupercombineExplosion.uexp" 3426
"C:/Program Files/Epic Games/Unreal Projects/Sacrilege/Content/ParticleEffects/NS_NeedleExpire.uasset" 3427
"C:/Program Files/Epic Games/Unreal Projects/Sacrilege/Content/ParticleEffects/NS_NeedleExpire.uexp" 3428
"C:/Program Files/Epic Games/Unreal Projects/Sacrilege/Content/ParticleEffects/NS_NeedleTrail.uasset" 3429
"C:/Program Files/Epic Games/Unreal Projects/Sacrilege/Content/ParticleEffects/NS_NeedleTrail.uexp" 3430
"C:/Program Files/Epic Games/Unreal Projects/Sacrilege/Content/Sounds/S_Glass__Break__Bottle__Smash_x3_SND37412_1.ubulk" 3431
"C:/Program Files/Epic Games/Unreal Projects/Sacrilege/Content/Sounds/S_Glass__Break__Bottle__Smash_x3_SND37412_1.uasset" 3432
"C:/Program Files/Epic Games/Unreal Projects/Sacrilege/Content/Sounds/S_Glass__Break__Bottle__Smash_x3_SND37412_1.uexp" 3433
"C:/Program Files/Epic Games/Unreal Projects/Sacrilege/Content/Sounds/S_Glass__Break__Bottle__Smash_x3_SND37412_2.ubulk" 3434
"C:/Program Files/Epic Games/Unreal Projects/Sacrilege/Content/Sounds/S_Glass__Break__Bottle__Smash_x3_SND37412_2.uasset" 3435
"C:/Program Files/Epic Games/Unreal Projects/Sacrilege/Content/Sounds/S_Glass__Break__Bottle__Smash_x3_SND37412_2.uexp" 3436
"C:/Program Files/Epic Games/Unreal Projects/Sacrilege/Content/Sounds/S_Glass__Break__Bottle__Smash_x3_SND37412_3.ubulk" 3437
"C:/Program Files/Epic Games/Unreal Projects/Sacrilege/Content/Sounds/S_Glass__Break__Bottle__Smash_x3_SND37412_3.uasset" 3438
"C:/Program Files/Epic Games/Unreal Projects/Sacrilege/Content/Sounds/S_Glass__Break__Bottle__Smash_x3_SND37412_3.uexp" 3439
"C:/Program Files/Epic Games/Unreal Projects/Sacrilege/Content/Sounds/MS_NeedleBreak.uasset" 3440
"C:/Program Files/Epic Games/Unreal Projects/Sacrilege/Content/Sounds/MS_NeedleBreak.uexp" 3441
"C:/Program Files/Epic Games/Unreal Projects/Sacrilege/Content/Sounds/S_SupercombineExplosion.ubulk" 3442
"C:/Program Files/Epic Games/Unreal Projects/Sacrilege/Content/Sounds/S_SupercombineExplosion.uasset" 3443
"C:/Program Files/Epic Games/Unreal Projects/Sacrilege/Content/Sounds/S_SupercombineExplosion.uexp" 3444
"C:/Program Files/Epic Games/Unreal Projects/Sacrilege/Content/Sounds/MS_SupercombineExplosion.uasset" 3445
"C:/Program Files/Epic Games/Unreal Projects/Sacrilege/Content/Sounds/MS_SupercombineExplosion.uexp" 3446
"C:/Program Files/Epic Games/Unreal Projects/Sacrilege/Content/Objects/Projectiles/BP_NeedlerProjectile.uasset" 3447
"C:/Program Files/Epic Games/Unreal Projects/Sacrilege/Content/Objects/Projectiles/BP_NeedlerProjectile.uexp" 3448
"C:/Program Files/Epic Games/Unreal Projects/Sacrilege/Content/Objects/Weapons/Needler/T_Needler_Base_Color.ubulk" 3449
"C:/Program Files/Epic Games/Unreal Projects/Sacrilege/Content/Objects/Weapons/Needler/T_Needler_Base_Color.uasset" 3450
"C:/Program Files/Epic Games/Unreal Projects/Sacrilege/Content/Objects/Weapons/Needler/T_Needler_Base_Color.uexp" 3451
"C:/Program Files/Epic Games/Unreal Projects/Sacrilege/Content/Objects/Weapons/Needler/T_Needler_Emissive.ubulk" 3452
"C:/Program Files/Epic Games/Unreal Projects/Sacrilege/Content/Objects/Weapons/Needler/T_Needler_Emissive.uasset" 3453
"C:/Program Files/Epic Games/Unreal Projects/Sacrilege/Content/Objects/Weapons/Needler/T_Needler_Emissive.uexp" 3454
"C:/Program Files/Epic Games/Unreal Projects/Sacrilege/Content/Objects/Weapons/Needler/T_Needler_Metallic.ubulk" 3455
"C:/Program Files/Epic Games/Unreal Projects/Sacrilege/Content/Objects/Weapons/Needler/T_Needler_Metallic.uasset" 3456
"C:/Program Files/Epic Games/Unreal Projects/Sacrilege/Content/Objects/Weapons/Needler/T_Needler_Metallic.uexp" 3457
"C:/Program Files/Epic Games/Unreal Projects/Sacrilege/Content/Objects/Weapons/Needler/T_Needler_Mixed_AO.ubulk" 3458
"C:/Program Files/Epic Games/Unreal Projects/Sacrilege/Content/Objects/Weapons/Needler/T_Needler_Mixed_AO.uasset" 3459
"C:/Program Files/Epic Games/Unreal Projects/Sacrilege/Content/Objects/Weapons/Needler/T_Needler_Mixed_AO.uexp" 3460
"C:/Program Files/Epic Games/Unreal Projects/Sacrilege/Content/Objects/Weapons/Needler/T_Needler_Normal_OpenGL.ubulk" 3461
"C:/Program Files/Epic Games/Unreal Projects/Sacrilege/Content/Objects/Weapons/Needler/T_Needler_Normal_OpenGL.uasset" 3462
"C:/Program Files/Epic Games/Unreal Projects/Sacrilege/Content/Objects/Weapons/Needler/T_Needler_Normal_OpenGL.uexp" 3463
"C:/Program Files/Epic Games/Unreal Projects/Sacrilege/Content/Objects/Weapons/Needler/T_Needler_Roughness.ubulk" 3464
"C:/Program Files/Epic Games/Unreal Projects/Sacrilege/Content/Objects/Weapons/Needler/T_Needler_Roughness.uasset" 3465
"C:/Program Files/Epic Games/Unreal Projects/Sacrilege/Content/Objects/Weapons/Needler/T_Needler_Roughness.uexp" 3466
"C:/Program Files/Epic Games/Unreal Projects/Sacrilege/Content/Objects/Weapons/Needler/M_Needler.uasset" 3467
"C:/Program Files/Epic Games/Unreal Projects/Sacrilege/Content/Objects/Weapons/Needler/M_Needler.uexp" 3468
"C:/Program Files/Epic Games/Unreal Projects/Sacrilege/Content/Objects/Weapons/Needler/Needler_PhysicsAsset.uasset" 3469
"C:/Program Files/Epic Games/Unreal Projects/Sacrilege/Content/Objects/Weapons/Needler/Needler_PhysicsAsset.uexp" 3470
"C:/Program Files/Epic Games/Unreal Projects/Sacrilege/Content/Objects/Weapons/Needler/Needler_Skeleton.uasset" 3471
"C:/Program Files/Epic Games/Unreal Projects/Sacrilege/Content/Objects/Weapons/Needler/Needler_Skeleton.uexp" 3472
"C:/Program Files/Epic Games/Unreal Projects/Sacrilege/Content/Objects/Weapons/Needler/Needler1.uasset" 3473
"C:/Program Files/Epic Games/Unreal Projects/Sacrilege/Content/Objects/Weapons/Needler/Needler1.uexp" 3474
"C:/Program Files/Epic Games/Unreal Projects/Sacrilege/Content/UI/Icons/Crosshairs/T_NeedlerCrosshair.ubulk" 3475
"C:/Program Files/Epic Games/Unreal Projects/Sacrilege/Content/UI/Icons/Crosshairs/T_NeedlerCrosshair.uasset" 3476
"C:/Program Files/Epic Games/Unreal Projects/Sacrilege/Content/UI/Icons/Crosshairs/T_NeedlerCrosshair.uexp" 3477
"C:/Program Files/Epic Games/Unreal Projects/Sacrilege/Content/Objects/Weapons/Needler/S_Scifi__Weapon__Machine_Gun__Burst_02_SND77016_2.ubulk" 3478
"C:/Program Files/Epic Games/Unreal Projects/Sacrilege/Content/Objects/Weapons/Needler/S_Scifi__Weapon__Machine_Gun__Burst_02_SND77016_2.uasset" 3479
"C:/Program Files/Epic Games/Unreal Projects/Sacrilege/Content/Objects/Weapons/Needler/S_Scifi__Weapon__Machine_Gun__Burst_02_SND77016_2.uexp" 3480
"C:/Program Files/Epic Games/Unreal Projects/Sacrilege/Content/Objects/Weapons/Needler/MS_Needler_Fire.uasset" 3481
"C:/Program Files/Epic Games/Unreal Projects/Sacrilege/Content/Objects/Weapons/Needler/MS_Needler_Fire.uexp" 3482
"C:/Program Files/Epic Games/Unreal Projects/Sacrilege/Content/Objects/Weapons/Needler/BP_Needler.uasset" 3483
"C:/Program Files/Epic Games/Unreal Projects/Sacrilege/Content/Objects/Weapons/Needler/BP_Needler.uexp" 3484
"C:/Program Files/Epic Games/Unreal Projects/Sacrilege/Content/EditorTools/T_Thumbnail_BP_Carbine2.uasset" 3485
"C:/Program Files/Epic Games/Unreal Projects/Sacrilege/Content/EditorTools/T_Thumbnail_BP_Carbine2.uexp" 3486
"C:/Program Files/Epic Games/Unreal Projects/Sacrilege/Content/Objects/Projectiles/BP_NeedleRifleProjectile.uasset" 3487
"C:/Program Files/Epic Games/Unreal Projects/Sacrilege/Content/Objects/Projectiles/BP_NeedleRifleProjectile.uexp" 3488
"C:/Program Files/Epic Games/Unreal Projects/Sacrilege/Content/Objects/Weapons/NeedleRifle/S_Scifi__Weapon__Steampunk__Bolt_Gun__Single_Shots_SND133262.ubulk" 3489
"C:/Program Files/Epic Games/Unreal Projects/Sacrilege/Content/Objects/Weapons/NeedleRifle/S_Scifi__Weapon__Steampunk__Bolt_Gun__Single_Shots_SND133262.uasset" 3490
"C:/Program Files/Epic Games/Unreal Projects/Sacrilege/Content/Objects/Weapons/NeedleRifle/S_Scifi__Weapon__Steampunk__Bolt_Gun__Single_Shots_SND133262.uexp" 3491
"C:/Program Files/Epic Games/Unreal Projects/Sacrilege/Content/Sounds/MS_NeedleRifleFire.uasset" 3492
"C:/Program Files/Epic Games/Unreal Projects/Sacrilege/Content/Sounds/MS_NeedleRifleFire.uexp" 3493
"C:/Program Files/Epic Games/Unreal Projects/Sacrilege/Content/Objects/Weapons/Carbine/Carbine_PhysicsAsset.uasset" 3494
"C:/Program Files/Epic Games/Unreal Projects/Sacrilege/Content/Objects/Weapons/Carbine/Carbine_PhysicsAsset.uexp" 3495
"C:/Program Files/Epic Games/Unreal Projects/Sacrilege/Content/Objects/Weapons/Carbine/Carbine_Skeleton.uasset" 3496
"C:/Program Files/Epic Games/Unreal Projects/Sacrilege/Content/Objects/Weapons/Carbine/Carbine_Skeleton.uexp" 3497
"C:/Program Files/Epic Games/Unreal Projects/Sacrilege/Content/Objects/Weapons/Carbine/T_Carbine_Base_Color.ubulk" 3498
"C:/Program Files/Epic Games/Unreal Projects/Sacrilege/Content/Objects/Weapons/Carbine/T_Carbine_Base_Color.uasset" 3499
"C:/Program Files/Epic Games/Unreal Projects/Sacrilege/Content/Objects/Weapons/Carbine/T_Carbine_Base_Color.uexp" 3500
"C:/Program Files/Epic Games/Unreal Projects/Sacrilege/Content/Objects/Weapons/Carbine/T_Carbine_Emissive.ubulk" 3501
"C:/Program Files/Epic Games/Unreal Projects/Sacrilege/Content/Objects/Weapons/Carbine/T_Carbine_Emissive.uasset" 3502
"C:/Program Files/Epic Games/Unreal Projects/Sacrilege/Content/Objects/Weapons/Carbine/T_Carbine_Emissive.uexp" 3503
"C:/Program Files/Epic Games/Unreal Projects/Sacrilege/Content/Objects/Weapons/Carbine/T_Carbine_Normal_OpenGL.ubulk" 3504
"C:/Program Files/Epic Games/Unreal Projects/Sacrilege/Content/Objects/Weapons/Carbine/T_Carbine_Normal_OpenGL.uasset" 3505
"C:/Program Files/Epic Games/Unreal Projects/Sacrilege/Content/Objects/Weapons/Carbine/T_Carbine_Normal_OpenGL.uexp" 3506
"C:/Program Files/Epic Games/Unreal Projects/Sacrilege/Content/Objects/Weapons/Carbine/T_Carbine_Roughness.ubulk" 3507
"C:/Program Files/Epic Games/Unreal Projects/Sacrilege/Content/Objects/Weapons/Carbine/T_Carbine_Roughness.uasset" 3508
"C:/Program Files/Epic Games/Unreal Projects/Sacrilege/Content/Objects/Weapons/Carbine/T_Carbine_Roughness.uexp" 3509
"C:/Program Files/Epic Games/Unreal Projects/Sacrilege/Content/Objects/Weapons/Carbine/M_Carbine.uasset" 3510
"C:/Program Files/Epic Games/Unreal Projects/Sacrilege/Content/Objects/Weapons/Carbine/M_Carbine.uexp" 3511
"C:/Program Files/Epic Games/Unreal Projects/Sacrilege/Content/Objects/Weapons/Carbine/Carbine.uasset" 3512
"C:/Program Files/Epic Games/Unreal Projects/Sacrilege/Content/Objects/Weapons/Carbine/Carbine.uexp" 3513
"C:/Program Files/Epic Games/Unreal Projects/Sacrilege/Content/UI/Icons/Crosshairs/T_NeedleRifleCrosshair.ubulk" 3514
"C:/Program Files/Epic Games/Unreal Projects/Sacrilege/Content/UI/Icons/Crosshairs/T_NeedleRifleCrosshair.uasset" 3515
"C:/Program Files/Epic Games/Unreal Projects/Sacrilege/Content/UI/Icons/Crosshairs/T_NeedleRifleCrosshair.uexp" 3516
"C:/Program Files/Epic Games/Unreal Projects/Sacrilege/Content/Objects/Weapons/NeedleRifle/BP_NeedleRifle.uasset" 3517
"C:/Program Files/Epic Games/Unreal Projects/Sacrilege/Content/Objects/Weapons/NeedleRifle/BP_NeedleRifle.uexp" 3518
"C:/Program Files/Epic Games/Unreal Projects/Sacrilege/Content/Characters/Elite/Classes/BP_Elite_Minor.uasset" 3519
"C:/Program Files/Epic Games/Unreal Projects/Sacrilege/Content/Characters/Elite/Classes/BP_Elite_Minor.uexp" 3520
"C:/Program Files/Epic Games/Unreal Projects/Sacrilege/Content/Characters/Flood_Grunt/BP_Flood_Grunt.uasset" 3521
"C:/Program Files/Epic Games/Unreal Projects/Sacrilege/Content/Characters/Flood_Grunt/BP_Flood_Grunt.uexp" 3522
"C:/Program Files/Epic Games/Unreal Projects/Sacrilege/Content/MaterialLibrary/M_ParticleBloodDecal.uasset" 3523
"C:/Program Files/Epic Games/Unreal Projects/Sacrilege/Content/MaterialLibrary/M_ParticleBloodDecal.uexp" 3524
"C:/Program Files/Epic Games/Unreal Projects/Sacrilege/Content/Characters/Grunt/NS_GruntBlood.uasset" 3525
"C:/Program Files/Epic Games/Unreal Projects/Sacrilege/Content/Characters/Grunt/NS_GruntBlood.uexp" 3526
"C:/Program Files/Epic Games/Unreal Projects/Sacrilege/Content/Core/Characters/MeleeCurve.uasset" 3527
"C:/Program Files/Epic Games/Unreal Projects/Sacrilege/Content/Core/Characters/MeleeCurve.uexp" 3528
"C:/Program Files/Epic Games/Unreal Projects/Sacrilege/Content/Characters/Flood_Marine/BP_Flood_Marine.uasset" 3529
"C:/Program Files/Epic Games/Unreal Projects/Sacrilege/Content/Characters/Flood_Marine/BP_Flood_Marine.uexp" 3530
"C:/Program Files/Epic Games/Unreal Projects/Sacrilege/Content/EditorTools/T_Thumbnail_BP_GravityLift.uasset" 3531
"C:/Program Files/Epic Games/Unreal Projects/Sacrilege/Content/EditorTools/T_Thumbnail_BP_GravityLift.uexp" 3532
"C:/Program Files/Epic Games/Unreal Projects/Sacrilege/Content/Objects/Equipment/Mine/T_TripMine6_M_Metal_BaseColor.ubulk" 3533
"C:/Program Files/Epic Games/Unreal Projects/Sacrilege/Content/Objects/Equipment/Mine/T_TripMine6_M_Metal_BaseColor.uasset" 3534
"C:/Program Files/Epic Games/Unreal Projects/Sacrilege/Content/Objects/Equipment/Mine/T_TripMine6_M_Metal_BaseColor.uexp" 3535
"C:/Program Files/Epic Games/Unreal Projects/Sacrilege/Content/Objects/Equipment/Mine/T_TripMine6_M_Metal_Emissive.ubulk" 3536
"C:/Program Files/Epic Games/Unreal Projects/Sacrilege/Content/Objects/Equipment/Mine/T_TripMine6_M_Metal_Emissive.uasset" 3537
"C:/Program Files/Epic Games/Unreal Projects/Sacrilege/Content/Objects/Equipment/Mine/T_TripMine6_M_Metal_Emissive.uexp" 3538
"C:/Program Files/Epic Games/Unreal Projects/Sacrilege/Content/Objects/Equipment/Mine/T_TripMine6_M_Metal_Normal.ubulk" 3539
"C:/Program Files/Epic Games/Unreal Projects/Sacrilege/Content/Objects/Equipment/Mine/T_TripMine6_M_Metal_Normal.uasset" 3540
"C:/Program Files/Epic Games/Unreal Projects/Sacrilege/Content/Objects/Equipment/Mine/T_TripMine6_M_Metal_Normal.uexp" 3541
"C:/Program Files/Epic Games/Unreal Projects/Sacrilege/Content/Objects/Equipment/Mine/T_TripMine6_M_Metal_OcclusionRoughnessMetallic.ubulk" 3542
"C:/Program Files/Epic Games/Unreal Projects/Sacrilege/Content/Objects/Equipment/Mine/T_TripMine6_M_Metal_OcclusionRoughnessMetallic.uasset" 3543
"C:/Program Files/Epic Games/Unreal Projects/Sacrilege/Content/Objects/Equipment/Mine/T_TripMine6_M_Metal_OcclusionRoughnessMetallic.uexp" 3544
"C:/Program Files/Epic Games/Unreal Projects/Sacrilege/Content/Objects/Equipment/Mine/M_TripMine.uasset" 3545
"C:/Program Files/Epic Games/Unreal Projects/Sacrilege/Content/Objects/Equipment/Mine/M_TripMine.uexp" 3546
"C:/Program Files/Epic Games/Unreal Projects/Sacrilege/Content/Objects/Equipment/Mine/SM_TripMine.ubulk" 3547
"C:/Program Files/Epic Games/Unreal Projects/Sacrilege/Content/Objects/Equipment/Mine/SM_TripMine.uasset" 3548
"C:/Program Files/Epic Games/Unreal Projects/Sacrilege/Content/Objects/Equipment/Mine/SM_TripMine.uexp" 3549
"C:/Program Files/Epic Games/Unreal Projects/Sacrilege/Content/Core/BP_EquipmentBase.uasset" 3550
"C:/Program Files/Epic Games/Unreal Projects/Sacrilege/Content/Core/BP_EquipmentBase.uexp" 3551
"C:/Program Files/Epic Games/Unreal Projects/Sacrilege/Content/EditorTools/T_Thumbnail_BP_Mine2.uasset" 3552
"C:/Program Files/Epic Games/Unreal Projects/Sacrilege/Content/EditorTools/T_Thumbnail_BP_Mine2.uexp" 3553
"C:/Program Files/Epic Games/Unreal Projects/Sacrilege/Content/Objects/Equipment/Mine/MI_TripMine.uasset" 3554
"C:/Program Files/Epic Games/Unreal Projects/Sacrilege/Content/Objects/Equipment/Mine/MI_TripMine.uexp" 3555
"C:/Program Files/Epic Games/Unreal Projects/Sacrilege/Content/Objects/Equipment/Mine/S_BombArm.ubulk" 3556
"C:/Program Files/Epic Games/Unreal Projects/Sacrilege/Content/Objects/Equipment/Mine/S_BombArm.uasset" 3557
"C:/Program Files/Epic Games/Unreal Projects/Sacrilege/Content/Objects/Equipment/Mine/S_BombArm.uexp" 3558
"C:/Program Files/Epic Games/Unreal Projects/Sacrilege/Content/Objects/Equipment/Mine/S_BombBeep.ubulk" 3559
"C:/Program Files/Epic Games/Unreal Projects/Sacrilege/Content/Objects/Equipment/Mine/S_BombBeep.uasset" 3560
"C:/Program Files/Epic Games/Unreal Projects/Sacrilege/Content/Objects/Equipment/Mine/S_BombBeep.uexp" 3561
"C:/Program Files/Epic Games/Unreal Projects/Sacrilege/Content/Objects/Equipment/Mine/S_BombPreDetonate.ubulk" 3562
"C:/Program Files/Epic Games/Unreal Projects/Sacrilege/Content/Objects/Equipment/Mine/S_BombPreDetonate.uasset" 3563
"C:/Program Files/Epic Games/Unreal Projects/Sacrilege/Content/Objects/Equipment/Mine/S_BombPreDetonate.uexp" 3564
"C:/Program Files/Epic Games/Unreal Projects/Sacrilege/Content/Objects/Equipment/Mine/BP_Mine.uasset" 3565
"C:/Program Files/Epic Games/Unreal Projects/Sacrilege/Content/Objects/Equipment/Mine/BP_Mine.uexp" 3566
"C:/Program Files/Epic Games/Unreal Projects/Sacrilege/Content/Core/Skulls/BP_Skull.uasset" 3567
"C:/Program Files/Epic Games/Unreal Projects/Sacrilege/Content/Core/Skulls/BP_Skull.uexp" 3568
"C:/Program Files/Epic Games/Unreal Projects/Sacrilege/Content/Core/Skulls/BP_SputnikSkull.uasset" 3569
"C:/Program Files/Epic Games/Unreal Projects/Sacrilege/Content/Core/Skulls/BP_SputnikSkull.uexp" 3570
"C:/Program Files/Epic Games/Unreal Projects/Sacrilege/Content/Core/textures/T_blood_1_opacity.ubulk" 3571
"C:/Program Files/Epic Games/Unreal Projects/Sacrilege/Content/Core/textures/T_blood_1_opacity.uasset" 3572
"C:/Program Files/Epic Games/Unreal Projects/Sacrilege/Content/Core/textures/T_blood_1_opacity.uexp" 3573
"C:/Program Files/Epic Games/Unreal Projects/Sacrilege/Content/EditorTools/T_Thumbnail_BP_SniperRifle1.uasset" 3574
"C:/Program Files/Epic Games/Unreal Projects/Sacrilege/Content/EditorTools/T_Thumbnail_BP_SniperRifle1.uexp" 3575
"C:/Program Files/Epic Games/Unreal Projects/Sacrilege/Content/UI/Icons/Crosshairs/T_SniperCrosshair.ubulk" 3576
"C:/Program Files/Epic Games/Unreal Projects/Sacrilege/Content/UI/Icons/Crosshairs/T_SniperCrosshair.uasset" 3577
"C:/Program Files/Epic Games/Unreal Projects/Sacrilege/Content/UI/Icons/Crosshairs/T_SniperCrosshair.uexp" 3578
"C:/Program Files/Epic Games/Unreal Projects/Sacrilege/Content/Objects/Projectiles/BulletInfos/BP_SniperBulletInfo.uasset" 3579
"C:/Program Files/Epic Games/Unreal Projects/Sacrilege/Content/Objects/Projectiles/BulletInfos/BP_SniperBulletInfo.uexp" 3580
"C:/Program Files/Epic Games/Unreal Projects/Sacrilege/Content/Objects/Weapons/SniperRifle/NS_SniperTrail.uasset" 3581
"C:/Program Files/Epic Games/Unreal Projects/Sacrilege/Content/Objects/Weapons/SniperRifle/NS_SniperTrail.uexp" 3582
"C:/Program Files/Epic Games/Unreal Projects/Sacrilege/Content/Objects/Weapons/SniperRifle/T_Sniper_Diffuse.ubulk" 3583
"C:/Program Files/Epic Games/Unreal Projects/Sacrilege/Content/Objects/Weapons/SniperRifle/T_Sniper_Diffuse.uasset" 3584
"C:/Program Files/Epic Games/Unreal Projects/Sacrilege/Content/Objects/Weapons/SniperRifle/T_Sniper_Diffuse.uexp" 3585
"C:/Program Files/Epic Games/Unreal Projects/Sacrilege/Content/Objects/Weapons/SniperRifle/T_Sniper_Emissive.ubulk" 3586
"C:/Program Files/Epic Games/Unreal Projects/Sacrilege/Content/Objects/Weapons/SniperRifle/T_Sniper_Emissive.uasset" 3587
"C:/Program Files/Epic Games/Unreal Projects/Sacrilege/Content/Objects/Weapons/SniperRifle/T_Sniper_Emissive.uexp" 3588
"C:/Program Files/Epic Games/Unreal Projects/Sacrilege/Content/Objects/Weapons/SniperRifle/T_Sniper_Metallic.ubulk" 3589
"C:/Program Files/Epic Games/Unreal Projects/Sacrilege/Content/Objects/Weapons/SniperRifle/T_Sniper_Metallic.uasset" 3590
"C:/Program Files/Epic Games/Unreal Projects/Sacrilege/Content/Objects/Weapons/SniperRifle/T_Sniper_Metallic.uexp" 3591
"C:/Program Files/Epic Games/Unreal Projects/Sacrilege/Content/Objects/Weapons/SniperRifle/T_Sniper_Normal.ubulk" 3592
"C:/Program Files/Epic Games/Unreal Projects/Sacrilege/Content/Objects/Weapons/SniperRifle/T_Sniper_Normal.uasset" 3593
"C:/Program Files/Epic Games/Unreal Projects/Sacrilege/Content/Objects/Weapons/SniperRifle/T_Sniper_Normal.uexp" 3594
"C:/Program Files/Epic Games/Unreal Projects/Sacrilege/Content/Objects/Weapons/SniperRifle/T_Sniper_Roughness.ubulk" 3595
"C:/Program Files/Epic Games/Unreal Projects/Sacrilege/Content/Objects/Weapons/SniperRifle/T_Sniper_Roughness.uasset" 3596
"C:/Program Files/Epic Games/Unreal Projects/Sacrilege/Content/Objects/Weapons/SniperRifle/T_Sniper_Roughness.uexp" 3597
"C:/Program Files/Epic Games/Unreal Projects/Sacrilege/Content/Objects/Weapons/SniperRifle/M_SniperRifle.uasset" 3598
"C:/Program Files/Epic Games/Unreal Projects/Sacrilege/Content/Objects/Weapons/SniperRifle/M_SniperRifle.uexp" 3599
"C:/Program Files/Epic Games/Unreal Projects/Sacrilege/Content/Objects/Weapons/SniperRifle/SR_PhysicsAsset.uasset" 3600
"C:/Program Files/Epic Games/Unreal Projects/Sacrilege/Content/Objects/Weapons/SniperRifle/SR_PhysicsAsset.uexp" 3601
"C:/Program Files/Epic Games/Unreal Projects/Sacrilege/Content/Objects/Weapons/SniperRifle/SR_Skeleton.uasset" 3602
"C:/Program Files/Epic Games/Unreal Projects/Sacrilege/Content/Objects/Weapons/SniperRifle/SR_Skeleton.uexp" 3603
"C:/Program Files/Epic Games/Unreal Projects/Sacrilege/Content/Objects/Weapons/SniperRifle/SR.uasset" 3604
"C:/Program Files/Epic Games/Unreal Projects/Sacrilege/Content/Objects/Weapons/SniperRifle/SR.uexp" 3605
"C:/Program Files/Epic Games/Unreal Projects/Sacrilege/Content/Objects/Weapons/SniperRifle/S_Gunshot_04.ubulk" 3606
"C:/Program Files/Epic Games/Unreal Projects/Sacrilege/Content/Objects/Weapons/SniperRifle/S_Gunshot_04.uasset" 3607
"C:/Program Files/Epic Games/Unreal Projects/Sacrilege/Content/Objects/Weapons/SniperRifle/S_Gunshot_04.uexp" 3608
"C:/Program Files/Epic Games/Unreal Projects/Sacrilege/Content/Objects/Weapons/SniperRifle/BP_SniperRifle.uasset" 3609
"C:/Program Files/Epic Games/Unreal Projects/Sacrilege/Content/Objects/Weapons/SniperRifle/BP_SniperRifle.uexp" 3610
"C:/Program Files/Epic Games/Unreal Projects/Sacrilege/Content/Objects/Equipment/GravityLift/SM_gravlift.ubulk" 3611
"C:/Program Files/Epic Games/Unreal Projects/Sacrilege/Content/Objects/Equipment/GravityLift/SM_gravlift.uasset" 3612
"C:/Program Files/Epic Games/Unreal Projects/Sacrilege/Content/Objects/Equipment/GravityLift/SM_gravlift.uexp" 3613
"C:/Program Files/Epic Games/Unreal Projects/Sacrilege/Content/Objects/Equipment/GravityLift/NS_GravLift.uasset" 3614
"C:/Program Files/Epic Games/Unreal Projects/Sacrilege/Content/Objects/Equipment/GravityLift/NS_GravLift.uexp" 3615
"C:/Program Files/Epic Games/Unreal Projects/Sacrilege/Content/Objects/Equipment/GravityLift/BP_GravityLift.uasset" 3616
"C:/Program Files/Epic Games/Unreal Projects/Sacrilege/Content/Objects/Equipment/GravityLift/BP_GravityLift.uexp" 3617
"C:/Program Files/Epic Games/Unreal Projects/Sacrilege/Content/EditorTools/T_Thumbnail_BP_Spiker1.uasset" 3618
"C:/Program Files/Epic Games/Unreal Projects/Sacrilege/Content/EditorTools/T_Thumbnail_BP_Spiker1.uexp" 3619
"C:/Program Files/Epic Games/Unreal Projects/Sacrilege/Content/Objects/Weapons/Spiker/NS_SpikerFire.uasset" 3620
"C:/Program Files/Epic Games/Unreal Projects/Sacrilege/Content/Objects/Weapons/Spiker/NS_SpikerFire.uexp" 3621
"../../../Engine/Plugins/Interchange/Assets/Content/gltf/MaterialInstances/MI_Default_Opaque_DS.uasset" 3622
"../../../Engine/Plugins/Interchange/Assets/Content/gltf/MaterialInstances/MI_Default_Opaque_DS.uexp" 3623
"C:/Program Files/Epic Games/Unreal Projects/Sacrilege/Content/Objects/Weapons/Spiker/T_Spiker_BC.ubulk" 3624
"C:/Program Files/Epic Games/Unreal Projects/Sacrilege/Content/Objects/Weapons/Spiker/T_Spiker_BC.uasset" 3625
"C:/Program Files/Epic Games/Unreal Projects/Sacrilege/Content/Objects/Weapons/Spiker/T_Spiker_BC.uexp" 3626
"C:/Program Files/Epic Games/Unreal Projects/Sacrilege/Content/Objects/Weapons/Spiker/T_Spiker_MT-T_Spiker_R.ubulk" 3627
"C:/Program Files/Epic Games/Unreal Projects/Sacrilege/Content/Objects/Weapons/Spiker/T_Spiker_MT-T_Spiker_R.uasset" 3628
"C:/Program Files/Epic Games/Unreal Projects/Sacrilege/Content/Objects/Weapons/Spiker/T_Spiker_MT-T_Spiker_R.uexp" 3629
"C:/Program Files/Epic Games/Unreal Projects/Sacrilege/Content/Objects/Weapons/Spiker/T_Spiker_N.ubulk" 3630
"C:/Program Files/Epic Games/Unreal Projects/Sacrilege/Content/Objects/Weapons/Spiker/T_Spiker_N.uasset" 3631
"C:/Program Files/Epic Games/Unreal Projects/Sacrilege/Content/Objects/Weapons/Spiker/T_Spiker_N.uexp" 3632
"C:/Program Files/Epic Games/Unreal Projects/Sacrilege/Content/Objects/Weapons/Spiker/Spiker.uasset" 3633
"C:/Program Files/Epic Games/Unreal Projects/Sacrilege/Content/Objects/Weapons/Spiker/Spiker.uexp" 3634
"C:/Program Files/Epic Games/Unreal Projects/Sacrilege/Content/Objects/Weapons/Spiker/T_SpikerBlades_BC.ubulk" 3635
"C:/Program Files/Epic Games/Unreal Projects/Sacrilege/Content/Objects/Weapons/Spiker/T_SpikerBlades_BC.uasset" 3636
"C:/Program Files/Epic Games/Unreal Projects/Sacrilege/Content/Objects/Weapons/Spiker/T_SpikerBlades_BC.uexp" 3637
"C:/Program Files/Epic Games/Unreal Projects/Sacrilege/Content/Objects/Weapons/Spiker/T_SpikerBlades_E.ubulk" 3638
"C:/Program Files/Epic Games/Unreal Projects/Sacrilege/Content/Objects/Weapons/Spiker/T_SpikerBlades_E.uasset" 3639
"C:/Program Files/Epic Games/Unreal Projects/Sacrilege/Content/Objects/Weapons/Spiker/T_SpikerBlades_E.uexp" 3640
"C:/Program Files/Epic Games/Unreal Projects/Sacrilege/Content/Objects/Weapons/Spiker/T_SpikerBlades_MT-T_SpikerBlades_R.ubulk" 3641
"C:/Program Files/Epic Games/Unreal Projects/Sacrilege/Content/Objects/Weapons/Spiker/T_SpikerBlades_MT-T_SpikerBlades_R.uasset" 3642
"C:/Program Files/Epic Games/Unreal Projects/Sacrilege/Content/Objects/Weapons/Spiker/T_SpikerBlades_MT-T_SpikerBlades_R.uexp" 3643
"C:/Program Files/Epic Games/Unreal Projects/Sacrilege/Content/Objects/Weapons/Spiker/T_SpikerBlades_N.ubulk" 3644
"C:/Program Files/Epic Games/Unreal Projects/Sacrilege/Content/Objects/Weapons/Spiker/T_SpikerBlades_N.uasset" 3645
"C:/Program Files/Epic Games/Unreal Projects/Sacrilege/Content/Objects/Weapons/Spiker/T_SpikerBlades_N.uexp" 3646
"C:/Program Files/Epic Games/Unreal Projects/Sacrilege/Content/Objects/Weapons/Spiker/Spiker_Blades.uasset" 3647
"C:/Program Files/Epic Games/Unreal Projects/Sacrilege/Content/Objects/Weapons/Spiker/Spiker_Blades.uexp" 3648
"C:/Program Files/Epic Games/Unreal Projects/Sacrilege/Content/Objects/Weapons/Spiker/Spiker_PhysicsAsset.uasset" 3649
"C:/Program Files/Epic Games/Unreal Projects/Sacrilege/Content/Objects/Weapons/Spiker/Spiker_PhysicsAsset.uexp" 3650
"C:/Program Files/Epic Games/Unreal Projects/Sacrilege/Content/Objects/Weapons/Spiker/Spiker_Skeleton.uasset" 3651
"C:/Program Files/Epic Games/Unreal Projects/Sacrilege/Content/Objects/Weapons/Spiker/Spiker_Skeleton.uexp" 3652
"C:/Program Files/Epic Games/Unreal Projects/Sacrilege/Content/Objects/Weapons/Spiker/Spiker1.uasset" 3653
"C:/Program Files/Epic Games/Unreal Projects/Sacrilege/Content/Objects/Weapons/Spiker/Spiker1.uexp" 3654
"C:/Program Files/Epic Games/Unreal Projects/Sacrilege/Content/UI/Icons/Crosshairs/T_SpikerCrosshair.ubulk" 3655
"C:/Program Files/Epic Games/Unreal Projects/Sacrilege/Content/UI/Icons/Crosshairs/T_SpikerCrosshair.uasset" 3656
"C:/Program Files/Epic Games/Unreal Projects/Sacrilege/Content/UI/Icons/Crosshairs/T_SpikerCrosshair.uexp" 3657
"C:/Program Files/Epic Games/Unreal Projects/Sacrilege/Content/Objects/Weapons/Spiker/S_Scifi__Weapon__Pistol__Burst_SND77010.ubulk" 3658
"C:/Program Files/Epic Games/Unreal Projects/Sacrilege/Content/Objects/Weapons/Spiker/S_Scifi__Weapon__Pistol__Burst_SND77010.uasset" 3659
"C:/Program Files/Epic Games/Unreal Projects/Sacrilege/Content/Objects/Weapons/Spiker/S_Scifi__Weapon__Pistol__Burst_SND77010.uexp" 3660
"C:/Program Files/Epic Games/Unreal Projects/Sacrilege/Content/Objects/Weapons/Spiker/MS_Spiker_Fire.uasset" 3661
"C:/Program Files/Epic Games/Unreal Projects/Sacrilege/Content/Objects/Weapons/Spiker/MS_Spiker_Fire.uexp" 3662
"C:/Program Files/Epic Games/Unreal Projects/Sacrilege/Content/Objects/Weapons/Spiker/BP_Spiker.uasset" 3663
"C:/Program Files/Epic Games/Unreal Projects/Sacrilege/Content/Objects/Weapons/Spiker/BP_Spiker.uexp" 3664
"C:/Program Files/Epic Games/Unreal Projects/Sacrilege/Content/EditorTools/T_Thumbnail_BP_Bruteshot2.ubulk" 3665
"C:/Program Files/Epic Games/Unreal Projects/Sacrilege/Content/EditorTools/T_Thumbnail_BP_Bruteshot2.uasset" 3666
"C:/Program Files/Epic Games/Unreal Projects/Sacrilege/Content/EditorTools/T_Thumbnail_BP_Bruteshot2.uexp" 3667
"C:/Program Files/Epic Games/Unreal Projects/Sacrilege/Content/Objects/Weapons/Bruteshot/BruteShot_PhysicsAsset.uasset" 3668
"C:/Program Files/Epic Games/Unreal Projects/Sacrilege/Content/Objects/Weapons/Bruteshot/BruteShot_PhysicsAsset.uexp" 3669
"C:/Program Files/Epic Games/Unreal Projects/Sacrilege/Content/Objects/Weapons/Bruteshot/BruteShot_Skeleton.uasset" 3670
"C:/Program Files/Epic Games/Unreal Projects/Sacrilege/Content/Objects/Weapons/Bruteshot/BruteShot_Skeleton.uexp" 3671
"C:/Program Files/Epic Games/Unreal Projects/Sacrilege/Content/Objects/Weapons/Bruteshot/BruteShot.uasset" 3672
"C:/Program Files/Epic Games/Unreal Projects/Sacrilege/Content/Objects/Weapons/Bruteshot/BruteShot.uexp" 3673
"C:/Program Files/Epic Games/Unreal Projects/Sacrilege/Content/UI/Icons/Crosshairs/T_BruteShotCrosshair.uasset" 3674
"C:/Program Files/Epic Games/Unreal Projects/Sacrilege/Content/UI/Icons/Crosshairs/T_BruteShotCrosshair.uexp" 3675
"C:/Program Files/Epic Games/Unreal Projects/Sacrilege/Content/Objects/Projectiles/NS_BruteshotTrail.uasset" 3676
"C:/Program Files/Epic Games/Unreal Projects/Sacrilege/Content/Objects/Projectiles/NS_BruteshotTrail.uexp" 3677
"C:/Program Files/Epic Games/Unreal Projects/Sacrilege/Content/Objects/Weapons/Bruteshot/Explosion_Medium_2-1.ubulk" 3678
"C:/Program Files/Epic Games/Unreal Projects/Sacrilege/Content/Objects/Weapons/Bruteshot/Explosion_Medium_2-1.uasset" 3679
"C:/Program Files/Epic Games/Unreal Projects/Sacrilege/Content/Objects/Weapons/Bruteshot/Explosion_Medium_2-1.uexp" 3680
"C:/Program Files/Epic Games/Unreal Projects/Sacrilege/Content/Objects/Weapons/Bruteshot/MS_Bruteshot_Proj_Explosion.uasset" 3681
"C:/Program Files/Epic Games/Unreal Projects/Sacrilege/Content/Objects/Weapons/Bruteshot/MS_Bruteshot_Proj_Explosion.uexp" 3682
"C:/Program Files/Epic Games/Unreal Projects/Sacrilege/Content/Objects/Projectiles/BP_BruteshotProjectile.uasset" 3683
"C:/Program Files/Epic Games/Unreal Projects/Sacrilege/Content/Objects/Projectiles/BP_BruteshotProjectile.uexp" 3684
"C:/Program Files/Epic Games/Unreal Projects/Sacrilege/Content/Objects/Weapons/Bruteshot/Explosions__Designed__Designed_Small_Impact_SND60030.ubulk" 3685
"C:/Program Files/Epic Games/Unreal Projects/Sacrilege/Content/Objects/Weapons/Bruteshot/Explosions__Designed__Designed_Small_Impact_SND60030.uasset" 3686
"C:/Program Files/Epic Games/Unreal Projects/Sacrilege/Content/Objects/Weapons/Bruteshot/Explosions__Designed__Designed_Small_Impact_SND60030.uexp" 3687
"C:/Program Files/Epic Games/Unreal Projects/Sacrilege/Content/Objects/Weapons/Bruteshot/MS_Bruteshot_Fire.uasset" 3688
"C:/Program Files/Epic Games/Unreal Projects/Sacrilege/Content/Objects/Weapons/Bruteshot/MS_Bruteshot_Fire.uexp" 3689
"C:/Program Files/Epic Games/Unreal Projects/Sacrilege/Content/Objects/Weapons/Bruteshot/BP_Bruteshot.uasset" 3690
"C:/Program Files/Epic Games/Unreal Projects/Sacrilege/Content/Objects/Weapons/Bruteshot/BP_Bruteshot.uexp" 3691
"C:/Program Files/Epic Games/Unreal Projects/Sacrilege/Content/Objects/Weapons/PlasmaRifle/BP_BrutePlasmaRifle.uasset" 3692
"C:/Program Files/Epic Games/Unreal Projects/Sacrilege/Content/Objects/Weapons/PlasmaRifle/BP_BrutePlasmaRifle.uexp" 3693
"C:/Program Files/Epic Games/Unreal Projects/Sacrilege/Content/Characters/Elite/Classes/BP_Elite_Major.uasset" 3694
"C:/Program Files/Epic Games/Unreal Projects/Sacrilege/Content/Characters/Elite/Classes/BP_Elite_Major.uexp" 3695
"C:/Program Files/Epic Games/Unreal Projects/Sacrilege/Content/Objects/Weapons/Carbine/NS_CarbineBeam.uasset" 3696
"C:/Program Files/Epic Games/Unreal Projects/Sacrilege/Content/Objects/Weapons/Carbine/NS_CarbineBeam.uexp" 3697
"C:/Program Files/Epic Games/Unreal Projects/Sacrilege/Content/Objects/Projectiles/BulletInfos/BP_CarbineBulletInfo.uasset" 3698
"C:/Program Files/Epic Games/Unreal Projects/Sacrilege/Content/Objects/Projectiles/BulletInfos/BP_CarbineBulletInfo.uexp" 3699
"C:/Program Files/Epic Games/Unreal Projects/Sacrilege/Content/UI/Icons/Crosshairs/T_CarbineCrosshair.ubulk" 3700
"C:/Program Files/Epic Games/Unreal Projects/Sacrilege/Content/UI/Icons/Crosshairs/T_CarbineCrosshair.uasset" 3701
"C:/Program Files/Epic Games/Unreal Projects/Sacrilege/Content/UI/Icons/Crosshairs/T_CarbineCrosshair.uexp" 3702
"C:/Program Files/Epic Games/Unreal Projects/Sacrilege/Content/Objects/Weapons/Carbine/S_PM_SFG_VOL1_WEAPON_8_2_GUN_GUNSHOT_FUTURISTIC.ubulk" 3703
"C:/Program Files/Epic Games/Unreal Projects/Sacrilege/Content/Objects/Weapons/Carbine/S_PM_SFG_VOL1_WEAPON_8_2_GUN_GUNSHOT_FUTURISTIC.uasset" 3704
"C:/Program Files/Epic Games/Unreal Projects/Sacrilege/Content/Objects/Weapons/Carbine/S_PM_SFG_VOL1_WEAPON_8_2_GUN_GUNSHOT_FUTURISTIC.uexp" 3705
"C:/Program Files/Epic Games/Unreal Projects/Sacrilege/Content/Objects/Weapons/Carbine/MS_Carbine_Fire.uasset" 3706
"C:/Program Files/Epic Games/Unreal Projects/Sacrilege/Content/Objects/Weapons/Carbine/MS_Carbine_Fire.uexp" 3707
"C:/Program Files/Epic Games/Unreal Projects/Sacrilege/Content/Objects/Weapons/Carbine/BP_Carbine.uasset" 3708
"C:/Program Files/Epic Games/Unreal Projects/Sacrilege/Content/Objects/Weapons/Carbine/BP_Carbine.uexp" 3709
"C:/Program Files/Epic Games/Unreal Projects/Sacrilege/Content/EditorTools/T_Thumbnail_BP_Regenerator1.ubulk" 3710
"C:/Program Files/Epic Games/Unreal Projects/Sacrilege/Content/EditorTools/T_Thumbnail_BP_Regenerator1.uasset" 3711
"C:/Program Files/Epic Games/Unreal Projects/Sacrilege/Content/EditorTools/T_Thumbnail_BP_Regenerator1.uexp" 3712
"C:/Program Files/Epic Games/Unreal Projects/Sacrilege/Content/Objects/Equipment/BubbleShield/SM_ForerunnerBubbleShieldEquipment.ubulk" 3713
"C:/Program Files/Epic Games/Unreal Projects/Sacrilege/Content/Objects/Equipment/BubbleShield/SM_ForerunnerBubbleShieldEquipment.uasset" 3714
"C:/Program Files/Epic Games/Unreal Projects/Sacrilege/Content/Objects/Equipment/BubbleShield/SM_ForerunnerBubbleShieldEquipment.uexp" 3715
"C:/Program Files/Epic Games/Unreal Projects/Sacrilege/Content/StarterContent/Particles/Materials/m_flare_01.uasset" 3716
"C:/Program Files/Epic Games/Unreal Projects/Sacrilege/Content/StarterContent/Particles/Materials/m_flare_01.uexp" 3717
"C:/Program Files/Epic Games/Unreal Projects/Sacrilege/Content/Objects/Equipment/Regenerator/NS_Regenerator.uasset" 3718
"C:/Program Files/Epic Games/Unreal Projects/Sacrilege/Content/Objects/Equipment/Regenerator/NS_Regenerator.uexp" 3719
"C:/Program Files/Epic Games/Unreal Projects/Sacrilege/Content/Objects/Equipment/Regenerator/BP_Regenerator.uasset" 3720
"C:/Program Files/Epic Games/Unreal Projects/Sacrilege/Content/Objects/Equipment/Regenerator/BP_Regenerator.uexp" 3721
"C:/Program Files/Epic Games/Unreal Projects/Sacrilege/Content/EditorTools/T_Thumbnail_BP_FuelRodCannon2.uasset" 3722
"C:/Program Files/Epic Games/Unreal Projects/Sacrilege/Content/EditorTools/T_Thumbnail_BP_FuelRodCannon2.uexp" 3723
"C:/Program Files/Epic Games/Unreal Projects/Sacrilege/Content/Characters/FPArms/Anims/Hands_anims_launcher_draw.uasset" 3724
"C:/Program Files/Epic Games/Unreal Projects/Sacrilege/Content/Characters/FPArms/Anims/Hands_anims_launcher_draw.uexp" 3725
"C:/Program Files/Epic Games/Unreal Projects/Sacrilege/Content/Characters/FPArms/Anims/AM_Hands_Launcher_Draw.uasset" 3726
"C:/Program Files/Epic Games/Unreal Projects/Sacrilege/Content/Characters/FPArms/Anims/AM_Hands_Launcher_Draw.uexp" 3727
"C:/Program Files/Epic Games/Unreal Projects/Sacrilege/Content/Characters/FPArms/Anims/Hands_anims_launcher_holster.uasset" 3728
"C:/Program Files/Epic Games/Unreal Projects/Sacrilege/Content/Characters/FPArms/Anims/Hands_anims_launcher_holster.uexp" 3729
"C:/Program Files/Epic Games/Unreal Projects/Sacrilege/Content/Characters/FPArms/Anims/AM_Hands_Launcher_Holster.uasset" 3730
"C:/Program Files/Epic Games/Unreal Projects/Sacrilege/Content/Characters/FPArms/Anims/AM_Hands_Launcher_Holster.uexp" 3731
"C:/Program Files/Epic Games/Unreal Projects/Sacrilege/Content/Characters/FPArms/Anims/Hands_anims_launcher_melee.uasset" 3732
"C:/Program Files/Epic Games/Unreal Projects/Sacrilege/Content/Characters/FPArms/Anims/Hands_anims_launcher_melee.uexp" 3733
"C:/Program Files/Epic Games/Unreal Projects/Sacrilege/Content/Characters/FPArms/Anims/AM_Hands_Launcher_Melee.uasset" 3734
"C:/Program Files/Epic Games/Unreal Projects/Sacrilege/Content/Characters/FPArms/Anims/AM_Hands_Launcher_Melee.uexp" 3735
"C:/Program Files/Epic Games/Unreal Projects/Sacrilege/Content/Core/Shakes/ConcussionShake.uasset" 3736
"C:/Program Files/Epic Games/Unreal Projects/Sacrilege/Content/Core/Shakes/ConcussionShake.uexp" 3737
"C:/Program Files/Epic Games/Unreal Projects/Sacrilege/Content/Objects/Weapons/Grenades/NS_ConcussionExplosion.uasset" 3738
"C:/Program Files/Epic Games/Unreal Projects/Sacrilege/Content/Objects/Weapons/Grenades/NS_ConcussionExplosion.uexp" 3739
"C:/Program Files/Epic Games/Unreal Projects/Sacrilege/Content/Objects/Projectiles/NS_ConcussionRifleProjectile.uasset" 3740
"C:/Program Files/Epic Games/Unreal Projects/Sacrilege/Content/Objects/Projectiles/NS_ConcussionRifleProjectile.uexp" 3741
"C:/Program Files/Epic Games/Unreal Projects/Sacrilege/Content/Objects/Weapons/ConcussionRifle/S_Magic__Evil__Dark__Magic__Spell__Arcane__Fantasy__Impact__Deep__Hit_SND114697.ubulk" 3742
"C:/Program Files/Epic Games/Unreal Projects/Sacrilege/Content/Objects/Weapons/ConcussionRifle/S_Magic__Evil__Dark__Magic__Spell__Arcane__Fantasy__Impact__Deep__Hit_SND114697.uasset" 3743
"C:/Program Files/Epic Games/Unreal Projects/Sacrilege/Content/Objects/Weapons/ConcussionRifle/S_Magic__Evil__Dark__Magic__Spell__Arcane__Fantasy__Impact__Deep__Hit_SND114697.uexp" 3744
"C:/Program Files/Epic Games/Unreal Projects/Sacrilege/Content/Sounds/Explosions/MS_ConcussionRifleProjectileExplosion.uasset" 3745
"C:/Program Files/Epic Games/Unreal Projects/Sacrilege/Content/Sounds/Explosions/MS_ConcussionRifleProjectileExplosion.uexp" 3746
"C:/Program Files/Epic Games/Unreal Projects/Sacrilege/Content/Objects/Projectiles/BP_ConcussionProjectile.uasset" 3747
"C:/Program Files/Epic Games/Unreal Projects/Sacrilege/Content/Objects/Projectiles/BP_ConcussionProjectile.uexp" 3748
"C:/Program Files/Epic Games/Unreal Projects/Sacrilege/Content/Objects/Weapons/FuelRodCannon/FuelRodCannon_PhysicsAsset.uasset" 3749
"C:/Program Files/Epic Games/Unreal Projects/Sacrilege/Content/Objects/Weapons/FuelRodCannon/FuelRodCannon_PhysicsAsset.uexp" 3750
"C:/Program Files/Epic Games/Unreal Projects/Sacrilege/Content/Objects/Weapons/FuelRodCannon/FuelRodCannon_Skeleton.uasset" 3751
"C:/Program Files/Epic Games/Unreal Projects/Sacrilege/Content/Objects/Weapons/FuelRodCannon/FuelRodCannon_Skeleton.uexp" 3752
"C:/Program Files/Epic Games/Unreal Projects/Sacrilege/Content/Objects/Weapons/FuelRodCannon/T_gun_material_Base_Color_yellow.ubulk" 3753
"C:/Program Files/Epic Games/Unreal Projects/Sacrilege/Content/Objects/Weapons/FuelRodCannon/T_gun_material_Base_Color_yellow.uasset" 3754
"C:/Program Files/Epic Games/Unreal Projects/Sacrilege/Content/Objects/Weapons/FuelRodCannon/T_gun_material_Base_Color_yellow.uexp" 3755
"C:/Program Files/Epic Games/Unreal Projects/Sacrilege/Content/Objects/Weapons/FuelRodCannon/T_gun_material_Emission.ubulk" 3756
"C:/Program Files/Epic Games/Unreal Projects/Sacrilege/Content/Objects/Weapons/FuelRodCannon/T_gun_material_Emission.uasset" 3757
"C:/Program Files/Epic Games/Unreal Projects/Sacrilege/Content/Objects/Weapons/FuelRodCannon/T_gun_material_Emission.uexp" 3758
"C:/Program Files/Epic Games/Unreal Projects/Sacrilege/Content/Objects/Weapons/FuelRodCannon/T_gun_material_Normal_DirectX.ubulk" 3759
"C:/Program Files/Epic Games/Unreal Projects/Sacrilege/Content/Objects/Weapons/FuelRodCannon/T_gun_material_Normal_DirectX.uasset" 3760
"C:/Program Files/Epic Games/Unreal Projects/Sacrilege/Content/Objects/Weapons/FuelRodCannon/T_gun_material_Normal_DirectX.uexp" 3761
"C:/Program Files/Epic Games/Unreal Projects/Sacrilege/Content/Objects/Weapons/FuelRodCannon/T_gun_material_Roughness.ubulk" 3762
"C:/Program Files/Epic Games/Unreal Projects/Sacrilege/Content/Objects/Weapons/FuelRodCannon/T_gun_material_Roughness.uasset" 3763
"C:/Program Files/Epic Games/Unreal Projects/Sacrilege/Content/Objects/Weapons/FuelRodCannon/T_gun_material_Roughness.uexp" 3764
"C:/Program Files/Epic Games/Unreal Projects/Sacrilege/Content/Objects/Weapons/FuelRodCannon/M_FuelRodCannon.uasset" 3765
"C:/Program Files/Epic Games/Unreal Projects/Sacrilege/Content/Objects/Weapons/FuelRodCannon/M_FuelRodCannon.uexp" 3766
"C:/Program Files/Epic Games/Unreal Projects/Sacrilege/Content/Objects/Weapons/FuelRodCannon/FuelRodCannon.uasset" 3767
"C:/Program Files/Epic Games/Unreal Projects/Sacrilege/Content/Objects/Weapons/FuelRodCannon/FuelRodCannon.uexp" 3768
"C:/Program Files/Epic Games/Unreal Projects/Sacrilege/Content/UI/Icons/Crosshairs/T_ConcussionRifleCrosshair.ubulk" 3769
"C:/Program Files/Epic Games/Unreal Projects/Sacrilege/Content/UI/Icons/Crosshairs/T_ConcussionRifleCrosshair.uasset" 3770
"C:/Program Files/Epic Games/Unreal Projects/Sacrilege/Content/UI/Icons/Crosshairs/T_ConcussionRifleCrosshair.uexp" 3771
"C:/Program Files/Epic Games/Unreal Projects/Sacrilege/Content/Objects/Weapons/ConcussionRifle/S_Designed__Impact__Fire__Sparkles__Whoosh_SND112599_1.ubulk" 3772
"C:/Program Files/Epic Games/Unreal Projects/Sacrilege/Content/Objects/Weapons/ConcussionRifle/S_Designed__Impact__Fire__Sparkles__Whoosh_SND112599_1.uasset" 3773
"C:/Program Files/Epic Games/Unreal Projects/Sacrilege/Content/Objects/Weapons/ConcussionRifle/S_Designed__Impact__Fire__Sparkles__Whoosh_SND112599_1.uexp" 3774
"C:/Program Files/Epic Games/Unreal Projects/Sacrilege/Content/Objects/Weapons/ConcussionRifle/MS_ConcussionRifleFire.uasset" 3775
"C:/Program Files/Epic Games/Unreal Projects/Sacrilege/Content/Objects/Weapons/ConcussionRifle/MS_ConcussionRifleFire.uexp" 3776
"C:/Program Files/Epic Games/Unreal Projects/Sacrilege/Content/Objects/Weapons/ConcussionRifle/BP_ConcussionRifle.uasset" 3777
"C:/Program Files/Epic Games/Unreal Projects/Sacrilege/Content/Objects/Weapons/ConcussionRifle/BP_ConcussionRifle.uexp" 3778
"../../../Engine/Content/BasicShapes/Sphere.ubulk" 3779
"../../../Engine/Content/BasicShapes/Sphere.uasset" 3780
"../../../Engine/Content/BasicShapes/Sphere.uexp" 3781
"C:/Program Files/Epic Games/Unreal Projects/Sacrilege/Content/Objects/Equipment/EnergyDrain/NS_EnergyDrain.uasset" 3782
"C:/Program Files/Epic Games/Unreal Projects/Sacrilege/Content/Objects/Equipment/EnergyDrain/NS_EnergyDrain.uexp" 3783
"C:/Program Files/Epic Games/Unreal Projects/Sacrilege/Content/Objects/Equipment/EnergyDrain/BP_EnergyDrain.uasset" 3784
"C:/Program Files/Epic Games/Unreal Projects/Sacrilege/Content/Objects/Equipment/EnergyDrain/BP_EnergyDrain.uexp" 3785
"C:/Program Files/Epic Games/Unreal Projects/Sacrilege/Content/Characters/Elite/Classes/BP_Elite_SpecOps.uasset" 3786
"C:/Program Files/Epic Games/Unreal Projects/Sacrilege/Content/Characters/Elite/Classes/BP_Elite_SpecOps.uexp" 3787
"C:/Program Files/Epic Games/Unreal Projects/Sacrilege/Content/Core/Shakes/FuelRodExplosionShake.uasset" 3788
"C:/Program Files/Epic Games/Unreal Projects/Sacrilege/Content/Core/Shakes/FuelRodExplosionShake.uexp" 3789
"C:/Program Files/Epic Games/Unreal Projects/Sacrilege/Content/Sounds/S_Impact_53.ubulk" 3790
"C:/Program Files/Epic Games/Unreal Projects/Sacrilege/Content/Sounds/S_Impact_53.uasset" 3791
"C:/Program Files/Epic Games/Unreal Projects/Sacrilege/Content/Sounds/S_Impact_53.uexp" 3792
"C:/Program Files/Epic Games/Unreal Projects/Sacrilege/Content/Sounds/Explosions/MS_FuelRodProjectileExplosion.uasset" 3793
"C:/Program Files/Epic Games/Unreal Projects/Sacrilege/Content/Sounds/Explosions/MS_FuelRodProjectileExplosion.uexp" 3794
"C:/Program Files/Epic Games/Unreal Projects/Sacrilege/Content/Objects/Weapons/FuelRodCannon/NS_FuelRodExplosion.uasset" 3795
"C:/Program Files/Epic Games/Unreal Projects/Sacrilege/Content/Objects/Weapons/FuelRodCannon/NS_FuelRodExplosion.uexp" 3796
"C:/Program Files/Epic Games/Unreal Projects/Sacrilege/Content/Objects/Projectiles/NS_FuelRodProjectile.uasset" 3797
"C:/Program Files/Epic Games/Unreal Projects/Sacrilege/Content/Objects/Projectiles/NS_FuelRodProjectile.uexp" 3798
"C:/Program Files/Epic Games/Unreal Projects/Sacrilege/Content/Objects/Projectiles/NS_FuelRodProjectilePrimed.uasset" 3799
"C:/Program Files/Epic Games/Unreal Projects/Sacrilege/Content/Objects/Projectiles/NS_FuelRodProjectilePrimed.uexp" 3800
"C:/Program Files/Epic Games/Unreal Projects/Sacrilege/Content/Objects/Projectiles/BP_FuelRodProjectile.uasset" 3801
"C:/Program Files/Epic Games/Unreal Projects/Sacrilege/Content/Objects/Projectiles/BP_FuelRodProjectile.uexp" 3802
"C:/Program Files/Epic Games/Unreal Projects/Sacrilege/Content/UI/Icons/Crosshairs/T_FuelRodCannonCrosshair.ubulk" 3803
"C:/Program Files/Epic Games/Unreal Projects/Sacrilege/Content/UI/Icons/Crosshairs/T_FuelRodCannonCrosshair.uasset" 3804
"C:/Program Files/Epic Games/Unreal Projects/Sacrilege/Content/UI/Icons/Crosshairs/T_FuelRodCannonCrosshair.uexp" 3805
"C:/Program Files/Epic Games/Unreal Projects/Sacrilege/Content/Objects/Weapons/FuelRodCannon/S_CANNON_Plasma_Shot_Tonal_High_10.ubulk" 3806
"C:/Program Files/Epic Games/Unreal Projects/Sacrilege/Content/Objects/Weapons/FuelRodCannon/S_CANNON_Plasma_Shot_Tonal_High_10.uasset" 3807
"C:/Program Files/Epic Games/Unreal Projects/Sacrilege/Content/Objects/Weapons/FuelRodCannon/S_CANNON_Plasma_Shot_Tonal_High_10.uexp" 3808
"C:/Program Files/Epic Games/Unreal Projects/Sacrilege/Content/Objects/Weapons/FuelRodCannon/MS_FuelRodCannon_Fire.uasset" 3809
"C:/Program Files/Epic Games/Unreal Projects/Sacrilege/Content/Objects/Weapons/FuelRodCannon/MS_FuelRodCannon_Fire.uexp" 3810
"C:/Program Files/Epic Games/Unreal Projects/Sacrilege/Content/Objects/Weapons/FuelRodCannon/BP_FuelRodCannon.uasset" 3811
"C:/Program Files/Epic Games/Unreal Projects/Sacrilege/Content/Objects/Weapons/FuelRodCannon/BP_FuelRodCannon.uexp" 3812
"C:/Program Files/Epic Games/Unreal Projects/Sacrilege/Content/EditorTools/T_Thumbnail_BP_BubbleShield3.ubulk" 3813
"C:/Program Files/Epic Games/Unreal Projects/Sacrilege/Content/EditorTools/T_Thumbnail_BP_BubbleShield3.uasset" 3814
"C:/Program Files/Epic Games/Unreal Projects/Sacrilege/Content/EditorTools/T_Thumbnail_BP_BubbleShield3.uexp" 3815
"C:/Program Files/Epic Games/Unreal Projects/Sacrilege/Content/Objects/Equipment/BubbleShield/M_BubbleShield.uasset" 3816
"C:/Program Files/Epic Games/Unreal Projects/Sacrilege/Content/Objects/Equipment/BubbleShield/M_BubbleShield.uexp" 3817
"C:/Program Files/Epic Games/Unreal Projects/Sacrilege/Content/Objects/Equipment/BubbleShield/SM_ForerunnerBubbleShield.ubulk" 3818
"C:/Program Files/Epic Games/Unreal Projects/Sacrilege/Content/Objects/Equipment/BubbleShield/SM_ForerunnerBubbleShield.uasset" 3819
"C:/Program Files/Epic Games/Unreal Projects/Sacrilege/Content/Objects/Equipment/BubbleShield/SM_ForerunnerBubbleShield.uexp" 3820
"C:/Program Files/Epic Games/Unreal Projects/Sacrilege/Content/Objects/Equipment/Regenerator/NS_BubbleShield.uasset" 3821
"C:/Program Files/Epic Games/Unreal Projects/Sacrilege/Content/Objects/Equipment/Regenerator/NS_BubbleShield.uexp" 3822
"C:/Program Files/Epic Games/Unreal Projects/Sacrilege/Content/Objects/Equipment/BubbleShield/BP_BubbleShield.uasset" 3823
"C:/Program Files/Epic Games/Unreal Projects/Sacrilege/Content/Objects/Equipment/BubbleShield/BP_BubbleShield.uexp" 3824
"C:/Program Files/Epic Games/Unreal Projects/Sacrilege/Content/Characters/Elite/Classes/BP_Elite_Ultra.uasset" 3825
"C:/Program Files/Epic Games/Unreal Projects/Sacrilege/Content/Characters/Elite/Classes/BP_Elite_Ultra.uexp" 3826
"C:/Program Files/Epic Games/Unreal Projects/Sacrilege/Content/Characters/Grunt/Classes/BP_Grunt_Major.uasset" 3827
"C:/Program Files/Epic Games/Unreal Projects/Sacrilege/Content/Characters/Grunt/Classes/BP_Grunt_Major.uexp" 3828
"C:/Program Files/Epic Games/Unreal Projects/Sacrilege/Content/Characters/Grunt/Classes/BP_Grunt_Minor.uasset" 3829
"C:/Program Files/Epic Games/Unreal Projects/Sacrilege/Content/Characters/Grunt/Classes/BP_Grunt_Minor.uexp" 3830
"C:/Program Files/Epic Games/Unreal Projects/Sacrilege/Content/Characters/Grunt/Classes/BP_Grunt_Ultra.uasset" 3831
"C:/Program Files/Epic Games/Unreal Projects/Sacrilege/Content/Characters/Grunt/Classes/BP_Grunt_Ultra.uexp" 3832
"C:/Program Files/Epic Games/Unreal Projects/Sacrilege/Content/EditorTools/T_Thumbnail_BP_RocketLauncher1.uasset" 3833
"C:/Program Files/Epic Games/Unreal Projects/Sacrilege/Content/EditorTools/T_Thumbnail_BP_RocketLauncher1.uexp" 3834
"../../../Engine/Content/BasicShapes/BasicShapeMaterial.uasset" 3835
"../../../Engine/Content/BasicShapes/BasicShapeMaterial.uexp" 3836
"C:/Program Files/Epic Games/Unreal Projects/Sacrilege/Content/Objects/Projectiles/BP_RocketProjectile.uasset" 3837
"C:/Program Files/Epic Games/Unreal Projects/Sacrilege/Content/Objects/Projectiles/BP_RocketProjectile.uexp" 3838
"C:/Program Files/Epic Games/Unreal Projects/Sacrilege/Content/Objects/Weapons/SPNKRRocketLauncher/T_SPNKR_GR_SPNKR_BaseColor.ubulk" 3839
"C:/Program Files/Epic Games/Unreal Projects/Sacrilege/Content/Objects/Weapons/SPNKRRocketLauncher/T_SPNKR_GR_SPNKR_BaseColor.uasset" 3840
"C:/Program Files/Epic Games/Unreal Projects/Sacrilege/Content/Objects/Weapons/SPNKRRocketLauncher/T_SPNKR_GR_SPNKR_BaseColor.uexp" 3841
"C:/Program Files/Epic Games/Unreal Projects/Sacrilege/Content/Objects/Weapons/SPNKRRocketLauncher/T_SPNKR_GR_SPNKR_Emissive.ubulk" 3842
"C:/Program Files/Epic Games/Unreal Projects/Sacrilege/Content/Objects/Weapons/SPNKRRocketLauncher/T_SPNKR_GR_SPNKR_Emissive.uasset" 3843
"C:/Program Files/Epic Games/Unreal Projects/Sacrilege/Content/Objects/Weapons/SPNKRRocketLauncher/T_SPNKR_GR_SPNKR_Emissive.uexp" 3844
"C:/Program Files/Epic Games/Unreal Projects/Sacrilege/Content/Objects/Weapons/SPNKRRocketLauncher/T_SPNKR_GR_SPNKR_Normal.ubulk" 3845
"C:/Program Files/Epic Games/Unreal Projects/Sacrilege/Content/Objects/Weapons/SPNKRRocketLauncher/T_SPNKR_GR_SPNKR_Normal.uasset" 3846
"C:/Program Files/Epic Games/Unreal Projects/Sacrilege/Content/Objects/Weapons/SPNKRRocketLauncher/T_SPNKR_GR_SPNKR_Normal.uexp" 3847
"C:/Program Files/Epic Games/Unreal Projects/Sacrilege/Content/Objects/Weapons/SPNKRRocketLauncher/T_SPNKR_GR_SPNKR_OcclusionRoughnessMetallic.ubulk" 3848
"C:/Program Files/Epic Games/Unreal Projects/Sacrilege/Content/Objects/Weapons/SPNKRRocketLauncher/T_SPNKR_GR_SPNKR_OcclusionRoughnessMetallic.uasset" 3849
"C:/Program Files/Epic Games/Unreal Projects/Sacrilege/Content/Objects/Weapons/SPNKRRocketLauncher/T_SPNKR_GR_SPNKR_OcclusionRoughnessMetallic.uexp" 3850
"C:/Program Files/Epic Games/Unreal Projects/Sacrilege/Content/Objects/Weapons/SPNKRRocketLauncher/M_RocketLauncher.uasset" 3851
"C:/Program Files/Epic Games/Unreal Projects/Sacrilege/Content/Objects/Weapons/SPNKRRocketLauncher/M_RocketLauncher.uexp" 3852
"C:/Program Files/Epic Games/Unreal Projects/Sacrilege/Content/Objects/Weapons/SPNKRRocketLauncher/SPNKRRocketLauncher_PhysicsAsset.uasset" 3853
"C:/Program Files/Epic Games/Unreal Projects/Sacrilege/Content/Objects/Weapons/SPNKRRocketLauncher/SPNKRRocketLauncher_PhysicsAsset.uexp" 3854
"C:/Program Files/Epic Games/Unreal Projects/Sacrilege/Content/Objects/Weapons/SPNKRRocketLauncher/SPNKRRocketLauncher_Skeleton.uasset" 3855
"C:/Program Files/Epic Games/Unreal Projects/Sacrilege/Content/Objects/Weapons/SPNKRRocketLauncher/SPNKRRocketLauncher_Skeleton.uexp" 3856
"C:/Program Files/Epic Games/Unreal Projects/Sacrilege/Content/Objects/Weapons/SPNKRRocketLauncher/SPNKRRocketLauncher.uasset" 3857
"C:/Program Files/Epic Games/Unreal Projects/Sacrilege/Content/Objects/Weapons/SPNKRRocketLauncher/SPNKRRocketLauncher.uexp" 3858
"C:/Program Files/Epic Games/Unreal Projects/Sacrilege/Content/UI/Icons/Crosshairs/T_RocketLauncherCrosshair.ubulk" 3859
"C:/Program Files/Epic Games/Unreal Projects/Sacrilege/Content/UI/Icons/Crosshairs/T_RocketLauncherCrosshair.uasset" 3860
"C:/Program Files/Epic Games/Unreal Projects/Sacrilege/Content/UI/Icons/Crosshairs/T_RocketLauncherCrosshair.uexp" 3861
"C:/Program Files/Epic Games/Unreal Projects/Sacrilege/Content/Objects/Weapons/SPNKRRocketLauncher/S_MissileLaunch.ubulk" 3862
"C:/Program Files/Epic Games/Unreal Projects/Sacrilege/Content/Objects/Weapons/SPNKRRocketLauncher/S_MissileLaunch.uasset" 3863
"C:/Program Files/Epic Games/Unreal Projects/Sacrilege/Content/Objects/Weapons/SPNKRRocketLauncher/S_MissileLaunch.uexp" 3864
"C:/Program Files/Epic Games/Unreal Projects/Sacrilege/Content/Objects/Weapons/SPNKRRocketLauncher/MS_SPNKRRocketLauncher_Fire.uasset" 3865
"C:/Program Files/Epic Games/Unreal Projects/Sacrilege/Content/Objects/Weapons/SPNKRRocketLauncher/MS_SPNKRRocketLauncher_Fire.uexp" 3866
"C:/Program Files/Epic Games/Unreal Projects/Sacrilege/Content/Objects/Weapons/SPNKRRocketLauncher/BP_RocketLauncher.uasset" 3867
"C:/Program Files/Epic Games/Unreal Projects/Sacrilege/Content/Objects/Weapons/SPNKRRocketLauncher/BP_RocketLauncher.uexp" 3868
"C:/Program Files/Epic Games/Unreal Projects/Sacrilege/Content/Objects/Props/Barricade/SM_BarbedBarricade.ubulk" 3869
"C:/Program Files/Epic Games/Unreal Projects/Sacrilege/Content/Objects/Props/Barricade/SM_BarbedBarricade.uasset" 3870
"C:/Program Files/Epic Games/Unreal Projects/Sacrilege/Content/Objects/Props/Barricade/SM_BarbedBarricade.uexp" 3871
"C:/Program Files/Epic Games/Unreal Projects/Sacrilege/Content/Objects/Props/Barricade/BP_Barricade.uasset" 3872
"C:/Program Files/Epic Games/Unreal Projects/Sacrilege/Content/Objects/Props/Barricade/BP_Barricade.uexp" 3873
"C:/Program Files/Epic Games/Unreal Projects/Sacrilege/Content/Sounds/Foley/Impacts/S_metalbarrelkick01.ubulk" 3874
"C:/Program Files/Epic Games/Unreal Projects/Sacrilege/Content/Sounds/Foley/Impacts/S_metalbarrelkick01.uasset" 3875
"C:/Program Files/Epic Games/Unreal Projects/Sacrilege/Content/Sounds/Foley/Impacts/S_metalbarrelkick01.uexp" 3876
"C:/Program Files/Epic Games/Unreal Projects/Sacrilege/Content/Sounds/Foley/Impacts/S_metalbarrelkick02.ubulk" 3877
"C:/Program Files/Epic Games/Unreal Projects/Sacrilege/Content/Sounds/Foley/Impacts/S_metalbarrelkick02.uasset" 3878
"C:/Program Files/Epic Games/Unreal Projects/Sacrilege/Content/Sounds/Foley/Impacts/S_metalbarrelkick02.uexp" 3879
"C:/Program Files/Epic Games/Unreal Projects/Sacrilege/Content/Sounds/Foley/Impacts/S_metalbarrelkick03.ubulk" 3880
"C:/Program Files/Epic Games/Unreal Projects/Sacrilege/Content/Sounds/Foley/Impacts/S_metalbarrelkick03.uasset" 3881
"C:/Program Files/Epic Games/Unreal Projects/Sacrilege/Content/Sounds/Foley/Impacts/S_metalbarrelkick03.uexp" 3882
"C:/Program Files/Epic Games/Unreal Projects/Sacrilege/Content/Sounds/Foley/Impacts/S_metalbarrelkick04.ubulk" 3883
"C:/Program Files/Epic Games/Unreal Projects/Sacrilege/Content/Sounds/Foley/Impacts/S_metalbarrelkick04.uasset" 3884
"C:/Program Files/Epic Games/Unreal Projects/Sacrilege/Content/Sounds/Foley/Impacts/S_metalbarrelkick04.uexp" 3885
"C:/Program Files/Epic Games/Unreal Projects/Sacrilege/Content/Sounds/Foley/Impacts/Metal/MS_MetalThud.uasset" 3886
"C:/Program Files/Epic Games/Unreal Projects/Sacrilege/Content/Sounds/Foley/Impacts/Metal/MS_MetalThud.uexp" 3887
"C:/Program Files/Epic Games/Unreal Projects/Sacrilege/Content/Objects/Debris/Debris_Long/StaticMeshes/Debris_Long.ubulk" 3888
"C:/Program Files/Epic Games/Unreal Projects/Sacrilege/Content/Objects/Debris/Debris_Long/StaticMeshes/Debris_Long.uasset" 3889
"C:/Program Files/Epic Games/Unreal Projects/Sacrilege/Content/Objects/Debris/Debris_Long/StaticMeshes/Debris_Long.uexp" 3890
"C:/Program Files/Epic Games/Unreal Projects/Sacrilege/Content/Objects/Props/Explosives/FusionCoil/S_EXPLOSION_Bang_04.ubulk" 3891
"C:/Program Files/Epic Games/Unreal Projects/Sacrilege/Content/Objects/Props/Explosives/FusionCoil/S_EXPLOSION_Bang_04.uasset" 3892
"C:/Program Files/Epic Games/Unreal Projects/Sacrilege/Content/Objects/Props/Explosives/FusionCoil/S_EXPLOSION_Bang_04.uexp" 3893
"C:/Program Files/Epic Games/Unreal Projects/Sacrilege/Content/Sounds/Explosions/MS_FusionCoilExplosion.uasset" 3894
"C:/Program Files/Epic Games/Unreal Projects/Sacrilege/Content/Sounds/Explosions/MS_FusionCoilExplosion.uexp" 3895
"../../../Engine/Content/MaterialTemplates/Textures/T_Noise01.ubulk" 3896
"../../../Engine/Content/MaterialTemplates/Textures/T_Noise01.uasset" 3897
"../../../Engine/Content/MaterialTemplates/Textures/T_Noise01.uexp" 3898
"C:/Program Files/Epic Games/Unreal Projects/Sacrilege/Content/Objects/Props/Explosives/FusionCoil/T_FusionCoil_Metal_BaseColor.ubulk" 3899
"C:/Program Files/Epic Games/Unreal Projects/Sacrilege/Content/Objects/Props/Explosives/FusionCoil/T_FusionCoil_Metal_BaseColor.uasset" 3900
"C:/Program Files/Epic Games/Unreal Projects/Sacrilege/Content/Objects/Props/Explosives/FusionCoil/T_FusionCoil_Metal_BaseColor.uexp" 3901
"C:/Program Files/Epic Games/Unreal Projects/Sacrilege/Content/Objects/Props/Explosives/FusionCoil/T_FusionCoil_Metal_Emissive.ubulk" 3902
"C:/Program Files/Epic Games/Unreal Projects/Sacrilege/Content/Objects/Props/Explosives/FusionCoil/T_FusionCoil_Metal_Emissive.uasset" 3903
"C:/Program Files/Epic Games/Unreal Projects/Sacrilege/Content/Objects/Props/Explosives/FusionCoil/T_FusionCoil_Metal_Emissive.uexp" 3904
"C:/Program Files/Epic Games/Unreal Projects/Sacrilege/Content/Objects/Props/Explosives/FusionCoil/T_FusionCoil_Metal_Normal.ubulk" 3905
"C:/Program Files/Epic Games/Unreal Projects/Sacrilege/Content/Objects/Props/Explosives/FusionCoil/T_FusionCoil_Metal_Normal.uasset" 3906
"C:/Program Files/Epic Games/Unreal Projects/Sacrilege/Content/Objects/Props/Explosives/FusionCoil/T_FusionCoil_Metal_Normal.uexp" 3907
"C:/Program Files/Epic Games/Unreal Projects/Sacrilege/Content/Objects/Props/Explosives/FusionCoil/T_FusionCoil_Metal_OcclusionRoughnessMetallic.ubulk" 3908
"C:/Program Files/Epic Games/Unreal Projects/Sacrilege/Content/Objects/Props/Explosives/FusionCoil/T_FusionCoil_Metal_OcclusionRoughnessMetallic.uasset" 3909
"C:/Program Files/Epic Games/Unreal Projects/Sacrilege/Content/Objects/Props/Explosives/FusionCoil/T_FusionCoil_Metal_OcclusionRoughnessMetallic.uexp" 3910
"C:/Program Files/Epic Games/Unreal Projects/Sacrilege/Content/Objects/Props/Explosives/FusionCoil/M_FusionCoil.uasset" 3911
"C:/Program Files/Epic Games/Unreal Projects/Sacrilege/Content/Objects/Props/Explosives/FusionCoil/M_FusionCoil.uexp" 3912
"C:/Program Files/Epic Games/Unreal Projects/Sacrilege/Content/Objects/Props/Explosives/FusionCoil/SM_FusionCoil.ubulk" 3913
"C:/Program Files/Epic Games/Unreal Projects/Sacrilege/Content/Objects/Props/Explosives/FusionCoil/SM_FusionCoil.uasset" 3914
"C:/Program Files/Epic Games/Unreal Projects/Sacrilege/Content/Objects/Props/Explosives/FusionCoil/SM_FusionCoil.uexp" 3915
"C:/Program Files/Epic Games/Unreal Projects/Sacrilege/Content/Objects/Props/Explosives/FusionCoil/S_413489__euphrosyyn__drone-a_female_is_actually_a_high_energy_sci_fi_generator.ubulk" 3916
"C:/Program Files/Epic Games/Unreal Projects/Sacrilege/Content/Objects/Props/Explosives/FusionCoil/S_413489__euphrosyyn__drone-a_female_is_actually_a_high_energy_sci_fi_generator.uasset" 3917
"C:/Program Files/Epic Games/Unreal Projects/Sacrilege/Content/Objects/Props/Explosives/FusionCoil/S_413489__euphrosyyn__drone-a_female_is_actually_a_high_energy_sci_fi_generator.uexp" 3918
"C:/Program Files/Epic Games/Unreal Projects/Sacrilege/Content/Objects/Props/Explosives/FusionCoil/BP_FusionCoil.uasset" 3919
"C:/Program Files/Epic Games/Unreal Projects/Sacrilege/Content/Objects/Props/Explosives/FusionCoil/BP_FusionCoil.uexp" 3920
"../../../Engine/Content/TemplateResources/M_Template_Master.uasset" 3921
"../../../Engine/Content/TemplateResources/M_Template_Master.uexp" 3922
"../../../Engine/Content/TemplateResources/MI_Template_BaseOrange_Metal.uasset" 3923
"../../../Engine/Content/TemplateResources/MI_Template_BaseOrange_Metal.uexp" 3924
"C:/Program Files/Epic Games/Unreal Projects/Sacrilege/Content/EditorTools/T_Thumbnail_BP_GravityHammer.ubulk" 3925
"C:/Program Files/Epic Games/Unreal Projects/Sacrilege/Content/EditorTools/T_Thumbnail_BP_GravityHammer.uasset" 3926
"C:/Program Files/Epic Games/Unreal Projects/Sacrilege/Content/EditorTools/T_Thumbnail_BP_GravityHammer.uexp" 3927
"C:/Program Files/Epic Games/Unreal Projects/Sacrilege/Content/Characters/Elite/anims/elite_swing.uasset" 3928
"C:/Program Files/Epic Games/Unreal Projects/Sacrilege/Content/Characters/Elite/anims/elite_swing.uexp" 3929
"C:/Program Files/Epic Games/Unreal Projects/Sacrilege/Content/Characters/Elite/anims/AM_Elite_Hammer_Swing.uasset" 3930
"C:/Program Files/Epic Games/Unreal Projects/Sacrilege/Content/Characters/Elite/anims/AM_Elite_Hammer_Swing.uexp" 3931
"C:/Program Files/Epic Games/Unreal Projects/Sacrilege/Content/Characters/FPArms/Anims/Hands_anims_hammer_draw.uasset" 3932
"C:/Program Files/Epic Games/Unreal Projects/Sacrilege/Content/Characters/FPArms/Anims/Hands_anims_hammer_draw.uexp" 3933
"C:/Program Files/Epic Games/Unreal Projects/Sacrilege/Content/Characters/FPArms/Anims/AM_Hands_Hammer_Draw.uasset" 3934
"C:/Program Files/Epic Games/Unreal Projects/Sacrilege/Content/Characters/FPArms/Anims/AM_Hands_Hammer_Draw.uexp" 3935
"C:/Program Files/Epic Games/Unreal Projects/Sacrilege/Content/Characters/FPArms/Anims/Hands_anims_hammer_holster.uasset" 3936
"C:/Program Files/Epic Games/Unreal Projects/Sacrilege/Content/Characters/FPArms/Anims/Hands_anims_hammer_holster.uexp" 3937
"C:/Program Files/Epic Games/Unreal Projects/Sacrilege/Content/Characters/FPArms/Anims/AM_Hands_Hammer_Holster.uasset" 3938
"C:/Program Files/Epic Games/Unreal Projects/Sacrilege/Content/Characters/FPArms/Anims/AM_Hands_Hammer_Holster.uexp" 3939
"C:/Program Files/Epic Games/Unreal Projects/Sacrilege/Content/Characters/FPArms/Anims/Hands_anims_hammer_melee.uasset" 3940
"C:/Program Files/Epic Games/Unreal Projects/Sacrilege/Content/Characters/FPArms/Anims/Hands_anims_hammer_melee.uexp" 3941
"C:/Program Files/Epic Games/Unreal Projects/Sacrilege/Content/Characters/FPArms/Anims/AM_Hands_Hammer_Melee.uasset" 3942
"C:/Program Files/Epic Games/Unreal Projects/Sacrilege/Content/Characters/FPArms/Anims/AM_Hands_Hammer_Melee.uexp" 3943
"C:/Program Files/Epic Games/Unreal Projects/Sacrilege/Content/Characters/FPArms/Anims/Hands_anims_hammer_swingVM_Hammer_Swing.uasset" 3944
"C:/Program Files/Epic Games/Unreal Projects/Sacrilege/Content/Characters/FPArms/Anims/Hands_anims_hammer_swingVM_Hammer_Swing.uexp" 3945
"C:/Program Files/Epic Games/Unreal Projects/Sacrilege/Content/Characters/FPArms/Anims/AM_Hands_Hammer_Swing.uasset" 3946
"C:/Program Files/Epic Games/Unreal Projects/Sacrilege/Content/Characters/FPArms/Anims/AM_Hands_Hammer_Swing.uexp" 3947
"C:/Program Files/Epic Games/Unreal Projects/Sacrilege/Content/UI/Icons/Crosshairs/GravityHammerCrosshair.ubulk" 3948
"C:/Program Files/Epic Games/Unreal Projects/Sacrilege/Content/UI/Icons/Crosshairs/GravityHammerCrosshair.uasset" 3949
"C:/Program Files/Epic Games/Unreal Projects/Sacrilege/Content/UI/Icons/Crosshairs/GravityHammerCrosshair.uexp" 3950
"C:/Program Files/Epic Games/Unreal Projects/Sacrilege/Content/Objects/Weapons/GravityHammer/GravityHammer/SkeletalMeshes/GravityHammer_PhysicsAsset.uasset" 3951
"C:/Program Files/Epic Games/Unreal Projects/Sacrilege/Content/Objects/Weapons/GravityHammer/GravityHammer/SkeletalMeshes/GravityHammer_PhysicsAsset.uexp" 3952
"C:/Program Files/Epic Games/Unreal Projects/Sacrilege/Content/Objects/Weapons/GravityHammer/GravityHammer/SkeletalMeshes/GravityHammer_Skeleton.uasset" 3953
"C:/Program Files/Epic Games/Unreal Projects/Sacrilege/Content/Objects/Weapons/GravityHammer/GravityHammer/SkeletalMeshes/GravityHammer_Skeleton.uexp" 3954
"C:/Program Files/Epic Games/Unreal Projects/Sacrilege/Content/Objects/Weapons/GravityHammer/GravityHammer/SkeletalMeshes/GravityHammer.uasset" 3955
"C:/Program Files/Epic Games/Unreal Projects/Sacrilege/Content/Objects/Weapons/GravityHammer/GravityHammer/SkeletalMeshes/GravityHammer.uexp" 3956
"C:/Program Files/Epic Games/Unreal Projects/Sacrilege/Content/Objects/Weapons/GravityHammer/BP_GravityHammer.uasset" 3957
"C:/Program Files/Epic Games/Unreal Projects/Sacrilege/Content/Objects/Weapons/GravityHammer/BP_GravityHammer.uexp" 3958
"C:/Program Files/Epic Games/Unreal Projects/Sacrilege/Content/Characters/Elite/Classes/BP_Elite_Zealot.uasset" 3959
"C:/Program Files/Epic Games/Unreal Projects/Sacrilege/Content/Characters/Elite/Classes/BP_Elite_Zealot.uexp" 3960
"C:/Program Files/Epic Games/Unreal Projects/Sacrilege/Content/EditorTools/T_Thumbnail_BP_Banshee2.uasset" 3961
"C:/Program Files/Epic Games/Unreal Projects/Sacrilege/Content/EditorTools/T_Thumbnail_BP_Banshee2.uexp" 3962
"C:/Program Files/Epic Games/Unreal Projects/Sacrilege/Content/AI/BT_Banshee.uasset" 3963
"C:/Program Files/Epic Games/Unreal Projects/Sacrilege/Content/AI/BT_Banshee.uexp" 3964
"C:/Program Files/Epic Games/Unreal Projects/Sacrilege/Content/AI/AIC_Banshee.uasset" 3965
"C:/Program Files/Epic Games/Unreal Projects/Sacrilege/Content/AI/AIC_Banshee.uexp" 3966
"C:/Program Files/Epic Games/Unreal Projects/Sacrilege/Content/Objects/Projectiles/BP_BansheeFuelRodProjectile.uasset" 3967
"C:/Program Files/Epic Games/Unreal Projects/Sacrilege/Content/Objects/Projectiles/BP_BansheeFuelRodProjectile.uexp" 3968
"C:/Program Files/Epic Games/Unreal Projects/Sacrilege/Content/Objects/Projectiles/BP_BansheePlasmaProjectile.uasset" 3969
"C:/Program Files/Epic Games/Unreal Projects/Sacrilege/Content/Objects/Projectiles/BP_BansheePlasmaProjectile.uexp" 3970
"C:/Program Files/Epic Games/Unreal Projects/Sacrilege/Content/Objects/Vehicles/Banshee/NS_BansheeRibbons.uasset" 3971
"C:/Program Files/Epic Games/Unreal Projects/Sacrilege/Content/Objects/Vehicles/Banshee/NS_BansheeRibbons.uexp" 3972
"C:/Program Files/Epic Games/Unreal Projects/Sacrilege/Content/Objects/Vehicles/Banshee/Banshee/Banshee_Skeleton.uasset" 3973
"C:/Program Files/Epic Games/Unreal Projects/Sacrilege/Content/Objects/Vehicles/Banshee/Banshee/Banshee_Skeleton.uexp" 3974
"C:/Program Files/Epic Games/Unreal Projects/Sacrilege/Content/Objects/Vehicles/Banshee/Banshee/BansheeClosedPose.uasset" 3975
"C:/Program Files/Epic Games/Unreal Projects/Sacrilege/Content/Objects/Vehicles/Banshee/Banshee/BansheeClosedPose.uexp" 3976
"C:/Program Files/Epic Games/Unreal Projects/Sacrilege/Content/Objects/Vehicles/Banshee/Banshee/BansheeDefaultPose.uasset" 3977
"C:/Program Files/Epic Games/Unreal Projects/Sacrilege/Content/Objects/Vehicles/Banshee/Banshee/BansheeDefaultPose.uexp" 3978
"C:/Program Files/Epic Games/Unreal Projects/Sacrilege/Content/Objects/Vehicles/Banshee/Banshee/ABP_Banshee.uasset" 3979
"C:/Program Files/Epic Games/Unreal Projects/Sacrilege/Content/Objects/Vehicles/Banshee/Banshee/ABP_Banshee.uexp" 3980
"C:/Program Files/Epic Games/Unreal Projects/Sacrilege/Content/Objects/Vehicles/Banshee/Banshee/Banshee_PhysicsAsset.uasset" 3981
"C:/Program Files/Epic Games/Unreal Projects/Sacrilege/Content/Objects/Vehicles/Banshee/Banshee/Banshee_PhysicsAsset.uexp" 3982
"C:/Program Files/Epic Games/Unreal Projects/Sacrilege/Content/Objects/Vehicles/Banshee/Banshee/Banshee.uasset" 3983
"C:/Program Files/Epic Games/Unreal Projects/Sacrilege/Content/Objects/Vehicles/Banshee/Banshee/Banshee.uexp" 3984
"C:/Program Files/Epic Games/Unreal Projects/Sacrilege/Content/Objects/Vehicles/Banshee/BansheeEngine.ubulk" 3985
"C:/Program Files/Epic Games/Unreal Projects/Sacrilege/Content/Objects/Vehicles/Banshee/BansheeEngine.uasset" 3986
"C:/Program Files/Epic Games/Unreal Projects/Sacrilege/Content/Objects/Vehicles/Banshee/BansheeEngine.uexp" 3987
"C:/Program Files/Epic Games/Unreal Projects/Sacrilege/Content/Objects/Vehicles/Banshee/MS_BansheeEngine.uasset" 3988
"C:/Program Files/Epic Games/Unreal Projects/Sacrilege/Content/Objects/Vehicles/Banshee/MS_BansheeEngine.uexp" 3989
"C:/Program Files/Epic Games/Unreal Projects/Sacrilege/Content/Objects/Vehicles/Banshee/BP_Banshee.uasset" 3990
"C:/Program Files/Epic Games/Unreal Projects/Sacrilege/Content/Objects/Vehicles/Banshee/BP_Banshee.uexp" 3991
"C:/Program Files/Epic Games/Unreal Projects/Sacrilege/Content/EditorTools/T_Thumbnail_BP_GatlingWarthog1.uasset" 3992
"C:/Program Files/Epic Games/Unreal Projects/Sacrilege/Content/EditorTools/T_Thumbnail_BP_GatlingWarthog1.uexp" 3993
"C:/Program Files/Epic Games/Unreal Projects/Sacrilege/Content/Objects/Vehicles/S_Vehicles__Tire__Car__Tire_Grit_On_Gravel_SND1381.ubulk" 3994
"C:/Program Files/Epic Games/Unreal Projects/Sacrilege/Content/Objects/Vehicles/S_Vehicles__Tire__Car__Tire_Grit_On_Gravel_SND1381.uasset" 3995
"C:/Program Files/Epic Games/Unreal Projects/Sacrilege/Content/Objects/Vehicles/S_Vehicles__Tire__Car__Tire_Grit_On_Gravel_SND1381.uexp" 3996
"C:/Program Files/Epic Games/Unreal Projects/Sacrilege/Content/Objects/Vehicles/Warthog/S_TireScreech.ubulk" 3997
"C:/Program Files/Epic Games/Unreal Projects/Sacrilege/Content/Objects/Vehicles/Warthog/S_TireScreech.uasset" 3998
"C:/Program Files/Epic Games/Unreal Projects/Sacrilege/Content/Objects/Vehicles/Warthog/S_TireScreech.uexp" 3999
"C:/Program Files/Epic Games/Unreal Projects/Sacrilege/Content/Objects/Vehicles/MS_TireSFX.uasset" 4000
"C:/Program Files/Epic Games/Unreal Projects/Sacrilege/Content/Objects/Vehicles/MS_TireSFX.uexp" 4001
"C:/Program Files/Epic Games/Unreal Projects/Sacrilege/Content/Objects/Vehicles/NS_TireDust.uasset" 4002
"C:/Program Files/Epic Games/Unreal Projects/Sacrilege/Content/Objects/Vehicles/NS_TireDust.uexp" 4003
"C:/Program Files/Epic Games/Unreal Projects/Sacrilege/Content/Objects/Vehicles/Warthog/S_SuspensionBounce00.ubulk" 4004
"C:/Program Files/Epic Games/Unreal Projects/Sacrilege/Content/Objects/Vehicles/Warthog/S_SuspensionBounce00.uasset" 4005
"C:/Program Files/Epic Games/Unreal Projects/Sacrilege/Content/Objects/Vehicles/Warthog/S_SuspensionBounce00.uexp" 4006
"C:/Program Files/Epic Games/Unreal Projects/Sacrilege/Content/Sounds/MS_SuspensionBounce.uasset" 4007
"C:/Program Files/Epic Games/Unreal Projects/Sacrilege/Content/Sounds/MS_SuspensionBounce.uexp" 4008
"C:/Program Files/Epic Games/Unreal Projects/Sacrilege/Content/Objects/Vehicles/Warthog/Warthog_Torque_Curve.uasset" 4009
"C:/Program Files/Epic Games/Unreal Projects/Sacrilege/Content/Objects/Vehicles/Warthog/Warthog_Torque_Curve.uexp" 4010
"C:/Program Files/Epic Games/Unreal Projects/Sacrilege/Content/Objects/Vehicles/Car/S_EngineIdle.ubulk" 4011
"C:/Program Files/Epic Games/Unreal Projects/Sacrilege/Content/Objects/Vehicles/Car/S_EngineIdle.uasset" 4012
"C:/Program Files/Epic Games/Unreal Projects/Sacrilege/Content/Objects/Vehicles/Car/S_EngineIdle.uexp" 4013
"C:/Program Files/Epic Games/Unreal Projects/Sacrilege/Content/Objects/Vehicles/Car/S_EngineLoop.ubulk" 4014
"C:/Program Files/Epic Games/Unreal Projects/Sacrilege/Content/Objects/Vehicles/Car/S_EngineLoop.uasset" 4015
"C:/Program Files/Epic Games/Unreal Projects/Sacrilege/Content/Objects/Vehicles/Car/S_EngineLoop.uexp" 4016
"C:/Program Files/Epic Games/Unreal Projects/Sacrilege/Content/Objects/Vehicles/Car/MS_CarEngine.uasset" 4017
"C:/Program Files/Epic Games/Unreal Projects/Sacrilege/Content/Objects/Vehicles/Car/MS_CarEngine.uexp" 4018
"C:/Program Files/Epic Games/Unreal Projects/Sacrilege/Content/Objects/Vehicles/BP_WheelVehicleBase.uasset" 4019
"C:/Program Files/Epic Games/Unreal Projects/Sacrilege/Content/Objects/Vehicles/BP_WheelVehicleBase.uexp" 4020
"C:/Program Files/Epic Games/Unreal Projects/Sacrilege/Content/EditorTools/T_Thumbnail_Warthog1.uasset" 4021
"C:/Program Files/Epic Games/Unreal Projects/Sacrilege/Content/EditorTools/T_Thumbnail_Warthog1.uexp" 4022
"C:/Program Files/Epic Games/Unreal Projects/Sacrilege/Content/MaterialLibrary/MI_Light_Red.uasset" 4023
"C:/Program Files/Epic Games/Unreal Projects/Sacrilege/Content/MaterialLibrary/MI_Light_Red.uexp" 4024
"C:/Program Files/Epic Games/Unreal Projects/Sacrilege/Content/MaterialLibrary/MI_Light_White.uasset" 4025
"C:/Program Files/Epic Games/Unreal Projects/Sacrilege/Content/MaterialLibrary/MI_Light_White.uexp" 4026
"C:/Program Files/Epic Games/Unreal Projects/Sacrilege/Content/AI/BT_Warthog.uasset" 4027
"C:/Program Files/Epic Games/Unreal Projects/Sacrilege/Content/AI/BT_Warthog.uexp" 4028
"C:/Program Files/Epic Games/Unreal Projects/Sacrilege/Content/AI/BP_AICWarthog.uasset" 4029
"C:/Program Files/Epic Games/Unreal Projects/Sacrilege/Content/AI/BP_AICWarthog.uexp" 4030
"C:/Program Files/Epic Games/Unreal Projects/Sacrilege/Content/ParticleEffects/NS_DirectionalLight.uasset" 4031
"C:/Program Files/Epic Games/Unreal Projects/Sacrilege/Content/ParticleEffects/NS_DirectionalLight.uexp" 4032
"C:/Program Files/Epic Games/Unreal Projects/Sacrilege/Content/Objects/Vehicles/Warthog/Warthog_Skeleton.uasset" 4033
"C:/Program Files/Epic Games/Unreal Projects/Sacrilege/Content/Objects/Vehicles/Warthog/Warthog_Skeleton.uexp" 4034
"C:/Program Files/Epic Games/Unreal Projects/Sacrilege/Content/Objects/Vehicles/Warthog/ABP_Warthog.uasset" 4035
"C:/Program Files/Epic Games/Unreal Projects/Sacrilege/Content/Objects/Vehicles/Warthog/ABP_Warthog.uexp" 4036
"C:/Program Files/Epic Games/Unreal Projects/Sacrilege/Content/StarterContent/Textures/T_Statue_M.ubulk" 4037
"C:/Program Files/Epic Games/Unreal Projects/Sacrilege/Content/StarterContent/Textures/T_Statue_M.uasset" 4038
"C:/Program Files/Epic Games/Unreal Projects/Sacrilege/Content/StarterContent/Textures/T_Statue_M.uexp" 4039
"C:/Program Files/Epic Games/Unreal Projects/Sacrilege/Content/StarterContent/Textures/T_Statue_N.ubulk" 4040
"C:/Program Files/Epic Games/Unreal Projects/Sacrilege/Content/StarterContent/Textures/T_Statue_N.uasset" 4041
"C:/Program Files/Epic Games/Unreal Projects/Sacrilege/Content/StarterContent/Textures/T_Statue_N.uexp" 4042
"C:/Program Files/Epic Games/Unreal Projects/Sacrilege/Content/StarterContent/Props/Materials/M_StatueGlass.uasset" 4043
"C:/Program Files/Epic Games/Unreal Projects/Sacrilege/Content/StarterContent/Props/Materials/M_StatueGlass.uexp" 4044
"C:/Program Files/Epic Games/Unreal Projects/Sacrilege/Content/Objects/Vehicles/Warthog/Inside.uasset" 4045
"C:/Program Files/Epic Games/Unreal Projects/Sacrilege/Content/Objects/Vehicles/Warthog/Inside.uexp" 4046
"C:/Program Files/Epic Games/Unreal Projects/Sacrilege/Content/Objects/Vehicles/Warthog/Warthog_PhysicsAsset.uasset" 4047
"C:/Program Files/Epic Games/Unreal Projects/Sacrilege/Content/Objects/Vehicles/Warthog/Warthog_PhysicsAsset.uexp" 4048
"C:/Program Files/Epic Games/Unreal Projects/Sacrilege/Content/Objects/Vehicles/Warthog/Warthog.uasset" 4049
"C:/Program Files/Epic Games/Unreal Projects/Sacrilege/Content/Objects/Vehicles/Warthog/Warthog.uexp" 4050
"C:/Program Files/Epic Games/Unreal Projects/Sacrilege/Content/Objects/Vehicles/Warthog/SlipGraph_Warthog_vehicle.uasset" 4051
"C:/Program Files/Epic Games/Unreal Projects/Sacrilege/Content/Objects/Vehicles/Warthog/SlipGraph_Warthog_vehicle.uexp" 4052
"C:/Program Files/Epic Games/Unreal Projects/Sacrilege/Content/Objects/Vehicles/Warthog/BP_WarthogBackWheel.uasset" 4053
"C:/Program Files/Epic Games/Unreal Projects/Sacrilege/Content/Objects/Vehicles/Warthog/BP_WarthogBackWheel.uexp" 4054
"C:/Program Files/Epic Games/Unreal Projects/Sacrilege/Content/Objects/Vehicles/Warthog/BP_WarthogFrontWheel.uasset" 4055
"C:/Program Files/Epic Games/Unreal Projects/Sacrilege/Content/Objects/Vehicles/Warthog/BP_WarthogFrontWheel.uexp" 4056
"C:/Program Files/Epic Games/Unreal Projects/Sacrilege/Content/Objects/Vehicles/Warthog/S_WarthogHorn.ubulk" 4057
"C:/Program Files/Epic Games/Unreal Projects/Sacrilege/Content/Objects/Vehicles/Warthog/S_WarthogHorn.uasset" 4058
"C:/Program Files/Epic Games/Unreal Projects/Sacrilege/Content/Objects/Vehicles/Warthog/S_WarthogHorn.uexp" 4059
"C:/Program Files/Epic Games/Unreal Projects/Sacrilege/Content/Objects/Vehicles/Car/S_EngineStart.ubulk" 4060
"C:/Program Files/Epic Games/Unreal Projects/Sacrilege/Content/Objects/Vehicles/Car/S_EngineStart.uasset" 4061
"C:/Program Files/Epic Games/Unreal Projects/Sacrilege/Content/Objects/Vehicles/Car/S_EngineStart.uexp" 4062
"C:/Program Files/Epic Games/Unreal Projects/Sacrilege/Content/Objects/Vehicles/MS_VehicleEngineTemplate.uasset" 4063
"C:/Program Files/Epic Games/Unreal Projects/Sacrilege/Content/Objects/Vehicles/MS_VehicleEngineTemplate.uexp" 4064
"C:/Program Files/Epic Games/Unreal Projects/Sacrilege/Content/Objects/Vehicles/Warthog/MS_WarthogEngine.uasset" 4065
"C:/Program Files/Epic Games/Unreal Projects/Sacrilege/Content/Objects/Vehicles/Warthog/MS_WarthogEngine.uexp" 4066
"C:/Program Files/Epic Games/Unreal Projects/Sacrilege/Content/Objects/Vehicles/Warthog/BP_Warthog.uasset" 4067
"C:/Program Files/Epic Games/Unreal Projects/Sacrilege/Content/Objects/Vehicles/Warthog/BP_Warthog.uexp" 4068
"C:/Program Files/Epic Games/Unreal Projects/Sacrilege/Content/Objects/Vehicles/Warthog/BP_Warthog_Gatling.uasset" 4069
"C:/Program Files/Epic Games/Unreal Projects/Sacrilege/Content/Objects/Vehicles/Warthog/BP_Warthog_Gatling.uexp" 4070
"C:/Program Files/Epic Games/Unreal Projects/Sacrilege/Content/BP_FirefightGamemode.uasset" 4071
"C:/Program Files/Epic Games/Unreal Projects/Sacrilege/Content/BP_FirefightGamemode.uexp" 4072
"C:/Program Files/Epic Games/Unreal Projects/Sacrilege/Content/AI/BT_Command_ForceMove.uasset" 4073
"C:/Program Files/Epic Games/Unreal Projects/Sacrilege/Content/AI/BT_Command_ForceMove.uexp" 4074
"C:/Program Files/Epic Games/Unreal Projects/Sacrilege/Content/AI/AIScript_ForceMove.uasset" 4075
"C:/Program Files/Epic Games/Unreal Projects/Sacrilege/Content/AI/AIScript_ForceMove.uexp" 4076
"C:/Program Files/Epic Games/Unreal Projects/Sacrilege/Content/AI/BTTask_DropOffPassengers.uasset" 4077
"C:/Program Files/Epic Games/Unreal Projects/Sacrilege/Content/AI/BTTask_DropOffPassengers.uexp" 4078
"C:/Program Files/Epic Games/Unreal Projects/Sacrilege/Content/AI/BTTask_FindNearestNavPoint.uasset" 4079
"C:/Program Files/Epic Games/Unreal Projects/Sacrilege/Content/AI/BTTask_FindNearestNavPoint.uexp" 4080
"C:/Program Files/Epic Games/Unreal Projects/Sacrilege/Content/AI/BT_DropOffPassengers.uasset" 4081
"C:/Program Files/Epic Games/Unreal Projects/Sacrilege/Content/AI/BT_DropOffPassengers.uexp" 4082
"C:/Program Files/Epic Games/Unreal Projects/Sacrilege/Content/AI/AIScript_UnloadRiders.uasset" 4083
"C:/Program Files/Epic Games/Unreal Projects/Sacrilege/Content/AI/AIScript_UnloadRiders.uexp" 4084
"C:/Program Files/Epic Games/Unreal Projects/Sacrilege/Content/Objects/Vehicles/Pelican/Pelican_PhysicsAsset.uasset" 4085
"C:/Program Files/Epic Games/Unreal Projects/Sacrilege/Content/Objects/Vehicles/Pelican/Pelican_PhysicsAsset.uexp" 4086
"C:/Program Files/Epic Games/Unreal Projects/Sacrilege/Content/Objects/Vehicles/Pelican/Pelican_Skeleton.uasset" 4087
"C:/Program Files/Epic Games/Unreal Projects/Sacrilege/Content/Objects/Vehicles/Pelican/Pelican_Skeleton.uexp" 4088
"C:/Program Files/Epic Games/Unreal Projects/Sacrilege/Content/Objects/Vehicles/Pelican/Pelican.uasset" 4089
"C:/Program Files/Epic Games/Unreal Projects/Sacrilege/Content/Objects/Vehicles/Pelican/Pelican.uexp" 4090
"C:/Program Files/Epic Games/Unreal Projects/Sacrilege/Content/Objects/Vehicles/Pelican/BP_Pelican.uasset" 4091
"C:/Program Files/Epic Games/Unreal Projects/Sacrilege/Content/Objects/Vehicles/Pelican/BP_Pelican.uexp" 4092
"C:/Program Files/Epic Games/Unreal Projects/Sacrilege/Content/AI/BTTask_DropAttachedObject.uasset" 4093
"C:/Program Files/Epic Games/Unreal Projects/Sacrilege/Content/AI/BTTask_DropAttachedObject.uexp" 4094
"C:/Program Files/Epic Games/Unreal Projects/Sacrilege/Content/AI/BTTask_GetLocationOffset.uasset" 4095
"C:/Program Files/Epic Games/Unreal Projects/Sacrilege/Content/AI/BTTask_GetLocationOffset.uexp" 4096
"C:/Program Files/Epic Games/Unreal Projects/Sacrilege/Content/AI/BT_DropOffObject.uasset" 4097
"C:/Program Files/Epic Games/Unreal Projects/Sacrilege/Content/AI/BT_DropOffObject.uexp" 4098
"C:/Program Files/Epic Games/Unreal Projects/Sacrilege/Content/AI/AIScript_UnloadVehicle.uasset" 4099
"C:/Program Files/Epic Games/Unreal Projects/Sacrilege/Content/AI/AIScript_UnloadVehicle.uexp" 4100
"C:/Program Files/Epic Games/Unreal Projects/Sacrilege/Content/Objects/Vehicles/DropPod/AT_PodLaunch.uasset" 4101
"C:/Program Files/Epic Games/Unreal Projects/Sacrilege/Content/Objects/Vehicles/DropPod/AT_PodLaunch.uexp" 4102
"C:/Program Files/Epic Games/Unreal Projects/Sacrilege/Content/Sounds/Explosions/S_FarExplosion03.ubulk" 4103
"C:/Program Files/Epic Games/Unreal Projects/Sacrilege/Content/Sounds/Explosions/S_FarExplosion03.uasset" 4104
"C:/Program Files/Epic Games/Unreal Projects/Sacrilege/Content/Sounds/Explosions/S_FarExplosion03.uexp" 4105
"C:/Program Files/Epic Games/Unreal Projects/Sacrilege/Content/StarterContent/Audio/S_Explosion01.ubulk" 4106
"C:/Program Files/Epic Games/Unreal Projects/Sacrilege/Content/StarterContent/Audio/S_Explosion01.uasset" 4107
"C:/Program Files/Epic Games/Unreal Projects/Sacrilege/Content/StarterContent/Audio/S_Explosion01.uexp" 4108
"C:/Program Files/Epic Games/Unreal Projects/Sacrilege/Content/StarterContent/Audio/S_Explosion02.ubulk" 4109
"C:/Program Files/Epic Games/Unreal Projects/Sacrilege/Content/StarterContent/Audio/S_Explosion02.uasset" 4110
"C:/Program Files/Epic Games/Unreal Projects/Sacrilege/Content/StarterContent/Audio/S_Explosion02.uexp" 4111
"C:/Program Files/Epic Games/Unreal Projects/Sacrilege/Content/StarterContent/Audio/SC_Explosion_Cue.uasset" 4112
"C:/Program Files/Epic Games/Unreal Projects/Sacrilege/Content/StarterContent/Audio/SC_Explosion_Cue.uexp" 4113
"C:/Program Files/Epic Games/Unreal Projects/Sacrilege/Content/Landscape/PhysicalMaterials/PM_Dirt.uasset" 4114
"C:/Program Files/Epic Games/Unreal Projects/Sacrilege/Content/Landscape/PhysicalMaterials/PM_Dirt.uexp" 4115
"C:/Program Files/Epic Games/Unreal Projects/Sacrilege/Content/Core/textures/T_seamlessclothtexture01.ubulk" 4116
"C:/Program Files/Epic Games/Unreal Projects/Sacrilege/Content/Core/textures/T_seamlessclothtexture01.uasset" 4117
"C:/Program Files/Epic Games/Unreal Projects/Sacrilege/Content/Core/textures/T_seamlessclothtexture01.uexp" 4118
"C:/Program Files/Epic Games/Unreal Projects/Sacrilege/Content/MaterialLibrary/MI_Cloth.uasset" 4119
"C:/Program Files/Epic Games/Unreal Projects/Sacrilege/Content/MaterialLibrary/MI_Cloth.uexp" 4120
"C:/Program Files/Epic Games/Unreal Projects/Sacrilege/Content/Objects/Props/UNSCItemPod/SM_UNSCItemPod.ubulk" 4121
"C:/Program Files/Epic Games/Unreal Projects/Sacrilege/Content/Objects/Props/UNSCItemPod/SM_UNSCItemPod.uasset" 4122
"C:/Program Files/Epic Games/Unreal Projects/Sacrilege/Content/Objects/Props/UNSCItemPod/SM_UNSCItemPod.uexp" 4123
"C:/Program Files/Epic Games/Unreal Projects/Sacrilege/Content/Objects/Props/UNSCItemPod/BP_WeaponPod.uasset" 4124
"C:/Program Files/Epic Games/Unreal Projects/Sacrilege/Content/Objects/Props/UNSCItemPod/BP_WeaponPod.uexp" 4125
"C:/Program Files/Epic Games/Unreal Projects/Sacrilege/Content/Objects/E_DeliveryMethod.uasset" 4126
"C:/Program Files/Epic Games/Unreal Projects/Sacrilege/Content/Objects/E_DeliveryMethod.uexp" 4127
"C:/Program Files/Epic Games/Unreal Projects/Sacrilege/Content/Objects/BP_RequisitionSpawnPoint.uasset" 4128
"C:/Program Files/Epic Games/Unreal Projects/Sacrilege/Content/Objects/BP_RequisitionSpawnPoint.uexp" 4129
"C:/Program Files/Epic Games/Unreal Projects/Sacrilege/Content/Sounds/SC_Muffle.uasset" 4130
"C:/Program Files/Epic Games/Unreal Projects/Sacrilege/Content/Sounds/SC_Muffle.uexp" 4131
"C:/Program Files/Epic Games/Unreal Projects/Sacrilege/Content/Sounds/SCM_MuffledAudio.uasset" 4132
"C:/Program Files/Epic Games/Unreal Projects/Sacrilege/Content/Sounds/SCM_MuffledAudio.uexp" 4133
"C:/Program Files/Epic Games/Unreal Projects/Sacrilege/Content/Sounds/S_UnderwaterAmbience.ubulk" 4134
"C:/Program Files/Epic Games/Unreal Projects/Sacrilege/Content/Sounds/S_UnderwaterAmbience.uasset" 4135
"C:/Program Files/Epic Games/Unreal Projects/Sacrilege/Content/Sounds/S_UnderwaterAmbience.uexp" 4136
"C:/Program Files/Epic Games/Unreal Projects/Sacrilege/Content/Sounds/S_WaterEnter.ubulk" 4137
"C:/Program Files/Epic Games/Unreal Projects/Sacrilege/Content/Sounds/S_WaterEnter.uasset" 4138
"C:/Program Files/Epic Games/Unreal Projects/Sacrilege/Content/Sounds/S_WaterEnter.uexp" 4139
"C:/Program Files/Epic Games/Unreal Projects/Sacrilege/Content/Sounds/S_WaterExit.ubulk" 4140
"C:/Program Files/Epic Games/Unreal Projects/Sacrilege/Content/Sounds/S_WaterExit.uasset" 4141
"C:/Program Files/Epic Games/Unreal Projects/Sacrilege/Content/Sounds/S_WaterExit.uexp" 4142
"C:/Program Files/Epic Games/Unreal Projects/Sacrilege/Content/UI/WBP_ChatLine.uasset" 4143
"C:/Program Files/Epic Games/Unreal Projects/Sacrilege/Content/UI/WBP_ChatLine.uexp" 4144
"C:/Program Files/Epic Games/Unreal Projects/Sacrilege/Content/UI/WBP_ChatBox.uasset" 4145
"C:/Program Files/Epic Games/Unreal Projects/Sacrilege/Content/UI/WBP_ChatBox.uexp" 4146
"C:/Program Files/Epic Games/Unreal Projects/Sacrilege/Content/Core/Input/Actions/IA_ToggleCommandMode.uasset" 4147
"C:/Program Files/Epic Games/Unreal Projects/Sacrilege/Content/Core/Input/Actions/IA_ToggleCommandMode.uexp" 4148
"C:/Program Files/Epic Games/Unreal Projects/Sacrilege/Content/Core/Input/Actions/IA_GiveCommand.uasset" 4149
"C:/Program Files/Epic Games/Unreal Projects/Sacrilege/Content/Core/Input/Actions/IA_GiveCommand.uexp" 4150
"C:/Program Files/Epic Games/Unreal Projects/Sacrilege/Content/Core/Input/Actions/IA_OpenChat.uasset" 4151
"C:/Program Files/Epic Games/Unreal Projects/Sacrilege/Content/Core/Input/Actions/IA_OpenChat.uexp" 4152
"C:/Program Files/Epic Games/Unreal Projects/Sacrilege/Content/Core/Input/Actions/IA_OpenGameInfo.uasset" 4153
"C:/Program Files/Epic Games/Unreal Projects/Sacrilege/Content/Core/Input/Actions/IA_OpenGameInfo.uexp" 4154
"C:/Program Files/Epic Games/Unreal Projects/Sacrilege/Content/Core/Input/Actions/IA_OpenPauseMenu.uasset" 4155
"C:/Program Files/Epic Games/Unreal Projects/Sacrilege/Content/Core/Input/Actions/IA_OpenPauseMenu.uexp" 4156
"C:/Program Files/Epic Games/Unreal Projects/Sacrilege/Content/Core/Input/IMC_Default.uasset" 4157
"C:/Program Files/Epic Games/Unreal Projects/Sacrilege/Content/Core/Input/IMC_Default.uexp" 4158
"C:/Program Files/Epic Games/Unreal Projects/Sacrilege/Content/UI/WBP_NotificationBox.uasset" 4159
"C:/Program Files/Epic Games/Unreal Projects/Sacrilege/Content/UI/WBP_NotificationBox.uexp" 4160
"C:/Program Files/Epic Games/Unreal Projects/Sacrilege/Content/UI/WBP_Tip.uasset" 4161
"C:/Program Files/Epic Games/Unreal Projects/Sacrilege/Content/UI/WBP_Tip.uexp" 4162
"C:/Program Files/Epic Games/Unreal Projects/Sacrilege/Content/UI/WBP_GlobalHud.uasset" 4163
"C:/Program Files/Epic Games/Unreal Projects/Sacrilege/Content/UI/WBP_GlobalHud.uexp" 4164
"C:/Program Files/Epic Games/Unreal Projects/Sacrilege/Content/UI/Icons/T_ButtonElement.ubulk" 4165
"C:/Program Files/Epic Games/Unreal Projects/Sacrilege/Content/UI/Icons/T_ButtonElement.uasset" 4166
"C:/Program Files/Epic Games/Unreal Projects/Sacrilege/Content/UI/Icons/T_ButtonElement.uexp" 4167
"C:/Program Files/Epic Games/Unreal Projects/Sacrilege/Content/Sounds/UI/S_ClothSound03.ubulk" 4168
"C:/Program Files/Epic Games/Unreal Projects/Sacrilege/Content/Sounds/UI/S_ClothSound03.uasset" 4169
"C:/Program Files/Epic Games/Unreal Projects/Sacrilege/Content/Sounds/UI/S_ClothSound03.uexp" 4170
"C:/Program Files/Epic Games/Unreal Projects/Sacrilege/Content/Sounds/UI/S_ClothSound04.ubulk" 4171
"C:/Program Files/Epic Games/Unreal Projects/Sacrilege/Content/Sounds/UI/S_ClothSound04.uasset" 4172
"C:/Program Files/Epic Games/Unreal Projects/Sacrilege/Content/Sounds/UI/S_ClothSound04.uexp" 4173
"C:/Program Files/Epic Games/Unreal Projects/Sacrilege/Content/UI/WBP_CustomButton.uasset" 4174
"C:/Program Files/Epic Games/Unreal Projects/Sacrilege/Content/UI/WBP_CustomButton.uexp" 4175
"C:/Program Files/Epic Games/Unreal Projects/Sacrilege/Content/UI/WBP_CustomListEntry.uasset" 4176
"C:/Program Files/Epic Games/Unreal Projects/Sacrilege/Content/UI/WBP_CustomListEntry.uexp" 4177
"C:/Program Files/Epic Games/Unreal Projects/Sacrilege/Content/UI/WBP_Lobby.uasset" 4178
"C:/Program Files/Epic Games/Unreal Projects/Sacrilege/Content/UI/WBP_Lobby.uexp" 4179
"C:/Program Files/Epic Games/Unreal Projects/Sacrilege/Content/UI/Icons/T_SacrilegeTitle.uasset" 4180
"C:/Program Files/Epic Games/Unreal Projects/Sacrilege/Content/UI/Icons/T_SacrilegeTitle.uexp" 4181
"C:/Program Files/Epic Games/Unreal Projects/Sacrilege/Content/UI/WBP_Title.uasset" 4182
"C:/Program Files/Epic Games/Unreal Projects/Sacrilege/Content/UI/WBP_Title.uexp" 4183
"C:/Program Files/Epic Games/Unreal Projects/Sacrilege/Content/Sounds/UI/S_ClothSound00.ubulk" 4184
"C:/Program Files/Epic Games/Unreal Projects/Sacrilege/Content/Sounds/UI/S_ClothSound00.uasset" 4185
"C:/Program Files/Epic Games/Unreal Projects/Sacrilege/Content/Sounds/UI/S_ClothSound00.uexp" 4186
"C:/Program Files/Epic Games/Unreal Projects/Sacrilege/Content/UI/Options/WBP_NumberSlider.uasset" 4187
"C:/Program Files/Epic Games/Unreal Projects/Sacrilege/Content/UI/Options/WBP_NumberSlider.uexp" 4188
"C:/Program Files/Epic Games/Unreal Projects/Sacrilege/Content/UI/Options/WBP_AudioSlider.uasset" 4189
"C:/Program Files/Epic Games/Unreal Projects/Sacrilege/Content/UI/Options/WBP_AudioSlider.uexp" 4190
"C:/Program Files/Epic Games/Unreal Projects/Sacrilege/Content/UI/Options/WBP_OptionsEntry.uasset" 4191
"C:/Program Files/Epic Games/Unreal Projects/Sacrilege/Content/UI/Options/WBP_OptionsEntry.uexp" 4192
"C:/Program Files/Epic Games/Unreal Projects/Sacrilege/Content/UI/Options/WBP_AudioSettings.uasset" 4193
"C:/Program Files/Epic Games/Unreal Projects/Sacrilege/Content/UI/Options/WBP_AudioSettings.uexp" 4194
"C:/Program Files/Epic Games/Unreal Projects/Sacrilege/Content/UI/Icons/T_CycleIcon.ubulk" 4195
"C:/Program Files/Epic Games/Unreal Projects/Sacrilege/Content/UI/Icons/T_CycleIcon.uasset" 4196
"C:/Program Files/Epic Games/Unreal Projects/Sacrilege/Content/UI/Icons/T_CycleIcon.uexp" 4197
"C:/Program Files/Epic Games/Unreal Projects/Sacrilege/Content/UI/Options/WBP_KeybindInput.uasset" 4198
"C:/Program Files/Epic Games/Unreal Projects/Sacrilege/Content/UI/Options/WBP_KeybindInput.uexp" 4199
"C:/Program Files/Epic Games/Unreal Projects/Sacrilege/Content/UI/Options/WBP_Keybinder.uasset" 4200
"C:/Program Files/Epic Games/Unreal Projects/Sacrilege/Content/UI/Options/WBP_Keybinder.uexp" 4201
"C:/Program Files/Epic Games/Unreal Projects/Sacrilege/Content/UI/Options/WBP_ControlsSettings.uasset" 4202
"C:/Program Files/Epic Games/Unreal Projects/Sacrilege/Content/UI/Options/WBP_ControlsSettings.uexp" 4203
"C:/Program Files/Epic Games/Unreal Projects/Sacrilege/Content/UI/Options/WBP_GameplaySettings.uasset" 4204
"C:/Program Files/Epic Games/Unreal Projects/Sacrilege/Content/UI/Options/WBP_GameplaySettings.uexp" 4205
"C:/Program Files/Epic Games/Unreal Projects/Sacrilege/Content/UI/Options/WBP_GraphicsSettings.uasset" 4206
"C:/Program Files/Epic Games/Unreal Projects/Sacrilege/Content/UI/Options/WBP_GraphicsSettings.uexp" 4207
"C:/Program Files/Epic Games/Unreal Projects/Sacrilege/Content/UI/Icons/T_BoxWithBorder.ubulk" 4208
"C:/Program Files/Epic Games/Unreal Projects/Sacrilege/Content/UI/Icons/T_BoxWithBorder.uasset" 4209
"C:/Program Files/Epic Games/Unreal Projects/Sacrilege/Content/UI/Icons/T_BoxWithBorder.uexp" 4210
"C:/Program Files/Epic Games/Unreal Projects/Sacrilege/Content/UI/Options/WBP_VideoSettings.uasset" 4211
"C:/Program Files/Epic Games/Unreal Projects/Sacrilege/Content/UI/Options/WBP_VideoSettings.uexp" 4212
"C:/Program Files/Epic Games/Unreal Projects/Sacrilege/Content/UI/Options/WBP_OptionsMenu2.uasset" 4213
"C:/Program Files/Epic Games/Unreal Projects/Sacrilege/Content/UI/Options/WBP_OptionsMenu2.uexp" 4214
"C:/Program Files/Epic Games/Unreal Projects/Sacrilege/Content/UI/WBP_PauseMenu.uasset" 4215
"C:/Program Files/Epic Games/Unreal Projects/Sacrilege/Content/UI/WBP_PauseMenu.uexp" 4216
"C:/Program Files/Epic Games/Unreal Projects/Sacrilege/Content/MaterialLibrary/M_BuildPreview.uasset" 4217
"C:/Program Files/Epic Games/Unreal Projects/Sacrilege/Content/MaterialLibrary/M_BuildPreview.uexp" 4218
"C:/Program Files/Epic Games/Unreal Projects/Sacrilege/Content/Core/BP_PhysicsActor.uasset" 4219
"C:/Program Files/Epic Games/Unreal Projects/Sacrilege/Content/Core/BP_PhysicsActor.uexp" 4220
"C:/Program Files/Epic Games/Unreal Projects/Sacrilege/Content/UI/WBP_PDAButton.uasset" 4221
"C:/Program Files/Epic Games/Unreal Projects/Sacrilege/Content/UI/WBP_PDAButton.uexp" 4222
"C:/Program Files/Epic Games/Unreal Projects/Sacrilege/Content/UI/WBP_PDA.uasset" 4223
"C:/Program Files/Epic Games/Unreal Projects/Sacrilege/Content/UI/WBP_PDA.uexp" 4224
"C:/Program Files/Epic Games/Unreal Projects/Sacrilege/Content/ParticleEffects/NS_Flare.uasset" 4225
"C:/Program Files/Epic Games/Unreal Projects/Sacrilege/Content/ParticleEffects/NS_Flare.uexp" 4226
"C:/Program Files/Epic Games/Unreal Projects/Sacrilege/Content/Objects/Props/Flare/M_Flare.uasset" 4227
"C:/Program Files/Epic Games/Unreal Projects/Sacrilege/Content/Objects/Props/Flare/M_Flare.uexp" 4228
"C:/Program Files/Epic Games/Unreal Projects/Sacrilege/Content/Objects/Props/Flare/SM_Flare_LP.ubulk" 4229
"C:/Program Files/Epic Games/Unreal Projects/Sacrilege/Content/Objects/Props/Flare/SM_Flare_LP.uasset" 4230
"C:/Program Files/Epic Games/Unreal Projects/Sacrilege/Content/Objects/Props/Flare/SM_Flare_LP.uexp" 4231
"C:/Program Files/Epic Games/Unreal Projects/Sacrilege/Content/Objects/Props/Flare/BP_Flare.uasset" 4232
"C:/Program Files/Epic Games/Unreal Projects/Sacrilege/Content/Objects/Props/Flare/BP_Flare.uexp" 4233
"C:/Program Files/Epic Games/Unreal Projects/Sacrilege/Content/Core/Input/Actions/PDA/IA_PDA_Close.uasset" 4234
"C:/Program Files/Epic Games/Unreal Projects/Sacrilege/Content/Core/Input/Actions/PDA/IA_PDA_Close.uexp" 4235
"C:/Program Files/Epic Games/Unreal Projects/Sacrilege/Content/Core/Input/Actions/PDA/IA_PDA_Navigate.uasset" 4236
"C:/Program Files/Epic Games/Unreal Projects/Sacrilege/Content/Core/Input/Actions/PDA/IA_PDA_Navigate.uexp" 4237
"C:/Program Files/Epic Games/Unreal Projects/Sacrilege/Content/Core/Input/Actions/PDA/IA_PDA_Select.uasset" 4238
"C:/Program Files/Epic Games/Unreal Projects/Sacrilege/Content/Core/Input/Actions/PDA/IA_PDA_Select.uexp" 4239
"C:/Program Files/Epic Games/Unreal Projects/Sacrilege/Content/Core/Input/IMC_PDA.uasset" 4240
"C:/Program Files/Epic Games/Unreal Projects/Sacrilege/Content/Core/Input/IMC_PDA.uexp" 4241
"../../../Engine/Content/Tutorial/BlueprintTutorials/TutorialAssets/BlueprintInterface_64x.uasset" 4242
"../../../Engine/Content/Tutorial/BlueprintTutorials/TutorialAssets/BlueprintInterface_64x.uexp" 4243
"C:/Program Files/Epic Games/Unreal Projects/Sacrilege/Content/Objects/Weapons/Grenades/BP_DynamoGrenade.uasset" 4244
"C:/Program Files/Epic Games/Unreal Projects/Sacrilege/Content/Objects/Weapons/Grenades/BP_DynamoGrenade.uexp" 4245
"C:/Program Files/Epic Games/Unreal Projects/Sacrilege/Content/Objects/PDA/SM_PDA.ubulk" 4246
"C:/Program Files/Epic Games/Unreal Projects/Sacrilege/Content/Objects/PDA/SM_PDA.uasset" 4247
"C:/Program Files/Epic Games/Unreal Projects/Sacrilege/Content/Objects/PDA/SM_PDA.uexp" 4248
"C:/Program Files/Epic Games/Unreal Projects/Sacrilege/Content/Sounds/S_AirWhoosh.ubulk" 4249
"C:/Program Files/Epic Games/Unreal Projects/Sacrilege/Content/Sounds/S_AirWhoosh.uasset" 4250
"C:/Program Files/Epic Games/Unreal Projects/Sacrilege/Content/Sounds/S_AirWhoosh.uexp" 4251
"C:/Program Files/Epic Games/Unreal Projects/Sacrilege/Content/Objects/PDA/BP_PDA.uasset" 4252
"C:/Program Files/Epic Games/Unreal Projects/Sacrilege/Content/Objects/PDA/BP_PDA.uexp" 4253
"C:/Program Files/Epic Games/Unreal Projects/Sacrilege/Content/UI/T_Gridlines3x3.uasset" 4254
"C:/Program Files/Epic Games/Unreal Projects/Sacrilege/Content/UI/T_Gridlines3x3.uexp" 4255
"C:/Program Files/Epic Games/Unreal Projects/Sacrilege/Content/UI/WBP_PhotoModeHUD.uasset" 4256
"C:/Program Files/Epic Games/Unreal Projects/Sacrilege/Content/UI/WBP_PhotoModeHUD.uexp" 4257
"C:/Program Files/Epic Games/Unreal Projects/Sacrilege/Content/Core/Characters/RT_PhotoMode.uasset" 4258
"C:/Program Files/Epic Games/Unreal Projects/Sacrilege/Content/Core/Characters/RT_PhotoMode.uexp" 4259
"C:/Program Files/Epic Games/Unreal Projects/Sacrilege/Content/Core/Characters/BP_PhotoModePawn.uasset" 4260
"C:/Program Files/Epic Games/Unreal Projects/Sacrilege/Content/Core/Characters/BP_PhotoModePawn.uexp" 4261
"C:/Program Files/Epic Games/Unreal Projects/Sacrilege/Content/UI/GameInfo/WBP_InfoEntry.uasset" 4262
"C:/Program Files/Epic Games/Unreal Projects/Sacrilege/Content/UI/GameInfo/WBP_InfoEntry.uexp" 4263
"C:/Program Files/Epic Games/Unreal Projects/Sacrilege/Content/UI/GameInfo/WBP_GameInfo.uasset" 4264
"C:/Program Files/Epic Games/Unreal Projects/Sacrilege/Content/UI/GameInfo/WBP_GameInfo.uexp" 4265
"C:/Program Files/Epic Games/Unreal Projects/Sacrilege/Content/UI/WBP_CommandMarker.uasset" 4266
"C:/Program Files/Epic Games/Unreal Projects/Sacrilege/Content/UI/WBP_CommandMarker.uexp" 4267
"C:/Program Files/Epic Games/Unreal Projects/Sacrilege/Content/AI/BT_Command_AttackMove.uasset" 4268
"C:/Program Files/Epic Games/Unreal Projects/Sacrilege/Content/AI/BT_Command_AttackMove.uexp" 4269
"C:/Program Files/Epic Games/Unreal Projects/Sacrilege/Content/AI/AIScript_AttackMove.uasset" 4270
"C:/Program Files/Epic Games/Unreal Projects/Sacrilege/Content/AI/AIScript_AttackMove.uexp" 4271
"../../../Engine/Content/EditorSounds/Notifications/CompileFailed.ubulk" 4272
"../../../Engine/Content/EditorSounds/Notifications/CompileFailed.uasset" 4273
"../../../Engine/Content/EditorSounds/Notifications/CompileFailed.uexp" 4274
"../../../Engine/Content/EditorSounds/Notifications/CompileFailed_Cue.uasset" 4275
"../../../Engine/Content/EditorSounds/Notifications/CompileFailed_Cue.uexp" 4276
"C:/Program Files/Epic Games/Unreal Projects/Sacrilege/Content/UI/Icons/T_energy.ubulk" 4277
"C:/Program Files/Epic Games/Unreal Projects/Sacrilege/Content/UI/Icons/T_energy.uasset" 4278
"C:/Program Files/Epic Games/Unreal Projects/Sacrilege/Content/UI/Icons/T_energy.uexp" 4279
"C:/Program Files/Epic Games/Unreal Projects/Sacrilege/Content/UI/Icons/T_Refresh.ubulk" 4280
"C:/Program Files/Epic Games/Unreal Projects/Sacrilege/Content/UI/Icons/T_Refresh.uasset" 4281
"C:/Program Files/Epic Games/Unreal Projects/Sacrilege/Content/UI/Icons/T_Refresh.uexp" 4282
"C:/Program Files/Epic Games/Unreal Projects/Sacrilege/Content/UI/Icons/T_TopDownIcon.ubulk" 4283
"C:/Program Files/Epic Games/Unreal Projects/Sacrilege/Content/UI/Icons/T_TopDownIcon.uasset" 4284
"C:/Program Files/Epic Games/Unreal Projects/Sacrilege/Content/UI/Icons/T_TopDownIcon.uexp" 4285
"C:/Program Files/Epic Games/Unreal Projects/Sacrilege/Content/UI/WBP_ReqItem.uasset" 4286
"C:/Program Files/Epic Games/Unreal Projects/Sacrilege/Content/UI/WBP_ReqItem.uexp" 4287
"C:/Program Files/Epic Games/Unreal Projects/Sacrilege/Content/UI/WBP_DropRequisition.uasset" 4288
"C:/Program Files/Epic Games/Unreal Projects/Sacrilege/Content/UI/WBP_DropRequisition.uexp" 4289
"C:/Program Files/Epic Games/Unreal Projects/Sacrilege/Content/Core/Characters/BP_TopDownPawn.uasset" 4290
"C:/Program Files/Epic Games/Unreal Projects/Sacrilege/Content/Core/Characters/BP_TopDownPawn.uexp" 4291
"C:/Program Files/Epic Games/Unreal Projects/Sacrilege/Content/Core/BP_PlayerControllerBase.uasset" 4292
"C:/Program Files/Epic Games/Unreal Projects/Sacrilege/Content/Core/BP_PlayerControllerBase.uexp" 4293
"C:/Program Files/Epic Games/Unreal Projects/Sacrilege/Content/UI/Icons/DirectionalDamageIndicator.ubulk" 4294
"C:/Program Files/Epic Games/Unreal Projects/Sacrilege/Content/UI/Icons/DirectionalDamageIndicator.uasset" 4295
"C:/Program Files/Epic Games/Unreal Projects/Sacrilege/Content/UI/Icons/DirectionalDamageIndicator.uexp" 4296
"C:/Program Files/Epic Games/Unreal Projects/Sacrilege/Content/UI/WBP_SingleDamageIndicator.uasset" 4297
"C:/Program Files/Epic Games/Unreal Projects/Sacrilege/Content/UI/WBP_SingleDamageIndicator.uexp" 4298
"C:/Program Files/Epic Games/Unreal Projects/Sacrilege/Content/UI/WBP_DirectionalDamageIndicator.uasset" 4299
"C:/Program Files/Epic Games/Unreal Projects/Sacrilege/Content/UI/WBP_DirectionalDamageIndicator.uexp" 4300
"C:/Program Files/Epic Games/Unreal Projects/Sacrilege/Content/UI/Icons/T_GrenadeSelection.ubulk" 4301
"C:/Program Files/Epic Games/Unreal Projects/Sacrilege/Content/UI/Icons/T_GrenadeSelection.uasset" 4302
"C:/Program Files/Epic Games/Unreal Projects/Sacrilege/Content/UI/Icons/T_GrenadeSelection.uexp" 4303
"C:/Program Files/Epic Games/Unreal Projects/Sacrilege/Content/UI/WBP_Equipment.uasset" 4304
"C:/Program Files/Epic Games/Unreal Projects/Sacrilege/Content/UI/WBP_Equipment.uexp" 4305
"C:/Program Files/Epic Games/Unreal Projects/Sacrilege/Content/UI/WBP_GrenadeElementWidget.uasset" 4306
"C:/Program Files/Epic Games/Unreal Projects/Sacrilege/Content/UI/WBP_GrenadeElementWidget.uexp" 4307
"C:/Program Files/Epic Games/Unreal Projects/Sacrilege/Content/UI/WBP_KeybindHintWithIcon.uasset" 4308
"C:/Program Files/Epic Games/Unreal Projects/Sacrilege/Content/UI/WBP_KeybindHintWithIcon.uexp" 4309
"C:/Program Files/Epic Games/Unreal Projects/Sacrilege/Content/UI/WBP_GrenadeInventory.uasset" 4310
"C:/Program Files/Epic Games/Unreal Projects/Sacrilege/Content/UI/WBP_GrenadeInventory.uexp" 4311
"C:/Program Files/Epic Games/Unreal Projects/Sacrilege/Content/UI/Icons/T_Grenade.uasset" 4312
"C:/Program Files/Epic Games/Unreal Projects/Sacrilege/Content/UI/Icons/T_Grenade.uexp" 4313
"C:/Program Files/Epic Games/Unreal Projects/Sacrilege/Content/UI/WBP_WeaponInfo.uasset" 4314
"C:/Program Files/Epic Games/Unreal Projects/Sacrilege/Content/UI/WBP_WeaponInfo.uexp" 4315
"C:/Program Files/Epic Games/Unreal Projects/Sacrilege/Content/UI/WBP_PlayerHUD.uasset" 4316
"C:/Program Files/Epic Games/Unreal Projects/Sacrilege/Content/UI/WBP_PlayerHUD.uexp" 4317
"C:/Program Files/Epic Games/Unreal Projects/Sacrilege/Content/UI/WBP_Nameplate.uasset" 4318
"C:/Program Files/Epic Games/Unreal Projects/Sacrilege/Content/UI/WBP_Nameplate.uexp" 4319
"C:/Program Files/Epic Games/Unreal Projects/Sacrilege/Content/Characters/FPArms/SK_Hands18.uasset" 4320
"C:/Program Files/Epic Games/Unreal Projects/Sacrilege/Content/Characters/FPArms/SK_Hands18.uexp" 4321
"C:/Program Files/Epic Games/Unreal Projects/Sacrilege/Content/Characters/FPArms/Anims/Hands18_Add_None.uasset" 4322
"C:/Program Files/Epic Games/Unreal Projects/Sacrilege/Content/Characters/FPArms/Anims/Hands18_Add_None.uexp" 4323
"C:/Program Files/Epic Games/Unreal Projects/Sacrilege/Content/Characters/FPArms/Anims/Hands_anims_moveF.uasset" 4324
"C:/Program Files/Epic Games/Unreal Projects/Sacrilege/Content/Characters/FPArms/Anims/Hands_anims_moveF.uexp" 4325
"C:/Program Files/Epic Games/Unreal Projects/Sacrilege/Content/Characters/FPArms/Anims/BS_HandsMovement.uasset" 4326
"C:/Program Files/Epic Games/Unreal Projects/Sacrilege/Content/Characters/FPArms/Anims/BS_HandsMovement.uexp" 4327
"C:/Program Files/Epic Games/Unreal Projects/Sacrilege/Content/Characters/FPArms/Anims/Hands18_Lean_B.uasset" 4328
"C:/Program Files/Epic Games/Unreal Projects/Sacrilege/Content/Characters/FPArms/Anims/Hands18_Lean_B.uexp" 4329
"C:/Program Files/Epic Games/Unreal Projects/Sacrilege/Content/Characters/FPArms/Anims/Hands18_Lean_L.uasset" 4330
"C:/Program Files/Epic Games/Unreal Projects/Sacrilege/Content/Characters/FPArms/Anims/Hands18_Lean_L.uexp" 4331
"C:/Program Files/Epic Games/Unreal Projects/Sacrilege/Content/Characters/FPArms/Anims/Hands18_Lean_None.uasset" 4332
"C:/Program Files/Epic Games/Unreal Projects/Sacrilege/Content/Characters/FPArms/Anims/Hands18_Lean_None.uexp" 4333
"C:/Program Files/Epic Games/Unreal Projects/Sacrilege/Content/Characters/FPArms/Anims/Hands18_Lean_R.uasset" 4334
"C:/Program Files/Epic Games/Unreal Projects/Sacrilege/Content/Characters/FPArms/Anims/Hands18_Lean_R.uexp" 4335
"C:/Program Files/Epic Games/Unreal Projects/Sacrilege/Content/Characters/FPArms/Anims/BS_Hands_Lean.uasset" 4336
"C:/Program Files/Epic Games/Unreal Projects/Sacrilege/Content/Characters/FPArms/Anims/BS_Hands_Lean.uexp" 4337
"C:/Program Files/Epic Games/Unreal Projects/Sacrilege/Content/Characters/FPArms/Anims/Hands18_Anim_Armature_VM_Breathe.uasset" 4338
"C:/Program Files/Epic Games/Unreal Projects/Sacrilege/Content/Characters/FPArms/Anims/Hands18_Anim_Armature_VM_Breathe.uexp" 4339
"C:/Program Files/Epic Games/Unreal Projects/Sacrilege/Content/Characters/FPArms/Anims/Hands_anims_pistol_pose.uasset" 4340
"C:/Program Files/Epic Games/Unreal Projects/Sacrilege/Content/Characters/FPArms/Anims/Hands_anims_pistol_pose.uexp" 4341
"C:/Program Files/Epic Games/Unreal Projects/Sacrilege/Content/Characters/FPArms/Anims/Hands_anims_rifle_pose.uasset" 4342
"C:/Program Files/Epic Games/Unreal Projects/Sacrilege/Content/Characters/FPArms/Anims/Hands_anims_rifle_pose.uexp" 4343
"C:/Program Files/Epic Games/Unreal Projects/Sacrilege/Content/Characters/FPArms/Anims/Hands_anims_sword_pose.uasset" 4344
"C:/Program Files/Epic Games/Unreal Projects/Sacrilege/Content/Characters/FPArms/Anims/Hands_anims_sword_pose.uexp" 4345
"C:/Program Files/Epic Games/Unreal Projects/Sacrilege/Content/Characters/FPArms/Anims/Hands_Falling_Loop_Add.uasset" 4346
"C:/Program Files/Epic Games/Unreal Projects/Sacrilege/Content/Characters/FPArms/Anims/Hands_Falling_Loop_Add.uexp" 4347
"C:/Program Files/Epic Games/Unreal Projects/Sacrilege/Content/Characters/FPArms/Anims/Hands_anims_hammer_pose.uasset" 4348
"C:/Program Files/Epic Games/Unreal Projects/Sacrilege/Content/Characters/FPArms/Anims/Hands_anims_hammer_pose.uexp" 4349
"C:/Program Files/Epic Games/Unreal Projects/Sacrilege/Content/Characters/FPArms/Anims/Hands_anims_launcher_pose.uasset" 4350
"C:/Program Files/Epic Games/Unreal Projects/Sacrilege/Content/Characters/FPArms/Anims/Hands_anims_launcher_pose.uexp" 4351
"C:/Program Files/Epic Games/Unreal Projects/Sacrilege/Content/Characters/FPArms/Anims/Hands_Falling_end_Add.uasset" 4352
"C:/Program Files/Epic Games/Unreal Projects/Sacrilege/Content/Characters/FPArms/Anims/Hands_Falling_end_Add.uexp" 4353
"C:/Program Files/Epic Games/Unreal Projects/Sacrilege/Content/Characters/FPArms/Anims/ABP_Hands.uasset" 4354
"C:/Program Files/Epic Games/Unreal Projects/Sacrilege/Content/Characters/FPArms/Anims/ABP_Hands.uexp" 4355
"C:/Program Files/Epic Games/Unreal Projects/Sacrilege/Content/Characters/FPArms/Anims/Hands18_Anim_Armature_VM_ThrowGrenade.uasset" 4356
"C:/Program Files/Epic Games/Unreal Projects/Sacrilege/Content/Characters/FPArms/Anims/Hands18_Anim_Armature_VM_ThrowGrenade.uexp" 4357
"C:/Program Files/Epic Games/Unreal Projects/Sacrilege/Content/Characters/FPArms/Anims/AM_ThrowGrenade.uasset" 4358
"C:/Program Files/Epic Games/Unreal Projects/Sacrilege/Content/Characters/FPArms/Anims/AM_ThrowGrenade.uexp" 4359
"C:/Program Files/Epic Games/Unreal Projects/Sacrilege/Content/Sounds/Foley/Impacts/Body_impacts/S_Fight__Bodyfall__Asphalt__Concrete_01_SND120897_1.ubulk" 4360
"C:/Program Files/Epic Games/Unreal Projects/Sacrilege/Content/Sounds/Foley/Impacts/Body_impacts/S_Fight__Bodyfall__Asphalt__Concrete_01_SND120897_1.uasset" 4361
"C:/Program Files/Epic Games/Unreal Projects/Sacrilege/Content/Sounds/Foley/Impacts/Body_impacts/S_Fight__Bodyfall__Asphalt__Concrete_01_SND120897_1.uexp" 4362
"C:/Program Files/Epic Games/Unreal Projects/Sacrilege/Content/Sounds/Foley/Impacts/Body_impacts/S_Fight__Bodyfall__Asphalt__Concrete_01_SND120897_2.ubulk" 4363
"C:/Program Files/Epic Games/Unreal Projects/Sacrilege/Content/Sounds/Foley/Impacts/Body_impacts/S_Fight__Bodyfall__Asphalt__Concrete_01_SND120897_2.uasset" 4364
"C:/Program Files/Epic Games/Unreal Projects/Sacrilege/Content/Sounds/Foley/Impacts/Body_impacts/S_Fight__Bodyfall__Asphalt__Concrete_01_SND120897_2.uexp" 4365
"C:/Program Files/Epic Games/Unreal Projects/Sacrilege/Content/Sounds/Foley/Impacts/Body_impacts/S_Fight__Bodyfall__Asphalt__Concrete_01_SND120897_3.ubulk" 4366
"C:/Program Files/Epic Games/Unreal Projects/Sacrilege/Content/Sounds/Foley/Impacts/Body_impacts/S_Fight__Bodyfall__Asphalt__Concrete_01_SND120897_3.uasset" 4367
"C:/Program Files/Epic Games/Unreal Projects/Sacrilege/Content/Sounds/Foley/Impacts/Body_impacts/S_Fight__Bodyfall__Asphalt__Concrete_01_SND120897_3.uexp" 4368
"C:/Program Files/Epic Games/Unreal Projects/Sacrilege/Content/Sounds/Foley/Impacts/Body_impacts/S_Fight__Bodyfall__Asphalt__Concrete_01_SND120897_4.ubulk" 4369
"C:/Program Files/Epic Games/Unreal Projects/Sacrilege/Content/Sounds/Foley/Impacts/Body_impacts/S_Fight__Bodyfall__Asphalt__Concrete_01_SND120897_4.uasset" 4370
"C:/Program Files/Epic Games/Unreal Projects/Sacrilege/Content/Sounds/Foley/Impacts/Body_impacts/S_Fight__Bodyfall__Asphalt__Concrete_01_SND120897_4.uexp" 4371
"C:/Program Files/Epic Games/Unreal Projects/Sacrilege/Content/Sounds/Foley/Impacts/Body_impacts/S_Fight__Bodyfall__Asphalt__Concrete_01_SND120897_5.ubulk" 4372
"C:/Program Files/Epic Games/Unreal Projects/Sacrilege/Content/Sounds/Foley/Impacts/Body_impacts/S_Fight__Bodyfall__Asphalt__Concrete_01_SND120897_5.uasset" 4373
"C:/Program Files/Epic Games/Unreal Projects/Sacrilege/Content/Sounds/Foley/Impacts/Body_impacts/S_Fight__Bodyfall__Asphalt__Concrete_01_SND120897_5.uexp" 4374
"C:/Program Files/Epic Games/Unreal Projects/Sacrilege/Content/Sounds/Foley/Impacts/Body_impacts/SC_Body_hit_01.uasset" 4375
"C:/Program Files/Epic Games/Unreal Projects/Sacrilege/Content/Sounds/Foley/Impacts/Body_impacts/SC_Body_hit_01.uexp" 4376
"C:/Program Files/Epic Games/Unreal Projects/Sacrilege/Content/Sounds/Shields/S_Shield_Depleted_01.ubulk" 4377
"C:/Program Files/Epic Games/Unreal Projects/Sacrilege/Content/Sounds/Shields/S_Shield_Depleted_01.uasset" 4378
"C:/Program Files/Epic Games/Unreal Projects/Sacrilege/Content/Sounds/Shields/S_Shield_Depleted_01.uexp" 4379
"C:/Program Files/Epic Games/Unreal Projects/Sacrilege/Content/Core/Characters/BP_CharacterBase.uasset" 4380
"C:/Program Files/Epic Games/Unreal Projects/Sacrilege/Content/Core/Characters/BP_CharacterBase.uexp" 4381
"C:/Program Files/Epic Games/Unreal Projects/Sacrilege/Content/Characters/Marine/BP_Marine.uasset" 4382
"C:/Program Files/Epic Games/Unreal Projects/Sacrilege/Content/Characters/Marine/BP_Marine.uexp" 4383
"C:/Program Files/Epic Games/Unreal Projects/Sacrilege/Content/EditorTools/T_Thumbnail_BP_Barricade.uasset" 4384
"C:/Program Files/Epic Games/Unreal Projects/Sacrilege/Content/EditorTools/T_Thumbnail_BP_Barricade.uexp" 4385
"C:/Program Files/Epic Games/Unreal Projects/Sacrilege/Content/EditorTools/T_Thumbnail_BP_Box.uasset" 4386
"C:/Program Files/Epic Games/Unreal Projects/Sacrilege/Content/EditorTools/T_Thumbnail_BP_Box.uexp" 4387
"C:/Program Files/Epic Games/Unreal Projects/Sacrilege/Content/EditorTools/T_Thumbnail_BP_Carrier1.uasset" 4388
"C:/Program Files/Epic Games/Unreal Projects/Sacrilege/Content/EditorTools/T_Thumbnail_BP_Carrier1.uexp" 4389
"C:/Program Files/Epic Games/Unreal Projects/Sacrilege/Content/EditorTools/T_Thumbnail_BP_Elite1.uasset" 4390
"C:/Program Files/Epic Games/Unreal Projects/Sacrilege/Content/EditorTools/T_Thumbnail_BP_Elite1.uexp" 4391
"C:/Program Files/Epic Games/Unreal Projects/Sacrilege/Content/EditorTools/T_Thumbnail_BP_FuelBarrel.uasset" 4392
"C:/Program Files/Epic Games/Unreal Projects/Sacrilege/Content/EditorTools/T_Thumbnail_BP_FuelBarrel.uexp" 4393
"C:/Program Files/Epic Games/Unreal Projects/Sacrilege/Content/EditorTools/T_Thumbnail_BP_FuelTankLarge.uasset" 4394
"C:/Program Files/Epic Games/Unreal Projects/Sacrilege/Content/EditorTools/T_Thumbnail_BP_FuelTankLarge.uexp" 4395
"C:/Program Files/Epic Games/Unreal Projects/Sacrilege/Content/EditorTools/T_Thumbnail_BP_FusionCoil.uasset" 4396
"C:/Program Files/Epic Games/Unreal Projects/Sacrilege/Content/EditorTools/T_Thumbnail_BP_FusionCoil.uexp" 4397
"C:/Program Files/Epic Games/Unreal Projects/Sacrilege/Content/EditorTools/T_Thumbnail_BP_GaussTurret.uasset" 4398
"C:/Program Files/Epic Games/Unreal Projects/Sacrilege/Content/EditorTools/T_Thumbnail_BP_GaussTurret.uexp" 4399
"C:/Program Files/Epic Games/Unreal Projects/Sacrilege/Content/EditorTools/T_Thumbnail_BP_GaussWarthog2.uasset" 4400
"C:/Program Files/Epic Games/Unreal Projects/Sacrilege/Content/EditorTools/T_Thumbnail_BP_GaussWarthog2.uexp" 4401
"C:/Program Files/Epic Games/Unreal Projects/Sacrilege/Content/EditorTools/T_Thumbnail_BP_Grunt1.uasset" 4402
"C:/Program Files/Epic Games/Unreal Projects/Sacrilege/Content/EditorTools/T_Thumbnail_BP_Grunt1.uexp" 4403
"C:/Program Files/Epic Games/Unreal Projects/Sacrilege/Content/EditorTools/T_Thumbnail_BP_InfectionForm.uasset" 4404
"C:/Program Files/Epic Games/Unreal Projects/Sacrilege/Content/EditorTools/T_Thumbnail_BP_InfectionForm.uexp" 4405
"C:/Program Files/Epic Games/Unreal Projects/Sacrilege/Content/EditorTools/T_Thumbnail_BP_Marine1.uasset" 4406
"C:/Program Files/Epic Games/Unreal Projects/Sacrilege/Content/EditorTools/T_Thumbnail_BP_Marine1.uexp" 4407
"C:/Program Files/Epic Games/Unreal Projects/Sacrilege/Content/EditorTools/T_Thumbnail_BP_Mongoose1.uasset" 4408
"C:/Program Files/Epic Games/Unreal Projects/Sacrilege/Content/EditorTools/T_Thumbnail_BP_Mongoose1.uexp" 4409
"C:/Program Files/Epic Games/Unreal Projects/Sacrilege/Content/EditorTools/T_Thumbnail_BP_Pallette.uasset" 4410
"C:/Program Files/Epic Games/Unreal Projects/Sacrilege/Content/EditorTools/T_Thumbnail_BP_Pallette.uexp" 4411
"C:/Program Files/Epic Games/Unreal Projects/Sacrilege/Content/EditorTools/T_Thumbnail_BP_PropaneTank.uasset" 4412
"C:/Program Files/Epic Games/Unreal Projects/Sacrilege/Content/EditorTools/T_Thumbnail_BP_PropaneTank.uexp" 4413
"C:/Program Files/Epic Games/Unreal Projects/Sacrilege/Content/EditorTools/T_Thumbnail_BP_Scorpion.uasset" 4414
"C:/Program Files/Epic Games/Unreal Projects/Sacrilege/Content/EditorTools/T_Thumbnail_BP_Scorpion.uexp" 4415
"C:/Program Files/Epic Games/Unreal Projects/Sacrilege/Content/EditorTools/T_Thumbnail_BP_TransportWarthog2.ubulk" 4416
"C:/Program Files/Epic Games/Unreal Projects/Sacrilege/Content/EditorTools/T_Thumbnail_BP_TransportWarthog2.uasset" 4417
"C:/Program Files/Epic Games/Unreal Projects/Sacrilege/Content/EditorTools/T_Thumbnail_BP_TransportWarthog2.uexp" 4418
"C:/Program Files/Epic Games/Unreal Projects/Sacrilege/Content/UI/Icons/T_FirefightSetWaveCounter_Cap.uasset" 4419
"C:/Program Files/Epic Games/Unreal Projects/Sacrilege/Content/UI/Icons/T_FirefightSetWaveCounter_Cap.uexp" 4420
"C:/Program Files/Epic Games/Unreal Projects/Sacrilege/Content/UI/Icons/T_FirefightSetWaveCounter_Pip.uasset" 4421
"C:/Program Files/Epic Games/Unreal Projects/Sacrilege/Content/UI/Icons/T_FirefightSetWaveCounter_Pip.uexp" 4422
"C:/Program Files/Epic Games/Unreal Projects/Sacrilege/Content/UI/Icons/T_playerLives.ubulk" 4423
"C:/Program Files/Epic Games/Unreal Projects/Sacrilege/Content/UI/Icons/T_playerLives.uasset" 4424
"C:/Program Files/Epic Games/Unreal Projects/Sacrilege/Content/UI/Icons/T_playerLives.uexp" 4425
"C:/Program Files/Epic Games/Unreal Projects/Sacrilege/Content/UI/Icons/T_ScoreFlag.ubulk" 4426
"C:/Program Files/Epic Games/Unreal Projects/Sacrilege/Content/UI/Icons/T_ScoreFlag.uasset" 4427
"C:/Program Files/Epic Games/Unreal Projects/Sacrilege/Content/UI/Icons/T_ScoreFlag.uexp" 4428
"C:/Program Files/Epic Games/Unreal Projects/Sacrilege/Content/UI/WBP_FirefightInfo.uasset" 4429
"C:/Program Files/Epic Games/Unreal Projects/Sacrilege/Content/UI/WBP_FirefightInfo.uexp" 4430
"C:/Program Files/Epic Games/Unreal Projects/Sacrilege/Content/UI/WBP_HaloTextBox.uasset" 4431
"C:/Program Files/Epic Games/Unreal Projects/Sacrilege/Content/UI/WBP_HaloTextBox.uexp" 4432
"C:/Program Files/Epic Games/Unreal Projects/Sacrilege/Content/UI/WBP_GameOverScreen.uasset" 4433
"C:/Program Files/Epic Games/Unreal Projects/Sacrilege/Content/UI/WBP_GameOverScreen.uexp" 4434
"C:/Program Files/Epic Games/Unreal Projects/Sacrilege/Content/UI/Icons/Crosshairs/T_GaussCrosshair.ubulk" 4435
"C:/Program Files/Epic Games/Unreal Projects/Sacrilege/Content/UI/Icons/Crosshairs/T_GaussCrosshair.uasset" 4436
"C:/Program Files/Epic Games/Unreal Projects/Sacrilege/Content/UI/Icons/Crosshairs/T_GaussCrosshair.uexp" 4437
"C:/Program Files/Epic Games/Unreal Projects/Sacrilege/Content/UI/WBP_GaussHUD.uasset" 4438
"C:/Program Files/Epic Games/Unreal Projects/Sacrilege/Content/UI/WBP_GaussHUD.uexp" 4439
"C:/Program Files/Epic Games/Unreal Projects/Sacrilege/Content/Objects/Projectiles/NS_GaussTrail.uasset" 4440
"C:/Program Files/Epic Games/Unreal Projects/Sacrilege/Content/Objects/Projectiles/NS_GaussTrail.uexp" 4441
"C:/Program Files/Epic Games/Unreal Projects/Sacrilege/Content/Objects/Projectiles/BP_GaussProjectile.uasset" 4442
"C:/Program Files/Epic Games/Unreal Projects/Sacrilege/Content/Objects/Projectiles/BP_GaussProjectile.uexp" 4443
"C:/Program Files/Epic Games/Unreal Projects/Sacrilege/Content/Objects/Vehicles/Turrets/Turret_Gauss/GaussTurret_PhysicsAsset.uasset" 4444
"C:/Program Files/Epic Games/Unreal Projects/Sacrilege/Content/Objects/Vehicles/Turrets/Turret_Gauss/GaussTurret_PhysicsAsset.uexp" 4445
"C:/Program Files/Epic Games/Unreal Projects/Sacrilege/Content/Objects/Vehicles/Turrets/Turret_Gauss/GaussTurret_Skeleton.uasset" 4446
"C:/Program Files/Epic Games/Unreal Projects/Sacrilege/Content/Objects/Vehicles/Turrets/Turret_Gauss/GaussTurret_Skeleton.uexp" 4447
"C:/Program Files/Epic Games/Unreal Projects/Sacrilege/Content/Objects/Vehicles/Turrets/Turret_Gauss/GaussTurret.uasset" 4448
"C:/Program Files/Epic Games/Unreal Projects/Sacrilege/Content/Objects/Vehicles/Turrets/Turret_Gauss/GaussTurret.uexp" 4449
"C:/Program Files/Epic Games/Unreal Projects/Sacrilege/Content/Objects/Vehicles/Turrets/Turret_Gauss/S_shipboard_railgun.ubulk" 4450
"C:/Program Files/Epic Games/Unreal Projects/Sacrilege/Content/Objects/Vehicles/Turrets/Turret_Gauss/S_shipboard_railgun.uasset" 4451
"C:/Program Files/Epic Games/Unreal Projects/Sacrilege/Content/Objects/Vehicles/Turrets/Turret_Gauss/S_shipboard_railgun.uexp" 4452
"C:/Program Files/Epic Games/Unreal Projects/Sacrilege/Content/Objects/Vehicles/Turrets/Turret_Gauss/MS_GaussTurret_Fire.uasset" 4453
"C:/Program Files/Epic Games/Unreal Projects/Sacrilege/Content/Objects/Vehicles/Turrets/Turret_Gauss/MS_GaussTurret_Fire.uexp" 4454
"C:/Program Files/Epic Games/Unreal Projects/Sacrilege/Content/Objects/Vehicles/Turrets/Turret_Gauss/BP_GaussTurret.uasset" 4455
"C:/Program Files/Epic Games/Unreal Projects/Sacrilege/Content/Objects/Vehicles/Turrets/Turret_Gauss/BP_GaussTurret.uexp" 4456
"C:/Program Files/Epic Games/Unreal Projects/Sacrilege/Content/Objects/Vehicles/Warthog/BP_Warthog_Gauss.uasset" 4457
"C:/Program Files/Epic Games/Unreal Projects/Sacrilege/Content/Objects/Vehicles/Warthog/BP_Warthog_Gauss.uexp" 4458
"C:/Program Files/Epic Games/Unreal Projects/Sacrilege/Content/Objects/Vehicles/Mongoose/Mongoose_Skeleton.uasset" 4459
"C:/Program Files/Epic Games/Unreal Projects/Sacrilege/Content/Objects/Vehicles/Mongoose/Mongoose_Skeleton.uexp" 4460
"C:/Program Files/Epic Games/Unreal Projects/Sacrilege/Content/Objects/Vehicles/Mongoose/ABP_Mongoose.uasset" 4461
"C:/Program Files/Epic Games/Unreal Projects/Sacrilege/Content/Objects/Vehicles/Mongoose/ABP_Mongoose.uexp" 4462
"C:/Program Files/Epic Games/Unreal Projects/Sacrilege/Content/Objects/Vehicles/Mongoose/BP_MongooseBackWheel.uasset" 4463
"C:/Program Files/Epic Games/Unreal Projects/Sacrilege/Content/Objects/Vehicles/Mongoose/BP_MongooseBackWheel.uexp" 4464
"C:/Program Files/Epic Games/Unreal Projects/Sacrilege/Content/Objects/Vehicles/Mongoose/BP_MongooseFrontWheel.uasset" 4465
"C:/Program Files/Epic Games/Unreal Projects/Sacrilege/Content/Objects/Vehicles/Mongoose/BP_MongooseFrontWheel.uexp" 4466
"C:/Program Files/Epic Games/Unreal Projects/Sacrilege/Content/StarterContent/Materials/M_Glass.uasset" 4467
"C:/Program Files/Epic Games/Unreal Projects/Sacrilege/Content/StarterContent/Materials/M_Glass.uexp" 4468
"C:/Program Files/Epic Games/Unreal Projects/Sacrilege/Content/Objects/Vehicles/Mongoose/Mongoose_PhysicsAsset.uasset" 4469
"C:/Program Files/Epic Games/Unreal Projects/Sacrilege/Content/Objects/Vehicles/Mongoose/Mongoose_PhysicsAsset.uexp" 4470
"C:/Program Files/Epic Games/Unreal Projects/Sacrilege/Content/Objects/Vehicles/Mongoose/Mongoose.uasset" 4471
"C:/Program Files/Epic Games/Unreal Projects/Sacrilege/Content/Objects/Vehicles/Mongoose/Mongoose.uexp" 4472
"C:/Program Files/Epic Games/Unreal Projects/Sacrilege/Content/Objects/Vehicles/Mongoose/S_MongooseHorn.ubulk" 4473
"C:/Program Files/Epic Games/Unreal Projects/Sacrilege/Content/Objects/Vehicles/Mongoose/S_MongooseHorn.uasset" 4474
"C:/Program Files/Epic Games/Unreal Projects/Sacrilege/Content/Objects/Vehicles/Mongoose/S_MongooseHorn.uexp" 4475
"C:/Program Files/Epic Games/Unreal Projects/Sacrilege/Content/Objects/Vehicles/Mongoose/S_MongooseLoop.ubulk" 4476
"C:/Program Files/Epic Games/Unreal Projects/Sacrilege/Content/Objects/Vehicles/Mongoose/S_MongooseLoop.uasset" 4477
"C:/Program Files/Epic Games/Unreal Projects/Sacrilege/Content/Objects/Vehicles/Mongoose/S_MongooseLoop.uexp" 4478
"C:/Program Files/Epic Games/Unreal Projects/Sacrilege/Content/Objects/Vehicles/Mongoose/MS_Mongoose.uasset" 4479
"C:/Program Files/Epic Games/Unreal Projects/Sacrilege/Content/Objects/Vehicles/Mongoose/MS_Mongoose.uexp" 4480
"C:/Program Files/Epic Games/Unreal Projects/Sacrilege/Content/Objects/Vehicles/Mongoose/BP_Mongoose.uasset" 4481
"C:/Program Files/Epic Games/Unreal Projects/Sacrilege/Content/Objects/Vehicles/Mongoose/BP_Mongoose.uexp" 4482
"C:/Program Files/Epic Games/Unreal Projects/Sacrilege/Content/EditorTools/T_Thumbnail_BP_Flamethrower.ubulk" 4483
"C:/Program Files/Epic Games/Unreal Projects/Sacrilege/Content/EditorTools/T_Thumbnail_BP_Flamethrower.uasset" 4484
"C:/Program Files/Epic Games/Unreal Projects/Sacrilege/Content/EditorTools/T_Thumbnail_BP_Flamethrower.uexp" 4485
"C:/Program Files/Epic Games/Unreal Projects/Sacrilege/Content/Objects/Weapons/Flamethrower/Flamethrower_PhysicsAsset.uasset" 4486
"C:/Program Files/Epic Games/Unreal Projects/Sacrilege/Content/Objects/Weapons/Flamethrower/Flamethrower_PhysicsAsset.uexp" 4487
"C:/Program Files/Epic Games/Unreal Projects/Sacrilege/Content/Objects/Weapons/Flamethrower/Flamethrower_Skeleton.uasset" 4488
"C:/Program Files/Epic Games/Unreal Projects/Sacrilege/Content/Objects/Weapons/Flamethrower/Flamethrower_Skeleton.uexp" 4489
"C:/Program Files/Epic Games/Unreal Projects/Sacrilege/Content/Objects/Weapons/Flamethrower/Flamethrower.uasset" 4490
"C:/Program Files/Epic Games/Unreal Projects/Sacrilege/Content/Objects/Weapons/Flamethrower/Flamethrower.uexp" 4491
"C:/Program Files/Epic Games/Unreal Projects/Sacrilege/Content/UI/Icons/Crosshairs/T_FlamethrowerCrosshair.ubulk" 4492
"C:/Program Files/Epic Games/Unreal Projects/Sacrilege/Content/UI/Icons/Crosshairs/T_FlamethrowerCrosshair.uasset" 4493
"C:/Program Files/Epic Games/Unreal Projects/Sacrilege/Content/UI/Icons/Crosshairs/T_FlamethrowerCrosshair.uexp" 4494
"C:/Program Files/Epic Games/Unreal Projects/Sacrilege/Content/Objects/Weapons/Flamethrower/S_Flamethrower_End.ubulk" 4495
"C:/Program Files/Epic Games/Unreal Projects/Sacrilege/Content/Objects/Weapons/Flamethrower/S_Flamethrower_End.uasset" 4496
"C:/Program Files/Epic Games/Unreal Projects/Sacrilege/Content/Objects/Weapons/Flamethrower/S_Flamethrower_End.uexp" 4497
"C:/Program Files/Epic Games/Unreal Projects/Sacrilege/Content/Objects/Weapons/Flamethrower/S_Flamethrower_Loop.ubulk" 4498
"C:/Program Files/Epic Games/Unreal Projects/Sacrilege/Content/Objects/Weapons/Flamethrower/S_Flamethrower_Loop.uasset" 4499
"C:/Program Files/Epic Games/Unreal Projects/Sacrilege/Content/Objects/Weapons/Flamethrower/S_Flamethrower_Loop.uexp" 4500
"C:/Program Files/Epic Games/Unreal Projects/Sacrilege/Content/Objects/Weapons/Flamethrower/S_Flamethrower_Start.ubulk" 4501
"C:/Program Files/Epic Games/Unreal Projects/Sacrilege/Content/Objects/Weapons/Flamethrower/S_Flamethrower_Start.uasset" 4502
"C:/Program Files/Epic Games/Unreal Projects/Sacrilege/Content/Objects/Weapons/Flamethrower/S_Flamethrower_Start.uexp" 4503
"C:/Program Files/Epic Games/Unreal Projects/Sacrilege/Content/Objects/Weapons/Flamethrower/MS_FlamethrowerFire.uasset" 4504
"C:/Program Files/Epic Games/Unreal Projects/Sacrilege/Content/Objects/Weapons/Flamethrower/MS_FlamethrowerFire.uexp" 4505
"C:/Program Files/Epic Games/Unreal Projects/Sacrilege/Content/Objects/Weapons/Flamethrower/NS_Flamethrower.uasset" 4506
"C:/Program Files/Epic Games/Unreal Projects/Sacrilege/Content/Objects/Weapons/Flamethrower/NS_Flamethrower.uexp" 4507
"C:/Program Files/Epic Games/Unreal Projects/Sacrilege/Content/Objects/Weapons/Flamethrower/BP_Flamethrower.uasset" 4508
"C:/Program Files/Epic Games/Unreal Projects/Sacrilege/Content/Objects/Weapons/Flamethrower/BP_Flamethrower.uexp" 4509
"C:/Program Files/Epic Games/Unreal Projects/Sacrilege/Content/EditorTools/T_Thumbnail_BP_GravityGun1.uasset" 4510
"C:/Program Files/Epic Games/Unreal Projects/Sacrilege/Content/EditorTools/T_Thumbnail_BP_GravityGun1.uexp" 4511
"C:/Program Files/Epic Games/Unreal Projects/Sacrilege/Content/Objects/Weapons/GravityGun/S_GravGun_Grab.ubulk" 4512
"C:/Program Files/Epic Games/Unreal Projects/Sacrilege/Content/Objects/Weapons/GravityGun/S_GravGun_Grab.uasset" 4513
"C:/Program Files/Epic Games/Unreal Projects/Sacrilege/Content/Objects/Weapons/GravityGun/S_GravGun_Grab.uexp" 4514
"C:/Program Files/Epic Games/Unreal Projects/Sacrilege/Content/Objects/Weapons/GravityGun/S_GravGun_Loop.ubulk" 4515
"C:/Program Files/Epic Games/Unreal Projects/Sacrilege/Content/Objects/Weapons/GravityGun/S_GravGun_Loop.uasset" 4516
"C:/Program Files/Epic Games/Unreal Projects/Sacrilege/Content/Objects/Weapons/GravityGun/S_GravGun_Loop.uexp" 4517
"C:/Program Files/Epic Games/Unreal Projects/Sacrilege/Content/Objects/Weapons/GravityGun/S_GravGun_Release.ubulk" 4518
"C:/Program Files/Epic Games/Unreal Projects/Sacrilege/Content/Objects/Weapons/GravityGun/S_GravGun_Release.uasset" 4519
"C:/Program Files/Epic Games/Unreal Projects/Sacrilege/Content/Objects/Weapons/GravityGun/S_GravGun_Release.uexp" 4520
"C:/Program Files/Epic Games/Unreal Projects/Sacrilege/Content/Objects/Weapons/GravityGun/S_GravGun_Throw.ubulk" 4521
"C:/Program Files/Epic Games/Unreal Projects/Sacrilege/Content/Objects/Weapons/GravityGun/S_GravGun_Throw.uasset" 4522
"C:/Program Files/Epic Games/Unreal Projects/Sacrilege/Content/Objects/Weapons/GravityGun/S_GravGun_Throw.uexp" 4523
"C:/Program Files/Epic Games/Unreal Projects/Sacrilege/Content/Objects/Weapons/GravityGun/NS_GravityGunEffect.uasset" 4524
"C:/Program Files/Epic Games/Unreal Projects/Sacrilege/Content/Objects/Weapons/GravityGun/NS_GravityGunEffect.uexp" 4525
"C:/Program Files/Epic Games/Unreal Projects/Sacrilege/Content/Objects/Weapons/GravityGun/NS_GravityGunMuzzle.uasset" 4526
"C:/Program Files/Epic Games/Unreal Projects/Sacrilege/Content/Objects/Weapons/GravityGun/NS_GravityGunMuzzle.uexp" 4527
"C:/Program Files/Epic Games/Unreal Projects/Sacrilege/Content/Objects/Weapons/GravityGun/BP_GravityGun0.uasset" 4528
"C:/Program Files/Epic Games/Unreal Projects/Sacrilege/Content/Objects/Weapons/GravityGun/BP_GravityGun0.uexp" 4529
"C:/Program Files/Epic Games/Unreal Projects/Sacrilege/Content/Objects/Props/UNSCBox/SM_UNSCBox.ubulk" 4530
"C:/Program Files/Epic Games/Unreal Projects/Sacrilege/Content/Objects/Props/UNSCBox/SM_UNSCBox.uasset" 4531
"C:/Program Files/Epic Games/Unreal Projects/Sacrilege/Content/Objects/Props/UNSCBox/SM_UNSCBox.uexp" 4532
"C:/Program Files/Epic Games/Unreal Projects/Sacrilege/Content/Objects/Props/UNSCBox/BP_Box.uasset" 4533
"C:/Program Files/Epic Games/Unreal Projects/Sacrilege/Content/Objects/Props/UNSCBox/BP_Box.uexp" 4534
"C:/Program Files/Epic Games/Unreal Projects/Sacrilege/Content/Objects/Props/Explosives/PropaneTankSmall/SM_PropaneTankSmall.ubulk" 4535
"C:/Program Files/Epic Games/Unreal Projects/Sacrilege/Content/Objects/Props/Explosives/PropaneTankSmall/SM_PropaneTankSmall.uasset" 4536
"C:/Program Files/Epic Games/Unreal Projects/Sacrilege/Content/Objects/Props/Explosives/PropaneTankSmall/SM_PropaneTankSmall.uexp" 4537
"C:/Program Files/Epic Games/Unreal Projects/Sacrilege/Content/Objects/Props/Explosives/PropaneTankSmall/BP_PropaneTank.uasset" 4538
"C:/Program Files/Epic Games/Unreal Projects/Sacrilege/Content/Objects/Props/Explosives/PropaneTankSmall/BP_PropaneTank.uexp" 4539
"C:/Program Files/Epic Games/Unreal Projects/Sacrilege/Content/Landscape/PhysicalMaterials/PM_Wood.uasset" 4540
"C:/Program Files/Epic Games/Unreal Projects/Sacrilege/Content/Landscape/PhysicalMaterials/PM_Wood.uexp" 4541
"C:/Program Files/Epic Games/Unreal Projects/Sacrilege/Content/Objects/Props/grass/MI_Wood.uasset" 4542
"C:/Program Files/Epic Games/Unreal Projects/Sacrilege/Content/Objects/Props/grass/MI_Wood.uexp" 4543
"C:/Program Files/Epic Games/Unreal Projects/Sacrilege/Content/Objects/Props/WoodenPallette/SM_WoodenPallette.ubulk" 4544
"C:/Program Files/Epic Games/Unreal Projects/Sacrilege/Content/Objects/Props/WoodenPallette/SM_WoodenPallette.uasset" 4545
"C:/Program Files/Epic Games/Unreal Projects/Sacrilege/Content/Objects/Props/WoodenPallette/SM_WoodenPallette.uexp" 4546
"C:/Program Files/Epic Games/Unreal Projects/Sacrilege/Content/Objects/Props/WoodenPallette/WoodenPallette_WoodenPallette/GC_BP_Pallette9.ubulk" 4547
"C:/Program Files/Epic Games/Unreal Projects/Sacrilege/Content/Objects/Props/WoodenPallette/WoodenPallette_WoodenPallette/GC_BP_Pallette9.uasset" 4548
"C:/Program Files/Epic Games/Unreal Projects/Sacrilege/Content/Objects/Props/WoodenPallette/WoodenPallette_WoodenPallette/GC_BP_Pallette9.uexp" 4549
"C:/Program Files/Epic Games/Unreal Projects/Sacrilege/Content/Objects/Props/WoodenPallette/BP_Pallette.uasset" 4550
"C:/Program Files/Epic Games/Unreal Projects/Sacrilege/Content/Objects/Props/WoodenPallette/BP_Pallette.uexp" 4551
"C:/Program Files/Epic Games/Unreal Projects/Sacrilege/Content/Objects/Props/Explosives/FuelBarrel/SM_OilBarrel.ubulk" 4552
"C:/Program Files/Epic Games/Unreal Projects/Sacrilege/Content/Objects/Props/Explosives/FuelBarrel/SM_OilBarrel.uasset" 4553
"C:/Program Files/Epic Games/Unreal Projects/Sacrilege/Content/Objects/Props/Explosives/FuelBarrel/SM_OilBarrel.uexp" 4554
"C:/Program Files/Epic Games/Unreal Projects/Sacrilege/Content/Objects/Props/Explosives/FuelBarrel/BP_FuelBarrel.uasset" 4555
"C:/Program Files/Epic Games/Unreal Projects/Sacrilege/Content/Objects/Props/Explosives/FuelBarrel/BP_FuelBarrel.uexp" 4556
"C:/Program Files/Epic Games/Unreal Projects/Sacrilege/Content/Objects/Props/Explosives/FuelTankLarge/SM_FuelTankLarge.ubulk" 4557
"C:/Program Files/Epic Games/Unreal Projects/Sacrilege/Content/Objects/Props/Explosives/FuelTankLarge/SM_FuelTankLarge.uasset" 4558
"C:/Program Files/Epic Games/Unreal Projects/Sacrilege/Content/Objects/Props/Explosives/FuelTankLarge/SM_FuelTankLarge.uexp" 4559
"C:/Program Files/Epic Games/Unreal Projects/Sacrilege/Content/Objects/Props/Explosives/FuelTankLarge/BP_FuelTankLarge.uasset" 4560
"C:/Program Files/Epic Games/Unreal Projects/Sacrilege/Content/Objects/Props/Explosives/FuelTankLarge/BP_FuelTankLarge.uexp" 4561
"C:/Program Files/Epic Games/Unreal Projects/Sacrilege/Content/UI/Icons/Crosshairs/T_ScorpionCrosshair.ubulk" 4562
"C:/Program Files/Epic Games/Unreal Projects/Sacrilege/Content/UI/Icons/Crosshairs/T_ScorpionCrosshair.uasset" 4563
"C:/Program Files/Epic Games/Unreal Projects/Sacrilege/Content/UI/Icons/Crosshairs/T_ScorpionCrosshair.uexp" 4564
"C:/Program Files/Epic Games/Unreal Projects/Sacrilege/Content/UI/WBP_Scorpion.uasset" 4565
"C:/Program Files/Epic Games/Unreal Projects/Sacrilege/Content/UI/WBP_Scorpion.uexp" 4566
"C:/Program Files/Epic Games/Unreal Projects/Sacrilege/Content/AI/BT_Scorpion.uasset" 4567
"C:/Program Files/Epic Games/Unreal Projects/Sacrilege/Content/AI/BT_Scorpion.uexp" 4568
"C:/Program Files/Epic Games/Unreal Projects/Sacrilege/Content/AI/AIC_Scorpion.uasset" 4569
"C:/Program Files/Epic Games/Unreal Projects/Sacrilege/Content/AI/AIC_Scorpion.uexp" 4570
"C:/Program Files/Epic Games/Unreal Projects/Sacrilege/Content/Objects/Projectiles/NS_ScorpionProjectile.uasset" 4571
"C:/Program Files/Epic Games/Unreal Projects/Sacrilege/Content/Objects/Projectiles/NS_ScorpionProjectile.uexp" 4572
"C:/Program Files/Epic Games/Unreal Projects/Sacrilege/Content/Objects/Projectiles/BP_ScorpionProjectile.uasset" 4573
"C:/Program Files/Epic Games/Unreal Projects/Sacrilege/Content/Objects/Projectiles/BP_ScorpionProjectile.uexp" 4574
"C:/Program Files/Epic Games/Unreal Projects/Sacrilege/Content/ParticleEffects/NS_DustBurst.uasset" 4575
"C:/Program Files/Epic Games/Unreal Projects/Sacrilege/Content/ParticleEffects/NS_DustBurst.uexp" 4576
"C:/Program Files/Epic Games/Unreal Projects/Sacrilege/Content/Objects/Vehicles/Scorpion/BP_ScorpionBackWheel.uasset" 4577
"C:/Program Files/Epic Games/Unreal Projects/Sacrilege/Content/Objects/Vehicles/Scorpion/BP_ScorpionBackWheel.uexp" 4578
"C:/Program Files/Epic Games/Unreal Projects/Sacrilege/Content/Objects/Vehicles/Scorpion/BP_ScorpionFrontWheel.uasset" 4579
"C:/Program Files/Epic Games/Unreal Projects/Sacrilege/Content/Objects/Vehicles/Scorpion/BP_ScorpionFrontWheel.uexp" 4580
"C:/Program Files/Epic Games/Unreal Projects/Sacrilege/Content/Objects/Vehicles/Scorpion/NS_ScorpionFire.uasset" 4581
"C:/Program Files/Epic Games/Unreal Projects/Sacrilege/Content/Objects/Vehicles/Scorpion/NS_ScorpionFire.uexp" 4582
"C:/Program Files/Epic Games/Unreal Projects/Sacrilege/Content/Objects/Vehicles/Scorpion/Scorpion_PhysicsAsset.uasset" 4583
"C:/Program Files/Epic Games/Unreal Projects/Sacrilege/Content/Objects/Vehicles/Scorpion/Scorpion_PhysicsAsset.uexp" 4584
"C:/Program Files/Epic Games/Unreal Projects/Sacrilege/Content/Objects/Vehicles/Scorpion/Scorpion_Skeleton.uasset" 4585
"C:/Program Files/Epic Games/Unreal Projects/Sacrilege/Content/Objects/Vehicles/Scorpion/Scorpion_Skeleton.uexp" 4586
"C:/Program Files/Epic Games/Unreal Projects/Sacrilege/Content/Objects/Vehicles/Scorpion/Scorpion.uasset" 4587
"C:/Program Files/Epic Games/Unreal Projects/Sacrilege/Content/Objects/Vehicles/Scorpion/Scorpion.uexp" 4588
"C:/Program Files/Epic Games/Unreal Projects/Sacrilege/Content/Objects/Vehicles/Scorpion/animations/A_Scorpion_BasePose.uasset" 4589
"C:/Program Files/Epic Games/Unreal Projects/Sacrilege/Content/Objects/Vehicles/Scorpion/animations/A_Scorpion_BasePose.uexp" 4590
"C:/Program Files/Epic Games/Unreal Projects/Sacrilege/Content/Objects/Vehicles/Scorpion/animations/A_Scorpion_LB.uasset" 4591
"C:/Program Files/Epic Games/Unreal Projects/Sacrilege/Content/Objects/Vehicles/Scorpion/animations/A_Scorpion_LB.uexp" 4592
"C:/Program Files/Epic Games/Unreal Projects/Sacrilege/Content/Objects/Vehicles/Scorpion/animations/A_Scorpion_LF.uasset" 4593
"C:/Program Files/Epic Games/Unreal Projects/Sacrilege/Content/Objects/Vehicles/Scorpion/animations/A_Scorpion_LF.uexp" 4594
"C:/Program Files/Epic Games/Unreal Projects/Sacrilege/Content/Objects/Vehicles/Scorpion/animations/A_Scorpion_LL.uasset" 4595
"C:/Program Files/Epic Games/Unreal Projects/Sacrilege/Content/Objects/Vehicles/Scorpion/animations/A_Scorpion_LL.uexp" 4596
"C:/Program Files/Epic Games/Unreal Projects/Sacrilege/Content/Objects/Vehicles/Scorpion/animations/A_Scorpion_LR.uasset" 4597
"C:/Program Files/Epic Games/Unreal Projects/Sacrilege/Content/Objects/Vehicles/Scorpion/animations/A_Scorpion_LR.uexp" 4598
"C:/Program Files/Epic Games/Unreal Projects/Sacrilege/Content/Objects/Vehicles/Scorpion/animations/AO_Scorpion.uasset" 4599
"C:/Program Files/Epic Games/Unreal Projects/Sacrilege/Content/Objects/Vehicles/Scorpion/animations/AO_Scorpion.uexp" 4600
"C:/Program Files/Epic Games/Unreal Projects/Sacrilege/Content/Objects/Vehicles/Scorpion/animations/A_Scorpion_LD.uasset" 4601
"C:/Program Files/Epic Games/Unreal Projects/Sacrilege/Content/Objects/Vehicles/Scorpion/animations/A_Scorpion_LD.uexp" 4602
"C:/Program Files/Epic Games/Unreal Projects/Sacrilege/Content/Objects/Vehicles/Scorpion/animations/A_Scorpion_LU.uasset" 4603
"C:/Program Files/Epic Games/Unreal Projects/Sacrilege/Content/Objects/Vehicles/Scorpion/animations/A_Scorpion_LU.uexp" 4604
"C:/Program Files/Epic Games/Unreal Projects/Sacrilege/Content/Objects/Vehicles/Scorpion/animations/AO_Scorpion_Pitch.uasset" 4605
"C:/Program Files/Epic Games/Unreal Projects/Sacrilege/Content/Objects/Vehicles/Scorpion/animations/AO_Scorpion_Pitch.uexp" 4606
"C:/Program Files/Epic Games/Unreal Projects/Sacrilege/Content/Objects/Vehicles/Scorpion/animations/ABP_Scorpion.uasset" 4607
"C:/Program Files/Epic Games/Unreal Projects/Sacrilege/Content/Objects/Vehicles/Scorpion/animations/ABP_Scorpion.uexp" 4608
"C:/Program Files/Epic Games/Unreal Projects/Sacrilege/Content/Objects/Vehicles/Scorpion/S_TankIdle00.ubulk" 4609
"C:/Program Files/Epic Games/Unreal Projects/Sacrilege/Content/Objects/Vehicles/Scorpion/S_TankIdle00.uasset" 4610
"C:/Program Files/Epic Games/Unreal Projects/Sacrilege/Content/Objects/Vehicles/Scorpion/S_TankIdle00.uexp" 4611
"C:/Program Files/Epic Games/Unreal Projects/Sacrilege/Content/Objects/Vehicles/Scorpion/MS_ScorpionEngine.uasset" 4612
"C:/Program Files/Epic Games/Unreal Projects/Sacrilege/Content/Objects/Vehicles/Scorpion/MS_ScorpionEngine.uexp" 4613
"C:/Program Files/Epic Games/Unreal Projects/Sacrilege/Content/Objects/Vehicles/Scorpion/S_Vehicles__Military__Tank__T-72__Cannon_Shot__Mechanical__Close_01_SND13637.ubulk" 4614
"C:/Program Files/Epic Games/Unreal Projects/Sacrilege/Content/Objects/Vehicles/Scorpion/S_Vehicles__Military__Tank__T-72__Cannon_Shot__Mechanical__Close_01_SND13637.uasset" 4615
"C:/Program Files/Epic Games/Unreal Projects/Sacrilege/Content/Objects/Vehicles/Scorpion/S_Vehicles__Military__Tank__T-72__Cannon_Shot__Mechanical__Close_01_SND13637.uexp" 4616
"C:/Program Files/Epic Games/Unreal Projects/Sacrilege/Content/Objects/Vehicles/Scorpion/MS_Scorpion_Fire.uasset" 4617
"C:/Program Files/Epic Games/Unreal Projects/Sacrilege/Content/Objects/Vehicles/Scorpion/MS_Scorpion_Fire.uexp" 4618
"C:/Program Files/Epic Games/Unreal Projects/Sacrilege/Content/Objects/Vehicles/Scorpion/BP_Scorpion.uasset" 4619
"C:/Program Files/Epic Games/Unreal Projects/Sacrilege/Content/Objects/Vehicles/Scorpion/BP_Scorpion.uexp" 4620
"C:/Program Files/Epic Games/Unreal Projects/Sacrilege/Content/Core/Gamemodes/Firefight/S_MusicSet.uasset" 4621
"C:/Program Files/Epic Games/Unreal Projects/Sacrilege/Content/Core/Gamemodes/Firefight/S_MusicSet.uexp" 4622
"C:/Program Files/Epic Games/Unreal Projects/Sacrilege/Content/Sounds/Firefight/Voicelines/S_FirefightVoiceLines.ubulk" 4623
"C:/Program Files/Epic Games/Unreal Projects/Sacrilege/Content/Sounds/Firefight/Voicelines/S_FirefightVoiceLines.uasset" 4624
"C:/Program Files/Epic Games/Unreal Projects/Sacrilege/Content/Sounds/Firefight/Voicelines/S_FirefightVoiceLines.uexp" 4625
"C:/Program Files/Epic Games/Unreal Projects/Sacrilege/Content/Sounds/Firefight/Voicelines/S_FirefightVoiceLines_FirefightStart.ubulk" 4626
"C:/Program Files/Epic Games/Unreal Projects/Sacrilege/Content/Sounds/Firefight/Voicelines/S_FirefightVoiceLines_FirefightStart.uasset" 4627
"C:/Program Files/Epic Games/Unreal Projects/Sacrilege/Content/Sounds/Firefight/Voicelines/S_FirefightVoiceLines_FirefightStart.uexp" 4628
"C:/Program Files/Epic Games/Unreal Projects/Sacrilege/Content/Sounds/Firefight/Voicelines/S_FirefightVoiceLines_SetStart.ubulk" 4629
"C:/Program Files/Epic Games/Unreal Projects/Sacrilege/Content/Sounds/Firefight/Voicelines/S_FirefightVoiceLines_SetStart.uasset" 4630
"C:/Program Files/Epic Games/Unreal Projects/Sacrilege/Content/Sounds/Firefight/Voicelines/S_FirefightVoiceLines_SetStart.uexp" 4631
"C:/Program Files/Epic Games/Unreal Projects/Sacrilege/Content/Sounds/Music/S_Halo_3_Soundtrack_-__The_Storm__Last_Stand__jIcEgkh00Vs_.ubulk" 4632
"C:/Program Files/Epic Games/Unreal Projects/Sacrilege/Content/Sounds/Music/S_Halo_3_Soundtrack_-__The_Storm__Last_Stand__jIcEgkh00Vs_.uasset" 4633
"C:/Program Files/Epic Games/Unreal Projects/Sacrilege/Content/Sounds/Music/S_Halo_3_Soundtrack_-__The_Storm__Last_Stand__jIcEgkh00Vs_.uexp" 4634
"C:/Program Files/Epic Games/Unreal Projects/Sacrilege/Content/Sounds/Music/S_Halo_3_Soundtrack_-__The_Storm__Out_Of_Time__VU3S6Ciyrpw_.ubulk" 4635
"C:/Program Files/Epic Games/Unreal Projects/Sacrilege/Content/Sounds/Music/S_Halo_3_Soundtrack_-__The_Storm__Out_Of_Time__VU3S6Ciyrpw_.uasset" 4636
"C:/Program Files/Epic Games/Unreal Projects/Sacrilege/Content/Sounds/Music/S_Halo_3_Soundtrack_-__The_Storm__Out_Of_Time__VU3S6Ciyrpw_.uexp" 4637
"C:/Program Files/Epic Games/Unreal Projects/Sacrilege/Content/Sounds/Music/S_Halo_3_Soundtrack_-__The_Storm__This_Is_Our_Land__9F4xVGj6fys_.ubulk" 4638
"C:/Program Files/Epic Games/Unreal Projects/Sacrilege/Content/Sounds/Music/S_Halo_3_Soundtrack_-__The_Storm__This_Is_Our_Land__9F4xVGj6fys_.uasset" 4639
"C:/Program Files/Epic Games/Unreal Projects/Sacrilege/Content/Sounds/Music/S_Halo_3_Soundtrack_-__The_Storm__This_Is_Our_Land__9F4xVGj6fys_.uexp" 4640
"C:/Program Files/Epic Games/Unreal Projects/Sacrilege/Content/Sounds/Music/S_Halo_3_Soundtrack_-__Tsavo_Highway__Into_Light__Jx_V9qMGpQk_.ubulk" 4641
"C:/Program Files/Epic Games/Unreal Projects/Sacrilege/Content/Sounds/Music/S_Halo_3_Soundtrack_-__Tsavo_Highway__Into_Light__Jx_V9qMGpQk_.uasset" 4642
"C:/Program Files/Epic Games/Unreal Projects/Sacrilege/Content/Sounds/Music/S_Halo_3_Soundtrack_-__Tsavo_Highway__Into_Light__Jx_V9qMGpQk_.uexp" 4643
"C:/Program Files/Epic Games/Unreal Projects/Sacrilege/Content/Sounds/Music/S_Halo_3_Soundtrack_-__Tsavo_Highway__Out_Of_Shadow__EVOyQTVv5rA_.ubulk" 4644
"C:/Program Files/Epic Games/Unreal Projects/Sacrilege/Content/Sounds/Music/S_Halo_3_Soundtrack_-__Tsavo_Highway__Out_Of_Shadow__EVOyQTVv5rA_.uasset" 4645
"C:/Program Files/Epic Games/Unreal Projects/Sacrilege/Content/Sounds/Music/S_Halo_3_Soundtrack_-__Tsavo_Highway__Out_Of_Shadow__EVOyQTVv5rA_.uexp" 4646
"C:/Program Files/Epic Games/Unreal Projects/Sacrilege/Content/Objects/Vehicles/Turrets/Turret_Grenade/MS_MGL_Explode.uasset" 4647
"C:/Program Files/Epic Games/Unreal Projects/Sacrilege/Content/Objects/Vehicles/Turrets/Turret_Grenade/MS_MGL_Explode.uexp" 4648
"C:/Program Files/Epic Games/Unreal Projects/Sacrilege/Content/Objects/Projectiles/BP_MGL_Projectile.uasset" 4649
"C:/Program Files/Epic Games/Unreal Projects/Sacrilege/Content/Objects/Projectiles/BP_MGL_Projectile.uexp" 4650
"C:/Program Files/Epic Games/Unreal Projects/Sacrilege/Content/Objects/Vehicles/Turrets/BP_Turret_Grenade.uasset" 4651
"C:/Program Files/Epic Games/Unreal Projects/Sacrilege/Content/Objects/Vehicles/Turrets/BP_Turret_Grenade.uexp" 4652
"C:/Program Files/Epic Games/Unreal Projects/Sacrilege/Content/Objects/Vehicles/Falcon/BP_Falcon_MGL.uasset" 4653
"C:/Program Files/Epic Games/Unreal Projects/Sacrilege/Content/Objects/Vehicles/Falcon/BP_Falcon_MGL.uexp" 4654
"C:/Program Files/Epic Games/Unreal Projects/Sacrilege/Content/Objects/Vehicles/Turrets/BP_Turret_Rocket.uasset" 4655
"C:/Program Files/Epic Games/Unreal Projects/Sacrilege/Content/Objects/Vehicles/Turrets/BP_Turret_Rocket.uexp" 4656
"C:/Program Files/Epic Games/Unreal Projects/Sacrilege/Content/Objects/Vehicles/Warthog/BP_Warthog_Rocket.uasset" 4657
"C:/Program Files/Epic Games/Unreal Projects/Sacrilege/Content/Objects/Vehicles/Warthog/BP_Warthog_Rocket.uexp" 4658
"C:/Program Files/Epic Games/Unreal Projects/Sacrilege/Content/Objects/Vehicles/Warthog/TransportWarthog/Warthog_Cage00/StaticMeshes/Warthog_Cage00.ubulk" 4659
"C:/Program Files/Epic Games/Unreal Projects/Sacrilege/Content/Objects/Vehicles/Warthog/TransportWarthog/Warthog_Cage00/StaticMeshes/Warthog_Cage00.uasset" 4660
"C:/Program Files/Epic Games/Unreal Projects/Sacrilege/Content/Objects/Vehicles/Warthog/TransportWarthog/Warthog_Cage00/StaticMeshes/Warthog_Cage00.uexp" 4661
"C:/Program Files/Epic Games/Unreal Projects/Sacrilege/Content/Objects/Vehicles/Warthog/TransportWarthog/BP_Warthog_Transport.uasset" 4662
"C:/Program Files/Epic Games/Unreal Projects/Sacrilege/Content/Objects/Vehicles/Warthog/TransportWarthog/BP_Warthog_Transport.uexp" 4663
"C:/Program Files/Epic Games/Unreal Projects/Sacrilege/Content/BP_FirefightGameState.uasset" 4664
"C:/Program Files/Epic Games/Unreal Projects/Sacrilege/Content/BP_FirefightGameState.uexp" 4665
"C:/Program Files/Epic Games/Unreal Projects/Sacrilege/Content/BP_MainMenuGameMode.uasset" 4666
"C:/Program Files/Epic Games/Unreal Projects/Sacrilege/Content/BP_MainMenuGameMode.uexp" 4667
"../../../Engine/Content/Functions/Engine_MaterialFunctions01/Gradient/LinearGradient.uasset" 4668
"../../../Engine/Content/Functions/Engine_MaterialFunctions01/Gradient/LinearGradient.uexp" 4669
"../../../Engine/Content/Functions/Engine_MaterialFunctions01/ImageAdjustment/CheapContrast.uasset" 4670
"../../../Engine/Content/Functions/Engine_MaterialFunctions01/ImageAdjustment/CheapContrast.uexp" 4671
"../../../Engine/Content/Functions/Engine_MaterialFunctions01/ImageAdjustment/Contrast_Preserve_Color.uasset" 4672
"../../../Engine/Content/Functions/Engine_MaterialFunctions01/ImageAdjustment/Contrast_Preserve_Color.uexp" 4673
"C:/Program Files/Epic Games/Unreal Projects/Sacrilege/Content/Core/textures/HaloSkySphere.uasset" 4674
"C:/Program Files/Epic Games/Unreal Projects/Sacrilege/Content/Core/textures/HaloSkySphere.uexp" 4675
"C:/Program Files/Epic Games/Unreal Projects/Sacrilege/Content/MaterialLibrary/M_SpaceSkySphere.uasset" 4676
"C:/Program Files/Epic Games/Unreal Projects/Sacrilege/Content/MaterialLibrary/M_SpaceSkySphere.uexp" 4677
"C:/Program Files/Epic Games/Unreal Projects/Sacrilege/Content/UI/Icons/T_Box.ubulk" 4678
"C:/Program Files/Epic Games/Unreal Projects/Sacrilege/Content/UI/Icons/T_Box.uasset" 4679
"C:/Program Files/Epic Games/Unreal Projects/Sacrilege/Content/UI/Icons/T_Box.uexp" 4680
"C:/Program Files/Epic Games/Unreal Projects/Sacrilege/Content/UI/WBP_IntroDisclaimer.uasset" 4681
"C:/Program Files/Epic Games/Unreal Projects/Sacrilege/Content/UI/WBP_IntroDisclaimer.uexp" 4682
"C:/Program Files/Epic Games/Unreal Projects/Sacrilege/Content/UI/WBP_AttributionsEntry.uasset" 4683
"C:/Program Files/Epic Games/Unreal Projects/Sacrilege/Content/UI/WBP_AttributionsEntry.uexp" 4684
"C:/Program Files/Epic Games/Unreal Projects/Sacrilege/Content/UI/WBP_Attributions.uasset" 4685
"C:/Program Files/Epic Games/Unreal Projects/Sacrilege/Content/UI/WBP_Attributions.uexp" 4686
"C:/Program Files/Epic Games/Unreal Projects/Sacrilege/Content/EditorTools/T_Thumbnail_TestMap.uasset" 4687
"C:/Program Files/Epic Games/Unreal Projects/Sacrilege/Content/EditorTools/T_Thumbnail_TestMap.uexp" 4688
"C:/Program Files/Epic Games/Unreal Projects/Sacrilege/Content/UI/WBP_CustomComboBoxString.uasset" 4689
"C:/Program Files/Epic Games/Unreal Projects/Sacrilege/Content/UI/WBP_CustomComboBoxString.uexp" 4690
"C:/Program Files/Epic Games/Unreal Projects/Sacrilege/Content/EditorTools/T_Thumbnail_2.ubulk" 4691
"C:/Program Files/Epic Games/Unreal Projects/Sacrilege/Content/EditorTools/T_Thumbnail_2.uasset" 4692
"C:/Program Files/Epic Games/Unreal Projects/Sacrilege/Content/EditorTools/T_Thumbnail_2.uexp" 4693
"C:/Program Files/Epic Games/Unreal Projects/Sacrilege/Content/Levels/DA_Level00.uasset" 4694
"C:/Program Files/Epic Games/Unreal Projects/Sacrilege/Content/Levels/DA_Level00.uexp" 4695
"C:/Program Files/Epic Games/Unreal Projects/Sacrilege/Content/EditorTools/T_Thumbnail_Murmur.uasset" 4696
"C:/Program Files/Epic Games/Unreal Projects/Sacrilege/Content/EditorTools/T_Thumbnail_Murmur.uexp" 4697
"C:/Program Files/Epic Games/Unreal Projects/Sacrilege/Content/Levels/DA_Murmur.uasset" 4698
"C:/Program Files/Epic Games/Unreal Projects/Sacrilege/Content/Levels/DA_Murmur.uexp" 4699
"C:/Program Files/Epic Games/Unreal Projects/Sacrilege/Content/EditorTools/T_Thumbnail_Box.uasset" 4700
"C:/Program Files/Epic Games/Unreal Projects/Sacrilege/Content/EditorTools/T_Thumbnail_Box.uexp" 4701
"C:/Program Files/Epic Games/Unreal Projects/Sacrilege/Content/Levels/DA_SandboxLevel.uasset" 4702
"C:/Program Files/Epic Games/Unreal Projects/Sacrilege/Content/Levels/DA_SandboxLevel.uexp" 4703
"C:/Program Files/Epic Games/Unreal Projects/Sacrilege/Content/Levels/DA_TestMap.uasset" 4704
"C:/Program Files/Epic Games/Unreal Projects/Sacrilege/Content/Levels/DA_TestMap.uexp" 4705
"C:/Program Files/Epic Games/Unreal Projects/Sacrilege/Content/EditorTools/T_Thumbnail_1.ubulk" 4706
"C:/Program Files/Epic Games/Unreal Projects/Sacrilege/Content/EditorTools/T_Thumbnail_1.uasset" 4707
"C:/Program Files/Epic Games/Unreal Projects/Sacrilege/Content/EditorTools/T_Thumbnail_1.uexp" 4708
"C:/Program Files/Epic Games/Unreal Projects/Sacrilege/Content/Levels/DA_Tutorial.uasset" 4709
"C:/Program Files/Epic Games/Unreal Projects/Sacrilege/Content/Levels/DA_Tutorial.uexp" 4710
"C:/Program Files/Epic Games/Unreal Projects/Sacrilege/Content/Levels/ForerunnerFactory/T_Screenshot_2_026-3-18-23-39-24-355.uasset" 4711
"C:/Program Files/Epic Games/Unreal Projects/Sacrilege/Content/Levels/ForerunnerFactory/T_Screenshot_2_026-3-18-23-39-24-355.uexp" 4712
"C:/Program Files/Epic Games/Unreal Projects/Sacrilege/Content/Levels/ForerunnerFactory/DA_ForerunnerFactory.uasset" 4713
"C:/Program Files/Epic Games/Unreal Projects/Sacrilege/Content/Levels/ForerunnerFactory/DA_ForerunnerFactory.uexp" 4714
"C:/Program Files/Epic Games/Unreal Projects/Sacrilege/Content/UI/Icons/ElectricalHazard.ubulk" 4715
"C:/Program Files/Epic Games/Unreal Projects/Sacrilege/Content/UI/Icons/ElectricalHazard.uasset" 4716
"C:/Program Files/Epic Games/Unreal Projects/Sacrilege/Content/UI/Icons/ElectricalHazard.uexp" 4717
"C:/Program Files/Epic Games/Unreal Projects/Sacrilege/Content/UI/WBP_SessionCreator.uasset" 4718
"C:/Program Files/Epic Games/Unreal Projects/Sacrilege/Content/UI/WBP_SessionCreator.uexp" 4719
"C:/Program Files/Epic Games/Unreal Projects/Sacrilege/Content/UI/WBP_SessionInfo.uasset" 4720
"C:/Program Files/Epic Games/Unreal Projects/Sacrilege/Content/UI/WBP_SessionInfo.uexp" 4721
"C:/Program Files/Epic Games/Unreal Projects/Sacrilege/Content/UI/WBP_SessionFinder.uasset" 4722
"C:/Program Files/Epic Games/Unreal Projects/Sacrilege/Content/UI/WBP_SessionFinder.uexp" 4723
"C:/Program Files/Epic Games/Unreal Projects/Sacrilege/Content/Core/Libraries/BP_CustomFunctionLibrary.uasset" 4724
"C:/Program Files/Epic Games/Unreal Projects/Sacrilege/Content/Core/Libraries/BP_CustomFunctionLibrary.uexp" 4725
"C:/Program Files/Epic Games/Unreal Projects/Sacrilege/Content/UI/Icons/T_Bluesky_Logo_svg.uasset" 4726
"C:/Program Files/Epic Games/Unreal Projects/Sacrilege/Content/UI/Icons/T_Bluesky_Logo_svg.uexp" 4727
"C:/Program Files/Epic Games/Unreal Projects/Sacrilege/Content/UI/Icons/T_Discord-Symbol-White.uasset" 4728
"C:/Program Files/Epic Games/Unreal Projects/Sacrilege/Content/UI/Icons/T_Discord-Symbol-White.uexp" 4729
"C:/Program Files/Epic Games/Unreal Projects/Sacrilege/Content/UI/Icons/T_logo-white.uasset" 4730
"C:/Program Files/Epic Games/Unreal Projects/Sacrilege/Content/UI/Icons/T_logo-white.uexp" 4731
"C:/Program Files/Epic Games/Unreal Projects/Sacrilege/Content/UI/Icons/T_Reddit_Icon_2Color_FullBleed.ubulk" 4732
"C:/Program Files/Epic Games/Unreal Projects/Sacrilege/Content/UI/Icons/T_Reddit_Icon_2Color_FullBleed.uasset" 4733
"C:/Program Files/Epic Games/Unreal Projects/Sacrilege/Content/UI/Icons/T_Reddit_Icon_2Color_FullBleed.uexp" 4734
"C:/Program Files/Epic Games/Unreal Projects/Sacrilege/Content/UI/Icons/T_yt_icon_rgb.uasset" 4735
"C:/Program Files/Epic Games/Unreal Projects/Sacrilege/Content/UI/Icons/T_yt_icon_rgb.uexp" 4736
"C:/Program Files/Epic Games/Unreal Projects/Sacrilege/Content/UI/WBP_MainMenu.uasset" 4737
"C:/Program Files/Epic Games/Unreal Projects/Sacrilege/Content/UI/WBP_MainMenu.uexp" 4738
"C:/Program Files/Epic Games/Unreal Projects/Sacrilege/Content/Objects/Props/Halo/Inside.uasset" 4739
"C:/Program Files/Epic Games/Unreal Projects/Sacrilege/Content/Objects/Props/Halo/Inside.uexp" 4740
"C:/Program Files/Epic Games/Unreal Projects/Sacrilege/Content/Objects/Props/Halo/T_Halo_Export_Diffuse.ubulk" 4741
"C:/Program Files/Epic Games/Unreal Projects/Sacrilege/Content/Objects/Props/Halo/T_Halo_Export_Diffuse.uasset" 4742
"C:/Program Files/Epic Games/Unreal Projects/Sacrilege/Content/Objects/Props/Halo/T_Halo_Export_Diffuse.uexp" 4743
"C:/Program Files/Epic Games/Unreal Projects/Sacrilege/Content/Objects/Props/Halo/T_Halo_Export_Normal.ubulk" 4744
"C:/Program Files/Epic Games/Unreal Projects/Sacrilege/Content/Objects/Props/Halo/T_Halo_Export_Normal.uasset" 4745
"C:/Program Files/Epic Games/Unreal Projects/Sacrilege/Content/Objects/Props/Halo/T_Halo_Export_Normal.uexp" 4746
"C:/Program Files/Epic Games/Unreal Projects/Sacrilege/Content/Objects/Props/Halo/M_Halo.uasset" 4747
"C:/Program Files/Epic Games/Unreal Projects/Sacrilege/Content/Objects/Props/Halo/M_Halo.uexp" 4748
"C:/Program Files/Epic Games/Unreal Projects/Sacrilege/Content/Objects/Props/Halo/SM_Halo04.ubulk" 4749
"C:/Program Files/Epic Games/Unreal Projects/Sacrilege/Content/Objects/Props/Halo/SM_Halo04.uasset" 4750
"C:/Program Files/Epic Games/Unreal Projects/Sacrilege/Content/Objects/Props/Halo/SM_Halo04.uexp" 4751
"C:/Program Files/Epic Games/Unreal Projects/Sacrilege/Content/Sounds/Music/S_Halo_3_Soundtrack_-_Menu_Suite__M5KdbfswbXU_.ubulk" 4752
"C:/Program Files/Epic Games/Unreal Projects/Sacrilege/Content/Sounds/Music/S_Halo_3_Soundtrack_-_Menu_Suite__M5KdbfswbXU_.uasset" 4753
"C:/Program Files/Epic Games/Unreal Projects/Sacrilege/Content/Sounds/Music/S_Halo_3_Soundtrack_-_Menu_Suite__M5KdbfswbXU_.uexp" 4754
"C:/Program Files/Epic Games/Unreal Projects/Sacrilege/Content/Levels/MainMenuLevel/LevelSequences/LS_MainMenu.uasset" 4755
"C:/Program Files/Epic Games/Unreal Projects/Sacrilege/Content/Levels/MainMenuLevel/LevelSequences/LS_MainMenu.uexp" 4756
"C:/Program Files/Epic Games/Unreal Projects/Sacrilege/Content/Levels/MainMenuLevel_BuiltData.ubulk" 4757
"C:/Program Files/Epic Games/Unreal Projects/Sacrilege/Content/Levels/MainMenuLevel_BuiltData.uasset" 4758
"C:/Program Files/Epic Games/Unreal Projects/Sacrilege/Content/Levels/MainMenuLevel_BuiltData.uexp" 4759
"C:/Program Files/Epic Games/Unreal Projects/Sacrilege/Content/Levels/MainMenuLevel.uexp" 4760
"C:/Program Files/Epic Games/Unreal Projects/Sacrilege/Content/Levels/MainMenuLevel.umap" 4761
"../../../Engine/Content/EngineMaterials/DefaultCubemap.uasset" 4762
"../../../Engine/Content/EngineMaterials/DefaultCubemap.uexp" 4763
"C:/Program Files/Epic Games/Unreal Projects/Sacrilege/Content/Objects/Misc/SpawnPoint/SM_SpawnPoint.ubulk" 4764
"C:/Program Files/Epic Games/Unreal Projects/Sacrilege/Content/Objects/Misc/SpawnPoint/SM_SpawnPoint.uasset" 4765
"C:/Program Files/Epic Games/Unreal Projects/Sacrilege/Content/Objects/Misc/SpawnPoint/SM_SpawnPoint.uexp" 4766
"C:/Program Files/Epic Games/Unreal Projects/Sacrilege/Content/Core/BP_PlayerSpawn.uasset" 4767
"C:/Program Files/Epic Games/Unreal Projects/Sacrilege/Content/Core/BP_PlayerSpawn.uexp" 4768
"C:/Program Files/Epic Games/Unreal Projects/Sacrilege/Content/EditorTools/RT_IconGenerator.uasset" 4769
"C:/Program Files/Epic Games/Unreal Projects/Sacrilege/Content/EditorTools/RT_IconGenerator.uexp" 4770
"C:/Program Files/Epic Games/Unreal Projects/Sacrilege/Content/EditorTools/IconGenerator.uasset" 4771
"C:/Program Files/Epic Games/Unreal Projects/Sacrilege/Content/EditorTools/IconGenerator.uexp" 4772
"C:/Program Files/Epic Games/Unreal Projects/Sacrilege/Content/StarterContent/Textures/T_Tech_Hex_Tile_M.ubulk" 4773
"C:/Program Files/Epic Games/Unreal Projects/Sacrilege/Content/StarterContent/Textures/T_Tech_Hex_Tile_M.uasset" 4774
"C:/Program Files/Epic Games/Unreal Projects/Sacrilege/Content/StarterContent/Textures/T_Tech_Hex_Tile_M.uexp" 4775
"../../../Engine/Content/EngineMaterials/DefaultNormal_Uncompressed.ubulk" 4776
"../../../Engine/Content/EngineMaterials/DefaultNormal_Uncompressed.uasset" 4777
"../../../Engine/Content/EngineMaterials/DefaultNormal_Uncompressed.uexp" 4778
"../../../Engine/Content/ArtTools/RenderToTexture/Textures/127grey.uasset" 4779
"../../../Engine/Content/ArtTools/RenderToTexture/Textures/127grey.uexp" 4780
"../../../Engine/Content/Functions/Engine_MaterialFunctions02/Math/CreateThirdOrthogonalVector.uasset" 4781
"../../../Engine/Content/Functions/Engine_MaterialFunctions02/Math/CreateThirdOrthogonalVector.uexp" 4782
"../../../Engine/Content/Functions/Engine_MaterialFunctions01/Texturing/WorldAlignedTexture.uasset" 4783
"../../../Engine/Content/Functions/Engine_MaterialFunctions01/Texturing/WorldAlignedTexture.uexp" 4784
"../../../Engine/Content/Functions/Engine_MaterialFunctions02/WorldAlignedNormals_HighQuality.uasset" 4785
"../../../Engine/Content/Functions/Engine_MaterialFunctions02/WorldAlignedNormals_HighQuality.uexp" 4786
"../../../Engine/Content/Functions/Engine_MaterialFunctions01/Texturing/WorldAlignedNormal.uasset" 4787
"../../../Engine/Content/Functions/Engine_MaterialFunctions01/Texturing/WorldAlignedNormal.uexp" 4788
"C:/Program Files/Epic Games/Unreal Projects/Sacrilege/Content/MaterialLibrary/M_GenericWorldAlignedMaterial.uasset" 4789
"C:/Program Files/Epic Games/Unreal Projects/Sacrilege/Content/MaterialLibrary/M_GenericWorldAlignedMaterial.uexp" 4790
"C:/Program Files/Epic Games/Unreal Projects/Sacrilege/Content/MaterialLibrary/MI_MurmurMaterial.uasset" 4791
"C:/Program Files/Epic Games/Unreal Projects/Sacrilege/Content/MaterialLibrary/MI_MurmurMaterial.uexp" 4792
"C:/Program Files/Epic Games/Unreal Projects/Sacrilege/Content/ParticleEffects/NS_Teleporter.uasset" 4793
"C:/Program Files/Epic Games/Unreal Projects/Sacrilege/Content/ParticleEffects/NS_Teleporter.uexp" 4794
"C:/Program Files/Epic Games/Unreal Projects/Sacrilege/Content/UI/WBP_ScreenFlash.uasset" 4795
"C:/Program Files/Epic Games/Unreal Projects/Sacrilege/Content/UI/WBP_ScreenFlash.uexp" 4796
"C:/Program Files/Epic Games/Unreal Projects/Sacrilege/Content/Sounds/S_TeleportFX.ubulk" 4797
"C:/Program Files/Epic Games/Unreal Projects/Sacrilege/Content/Sounds/S_TeleportFX.uasset" 4798
"C:/Program Files/Epic Games/Unreal Projects/Sacrilege/Content/Sounds/S_TeleportFX.uexp" 4799
"C:/Program Files/Epic Games/Unreal Projects/Sacrilege/Content/Objects/BP_TwoWayTeleporter.uasset" 4800
"C:/Program Files/Epic Games/Unreal Projects/Sacrilege/Content/Objects/BP_TwoWayTeleporter.uexp" 4801
"C:/Program Files/Epic Games/Unreal Projects/Sacrilege/Content/UI/WBP_HoldControls.uasset" 4802
"C:/Program Files/Epic Games/Unreal Projects/Sacrilege/Content/UI/WBP_HoldControls.uexp" 4803
"C:/Program Files/Epic Games/Unreal Projects/Sacrilege/Content/Characters/Oracle/Oracle_PhysicsAsset.uasset" 4804
"C:/Program Files/Epic Games/Unreal Projects/Sacrilege/Content/Characters/Oracle/Oracle_PhysicsAsset.uexp" 4805
"C:/Program Files/Epic Games/Unreal Projects/Sacrilege/Content/Characters/Oracle/Oracle_Skeleton.uasset" 4806
"C:/Program Files/Epic Games/Unreal Projects/Sacrilege/Content/Characters/Oracle/Oracle_Skeleton.uexp" 4807
"C:/Program Files/Epic Games/Unreal Projects/Sacrilege/Content/Characters/Oracle/Oracle.uasset" 4808
"C:/Program Files/Epic Games/Unreal Projects/Sacrilege/Content/Characters/Oracle/Oracle.uexp" 4809
"C:/Program Files/Epic Games/Unreal Projects/Sacrilege/Content/Characters/Oracle/BP_ForgeOracle.uasset" 4810
"C:/Program Files/Epic Games/Unreal Projects/Sacrilege/Content/Characters/Oracle/BP_ForgeOracle.uexp" 4811
"C:/Program Files/Epic Games/Unreal Projects/Sacrilege/Content/BP_SandboxPlayerController.uasset" 4812
"C:/Program Files/Epic Games/Unreal Projects/Sacrilege/Content/BP_SandboxPlayerController.uexp" 4813
"C:/Program Files/Epic Games/Unreal Projects/Sacrilege/Content/BP_SandboxGamemode.uasset" 4814
"C:/Program Files/Epic Games/Unreal Projects/Sacrilege/Content/BP_SandboxGamemode.uexp" 4815
"C:/Program Files/Epic Games/Unreal Projects/Sacrilege/Content/Objects/Props/CovenantCover/SM_CovenantCover.ubulk" 4816
"C:/Program Files/Epic Games/Unreal Projects/Sacrilege/Content/Objects/Props/CovenantCover/SM_CovenantCover.uasset" 4817
"C:/Program Files/Epic Games/Unreal Projects/Sacrilege/Content/Objects/Props/CovenantCover/SM_CovenantCover.uexp" 4818
"C:/Program Files/Epic Games/Unreal Projects/Sacrilege/Content/Sounds/S_RandomBackground01.ubulk" 4819
"C:/Program Files/Epic Games/Unreal Projects/Sacrilege/Content/Sounds/S_RandomBackground01.uasset" 4820
"C:/Program Files/Epic Games/Unreal Projects/Sacrilege/Content/Sounds/S_RandomBackground01.uexp" 4821
"C:/Program Files/Epic Games/Unreal Projects/Sacrilege/Content/Levels/_GENERATED/sgtfl/Box_B4115CC4.ubulk" 4822
"C:/Program Files/Epic Games/Unreal Projects/Sacrilege/Content/Levels/_GENERATED/sgtfl/Box_B4115CC4.uasset" 4823
"C:/Program Files/Epic Games/Unreal Projects/Sacrilege/Content/Levels/_GENERATED/sgtfl/Box_B4115CC4.uexp" 4824
"C:/Program Files/Epic Games/Unreal Projects/Sacrilege/Content/Levels/_GENERATED/sgtfl/Box_C1F67D10.ubulk" 4825
"C:/Program Files/Epic Games/Unreal Projects/Sacrilege/Content/Levels/_GENERATED/sgtfl/Box_C1F67D10.uasset" 4826
"C:/Program Files/Epic Games/Unreal Projects/Sacrilege/Content/Levels/_GENERATED/sgtfl/Box_C1F67D10.uexp" 4827
"C:/Program Files/Epic Games/Unreal Projects/Sacrilege/Content/Levels/_GENERATED/sgtfl/Box_FE8CA48C.ubulk" 4828
"C:/Program Files/Epic Games/Unreal Projects/Sacrilege/Content/Levels/_GENERATED/sgtfl/Box_FE8CA48C.uasset" 4829
"C:/Program Files/Epic Games/Unreal Projects/Sacrilege/Content/Levels/_GENERATED/sgtfl/Box_FE8CA48C.uexp" 4830
"C:/Program Files/Epic Games/Unreal Projects/Sacrilege/Content/Levels/_GENERATED/sgtfl/Stairs_08F5E296.ubulk" 4831
"C:/Program Files/Epic Games/Unreal Projects/Sacrilege/Content/Levels/_GENERATED/sgtfl/Stairs_08F5E296.uasset" 4832
"C:/Program Files/Epic Games/Unreal Projects/Sacrilege/Content/Levels/_GENERATED/sgtfl/Stairs_08F5E296.uexp" 4833
"C:/Program Files/Epic Games/Unreal Projects/Sacrilege/Content/Levels/Murmur_BuiltData.ubulk" 4834
"C:/Program Files/Epic Games/Unreal Projects/Sacrilege/Content/Levels/Murmur_BuiltData.uasset" 4835
"C:/Program Files/Epic Games/Unreal Projects/Sacrilege/Content/Levels/Murmur_BuiltData.uexp" 4836
"C:/Program Files/Epic Games/Unreal Projects/Sacrilege/Content/Levels/_GENERATED/sgtfl/Boolean_003D3D5D.ubulk" 4837
"C:/Program Files/Epic Games/Unreal Projects/Sacrilege/Content/Levels/_GENERATED/sgtfl/Boolean_003D3D5D.uasset" 4838
"C:/Program Files/Epic Games/Unreal Projects/Sacrilege/Content/Levels/_GENERATED/sgtfl/Boolean_003D3D5D.uexp" 4839
"C:/Program Files/Epic Games/Unreal Projects/Sacrilege/Content/Levels/_GENERATED/sgtfl/Mirror_030C06A0.ubulk" 4840
"C:/Program Files/Epic Games/Unreal Projects/Sacrilege/Content/Levels/_GENERATED/sgtfl/Mirror_030C06A0.uasset" 4841
"C:/Program Files/Epic Games/Unreal Projects/Sacrilege/Content/Levels/_GENERATED/sgtfl/Mirror_030C06A0.uexp" 4842
"C:/Program Files/Epic Games/Unreal Projects/Sacrilege/Content/Levels/_GENERATED/sgtfl/Mirror_1811FB44.ubulk" 4843
"C:/Program Files/Epic Games/Unreal Projects/Sacrilege/Content/Levels/_GENERATED/sgtfl/Mirror_1811FB44.uasset" 4844
"C:/Program Files/Epic Games/Unreal Projects/Sacrilege/Content/Levels/_GENERATED/sgtfl/Mirror_1811FB44.uexp" 4845
"C:/Program Files/Epic Games/Unreal Projects/Sacrilege/Content/Levels/_GENERATED/sgtfl/Mirror_217650E9.ubulk" 4846
"C:/Program Files/Epic Games/Unreal Projects/Sacrilege/Content/Levels/_GENERATED/sgtfl/Mirror_217650E9.uasset" 4847
"C:/Program Files/Epic Games/Unreal Projects/Sacrilege/Content/Levels/_GENERATED/sgtfl/Mirror_217650E9.uexp" 4848
"C:/Program Files/Epic Games/Unreal Projects/Sacrilege/Content/Levels/_GENERATED/sgtfl/Mirror_230F5F54.ubulk" 4849
"C:/Program Files/Epic Games/Unreal Projects/Sacrilege/Content/Levels/_GENERATED/sgtfl/Mirror_230F5F54.uasset" 4850
"C:/Program Files/Epic Games/Unreal Projects/Sacrilege/Content/Levels/_GENERATED/sgtfl/Mirror_230F5F54.uexp" 4851
"C:/Program Files/Epic Games/Unreal Projects/Sacrilege/Content/Levels/_GENERATED/sgtfl/Mirror_5ACAB889.ubulk" 4852
"C:/Program Files/Epic Games/Unreal Projects/Sacrilege/Content/Levels/_GENERATED/sgtfl/Mirror_5ACAB889.uasset" 4853
"C:/Program Files/Epic Games/Unreal Projects/Sacrilege/Content/Levels/_GENERATED/sgtfl/Mirror_5ACAB889.uexp" 4854
"C:/Program Files/Epic Games/Unreal Projects/Sacrilege/Content/Levels/_GENERATED/sgtfl/Mirror_7AF22BDA.ubulk" 4855
"C:/Program Files/Epic Games/Unreal Projects/Sacrilege/Content/Levels/_GENERATED/sgtfl/Mirror_7AF22BDA.uasset" 4856
"C:/Program Files/Epic Games/Unreal Projects/Sacrilege/Content/Levels/_GENERATED/sgtfl/Mirror_7AF22BDA.uexp" 4857
"C:/Program Files/Epic Games/Unreal Projects/Sacrilege/Content/Levels/_GENERATED/sgtfl/Mirror_9C1B858D.ubulk" 4858
"C:/Program Files/Epic Games/Unreal Projects/Sacrilege/Content/Levels/_GENERATED/sgtfl/Mirror_9C1B858D.uasset" 4859
"C:/Program Files/Epic Games/Unreal Projects/Sacrilege/Content/Levels/_GENERATED/sgtfl/Mirror_9C1B858D.uexp" 4860
"C:/Program Files/Epic Games/Unreal Projects/Sacrilege/Content/Levels/_GENERATED/sgtfl/Mirror_AE9978A6.ubulk" 4861
"C:/Program Files/Epic Games/Unreal Projects/Sacrilege/Content/Levels/_GENERATED/sgtfl/Mirror_AE9978A6.uasset" 4862
"C:/Program Files/Epic Games/Unreal Projects/Sacrilege/Content/Levels/_GENERATED/sgtfl/Mirror_AE9978A6.uexp" 4863
"C:/Program Files/Epic Games/Unreal Projects/Sacrilege/Content/Levels/_GENERATED/sgtfl/Mirror_C231F3D4.ubulk" 4864
"C:/Program Files/Epic Games/Unreal Projects/Sacrilege/Content/Levels/_GENERATED/sgtfl/Mirror_C231F3D4.uasset" 4865
"C:/Program Files/Epic Games/Unreal Projects/Sacrilege/Content/Levels/_GENERATED/sgtfl/Mirror_C231F3D4.uexp" 4866
"C:/Program Files/Epic Games/Unreal Projects/Sacrilege/Content/Levels/_GENERATED/sgtfl/Mirror_C707689E.ubulk" 4867
"C:/Program Files/Epic Games/Unreal Projects/Sacrilege/Content/Levels/_GENERATED/sgtfl/Mirror_C707689E.uasset" 4868
"C:/Program Files/Epic Games/Unreal Projects/Sacrilege/Content/Levels/_GENERATED/sgtfl/Mirror_C707689E.uexp" 4869
"C:/Program Files/Epic Games/Unreal Projects/Sacrilege/Content/Levels/_GENERATED/sgtfl/Mirror_EE0B62D1.ubulk" 4870
"C:/Program Files/Epic Games/Unreal Projects/Sacrilege/Content/Levels/_GENERATED/sgtfl/Mirror_EE0B62D1.uasset" 4871
"C:/Program Files/Epic Games/Unreal Projects/Sacrilege/Content/Levels/_GENERATED/sgtfl/Mirror_EE0B62D1.uexp" 4872
"C:/Program Files/Epic Games/Unreal Projects/Sacrilege/Content/Levels/_GENERATED/sgtfl/Mirror_F3DEA79C.ubulk" 4873
"C:/Program Files/Epic Games/Unreal Projects/Sacrilege/Content/Levels/_GENERATED/sgtfl/Mirror_F3DEA79C.uasset" 4874
"C:/Program Files/Epic Games/Unreal Projects/Sacrilege/Content/Levels/_GENERATED/sgtfl/Mirror_F3DEA79C.uexp" 4875
"C:/Program Files/Epic Games/Unreal Projects/Sacrilege/Content/Levels/_GENERATED/sgtfl/Mirror_FA1005E3.ubulk" 4876
"C:/Program Files/Epic Games/Unreal Projects/Sacrilege/Content/Levels/_GENERATED/sgtfl/Mirror_FA1005E3.uasset" 4877
"C:/Program Files/Epic Games/Unreal Projects/Sacrilege/Content/Levels/_GENERATED/sgtfl/Mirror_FA1005E3.uexp" 4878
"C:/Program Files/Epic Games/Unreal Projects/Sacrilege/Content/Levels/Murmur.uexp" 4879
"C:/Program Files/Epic Games/Unreal Projects/Sacrilege/Content/Levels/Murmur.umap" 4880
"../../../Engine/Content/EditorLandscapeResources/SplineEditorMeshMat.uasset" 4881
"../../../Engine/Content/EditorLandscapeResources/SplineEditorMeshMat.uexp" 4882
"../../../Engine/Content/EditorLandscapeResources/SplineEditorMesh.ubulk" 4883
"../../../Engine/Content/EditorLandscapeResources/SplineEditorMesh.uasset" 4884
"../../../Engine/Content/EditorLandscapeResources/SplineEditorMesh.uexp" 4885
"../../../Engine/Content/MapTemplates/Sky/DaylightAmbientCubemap.uasset" 4886
"../../../Engine/Content/MapTemplates/Sky/DaylightAmbientCubemap.uexp" 4887
"../../../Engine/Content/EngineSky/M_SimpleSkyDome.uasset" 4888
"../../../Engine/Content/EngineSky/M_SimpleSkyDome.uexp" 4889
"../../../Engine/Plugins/PCG/Content/SampleContent/SimpleForest/Materials/PCG_Rocks.uasset" 4890
"../../../Engine/Plugins/PCG/Content/SampleContent/SimpleForest/Materials/PCG_Rocks.uexp" 4891
"../../../Engine/Plugins/PCG/Content/SampleContent/SimpleForest/Meshes/PCG_Boulder_02.ubulk" 4892
"../../../Engine/Plugins/PCG/Content/SampleContent/SimpleForest/Meshes/PCG_Boulder_02.uasset" 4893
"../../../Engine/Plugins/PCG/Content/SampleContent/SimpleForest/Meshes/PCG_Boulder_02.uexp" 4894
"../../../Engine/Content/Functions/Engine_MaterialFunctions02/Utility/BreakOutFloat4Components.uasset" 4895
"../../../Engine/Content/Functions/Engine_MaterialFunctions02/Utility/BreakOutFloat4Components.uexp" 4896
"../../../Engine/Content/EngineResources/DefaultVolumeTexture2D.uasset" 4897
"../../../Engine/Content/EngineResources/DefaultVolumeTexture2D.uexp" 4898
"../../../Engine/Content/EngineResources/DefaultVolumeTexture.uasset" 4899
"../../../Engine/Content/EngineResources/DefaultVolumeTexture.uexp" 4900
"../../../Engine/Content/EngineSky/VolumetricClouds/VT_Lightning.uasset" 4901
"../../../Engine/Content/EngineSky/VolumetricClouds/VT_Lightning.uexp" 4902
"../../../Engine/Content/Functions/Engine_MaterialFunctions01/Units/Km-to-Cm.uasset" 4903
"../../../Engine/Content/Functions/Engine_MaterialFunctions01/Units/Km-to-Cm.uexp" 4904
"../../../Engine/Content/EngineSky/VolumetricClouds/m_SimpleVolumetricCloud.uasset" 4905
"../../../Engine/Content/EngineSky/VolumetricClouds/m_SimpleVolumetricCloud.uexp" 4906
"../../../Engine/Content/EngineSky/VolumetricClouds/T_CloudMask.ubulk" 4907
"../../../Engine/Content/EngineSky/VolumetricClouds/T_CloudMask.uasset" 4908
"../../../Engine/Content/EngineSky/VolumetricClouds/T_CloudMask.uexp" 4909
"../../../Engine/Content/EngineSky/VolumetricClouds/T_CloudPattern.ubulk" 4910
"../../../Engine/Content/EngineSky/VolumetricClouds/T_CloudPattern.uasset" 4911
"../../../Engine/Content/EngineSky/VolumetricClouds/T_CloudPattern.uexp" 4912
"../../../Engine/Content/EngineSky/VolumetricClouds/T_Profile_08.ubulk" 4913
"../../../Engine/Content/EngineSky/VolumetricClouds/T_Profile_08.uasset" 4914
"../../../Engine/Content/EngineSky/VolumetricClouds/T_Profile_08.uexp" 4915
"../../../Engine/Content/EngineSky/VolumetricClouds/VT_PerlinWorley_Balanced.uasset" 4916
"../../../Engine/Content/EngineSky/VolumetricClouds/VT_PerlinWorley_Balanced.uexp" 4917
"../../../Engine/Content/EngineSky/VolumetricClouds/m_SimpleVolumetricCloud_Inst.uasset" 4918
"../../../Engine/Content/EngineSky/VolumetricClouds/m_SimpleVolumetricCloud_Inst.uexp" 4919
"C:/Program Files/Epic Games/Unreal Projects/Sacrilege/Content/BP_FakeActorBattle.uasset" 4920
"C:/Program Files/Epic Games/Unreal Projects/Sacrilege/Content/BP_FakeActorBattle.uexp" 4921
"C:/Program Files/Epic Games/Unreal Projects/Sacrilege/Content/Objects/Vehicles/Banshee/SM_Banshee.ubulk" 4922
"C:/Program Files/Epic Games/Unreal Projects/Sacrilege/Content/Objects/Vehicles/Banshee/SM_Banshee.uasset" 4923
"C:/Program Files/Epic Games/Unreal Projects/Sacrilege/Content/Objects/Vehicles/Banshee/SM_Banshee.uexp" 4924
"C:/Program Files/Epic Games/Unreal Projects/Sacrilege/Content/Objects/Vehicles/Hornet/SM_Hornet.ubulk" 4925
"C:/Program Files/Epic Games/Unreal Projects/Sacrilege/Content/Objects/Vehicles/Hornet/SM_Hornet.uasset" 4926
"C:/Program Files/Epic Games/Unreal Projects/Sacrilege/Content/Objects/Vehicles/Hornet/SM_Hornet.uexp" 4927
"C:/Program Files/Epic Games/Unreal Projects/Sacrilege/Content/NS_AirBattle.uasset" 4928
"C:/Program Files/Epic Games/Unreal Projects/Sacrilege/Content/NS_AirBattle.uexp" 4929
"C:/Program Files/Epic Games/Unreal Projects/Sacrilege/Content/Core/BP_DecalBase.uasset" 4930
"C:/Program Files/Epic Games/Unreal Projects/Sacrilege/Content/Core/BP_DecalBase.uexp" 4931
"C:/Program Files/Epic Games/Unreal Projects/Sacrilege/Content/EditorTools/PCG_Foliage.uasset" 4932
"C:/Program Files/Epic Games/Unreal Projects/Sacrilege/Content/EditorTools/PCG_Foliage.uexp" 4933
"../../../Engine/Content/Functions/Engine_MaterialFunctions01/WorldPositionOffset/SimpleGrassWind.uasset" 4934
"../../../Engine/Content/Functions/Engine_MaterialFunctions01/WorldPositionOffset/SimpleGrassWind.uexp" 4935
"../../../Engine/Content/Functions/Engine_MaterialFunctions02/ExampleContent/Textures/LowResBlurredNoise.uasset" 4936
"../../../Engine/Content/Functions/Engine_MaterialFunctions02/ExampleContent/Textures/LowResBlurredNoise.uexp" 4937
"C:/Program Files/Epic Games/Unreal Projects/Sacrilege/Content/MaterialLibrary/M_Foliage.uasset" 4938
"C:/Program Files/Epic Games/Unreal Projects/Sacrilege/Content/MaterialLibrary/M_Foliage.uexp" 4939
"C:/Program Files/Epic Games/Unreal Projects/Sacrilege/Content/Objects/Props/tree00/SM_trees.ubulk" 4940
"C:/Program Files/Epic Games/Unreal Projects/Sacrilege/Content/Objects/Props/tree00/SM_trees.uasset" 4941
"C:/Program Files/Epic Games/Unreal Projects/Sacrilege/Content/Objects/Props/tree00/SM_trees.uexp" 4942
"../../../Engine/Content/BasicShapes/Plane.ubulk" 4943
"../../../Engine/Content/BasicShapes/Plane.uasset" 4944
"../../../Engine/Content/BasicShapes/Plane.uexp" 4945
"../../../Engine/Content/Functions/Engine_MaterialFunctions02/ExampleContent/Textures/water_d.ubulk" 4946
"../../../Engine/Content/Functions/Engine_MaterialFunctions02/ExampleContent/Textures/water_d.uasset" 4947
"../../../Engine/Content/Functions/Engine_MaterialFunctions02/ExampleContent/Textures/water_d.uexp" 4948
"C:/Program Files/Epic Games/Unreal Projects/Sacrilege/Content/StarterContent/Textures/T_Water_N.ubulk" 4949
"C:/Program Files/Epic Games/Unreal Projects/Sacrilege/Content/StarterContent/Textures/T_Water_N.uasset" 4950
"C:/Program Files/Epic Games/Unreal Projects/Sacrilege/Content/StarterContent/Textures/T_Water_N.uexp" 4951
"C:/Program Files/Epic Games/Unreal Projects/Sacrilege/Content/MaterialLibrary/M_MurkyWater.uasset" 4952
"C:/Program Files/Epic Games/Unreal Projects/Sacrilege/Content/MaterialLibrary/M_MurkyWater.uexp" 4953
"C:/Program Files/Epic Games/Unreal Projects/Sacrilege/Content/MaterialLibrary/MI_MurkyWater.uasset" 4954
"C:/Program Files/Epic Games/Unreal Projects/Sacrilege/Content/MaterialLibrary/MI_MurkyWater.uexp" 4955
"C:/Program Files/Epic Games/Unreal Projects/Sacrilege/Content/MaterialLibrary/M_UnderwaterPP.uasset" 4956
"C:/Program Files/Epic Games/Unreal Projects/Sacrilege/Content/MaterialLibrary/M_UnderwaterPP.uexp" 4957
"C:/Program Files/Epic Games/Unreal Projects/Sacrilege/Content/MaterialLibrary/M_WaterCaustics.uasset" 4958
"C:/Program Files/Epic Games/Unreal Projects/Sacrilege/Content/MaterialLibrary/M_WaterCaustics.uexp" 4959
"C:/Program Files/Epic Games/Unreal Projects/Sacrilege/Content/Landscape/BP_WaterVolume.uasset" 4960
"C:/Program Files/Epic Games/Unreal Projects/Sacrilege/Content/Landscape/BP_WaterVolume.uexp" 4961
"C:/Program Files/Epic Games/Unreal Projects/Sacrilege/Content/Landscape/BP_KillVolume.uasset" 4962
"C:/Program Files/Epic Games/Unreal Projects/Sacrilege/Content/Landscape/BP_KillVolume.uexp" 4963
"C:/Program Files/Epic Games/Unreal Projects/Sacrilege/Content/Core/CurveDirectionalLight.uasset" 4964
"C:/Program Files/Epic Games/Unreal Projects/Sacrilege/Content/Core/CurveDirectionalLight.uexp" 4965
"C:/Program Files/Epic Games/Unreal Projects/Sacrilege/Content/Landscape/E_Weather.uasset" 4966
"C:/Program Files/Epic Games/Unreal Projects/Sacrilege/Content/Landscape/E_Weather.uexp" 4967
"C:/Program Files/Epic Games/Unreal Projects/Sacrilege/Content/ParticleEffects/NS_Rain.uasset" 4968
"C:/Program Files/Epic Games/Unreal Projects/Sacrilege/Content/ParticleEffects/NS_Rain.uexp" 4969
"C:/Program Files/Epic Games/Unreal Projects/Sacrilege/Content/Sounds/S_RainyDay.ubulk" 4970
"C:/Program Files/Epic Games/Unreal Projects/Sacrilege/Content/Sounds/S_RainyDay.uasset" 4971
"C:/Program Files/Epic Games/Unreal Projects/Sacrilege/Content/Sounds/S_RainyDay.uexp" 4972
"C:/Program Files/Epic Games/Unreal Projects/Sacrilege/Content/Landscape/BP_WeatherActor.uasset" 4973
"C:/Program Files/Epic Games/Unreal Projects/Sacrilege/Content/Landscape/BP_WeatherActor.uexp" 4974
"C:/Program Files/Epic Games/Unreal Projects/Sacrilege/Content/Landscape/grass/StaticMeshes/grass.ubulk" 4975
"C:/Program Files/Epic Games/Unreal Projects/Sacrilege/Content/Landscape/grass/StaticMeshes/grass.uasset" 4976
"C:/Program Files/Epic Games/Unreal Projects/Sacrilege/Content/Landscape/grass/StaticMeshes/grass.uexp" 4977
"C:/Program Files/Epic Games/Unreal Projects/Sacrilege/Content/Landscape/Landscape_GrassType.uasset" 4978
"C:/Program Files/Epic Games/Unreal Projects/Sacrilege/Content/Landscape/Landscape_GrassType.uexp" 4979
"C:/Program Files/Epic Games/Unreal Projects/Sacrilege/Content/Landscape/VirtualTextures/VT_LandscapeHeight.uasset" 4980
"C:/Program Files/Epic Games/Unreal Projects/Sacrilege/Content/Landscape/VirtualTextures/VT_LandscapeHeight.uexp" 4981
"C:/Program Files/Epic Games/Unreal Projects/Sacrilege/Content/Landscape/VirtualTextures/VT_LandscapeMat.uasset" 4982
"C:/Program Files/Epic Games/Unreal Projects/Sacrilege/Content/Landscape/VirtualTextures/VT_LandscapeMat.uexp" 4983
"../../../Engine/Content/EngineMaterials/WeightMapPlaceholderTexture.uasset" 4984
"../../../Engine/Content/EngineMaterials/WeightMapPlaceholderTexture.uexp" 4985
"../../../Engine/Content/EngineMaterials/WeightMapArrayPlaceholderTexture.uasset" 4986
"../../../Engine/Content/EngineMaterials/WeightMapArrayPlaceholderTexture.uexp" 4987
"C:/Program Files/Epic Games/Unreal Projects/Sacrilege/Content/StarterContent/Textures/T_Ground_Gravel_D.ubulk" 4988
"C:/Program Files/Epic Games/Unreal Projects/Sacrilege/Content/StarterContent/Textures/T_Ground_Gravel_D.uasset" 4989
"C:/Program Files/Epic Games/Unreal Projects/Sacrilege/Content/StarterContent/Textures/T_Ground_Gravel_D.uexp" 4990
"C:/Program Files/Epic Games/Unreal Projects/Sacrilege/Content/Landscape/MF_MacroVariation.uasset" 4991
"C:/Program Files/Epic Games/Unreal Projects/Sacrilege/Content/Landscape/MF_MacroVariation.uexp" 4992
"C:/Program Files/Epic Games/Unreal Projects/Sacrilege/Content/Landscape/PhysicalMaterials/PM_Asphalt.uasset" 4993
"C:/Program Files/Epic Games/Unreal Projects/Sacrilege/Content/Landscape/PhysicalMaterials/PM_Asphalt.uexp" 4994
"C:/Program Files/Epic Games/Unreal Projects/Sacrilege/Content/Landscape/PhysicalMaterials/PM_Grass.uasset" 4995
"C:/Program Files/Epic Games/Unreal Projects/Sacrilege/Content/Landscape/PhysicalMaterials/PM_Grass.uexp" 4996
"C:/Program Files/Epic Games/Unreal Projects/Sacrilege/Content/Landscape/PhysicalMaterials/PM_Gravel.uasset" 4997
"C:/Program Files/Epic Games/Unreal Projects/Sacrilege/Content/Landscape/PhysicalMaterials/PM_Gravel.uexp" 4998
"C:/Program Files/Epic Games/Unreal Projects/Sacrilege/Content/Landscape/PhysicalMaterials/PM_Rock.uasset" 4999
"C:/Program Files/Epic Games/Unreal Projects/Sacrilege/Content/Landscape/PhysicalMaterials/PM_Rock.uexp" 5000
"C:/Program Files/Epic Games/Unreal Projects/Sacrilege/Content/StarterContent/Textures/T_Concrete_Poured_D.ubulk" 5001
"C:/Program Files/Epic Games/Unreal Projects/Sacrilege/Content/StarterContent/Textures/T_Concrete_Poured_D.uasset" 5002
"C:/Program Files/Epic Games/Unreal Projects/Sacrilege/Content/StarterContent/Textures/T_Concrete_Poured_D.uexp" 5003
"C:/Program Files/Epic Games/Unreal Projects/Sacrilege/Content/StarterContent/Textures/T_Concrete_Poured_N.ubulk" 5004
"C:/Program Files/Epic Games/Unreal Projects/Sacrilege/Content/StarterContent/Textures/T_Concrete_Poured_N.uasset" 5005
"C:/Program Files/Epic Games/Unreal Projects/Sacrilege/Content/StarterContent/Textures/T_Concrete_Poured_N.uexp" 5006
"C:/Program Files/Epic Games/Unreal Projects/Sacrilege/Content/StarterContent/Textures/T_Ground_Grass_D.ubulk" 5007
"C:/Program Files/Epic Games/Unreal Projects/Sacrilege/Content/StarterContent/Textures/T_Ground_Grass_D.uasset" 5008
"C:/Program Files/Epic Games/Unreal Projects/Sacrilege/Content/StarterContent/Textures/T_Ground_Grass_D.uexp" 5009
"C:/Program Files/Epic Games/Unreal Projects/Sacrilege/Content/StarterContent/Textures/T_Ground_Grass_N.ubulk" 5010
"C:/Program Files/Epic Games/Unreal Projects/Sacrilege/Content/StarterContent/Textures/T_Ground_Grass_N.uasset" 5011
"C:/Program Files/Epic Games/Unreal Projects/Sacrilege/Content/StarterContent/Textures/T_Ground_Grass_N.uexp" 5012
"C:/Program Files/Epic Games/Unreal Projects/Sacrilege/Content/StarterContent/Textures/T_Ground_Gravel_N.ubulk" 5013
"C:/Program Files/Epic Games/Unreal Projects/Sacrilege/Content/StarterContent/Textures/T_Ground_Gravel_N.uasset" 5014
"C:/Program Files/Epic Games/Unreal Projects/Sacrilege/Content/StarterContent/Textures/T_Ground_Gravel_N.uexp" 5015
"C:/Program Files/Epic Games/Unreal Projects/Sacrilege/Content/StarterContent/Textures/T_Perlin_Noise_M.ubulk" 5016
"C:/Program Files/Epic Games/Unreal Projects/Sacrilege/Content/StarterContent/Textures/T_Perlin_Noise_M.uasset" 5017
"C:/Program Files/Epic Games/Unreal Projects/Sacrilege/Content/StarterContent/Textures/T_Perlin_Noise_M.uexp" 5018
"C:/Program Files/Epic Games/Unreal Projects/Sacrilege/Content/StarterContent/Textures/T_Rock_Basalt_N.ubulk" 5019
"C:/Program Files/Epic Games/Unreal Projects/Sacrilege/Content/StarterContent/Textures/T_Rock_Basalt_N.uasset" 5020
"C:/Program Files/Epic Games/Unreal Projects/Sacrilege/Content/StarterContent/Textures/T_Rock_Basalt_N.uexp" 5021
"C:/Program Files/Epic Games/Unreal Projects/Sacrilege/Content/Fab/Megascans/Surfaces/Dirt_Ground_xdhhefr/Medium/T_Dirt_D.ubulk" 5022
"C:/Program Files/Epic Games/Unreal Projects/Sacrilege/Content/Fab/Megascans/Surfaces/Dirt_Ground_xdhhefr/Medium/T_Dirt_D.uasset" 5023
"C:/Program Files/Epic Games/Unreal Projects/Sacrilege/Content/Fab/Megascans/Surfaces/Dirt_Ground_xdhhefr/Medium/T_Dirt_D.uexp" 5024
"C:/Program Files/Epic Games/Unreal Projects/Sacrilege/Content/Fab/Megascans/Surfaces/Dirt_Ground_xdhhefr/Medium/T_Dirt_N.ubulk" 5025
"C:/Program Files/Epic Games/Unreal Projects/Sacrilege/Content/Fab/Megascans/Surfaces/Dirt_Ground_xdhhefr/Medium/T_Dirt_N.uasset" 5026
"C:/Program Files/Epic Games/Unreal Projects/Sacrilege/Content/Fab/Megascans/Surfaces/Dirt_Ground_xdhhefr/Medium/T_Dirt_N.uexp" 5027
"C:/Program Files/Epic Games/Unreal Projects/Sacrilege/Content/Landscape/M_Landscape01.uasset" 5028
"C:/Program Files/Epic Games/Unreal Projects/Sacrilege/Content/Landscape/M_Landscape01.uexp" 5029
"C:/Program Files/Epic Games/Unreal Projects/Sacrilege/Content/Landscape/MI_Landscape01.uasset" 5030
"C:/Program Files/Epic Games/Unreal Projects/Sacrilege/Content/Landscape/MI_Landscape01.uexp" 5031
"C:/Program Files/Epic Games/Unreal Projects/Sacrilege/Content/StarterContent/Textures/T_Bush_D.ubulk" 5032
"C:/Program Files/Epic Games/Unreal Projects/Sacrilege/Content/StarterContent/Textures/T_Bush_D.uasset" 5033
"C:/Program Files/Epic Games/Unreal Projects/Sacrilege/Content/StarterContent/Textures/T_Bush_D.uexp" 5034
"C:/Program Files/Epic Games/Unreal Projects/Sacrilege/Content/StarterContent/Textures/T_Bush_N.ubulk" 5035
"C:/Program Files/Epic Games/Unreal Projects/Sacrilege/Content/StarterContent/Textures/T_Bush_N.uasset" 5036
"C:/Program Files/Epic Games/Unreal Projects/Sacrilege/Content/StarterContent/Textures/T_Bush_N.uexp" 5037
"C:/Program Files/Epic Games/Unreal Projects/Sacrilege/Content/StarterContent/Props/Materials/M_Bush.uasset" 5038
"C:/Program Files/Epic Games/Unreal Projects/Sacrilege/Content/StarterContent/Props/Materials/M_Bush.uexp" 5039
"C:/Program Files/Epic Games/Unreal Projects/Sacrilege/Content/StarterContent/Props/SM_Bush.ubulk" 5040
"C:/Program Files/Epic Games/Unreal Projects/Sacrilege/Content/StarterContent/Props/SM_Bush.uasset" 5041
"C:/Program Files/Epic Games/Unreal Projects/Sacrilege/Content/StarterContent/Props/SM_Bush.uexp" 5042
"C:/Program Files/Epic Games/Unreal Projects/Sacrilege/Content/Landscape/NewInstancedStaticMeshFoliage.uasset" 5043
"C:/Program Files/Epic Games/Unreal Projects/Sacrilege/Content/Landscape/NewInstancedStaticMeshFoliage.uexp" 5044
"C:/Program Files/Epic Games/Unreal Projects/Sacrilege/Content/MaterialLibrary/M_Fog.uasset" 5045
"C:/Program Files/Epic Games/Unreal Projects/Sacrilege/Content/MaterialLibrary/M_Fog.uexp" 5046
"C:/Program Files/Epic Games/Unreal Projects/Sacrilege/Content/MaterialLibrary/MI_Fog.uasset" 5047
"C:/Program Files/Epic Games/Unreal Projects/Sacrilege/Content/MaterialLibrary/MI_Fog.uexp" 5048
"C:/Program Files/Epic Games/Unreal Projects/Sacrilege/Content/Objects/Props/CovenantCover/BP_CovenantCrate.uasset" 5049
"C:/Program Files/Epic Games/Unreal Projects/Sacrilege/Content/Objects/Props/CovenantCover/BP_CovenantCrate.uexp" 5050
"C:/Program Files/Epic Games/Unreal Projects/Sacrilege/Content/Core/textures/TestLevelSequence.uasset" 5051
"C:/Program Files/Epic Games/Unreal Projects/Sacrilege/Content/Core/textures/TestLevelSequence.uexp" 5052
"../../../Engine/Content/VREditor/Sounds/UI/Dockable_Window_Pick_Up.ubulk" 5053
"../../../Engine/Content/VREditor/Sounds/UI/Dockable_Window_Pick_Up.uasset" 5054
"../../../Engine/Content/VREditor/Sounds/UI/Dockable_Window_Pick_Up.uexp" 5055
"C:/Program Files/Epic Games/Unreal Projects/Sacrilege/Content/Objects/ForerunnerPanel/SM_ForerunnerButtonPanel.ubulk" 5056
"C:/Program Files/Epic Games/Unreal Projects/Sacrilege/Content/Objects/ForerunnerPanel/SM_ForerunnerButtonPanel.uasset" 5057
"C:/Program Files/Epic Games/Unreal Projects/Sacrilege/Content/Objects/ForerunnerPanel/SM_ForerunnerButtonPanel.uexp" 5058
"C:/Program Files/Epic Games/Unreal Projects/Sacrilege/Content/Objects/ForerunnerPanel/BP_ButtonPanel.uasset" 5059
"C:/Program Files/Epic Games/Unreal Projects/Sacrilege/Content/Objects/ForerunnerPanel/BP_ButtonPanel.uexp" 5060
"C:/Program Files/Epic Games/Unreal Projects/Sacrilege/Content/EditorTools/T_Thumbnail_BP_HealthPack.uasset" 5061
"C:/Program Files/Epic Games/Unreal Projects/Sacrilege/Content/EditorTools/T_Thumbnail_BP_HealthPack.uexp" 5062
"C:/Program Files/Epic Games/Unreal Projects/Sacrilege/Content/Objects/HealthPack/T_UNSCHealthKit_HealthPack_BaseColor.ubulk" 5063
"C:/Program Files/Epic Games/Unreal Projects/Sacrilege/Content/Objects/HealthPack/T_UNSCHealthKit_HealthPack_BaseColor.uasset" 5064
"C:/Program Files/Epic Games/Unreal Projects/Sacrilege/Content/Objects/HealthPack/T_UNSCHealthKit_HealthPack_BaseColor.uexp" 5065
"C:/Program Files/Epic Games/Unreal Projects/Sacrilege/Content/Objects/HealthPack/T_UNSCHealthKit_HealthPack_Emissive.ubulk" 5066
"C:/Program Files/Epic Games/Unreal Projects/Sacrilege/Content/Objects/HealthPack/T_UNSCHealthKit_HealthPack_Emissive.uasset" 5067
"C:/Program Files/Epic Games/Unreal Projects/Sacrilege/Content/Objects/HealthPack/T_UNSCHealthKit_HealthPack_Emissive.uexp" 5068
"C:/Program Files/Epic Games/Unreal Projects/Sacrilege/Content/Objects/HealthPack/T_UNSCHealthKit_HealthPack_Normal.ubulk" 5069
"C:/Program Files/Epic Games/Unreal Projects/Sacrilege/Content/Objects/HealthPack/T_UNSCHealthKit_HealthPack_Normal.uasset" 5070
"C:/Program Files/Epic Games/Unreal Projects/Sacrilege/Content/Objects/HealthPack/T_UNSCHealthKit_HealthPack_Normal.uexp" 5071
"C:/Program Files/Epic Games/Unreal Projects/Sacrilege/Content/Objects/HealthPack/T_UNSCHealthKit_HealthPack_OcclusionRoughnessMetallic.ubulk" 5072
"C:/Program Files/Epic Games/Unreal Projects/Sacrilege/Content/Objects/HealthPack/T_UNSCHealthKit_HealthPack_OcclusionRoughnessMetallic.uasset" 5073
"C:/Program Files/Epic Games/Unreal Projects/Sacrilege/Content/Objects/HealthPack/T_UNSCHealthKit_HealthPack_OcclusionRoughnessMetallic.uexp" 5074
"C:/Program Files/Epic Games/Unreal Projects/Sacrilege/Content/Objects/HealthPack/M_HealthPack.uasset" 5075
"C:/Program Files/Epic Games/Unreal Projects/Sacrilege/Content/Objects/HealthPack/M_HealthPack.uexp" 5076
"C:/Program Files/Epic Games/Unreal Projects/Sacrilege/Content/Objects/HealthPack/SM_UNSCHealthKit.ubulk" 5077
"C:/Program Files/Epic Games/Unreal Projects/Sacrilege/Content/Objects/HealthPack/SM_UNSCHealthKit.uasset" 5078
"C:/Program Files/Epic Games/Unreal Projects/Sacrilege/Content/Objects/HealthPack/SM_UNSCHealthKit.uexp" 5079
"C:/Program Files/Epic Games/Unreal Projects/Sacrilege/Content/Objects/HealthPack/BP_HealthPack.uasset" 5080
"C:/Program Files/Epic Games/Unreal Projects/Sacrilege/Content/Objects/HealthPack/BP_HealthPack.uexp" 5081
"C:/Program Files/Epic Games/Unreal Projects/Sacrilege/Content/StarterContent/Materials/M_Concrete_Poured.uasset" 5082
"C:/Program Files/Epic Games/Unreal Projects/Sacrilege/Content/StarterContent/Materials/M_Concrete_Poured.uexp" 5083
"C:/Program Files/Epic Games/Unreal Projects/Sacrilege/Content/StarterContent/Textures/T_Concrete_Tiles_D.ubulk" 5084
"C:/Program Files/Epic Games/Unreal Projects/Sacrilege/Content/StarterContent/Textures/T_Concrete_Tiles_D.uasset" 5085
"C:/Program Files/Epic Games/Unreal Projects/Sacrilege/Content/StarterContent/Textures/T_Concrete_Tiles_D.uexp" 5086
"C:/Program Files/Epic Games/Unreal Projects/Sacrilege/Content/StarterContent/Textures/T_Concrete_Tiles_M.ubulk" 5087
"C:/Program Files/Epic Games/Unreal Projects/Sacrilege/Content/StarterContent/Textures/T_Concrete_Tiles_M.uasset" 5088
"C:/Program Files/Epic Games/Unreal Projects/Sacrilege/Content/StarterContent/Textures/T_Concrete_Tiles_M.uexp" 5089
"C:/Program Files/Epic Games/Unreal Projects/Sacrilege/Content/StarterContent/Textures/T_Concrete_Tiles_N.ubulk" 5090
"C:/Program Files/Epic Games/Unreal Projects/Sacrilege/Content/StarterContent/Textures/T_Concrete_Tiles_N.uasset" 5091
"C:/Program Files/Epic Games/Unreal Projects/Sacrilege/Content/StarterContent/Textures/T_Concrete_Tiles_N.uexp" 5092
"C:/Program Files/Epic Games/Unreal Projects/Sacrilege/Content/StarterContent/Textures/T_Concrete_Tiles_Variation_M.ubulk" 5093
"C:/Program Files/Epic Games/Unreal Projects/Sacrilege/Content/StarterContent/Textures/T_Concrete_Tiles_Variation_M.uasset" 5094
"C:/Program Files/Epic Games/Unreal Projects/Sacrilege/Content/StarterContent/Textures/T_Concrete_Tiles_Variation_M.uexp" 5095
"C:/Program Files/Epic Games/Unreal Projects/Sacrilege/Content/StarterContent/Materials/M_Concrete_Tiles.uasset" 5096
"C:/Program Files/Epic Games/Unreal Projects/Sacrilege/Content/StarterContent/Materials/M_Concrete_Tiles.uexp" 5097
"C:/Program Files/Epic Games/Unreal Projects/Sacrilege/Content/Objects/Props/Barrier/SM_Barrier00.ubulk" 5098
"C:/Program Files/Epic Games/Unreal Projects/Sacrilege/Content/Objects/Props/Barrier/SM_Barrier00.uasset" 5099
"C:/Program Files/Epic Games/Unreal Projects/Sacrilege/Content/Objects/Props/Barrier/SM_Barrier00.uexp" 5100
"C:/Program Files/Epic Games/Unreal Projects/Sacrilege/Content/Objects/Props/Barrier/BP_ConcreteBarrier.uasset" 5101
"C:/Program Files/Epic Games/Unreal Projects/Sacrilege/Content/Objects/Props/Barrier/BP_ConcreteBarrier.uexp" 5102
"C:/Program Files/Epic Games/Unreal Projects/Sacrilege/Content/Objects/Props/bench/SM_bench00.ubulk" 5103
"C:/Program Files/Epic Games/Unreal Projects/Sacrilege/Content/Objects/Props/bench/SM_bench00.uasset" 5104
"C:/Program Files/Epic Games/Unreal Projects/Sacrilege/Content/Objects/Props/bench/SM_bench00.uexp" 5105
"../../../Engine/Content/EngineMaterials/FogVolumeMaterial.uasset" 5106
"../../../Engine/Content/EngineMaterials/FogVolumeMaterial.uexp" 5107
"C:/Program Files/Epic Games/Unreal Projects/Sacrilege/Content/Objects/Props/DonutFog/SM_fog.ubulk" 5108
"C:/Program Files/Epic Games/Unreal Projects/Sacrilege/Content/Objects/Props/DonutFog/SM_fog.uasset" 5109
"C:/Program Files/Epic Games/Unreal Projects/Sacrilege/Content/Objects/Props/DonutFog/SM_fog.uexp" 5110
"C:/Program Files/Epic Games/Unreal Projects/Sacrilege/Content/Sounds/S_LightBuzz.ubulk" 5111
"C:/Program Files/Epic Games/Unreal Projects/Sacrilege/Content/Sounds/S_LightBuzz.uasset" 5112
"C:/Program Files/Epic Games/Unreal Projects/Sacrilege/Content/Sounds/S_LightBuzz.uexp" 5113
"C:/Program Files/Epic Games/Unreal Projects/Sacrilege/Content/Objects/Props/HangingLamp/SM_HangingLamp00.ubulk" 5114
"C:/Program Files/Epic Games/Unreal Projects/Sacrilege/Content/Objects/Props/HangingLamp/SM_HangingLamp00.uasset" 5115
"C:/Program Files/Epic Games/Unreal Projects/Sacrilege/Content/Objects/Props/HangingLamp/SM_HangingLamp00.uexp" 5116
"C:/Program Files/Epic Games/Unreal Projects/Sacrilege/Content/Objects/Props/HangingLamp/BP_HangingLamp.uasset" 5117
"C:/Program Files/Epic Games/Unreal Projects/Sacrilege/Content/Objects/Props/HangingLamp/BP_HangingLamp.uexp" 5118
"C:/Program Files/Epic Games/Unreal Projects/Sacrilege/Content/Objects/Props/Lightpole/lgi/SM_lightpole_LightPole.ubulk" 5119
"C:/Program Files/Epic Games/Unreal Projects/Sacrilege/Content/Objects/Props/Lightpole/lgi/SM_lightpole_LightPole.uasset" 5120
"C:/Program Files/Epic Games/Unreal Projects/Sacrilege/Content/Objects/Props/Lightpole/lgi/SM_lightpole_LightPole.uexp" 5121
"C:/Program Files/Epic Games/Unreal Projects/Sacrilege/Content/Objects/Props/Lightpole/BP_Lightpole.uasset" 5122
"C:/Program Files/Epic Games/Unreal Projects/Sacrilege/Content/Objects/Props/Lightpole/BP_Lightpole.uexp" 5123
"C:/Program Files/Epic Games/Unreal Projects/Sacrilege/Content/Objects/Props/Lightpole/lgi/SM_lightpole_DoubleLightPole.ubulk" 5124
"C:/Program Files/Epic Games/Unreal Projects/Sacrilege/Content/Objects/Props/Lightpole/lgi/SM_lightpole_DoubleLightPole.uasset" 5125
"C:/Program Files/Epic Games/Unreal Projects/Sacrilege/Content/Objects/Props/Lightpole/lgi/SM_lightpole_DoubleLightPole.uexp" 5126
"C:/Program Files/Epic Games/Unreal Projects/Sacrilege/Content/Objects/Props/Lightpole/BP_Lightpole_Double.uasset" 5127
"C:/Program Files/Epic Games/Unreal Projects/Sacrilege/Content/Objects/Props/Lightpole/BP_Lightpole_Double.uexp" 5128
"C:/Program Files/Epic Games/Unreal Projects/Sacrilege/Content/Objects/Props/ParksideCurbs/SM_ParkingCurb00.ubulk" 5129
"C:/Program Files/Epic Games/Unreal Projects/Sacrilege/Content/Objects/Props/ParksideCurbs/SM_ParkingCurb00.uasset" 5130
"C:/Program Files/Epic Games/Unreal Projects/Sacrilege/Content/Objects/Props/ParksideCurbs/SM_ParkingCurb00.uexp" 5131
"C:/Program Files/Epic Games/Unreal Projects/Sacrilege/Content/Objects/Props/Pergola/SM_pergola00.ubulk" 5132
"C:/Program Files/Epic Games/Unreal Projects/Sacrilege/Content/Objects/Props/Pergola/SM_pergola00.uasset" 5133
"C:/Program Files/Epic Games/Unreal Projects/Sacrilege/Content/Objects/Props/Pergola/SM_pergola00.uexp" 5134
"C:/Program Files/Epic Games/Unreal Projects/Sacrilege/Content/Objects/Props/Planter/MI_Dirt.uasset" 5135
"C:/Program Files/Epic Games/Unreal Projects/Sacrilege/Content/Objects/Props/Planter/MI_Dirt.uexp" 5136
"C:/Program Files/Epic Games/Unreal Projects/Sacrilege/Content/Objects/Props/Planter/SM_Planter.ubulk" 5137
"C:/Program Files/Epic Games/Unreal Projects/Sacrilege/Content/Objects/Props/Planter/SM_Planter.uasset" 5138
"C:/Program Files/Epic Games/Unreal Projects/Sacrilege/Content/Objects/Props/Planter/SM_Planter.uexp" 5139
"C:/Program Files/Epic Games/Unreal Projects/Sacrilege/Content/Objects/Props/PoleLight/NS_BlinkingLight.uasset" 5140
"C:/Program Files/Epic Games/Unreal Projects/Sacrilege/Content/Objects/Props/PoleLight/NS_BlinkingLight.uexp" 5141
"C:/Program Files/Epic Games/Unreal Projects/Sacrilege/Content/MaterialLibrary/MI_GreenBlinkingLight.uasset" 5142
"C:/Program Files/Epic Games/Unreal Projects/Sacrilege/Content/MaterialLibrary/MI_GreenBlinkingLight.uexp" 5143
"C:/Program Files/Epic Games/Unreal Projects/Sacrilege/Content/Objects/Props/PoleLight/SM_PoleLight.ubulk" 5144
"C:/Program Files/Epic Games/Unreal Projects/Sacrilege/Content/Objects/Props/PoleLight/SM_PoleLight.uasset" 5145
"C:/Program Files/Epic Games/Unreal Projects/Sacrilege/Content/Objects/Props/PoleLight/SM_PoleLight.uexp" 5146
"C:/Program Files/Epic Games/Unreal Projects/Sacrilege/Content/Objects/Props/PoleLight/BP_BlinkingLight.uasset" 5147
"C:/Program Files/Epic Games/Unreal Projects/Sacrilege/Content/Objects/Props/PoleLight/BP_BlinkingLight.uexp" 5148
"C:/Program Files/Epic Games/Unreal Projects/Sacrilege/Content/Objects/Props/Railing/SM_Railing.ubulk" 5149
"C:/Program Files/Epic Games/Unreal Projects/Sacrilege/Content/Objects/Props/Railing/SM_Railing.uasset" 5150
"C:/Program Files/Epic Games/Unreal Projects/Sacrilege/Content/Objects/Props/Railing/SM_Railing.uexp" 5151
"C:/Program Files/Epic Games/Unreal Projects/Sacrilege/Content/Objects/Props/Railing/SM_RailingWithPost00_Post.ubulk" 5152
"C:/Program Files/Epic Games/Unreal Projects/Sacrilege/Content/Objects/Props/Railing/SM_RailingWithPost00_Post.uasset" 5153
"C:/Program Files/Epic Games/Unreal Projects/Sacrilege/Content/Objects/Props/Railing/SM_RailingWithPost00_Post.uexp" 5154
"C:/Program Files/Epic Games/Unreal Projects/Sacrilege/Content/Objects/Props/Railing/BP_RailingSpline.uasset" 5155
"C:/Program Files/Epic Games/Unreal Projects/Sacrilege/Content/Objects/Props/Railing/BP_RailingSpline.uexp" 5156
"C:/Program Files/Epic Games/Unreal Projects/Sacrilege/Content/Objects/Props/sandbagcover/SM_sandbagbarricade00.ubulk" 5157
"C:/Program Files/Epic Games/Unreal Projects/Sacrilege/Content/Objects/Props/sandbagcover/SM_sandbagbarricade00.uasset" 5158
"C:/Program Files/Epic Games/Unreal Projects/Sacrilege/Content/Objects/Props/sandbagcover/SM_sandbagbarricade00.uexp" 5159
"C:/Program Files/Epic Games/Unreal Projects/Sacrilege/Content/Objects/Props/WeaponRack/T_WeaponRack_Material_BaseColor.ubulk" 5160
"C:/Program Files/Epic Games/Unreal Projects/Sacrilege/Content/Objects/Props/WeaponRack/T_WeaponRack_Material_BaseColor.uasset" 5161
"C:/Program Files/Epic Games/Unreal Projects/Sacrilege/Content/Objects/Props/WeaponRack/T_WeaponRack_Material_BaseColor.uexp" 5162
"C:/Program Files/Epic Games/Unreal Projects/Sacrilege/Content/Objects/Props/WeaponRack/T_WeaponRack_Material_Normal.ubulk" 5163
"C:/Program Files/Epic Games/Unreal Projects/Sacrilege/Content/Objects/Props/WeaponRack/T_WeaponRack_Material_Normal.uasset" 5164
"C:/Program Files/Epic Games/Unreal Projects/Sacrilege/Content/Objects/Props/WeaponRack/T_WeaponRack_Material_Normal.uexp" 5165
"C:/Program Files/Epic Games/Unreal Projects/Sacrilege/Content/Objects/Props/WeaponRack/T_WeaponRack_Material_OcclusionRoughnessMetallic.ubulk" 5166
"C:/Program Files/Epic Games/Unreal Projects/Sacrilege/Content/Objects/Props/WeaponRack/T_WeaponRack_Material_OcclusionRoughnessMetallic.uasset" 5167
"C:/Program Files/Epic Games/Unreal Projects/Sacrilege/Content/Objects/Props/WeaponRack/T_WeaponRack_Material_OcclusionRoughnessMetallic.uexp" 5168
"C:/Program Files/Epic Games/Unreal Projects/Sacrilege/Content/Objects/Props/WeaponRack/M_WeaponRack_Base.uasset" 5169
"C:/Program Files/Epic Games/Unreal Projects/Sacrilege/Content/Objects/Props/WeaponRack/M_WeaponRack_Base.uexp" 5170
"C:/Program Files/Epic Games/Unreal Projects/Sacrilege/Content/Objects/Props/WeaponRack/T_WeaponRack_MeshMaterial_BaseColor.ubulk" 5171
"C:/Program Files/Epic Games/Unreal Projects/Sacrilege/Content/Objects/Props/WeaponRack/T_WeaponRack_MeshMaterial_BaseColor.uasset" 5172
"C:/Program Files/Epic Games/Unreal Projects/Sacrilege/Content/Objects/Props/WeaponRack/T_WeaponRack_MeshMaterial_BaseColor.uexp" 5173
"C:/Program Files/Epic Games/Unreal Projects/Sacrilege/Content/Objects/Props/WeaponRack/T_WeaponRack_MeshMaterial_Normal.ubulk" 5174
"C:/Program Files/Epic Games/Unreal Projects/Sacrilege/Content/Objects/Props/WeaponRack/T_WeaponRack_MeshMaterial_Normal.uasset" 5175
"C:/Program Files/Epic Games/Unreal Projects/Sacrilege/Content/Objects/Props/WeaponRack/T_WeaponRack_MeshMaterial_Normal.uexp" 5176
"C:/Program Files/Epic Games/Unreal Projects/Sacrilege/Content/Objects/Props/WeaponRack/T_WeaponRack_MeshMaterial_OcclusionRoughnessMetallic.ubulk" 5177
"C:/Program Files/Epic Games/Unreal Projects/Sacrilege/Content/Objects/Props/WeaponRack/T_WeaponRack_MeshMaterial_OcclusionRoughnessMetallic.uasset" 5178
"C:/Program Files/Epic Games/Unreal Projects/Sacrilege/Content/Objects/Props/WeaponRack/T_WeaponRack_MeshMaterial_OcclusionRoughnessMetallic.uexp" 5179
"C:/Program Files/Epic Games/Unreal Projects/Sacrilege/Content/Objects/Props/WeaponRack/M_WeaponRack_Mesh.uasset" 5180
"C:/Program Files/Epic Games/Unreal Projects/Sacrilege/Content/Objects/Props/WeaponRack/M_WeaponRack_Mesh.uexp" 5181
"C:/Program Files/Epic Games/Unreal Projects/Sacrilege/Content/Objects/Props/Shelving/SM_ShelvingSingle.ubulk" 5182
"C:/Program Files/Epic Games/Unreal Projects/Sacrilege/Content/Objects/Props/Shelving/SM_ShelvingSingle.uasset" 5183
"C:/Program Files/Epic Games/Unreal Projects/Sacrilege/Content/Objects/Props/Shelving/SM_ShelvingSingle.uexp" 5184
"C:/Program Files/Epic Games/Unreal Projects/Sacrilege/Content/Objects/Props/Shelving/BP_Shelving.uasset" 5185
"C:/Program Files/Epic Games/Unreal Projects/Sacrilege/Content/Objects/Props/Shelving/BP_Shelving.uexp" 5186
"C:/Program Files/Epic Games/Unreal Projects/Sacrilege/Content/MaterialLibrary/M_TVSlideshow.uasset" 5187
"C:/Program Files/Epic Games/Unreal Projects/Sacrilege/Content/MaterialLibrary/M_TVSlideshow.uexp" 5188
"C:/Program Files/Epic Games/Unreal Projects/Sacrilege/Content/Objects/Props/Sign/SM_Sign00.ubulk" 5189
"C:/Program Files/Epic Games/Unreal Projects/Sacrilege/Content/Objects/Props/Sign/SM_Sign00.uasset" 5190
"C:/Program Files/Epic Games/Unreal Projects/Sacrilege/Content/Objects/Props/Sign/SM_Sign00.uexp" 5191
"C:/Program Files/Epic Games/Unreal Projects/Sacrilege/Content/Core/NavArea_InfantryOnly.uasset" 5192
"C:/Program Files/Epic Games/Unreal Projects/Sacrilege/Content/Core/NavArea_InfantryOnly.uexp" 5193
"C:/Program Files/Epic Games/Unreal Projects/Sacrilege/Content/MaterialLibrary/MI_Metal_Grungy.uasset" 5194
"C:/Program Files/Epic Games/Unreal Projects/Sacrilege/Content/MaterialLibrary/MI_Metal_Grungy.uexp" 5195
"C:/Program Files/Epic Games/Unreal Projects/Sacrilege/Content/Objects/Props/TrafficBillard/SM_TrafficBillard.ubulk" 5196
"C:/Program Files/Epic Games/Unreal Projects/Sacrilege/Content/Objects/Props/TrafficBillard/SM_TrafficBillard.uasset" 5197
"C:/Program Files/Epic Games/Unreal Projects/Sacrilege/Content/Objects/Props/TrafficBillard/SM_TrafficBillard.uexp" 5198
"C:/Program Files/Epic Games/Unreal Projects/Sacrilege/Content/Objects/Props/TrafficBillard/BP_TrafficBillards.uasset" 5199
"C:/Program Files/Epic Games/Unreal Projects/Sacrilege/Content/Objects/Props/TrafficBillard/BP_TrafficBillards.uexp" 5200
"../../../Engine/Content/EngineMaterials/PhysMat_Rubber.uasset" 5201
"../../../Engine/Content/EngineMaterials/PhysMat_Rubber.uexp" 5202
"C:/Program Files/Epic Games/Unreal Projects/Sacrilege/Content/Objects/Props/trafficcone/T_TrafficCone00_Material_BaseColor.ubulk" 5203
"C:/Program Files/Epic Games/Unreal Projects/Sacrilege/Content/Objects/Props/trafficcone/T_TrafficCone00_Material_BaseColor.uasset" 5204
"C:/Program Files/Epic Games/Unreal Projects/Sacrilege/Content/Objects/Props/trafficcone/T_TrafficCone00_Material_BaseColor.uexp" 5205
"C:/Program Files/Epic Games/Unreal Projects/Sacrilege/Content/Objects/Props/trafficcone/T_TrafficCone00_Material_Normal.ubulk" 5206
"C:/Program Files/Epic Games/Unreal Projects/Sacrilege/Content/Objects/Props/trafficcone/T_TrafficCone00_Material_Normal.uasset" 5207
"C:/Program Files/Epic Games/Unreal Projects/Sacrilege/Content/Objects/Props/trafficcone/T_TrafficCone00_Material_Normal.uexp" 5208
"C:/Program Files/Epic Games/Unreal Projects/Sacrilege/Content/Objects/Props/trafficcone/T_TrafficCone00_Material_OcclusionRoughnessMetallic.ubulk" 5209
"C:/Program Files/Epic Games/Unreal Projects/Sacrilege/Content/Objects/Props/trafficcone/T_TrafficCone00_Material_OcclusionRoughnessMetallic.uasset" 5210
"C:/Program Files/Epic Games/Unreal Projects/Sacrilege/Content/Objects/Props/trafficcone/T_TrafficCone00_Material_OcclusionRoughnessMetallic.uexp" 5211
"C:/Program Files/Epic Games/Unreal Projects/Sacrilege/Content/Objects/Props/trafficcone/M_TrafficCone.uasset" 5212
"C:/Program Files/Epic Games/Unreal Projects/Sacrilege/Content/Objects/Props/trafficcone/M_TrafficCone.uexp" 5213
"C:/Program Files/Epic Games/Unreal Projects/Sacrilege/Content/Objects/Props/trafficcone/SM_TrafficCone00.ubulk" 5214
"C:/Program Files/Epic Games/Unreal Projects/Sacrilege/Content/Objects/Props/trafficcone/SM_TrafficCone00.uasset" 5215
"C:/Program Files/Epic Games/Unreal Projects/Sacrilege/Content/Objects/Props/trafficcone/SM_TrafficCone00.uexp" 5216
"C:/Program Files/Epic Games/Unreal Projects/Sacrilege/Content/Objects/Props/trafficcone/BP_TrafficCone.uasset" 5217
"C:/Program Files/Epic Games/Unreal Projects/Sacrilege/Content/Objects/Props/trafficcone/BP_TrafficCone.uexp" 5218
"C:/Program Files/Epic Games/Unreal Projects/Sacrilege/Content/MaterialLibrary/MI_BlackVoid.uasset" 5219
"C:/Program Files/Epic Games/Unreal Projects/Sacrilege/Content/MaterialLibrary/MI_BlackVoid.uexp" 5220
"C:/Program Files/Epic Games/Unreal Projects/Sacrilege/Content/Objects/Props/trashcan/T_trashcan_Material_BaseColor.ubulk" 5221
"C:/Program Files/Epic Games/Unreal Projects/Sacrilege/Content/Objects/Props/trashcan/T_trashcan_Material_BaseColor.uasset" 5222
"C:/Program Files/Epic Games/Unreal Projects/Sacrilege/Content/Objects/Props/trashcan/T_trashcan_Material_BaseColor.uexp" 5223
"C:/Program Files/Epic Games/Unreal Projects/Sacrilege/Content/Objects/Props/trashcan/T_trashcan_Material_Normal.ubulk" 5224
"C:/Program Files/Epic Games/Unreal Projects/Sacrilege/Content/Objects/Props/trashcan/T_trashcan_Material_Normal.uasset" 5225
"C:/Program Files/Epic Games/Unreal Projects/Sacrilege/Content/Objects/Props/trashcan/T_trashcan_Material_Normal.uexp" 5226
"C:/Program Files/Epic Games/Unreal Projects/Sacrilege/Content/Objects/Props/trashcan/T_trashcan_Material_OcclusionRoughnessMetallic.ubulk" 5227
"C:/Program Files/Epic Games/Unreal Projects/Sacrilege/Content/Objects/Props/trashcan/T_trashcan_Material_OcclusionRoughnessMetallic.uasset" 5228
"C:/Program Files/Epic Games/Unreal Projects/Sacrilege/Content/Objects/Props/trashcan/T_trashcan_Material_OcclusionRoughnessMetallic.uexp" 5229
"C:/Program Files/Epic Games/Unreal Projects/Sacrilege/Content/Objects/Props/trashcan/M_TrashCan.uasset" 5230
"C:/Program Files/Epic Games/Unreal Projects/Sacrilege/Content/Objects/Props/trashcan/M_TrashCan.uexp" 5231
"C:/Program Files/Epic Games/Unreal Projects/Sacrilege/Content/Objects/Props/trashcan/SM_trashcan00.ubulk" 5232
"C:/Program Files/Epic Games/Unreal Projects/Sacrilege/Content/Objects/Props/trashcan/SM_trashcan00.uasset" 5233
"C:/Program Files/Epic Games/Unreal Projects/Sacrilege/Content/Objects/Props/trashcan/SM_trashcan00.uexp" 5234
"C:/Program Files/Epic Games/Unreal Projects/Sacrilege/Content/Objects/Props/trashcan/BP_Trashcan.uasset" 5235
"C:/Program Files/Epic Games/Unreal Projects/Sacrilege/Content/Objects/Props/trashcan/BP_Trashcan.uexp" 5236
"C:/Program Files/Epic Games/Unreal Projects/Sacrilege/Content/Objects/Props/UNSCBarrel/UNSCBarrel_DefaultMaterial_BaseColor.ubulk" 5237
"C:/Program Files/Epic Games/Unreal Projects/Sacrilege/Content/Objects/Props/UNSCBarrel/UNSCBarrel_DefaultMaterial_BaseColor.uasset" 5238
"C:/Program Files/Epic Games/Unreal Projects/Sacrilege/Content/Objects/Props/UNSCBarrel/UNSCBarrel_DefaultMaterial_BaseColor.uexp" 5239
"C:/Program Files/Epic Games/Unreal Projects/Sacrilege/Content/Objects/Props/UNSCBarrel/UNSCBarrel_DefaultMaterial_Normal.ubulk" 5240
"C:/Program Files/Epic Games/Unreal Projects/Sacrilege/Content/Objects/Props/UNSCBarrel/UNSCBarrel_DefaultMaterial_Normal.uasset" 5241
"C:/Program Files/Epic Games/Unreal Projects/Sacrilege/Content/Objects/Props/UNSCBarrel/UNSCBarrel_DefaultMaterial_Normal.uexp" 5242
"C:/Program Files/Epic Games/Unreal Projects/Sacrilege/Content/Objects/Props/UNSCBarrel/UNSCBarrel_DefaultMaterial_OcclusionRoughnessMetallic.ubulk" 5243
"C:/Program Files/Epic Games/Unreal Projects/Sacrilege/Content/Objects/Props/UNSCBarrel/UNSCBarrel_DefaultMaterial_OcclusionRoughnessMetallic.uasset" 5244
"C:/Program Files/Epic Games/Unreal Projects/Sacrilege/Content/Objects/Props/UNSCBarrel/UNSCBarrel_DefaultMaterial_OcclusionRoughnessMetallic.uexp" 5245
"C:/Program Files/Epic Games/Unreal Projects/Sacrilege/Content/Objects/Props/UNSCBarrel/M_Barrel.uasset" 5246
"C:/Program Files/Epic Games/Unreal Projects/Sacrilege/Content/Objects/Props/UNSCBarrel/M_Barrel.uexp" 5247
"C:/Program Files/Epic Games/Unreal Projects/Sacrilege/Content/Objects/Props/UNSCBarrel/SM_UNSCBarrel.ubulk" 5248
"C:/Program Files/Epic Games/Unreal Projects/Sacrilege/Content/Objects/Props/UNSCBarrel/SM_UNSCBarrel.uasset" 5249
"C:/Program Files/Epic Games/Unreal Projects/Sacrilege/Content/Objects/Props/UNSCBarrel/SM_UNSCBarrel.uexp" 5250
"C:/Program Files/Epic Games/Unreal Projects/Sacrilege/Content/Objects/Props/UNSCBarrel/BP_Barrel.uasset" 5251
"C:/Program Files/Epic Games/Unreal Projects/Sacrilege/Content/Objects/Props/UNSCBarrel/BP_Barrel.uexp" 5252
"C:/Program Files/Epic Games/Unreal Projects/Sacrilege/Content/Objects/Props/UNSCSmallCrate/UNSCSmallCrate_LP_DefaultMaterial_BaseColor.ubulk" 5253
"C:/Program Files/Epic Games/Unreal Projects/Sacrilege/Content/Objects/Props/UNSCSmallCrate/UNSCSmallCrate_LP_DefaultMaterial_BaseColor.uasset" 5254
"C:/Program Files/Epic Games/Unreal Projects/Sacrilege/Content/Objects/Props/UNSCSmallCrate/UNSCSmallCrate_LP_DefaultMaterial_BaseColor.uexp" 5255
"C:/Program Files/Epic Games/Unreal Projects/Sacrilege/Content/Objects/Props/UNSCSmallCrate/UNSCSmallCrate_LP_DefaultMaterial_Normal.ubulk" 5256
"C:/Program Files/Epic Games/Unreal Projects/Sacrilege/Content/Objects/Props/UNSCSmallCrate/UNSCSmallCrate_LP_DefaultMaterial_Normal.uasset" 5257
"C:/Program Files/Epic Games/Unreal Projects/Sacrilege/Content/Objects/Props/UNSCSmallCrate/UNSCSmallCrate_LP_DefaultMaterial_Normal.uexp" 5258
"C:/Program Files/Epic Games/Unreal Projects/Sacrilege/Content/Objects/Props/UNSCSmallCrate/UNSCSmallCrate_LP_DefaultMaterial_OcclusionRoughnessMetallic.ubulk" 5259
"C:/Program Files/Epic Games/Unreal Projects/Sacrilege/Content/Objects/Props/UNSCSmallCrate/UNSCSmallCrate_LP_DefaultMaterial_OcclusionRoughnessMetallic.uasset" 5260
"C:/Program Files/Epic Games/Unreal Projects/Sacrilege/Content/Objects/Props/UNSCSmallCrate/UNSCSmallCrate_LP_DefaultMaterial_OcclusionRoughnessMetallic.uexp" 5261
"C:/Program Files/Epic Games/Unreal Projects/Sacrilege/Content/Objects/Props/UNSCSmallCrate/M_SmallCrate.uasset" 5262
"C:/Program Files/Epic Games/Unreal Projects/Sacrilege/Content/Objects/Props/UNSCSmallCrate/M_SmallCrate.uexp" 5263
"C:/Program Files/Epic Games/Unreal Projects/Sacrilege/Content/Objects/Props/UNSCSmallCrate/UNSCSmallCrate_LP.ubulk" 5264
"C:/Program Files/Epic Games/Unreal Projects/Sacrilege/Content/Objects/Props/UNSCSmallCrate/UNSCSmallCrate_LP.uasset" 5265
"C:/Program Files/Epic Games/Unreal Projects/Sacrilege/Content/Objects/Props/UNSCSmallCrate/UNSCSmallCrate_LP.uexp" 5266
"C:/Program Files/Epic Games/Unreal Projects/Sacrilege/Content/Objects/Props/UNSCSmallCrate/BP_SmallCrate.uasset" 5267
"C:/Program Files/Epic Games/Unreal Projects/Sacrilege/Content/Objects/Props/UNSCSmallCrate/BP_SmallCrate.uexp" 5268
"C:/Program Files/Epic Games/Unreal Projects/Sacrilege/Content/Objects/Props/UNSCBox/BP_BoxStackSmall00.uasset" 5269
"C:/Program Files/Epic Games/Unreal Projects/Sacrilege/Content/Objects/Props/UNSCBox/BP_BoxStackSmall00.uexp" 5270
"C:/Program Files/Epic Games/Unreal Projects/Sacrilege/Content/Objects/Props/UNSCButton/SM_UNSCButton.ubulk" 5271
"C:/Program Files/Epic Games/Unreal Projects/Sacrilege/Content/Objects/Props/UNSCButton/SM_UNSCButton.uasset" 5272
"C:/Program Files/Epic Games/Unreal Projects/Sacrilege/Content/Objects/Props/UNSCButton/SM_UNSCButton.uexp" 5273
"C:/Program Files/Epic Games/Unreal Projects/Sacrilege/Content/Objects/Props/UNSCCover/UNSCCoverWide/StaticMeshes/UNSCCoverWide.ubulk" 5274
"C:/Program Files/Epic Games/Unreal Projects/Sacrilege/Content/Objects/Props/UNSCCover/UNSCCoverWide/StaticMeshes/UNSCCoverWide.uasset" 5275
"C:/Program Files/Epic Games/Unreal Projects/Sacrilege/Content/Objects/Props/UNSCCover/UNSCCoverWide/StaticMeshes/UNSCCoverWide.uexp" 5276
"C:/Program Files/Epic Games/Unreal Projects/Sacrilege/Content/Objects/Props/UNSCCover/BP_Cover.uasset" 5277
"C:/Program Files/Epic Games/Unreal Projects/Sacrilege/Content/Objects/Props/UNSCCover/BP_Cover.uexp" 5278
"C:/Program Files/Epic Games/Unreal Projects/Sacrilege/Content/Objects/Props/UNSCCover/SM_unsccovermini.ubulk" 5279
"C:/Program Files/Epic Games/Unreal Projects/Sacrilege/Content/Objects/Props/UNSCCover/SM_unsccovermini.uasset" 5280
"C:/Program Files/Epic Games/Unreal Projects/Sacrilege/Content/Objects/Props/UNSCCover/SM_unsccovermini.uexp" 5281
"C:/Program Files/Epic Games/Unreal Projects/Sacrilege/Content/Objects/Props/UNSCSmallCrate/BP_BigCrate.uasset" 5282
"C:/Program Files/Epic Games/Unreal Projects/Sacrilege/Content/Objects/Props/UNSCSmallCrate/BP_BigCrate.uexp" 5283
"C:/Program Files/Epic Games/Unreal Projects/Sacrilege/Content/Objects/Props/WeaponRack/SM_WeaponRack.ubulk" 5284
"C:/Program Files/Epic Games/Unreal Projects/Sacrilege/Content/Objects/Props/WeaponRack/SM_WeaponRack.uasset" 5285
"C:/Program Files/Epic Games/Unreal Projects/Sacrilege/Content/Objects/Props/WeaponRack/SM_WeaponRack.uexp" 5286
"C:/Program Files/Epic Games/Unreal Projects/Sacrilege/Content/Objects/Props/WeaponRack/BP_WeaponRack.uasset" 5287
"C:/Program Files/Epic Games/Unreal Projects/Sacrilege/Content/Objects/Props/WeaponRack/BP_WeaponRack.uexp" 5288
"C:/Program Files/Epic Games/Unreal Projects/Sacrilege/Content/Objects/Props/Rocks/RockTall00/T_Rock_Normal.ubulk" 5289
"C:/Program Files/Epic Games/Unreal Projects/Sacrilege/Content/Objects/Props/Rocks/RockTall00/T_Rock_Normal.uasset" 5290
"C:/Program Files/Epic Games/Unreal Projects/Sacrilege/Content/Objects/Props/Rocks/RockTall00/T_Rock_Normal.uexp" 5291
"C:/Program Files/Epic Games/Unreal Projects/Sacrilege/Content/Objects/Props/Rocks/RockTall00/MI_Rock03.uasset" 5292
"C:/Program Files/Epic Games/Unreal Projects/Sacrilege/Content/Objects/Props/Rocks/RockTall00/MI_Rock03.uexp" 5293
"C:/Program Files/Epic Games/Unreal Projects/Sacrilege/Content/Objects/Props/Rocks/RockTall00/SM_Rock03.ubulk" 5294
"C:/Program Files/Epic Games/Unreal Projects/Sacrilege/Content/Objects/Props/Rocks/RockTall00/SM_Rock03.uasset" 5295
"C:/Program Files/Epic Games/Unreal Projects/Sacrilege/Content/Objects/Props/Rocks/RockTall00/SM_Rock03.uexp" 5296
"C:/Program Files/Epic Games/Unreal Projects/Sacrilege/Content/AI/BTTask_FindPlayer.uasset" 5297
"C:/Program Files/Epic Games/Unreal Projects/Sacrilege/Content/AI/BTTask_FindPlayer.uexp" 5298
"C:/Program Files/Epic Games/Unreal Projects/Sacrilege/Content/AI/BT_AttackPlayers.uasset" 5299
"C:/Program Files/Epic Games/Unreal Projects/Sacrilege/Content/AI/BT_AttackPlayers.uexp" 5300
"C:/Program Files/Epic Games/Unreal Projects/Sacrilege/Content/AI/AISript_MoveToPlayers.uasset" 5301
"C:/Program Files/Epic Games/Unreal Projects/Sacrilege/Content/AI/AISript_MoveToPlayers.uexp" 5302
"C:/Program Files/Epic Games/Unreal Projects/Sacrilege/Content/Levels/LayerInfos/Asphalt_LayerInfo.uasset" 5303
"C:/Program Files/Epic Games/Unreal Projects/Sacrilege/Content/Levels/LayerInfos/Asphalt_LayerInfo.uexp" 5304
"C:/Program Files/Epic Games/Unreal Projects/Sacrilege/Content/Levels/LayerInfos/Concrete_LayerInfo_1.uasset" 5305
"C:/Program Files/Epic Games/Unreal Projects/Sacrilege/Content/Levels/LayerInfos/Concrete_LayerInfo_1.uexp" 5306
"C:/Program Files/Epic Games/Unreal Projects/Sacrilege/Content/Levels/LayerInfos/Dirt_LayerInfo.uasset" 5307
"C:/Program Files/Epic Games/Unreal Projects/Sacrilege/Content/Levels/LayerInfos/Dirt_LayerInfo.uexp" 5308
"C:/Program Files/Epic Games/Unreal Projects/Sacrilege/Content/Levels/LayerInfos/Grass_LayerInfo.uasset" 5309
"C:/Program Files/Epic Games/Unreal Projects/Sacrilege/Content/Levels/LayerInfos/Grass_LayerInfo.uexp" 5310
"C:/Program Files/Epic Games/Unreal Projects/Sacrilege/Content/Levels/LayerInfos/Gravel_LayerInfo.uasset" 5311
"C:/Program Files/Epic Games/Unreal Projects/Sacrilege/Content/Levels/LayerInfos/Gravel_LayerInfo.uexp" 5312
"C:/Program Files/Epic Games/Unreal Projects/Sacrilege/Content/Sounds/S_766842__241378__trees-rustling.ubulk" 5313
"C:/Program Files/Epic Games/Unreal Projects/Sacrilege/Content/Sounds/S_766842__241378__trees-rustling.uasset" 5314
"C:/Program Files/Epic Games/Unreal Projects/Sacrilege/Content/Sounds/S_766842__241378__trees-rustling.uexp" 5315
"C:/Program Files/Epic Games/Unreal Projects/Sacrilege/Content/Sounds/S_SciFiBattleScape.ubulk" 5316
"C:/Program Files/Epic Games/Unreal Projects/Sacrilege/Content/Sounds/S_SciFiBattleScape.uasset" 5317
"C:/Program Files/Epic Games/Unreal Projects/Sacrilege/Content/Sounds/S_SciFiBattleScape.uexp" 5318
"C:/Program Files/Epic Games/Unreal Projects/Sacrilege/Content/Sounds/S_WaterAmbience.ubulk" 5319
"C:/Program Files/Epic Games/Unreal Projects/Sacrilege/Content/Sounds/S_WaterAmbience.uasset" 5320
"C:/Program Files/Epic Games/Unreal Projects/Sacrilege/Content/Sounds/S_WaterAmbience.uexp" 5321
"C:/Program Files/Epic Games/Unreal Projects/Sacrilege/Content/Levels/_GENERATED/sgtfl/Box_291A6B3A.ubulk" 5322
"C:/Program Files/Epic Games/Unreal Projects/Sacrilege/Content/Levels/_GENERATED/sgtfl/Box_291A6B3A.uasset" 5323
"C:/Program Files/Epic Games/Unreal Projects/Sacrilege/Content/Levels/_GENERATED/sgtfl/Box_291A6B3A.uexp" 5324
"C:/Program Files/Epic Games/Unreal Projects/Sacrilege/Content/Levels/_GENERATED/sgtfl/Box_4B8E0848.ubulk" 5325
"C:/Program Files/Epic Games/Unreal Projects/Sacrilege/Content/Levels/_GENERATED/sgtfl/Box_4B8E0848.uasset" 5326
"C:/Program Files/Epic Games/Unreal Projects/Sacrilege/Content/Levels/_GENERATED/sgtfl/Box_4B8E0848.uexp" 5327
"C:/Program Files/Epic Games/Unreal Projects/Sacrilege/Content/Levels/_GENERATED/sgtfl/BspMesh6_0_F41D3723.ubulk" 5328
"C:/Program Files/Epic Games/Unreal Projects/Sacrilege/Content/Levels/_GENERATED/sgtfl/BspMesh6_0_F41D3723.uasset" 5329
"C:/Program Files/Epic Games/Unreal Projects/Sacrilege/Content/Levels/_GENERATED/sgtfl/BspMesh6_0_F41D3723.uexp" 5330
"C:/Program Files/Epic Games/Unreal Projects/Sacrilege/Content/Levels/_GENERATED/sgtfl/BspMesh6_1_D29B3ADE.ubulk" 5331
"C:/Program Files/Epic Games/Unreal Projects/Sacrilege/Content/Levels/_GENERATED/sgtfl/BspMesh6_1_D29B3ADE.uasset" 5332
"C:/Program Files/Epic Games/Unreal Projects/Sacrilege/Content/Levels/_GENERATED/sgtfl/BspMesh6_1_D29B3ADE.uexp" 5333
"C:/Program Files/Epic Games/Unreal Projects/Sacrilege/Content/Levels/_GENERATED/sgtfl/BspMesh6_2_B10B4344.ubulk" 5334
"C:/Program Files/Epic Games/Unreal Projects/Sacrilege/Content/Levels/_GENERATED/sgtfl/BspMesh6_2_B10B4344.uasset" 5335
"C:/Program Files/Epic Games/Unreal Projects/Sacrilege/Content/Levels/_GENERATED/sgtfl/BspMesh6_2_B10B4344.uexp" 5336
"C:/Program Files/Epic Games/Unreal Projects/Sacrilege/Content/Levels/_GENERATED/sgtfl/BspMesh_03AF4AD7.ubulk" 5337
"C:/Program Files/Epic Games/Unreal Projects/Sacrilege/Content/Levels/_GENERATED/sgtfl/BspMesh_03AF4AD7.uasset" 5338
"C:/Program Files/Epic Games/Unreal Projects/Sacrilege/Content/Levels/_GENERATED/sgtfl/BspMesh_03AF4AD7.uexp" 5339
"C:/Program Files/Epic Games/Unreal Projects/Sacrilege/Content/Levels/_GENERATED/sgtfl/BspMesh_116F2892.ubulk" 5340
"C:/Program Files/Epic Games/Unreal Projects/Sacrilege/Content/Levels/_GENERATED/sgtfl/BspMesh_116F2892.uasset" 5341
"C:/Program Files/Epic Games/Unreal Projects/Sacrilege/Content/Levels/_GENERATED/sgtfl/BspMesh_116F2892.uexp" 5342
"C:/Program Files/Epic Games/Unreal Projects/Sacrilege/Content/Levels/_GENERATED/sgtfl/BspMesh_15776F5D.ubulk" 5343
"C:/Program Files/Epic Games/Unreal Projects/Sacrilege/Content/Levels/_GENERATED/sgtfl/BspMesh_15776F5D.uasset" 5344
"C:/Program Files/Epic Games/Unreal Projects/Sacrilege/Content/Levels/_GENERATED/sgtfl/BspMesh_15776F5D.uexp" 5345
"C:/Program Files/Epic Games/Unreal Projects/Sacrilege/Content/Levels/_GENERATED/sgtfl/BspMesh_1679B59A.ubulk" 5346
"C:/Program Files/Epic Games/Unreal Projects/Sacrilege/Content/Levels/_GENERATED/sgtfl/BspMesh_1679B59A.uasset" 5347
"C:/Program Files/Epic Games/Unreal Projects/Sacrilege/Content/Levels/_GENERATED/sgtfl/BspMesh_1679B59A.uexp" 5348
"C:/Program Files/Epic Games/Unreal Projects/Sacrilege/Content/Levels/_GENERATED/sgtfl/BspMesh_1BA470EE.ubulk" 5349
"C:/Program Files/Epic Games/Unreal Projects/Sacrilege/Content/Levels/_GENERATED/sgtfl/BspMesh_1BA470EE.uasset" 5350
"C:/Program Files/Epic Games/Unreal Projects/Sacrilege/Content/Levels/_GENERATED/sgtfl/BspMesh_1BA470EE.uexp" 5351
"C:/Program Files/Epic Games/Unreal Projects/Sacrilege/Content/Levels/_GENERATED/sgtfl/BspMesh_32491EEC.ubulk" 5352
"C:/Program Files/Epic Games/Unreal Projects/Sacrilege/Content/Levels/_GENERATED/sgtfl/BspMesh_32491EEC.uasset" 5353
"C:/Program Files/Epic Games/Unreal Projects/Sacrilege/Content/Levels/_GENERATED/sgtfl/BspMesh_32491EEC.uexp" 5354
"C:/Program Files/Epic Games/Unreal Projects/Sacrilege/Content/Levels/_GENERATED/sgtfl/BspMesh_4AAEB97D.ubulk" 5355
"C:/Program Files/Epic Games/Unreal Projects/Sacrilege/Content/Levels/_GENERATED/sgtfl/BspMesh_4AAEB97D.uasset" 5356
"C:/Program Files/Epic Games/Unreal Projects/Sacrilege/Content/Levels/_GENERATED/sgtfl/BspMesh_4AAEB97D.uexp" 5357
"C:/Program Files/Epic Games/Unreal Projects/Sacrilege/Content/Levels/_GENERATED/sgtfl/BspMesh_4BED71CB.ubulk" 5358
"C:/Program Files/Epic Games/Unreal Projects/Sacrilege/Content/Levels/_GENERATED/sgtfl/BspMesh_4BED71CB.uasset" 5359
"C:/Program Files/Epic Games/Unreal Projects/Sacrilege/Content/Levels/_GENERATED/sgtfl/BspMesh_4BED71CB.uexp" 5360
"C:/Program Files/Epic Games/Unreal Projects/Sacrilege/Content/Levels/_GENERATED/sgtfl/BspMesh_4F559D98.ubulk" 5361
"C:/Program Files/Epic Games/Unreal Projects/Sacrilege/Content/Levels/_GENERATED/sgtfl/BspMesh_4F559D98.uasset" 5362
"C:/Program Files/Epic Games/Unreal Projects/Sacrilege/Content/Levels/_GENERATED/sgtfl/BspMesh_4F559D98.uexp" 5363
"C:/Program Files/Epic Games/Unreal Projects/Sacrilege/Content/Levels/_GENERATED/sgtfl/BspMesh_5288D0FC.ubulk" 5364
"C:/Program Files/Epic Games/Unreal Projects/Sacrilege/Content/Levels/_GENERATED/sgtfl/BspMesh_5288D0FC.uasset" 5365
"C:/Program Files/Epic Games/Unreal Projects/Sacrilege/Content/Levels/_GENERATED/sgtfl/BspMesh_5288D0FC.uexp" 5366
"C:/Program Files/Epic Games/Unreal Projects/Sacrilege/Content/Levels/_GENERATED/sgtfl/BspMesh_53BAF567.ubulk" 5367
"C:/Program Files/Epic Games/Unreal Projects/Sacrilege/Content/Levels/_GENERATED/sgtfl/BspMesh_53BAF567.uasset" 5368
"C:/Program Files/Epic Games/Unreal Projects/Sacrilege/Content/Levels/_GENERATED/sgtfl/BspMesh_53BAF567.uexp" 5369
"C:/Program Files/Epic Games/Unreal Projects/Sacrilege/Content/Levels/_GENERATED/sgtfl/BspMesh_5DAF2D6E.ubulk" 5370
"C:/Program Files/Epic Games/Unreal Projects/Sacrilege/Content/Levels/_GENERATED/sgtfl/BspMesh_5DAF2D6E.uasset" 5371
"C:/Program Files/Epic Games/Unreal Projects/Sacrilege/Content/Levels/_GENERATED/sgtfl/BspMesh_5DAF2D6E.uexp" 5372
"C:/Program Files/Epic Games/Unreal Projects/Sacrilege/Content/Levels/_GENERATED/sgtfl/BspMesh_5E25AC86.ubulk" 5373
"C:/Program Files/Epic Games/Unreal Projects/Sacrilege/Content/Levels/_GENERATED/sgtfl/BspMesh_5E25AC86.uasset" 5374
"C:/Program Files/Epic Games/Unreal Projects/Sacrilege/Content/Levels/_GENERATED/sgtfl/BspMesh_5E25AC86.uexp" 5375
"C:/Program Files/Epic Games/Unreal Projects/Sacrilege/Content/Levels/_GENERATED/sgtfl/BspMesh_878F9D47.ubulk" 5376
"C:/Program Files/Epic Games/Unreal Projects/Sacrilege/Content/Levels/_GENERATED/sgtfl/BspMesh_878F9D47.uasset" 5377
"C:/Program Files/Epic Games/Unreal Projects/Sacrilege/Content/Levels/_GENERATED/sgtfl/BspMesh_878F9D47.uexp" 5378
"C:/Program Files/Epic Games/Unreal Projects/Sacrilege/Content/Levels/_GENERATED/sgtfl/BspMesh_8CEB0434.ubulk" 5379
"C:/Program Files/Epic Games/Unreal Projects/Sacrilege/Content/Levels/_GENERATED/sgtfl/BspMesh_8CEB0434.uasset" 5380
"C:/Program Files/Epic Games/Unreal Projects/Sacrilege/Content/Levels/_GENERATED/sgtfl/BspMesh_8CEB0434.uexp" 5381
"C:/Program Files/Epic Games/Unreal Projects/Sacrilege/Content/Levels/_GENERATED/sgtfl/BspMesh_8D5782C1.ubulk" 5382
"C:/Program Files/Epic Games/Unreal Projects/Sacrilege/Content/Levels/_GENERATED/sgtfl/BspMesh_8D5782C1.uasset" 5383
"C:/Program Files/Epic Games/Unreal Projects/Sacrilege/Content/Levels/_GENERATED/sgtfl/BspMesh_8D5782C1.uexp" 5384
"C:/Program Files/Epic Games/Unreal Projects/Sacrilege/Content/Levels/_GENERATED/sgtfl/BspMesh_A67AA1A4.ubulk" 5385
"C:/Program Files/Epic Games/Unreal Projects/Sacrilege/Content/Levels/_GENERATED/sgtfl/BspMesh_A67AA1A4.uasset" 5386
"C:/Program Files/Epic Games/Unreal Projects/Sacrilege/Content/Levels/_GENERATED/sgtfl/BspMesh_A67AA1A4.uexp" 5387
"C:/Program Files/Epic Games/Unreal Projects/Sacrilege/Content/Levels/_GENERATED/sgtfl/BspMesh_B83DCDD3.ubulk" 5388
"C:/Program Files/Epic Games/Unreal Projects/Sacrilege/Content/Levels/_GENERATED/sgtfl/BspMesh_B83DCDD3.uasset" 5389
"C:/Program Files/Epic Games/Unreal Projects/Sacrilege/Content/Levels/_GENERATED/sgtfl/BspMesh_B83DCDD3.uexp" 5390
"C:/Program Files/Epic Games/Unreal Projects/Sacrilege/Content/Levels/_GENERATED/sgtfl/BspMesh_BB12B140.ubulk" 5391
"C:/Program Files/Epic Games/Unreal Projects/Sacrilege/Content/Levels/_GENERATED/sgtfl/BspMesh_BB12B140.uasset" 5392
"C:/Program Files/Epic Games/Unreal Projects/Sacrilege/Content/Levels/_GENERATED/sgtfl/BspMesh_BB12B140.uexp" 5393
"C:/Program Files/Epic Games/Unreal Projects/Sacrilege/Content/Levels/_GENERATED/sgtfl/BspMesh_C48C6B76.ubulk" 5394
"C:/Program Files/Epic Games/Unreal Projects/Sacrilege/Content/Levels/_GENERATED/sgtfl/BspMesh_C48C6B76.uasset" 5395
"C:/Program Files/Epic Games/Unreal Projects/Sacrilege/Content/Levels/_GENERATED/sgtfl/BspMesh_C48C6B76.uexp" 5396
"C:/Program Files/Epic Games/Unreal Projects/Sacrilege/Content/Levels/_GENERATED/sgtfl/BspMesh_C575F593.ubulk" 5397
"C:/Program Files/Epic Games/Unreal Projects/Sacrilege/Content/Levels/_GENERATED/sgtfl/BspMesh_C575F593.uasset" 5398
"C:/Program Files/Epic Games/Unreal Projects/Sacrilege/Content/Levels/_GENERATED/sgtfl/BspMesh_C575F593.uexp" 5399
"C:/Program Files/Epic Games/Unreal Projects/Sacrilege/Content/Levels/_GENERATED/sgtfl/BspMesh_D16DFA4C.ubulk" 5400
"C:/Program Files/Epic Games/Unreal Projects/Sacrilege/Content/Levels/_GENERATED/sgtfl/BspMesh_D16DFA4C.uasset" 5401
"C:/Program Files/Epic Games/Unreal Projects/Sacrilege/Content/Levels/_GENERATED/sgtfl/BspMesh_D16DFA4C.uexp" 5402
"C:/Program Files/Epic Games/Unreal Projects/Sacrilege/Content/Levels/_GENERATED/sgtfl/BspMesh_D5422934.ubulk" 5403
"C:/Program Files/Epic Games/Unreal Projects/Sacrilege/Content/Levels/_GENERATED/sgtfl/BspMesh_D5422934.uasset" 5404
"C:/Program Files/Epic Games/Unreal Projects/Sacrilege/Content/Levels/_GENERATED/sgtfl/BspMesh_D5422934.uexp" 5405
"C:/Program Files/Epic Games/Unreal Projects/Sacrilege/Content/Levels/_GENERATED/sgtfl/BspMesh_D64E3E1E.ubulk" 5406
"C:/Program Files/Epic Games/Unreal Projects/Sacrilege/Content/Levels/_GENERATED/sgtfl/BspMesh_D64E3E1E.uasset" 5407
"C:/Program Files/Epic Games/Unreal Projects/Sacrilege/Content/Levels/_GENERATED/sgtfl/BspMesh_D64E3E1E.uexp" 5408
"C:/Program Files/Epic Games/Unreal Projects/Sacrilege/Content/Levels/_GENERATED/sgtfl/BspMesh_D952A2A5.ubulk" 5409
"C:/Program Files/Epic Games/Unreal Projects/Sacrilege/Content/Levels/_GENERATED/sgtfl/BspMesh_D952A2A5.uasset" 5410
"C:/Program Files/Epic Games/Unreal Projects/Sacrilege/Content/Levels/_GENERATED/sgtfl/BspMesh_D952A2A5.uexp" 5411
"C:/Program Files/Epic Games/Unreal Projects/Sacrilege/Content/Levels/_GENERATED/sgtfl/BspMesh_DBE14BD7.ubulk" 5412
"C:/Program Files/Epic Games/Unreal Projects/Sacrilege/Content/Levels/_GENERATED/sgtfl/BspMesh_DBE14BD7.uasset" 5413
"C:/Program Files/Epic Games/Unreal Projects/Sacrilege/Content/Levels/_GENERATED/sgtfl/BspMesh_DBE14BD7.uexp" 5414
"C:/Program Files/Epic Games/Unreal Projects/Sacrilege/Content/Levels/_GENERATED/sgtfl/BspMesh_EA40F1EB.ubulk" 5415
"C:/Program Files/Epic Games/Unreal Projects/Sacrilege/Content/Levels/_GENERATED/sgtfl/BspMesh_EA40F1EB.uasset" 5416
"C:/Program Files/Epic Games/Unreal Projects/Sacrilege/Content/Levels/_GENERATED/sgtfl/BspMesh_EA40F1EB.uexp" 5417
"C:/Program Files/Epic Games/Unreal Projects/Sacrilege/Content/Levels/_GENERATED/sgtfl/BspMesh_EABB2D54.ubulk" 5418
"C:/Program Files/Epic Games/Unreal Projects/Sacrilege/Content/Levels/_GENERATED/sgtfl/BspMesh_EABB2D54.uasset" 5419
"C:/Program Files/Epic Games/Unreal Projects/Sacrilege/Content/Levels/_GENERATED/sgtfl/BspMesh_EABB2D54.uexp" 5420
"C:/Program Files/Epic Games/Unreal Projects/Sacrilege/Content/Levels/_GENERATED/sgtfl/BspMesh_F149851F.ubulk" 5421
"C:/Program Files/Epic Games/Unreal Projects/Sacrilege/Content/Levels/_GENERATED/sgtfl/BspMesh_F149851F.uasset" 5422
"C:/Program Files/Epic Games/Unreal Projects/Sacrilege/Content/Levels/_GENERATED/sgtfl/BspMesh_F149851F.uexp" 5423
"C:/Program Files/Epic Games/Unreal Projects/Sacrilege/Content/Levels/_GENERATED/sgtfl/BspMesh_FC371313.ubulk" 5424
"C:/Program Files/Epic Games/Unreal Projects/Sacrilege/Content/Levels/_GENERATED/sgtfl/BspMesh_FC371313.uasset" 5425
"C:/Program Files/Epic Games/Unreal Projects/Sacrilege/Content/Levels/_GENERATED/sgtfl/BspMesh_FC371313.uexp" 5426
"C:/Program Files/Epic Games/Unreal Projects/Sacrilege/Content/Levels/_GENERATED/sgtfl/BspMesh_FE7B267C.ubulk" 5427
"C:/Program Files/Epic Games/Unreal Projects/Sacrilege/Content/Levels/_GENERATED/sgtfl/BspMesh_FE7B267C.uasset" 5428
"C:/Program Files/Epic Games/Unreal Projects/Sacrilege/Content/Levels/_GENERATED/sgtfl/BspMesh_FE7B267C.uexp" 5429
"C:/Program Files/Epic Games/Unreal Projects/Sacrilege/Content/Levels/TestMap_BuiltData.ubulk" 5430
"C:/Program Files/Epic Games/Unreal Projects/Sacrilege/Content/Levels/TestMap_BuiltData.uasset" 5431
"C:/Program Files/Epic Games/Unreal Projects/Sacrilege/Content/Levels/TestMap_BuiltData.uexp" 5432
"C:/Program Files/Epic Games/Unreal Projects/Sacrilege/Content/Levels/TestMap.uexp" 5433
"C:/Program Files/Epic Games/Unreal Projects/Sacrilege/Content/Levels/TestMap.ubulk" 5434
"C:/Program Files/Epic Games/Unreal Projects/Sacrilege/Content/Levels/TestMap.umap" 5435
"C:/Program Files/Epic Games/Unreal Projects/Sacrilege/Content/Core/Gamemodes/BP_SlayerPlayerState.uasset" 5436
"C:/Program Files/Epic Games/Unreal Projects/Sacrilege/Content/Core/Gamemodes/BP_SlayerPlayerState.uexp" 5437
"C:/Program Files/Epic Games/Unreal Projects/Sacrilege/Content/UI/WBP_SlayerHUD.uasset" 5438
"C:/Program Files/Epic Games/Unreal Projects/Sacrilege/Content/UI/WBP_SlayerHUD.uexp" 5439
"C:/Program Files/Epic Games/Unreal Projects/Sacrilege/Content/Core/Gamemodes/BP_SlayerGameState.uasset" 5440
"C:/Program Files/Epic Games/Unreal Projects/Sacrilege/Content/Core/Gamemodes/BP_SlayerGameState.uexp" 5441
"C:/Program Files/Epic Games/Unreal Projects/Sacrilege/Content/Core/Gamemodes/BP_SlayerGameMode.uasset" 5442
"C:/Program Files/Epic Games/Unreal Projects/Sacrilege/Content/Core/Gamemodes/BP_SlayerGameMode.uexp" 5443
"C:/Program Files/Epic Games/Unreal Projects/Sacrilege/Content/Levels/_GENERATED/sgtfl/Box_AC877FF7.ubulk" 5444
"C:/Program Files/Epic Games/Unreal Projects/Sacrilege/Content/Levels/_GENERATED/sgtfl/Box_AC877FF7.uasset" 5445
"C:/Program Files/Epic Games/Unreal Projects/Sacrilege/Content/Levels/_GENERATED/sgtfl/Box_AC877FF7.uexp" 5446
"C:/Program Files/Epic Games/Unreal Projects/Sacrilege/Content/Levels/IconLevel.uexp" 5447
"C:/Program Files/Epic Games/Unreal Projects/Sacrilege/Content/Levels/IconLevel.umap" 5448
"C:/Program Files/Epic Games/Unreal Projects/Sacrilege/Content/Core/BP_CampaignGameMode.uasset" 5449
"C:/Program Files/Epic Games/Unreal Projects/Sacrilege/Content/Core/BP_CampaignGameMode.uexp" 5450
"C:/Program Files/Epic Games/Unreal Projects/Sacrilege/Content/Objects/BP_ActivatingVolume.uasset" 5451
"C:/Program Files/Epic Games/Unreal Projects/Sacrilege/Content/Objects/BP_ActivatingVolume.uexp" 5452
"C:/Program Files/Epic Games/Unreal Projects/Sacrilege/Content/Objects/Bridge/BP_Bridge.uasset" 5453
"C:/Program Files/Epic Games/Unreal Projects/Sacrilege/Content/Objects/Bridge/BP_Bridge.uexp" 5454
"C:/Program Files/Epic Games/Unreal Projects/Sacrilege/Content/Objects/Doors/ForerunnerDoor_Skeleton.uasset" 5455
"C:/Program Files/Epic Games/Unreal Projects/Sacrilege/Content/Objects/Doors/ForerunnerDoor_Skeleton.uexp" 5456
"C:/Program Files/Epic Games/Unreal Projects/Sacrilege/Content/Objects/Doors/Close.uasset" 5457
"C:/Program Files/Epic Games/Unreal Projects/Sacrilege/Content/Objects/Doors/Close.uexp" 5458
"C:/Program Files/Epic Games/Unreal Projects/Sacrilege/Content/Objects/Doors/ForerunnerDoor_PhysicsAsset.uasset" 5459
"C:/Program Files/Epic Games/Unreal Projects/Sacrilege/Content/Objects/Doors/ForerunnerDoor_PhysicsAsset.uexp" 5460
"C:/Program Files/Epic Games/Unreal Projects/Sacrilege/Content/Objects/Doors/ForerunnerDoor.uasset" 5461
"C:/Program Files/Epic Games/Unreal Projects/Sacrilege/Content/Objects/Doors/ForerunnerDoor.uexp" 5462
"C:/Program Files/Epic Games/Unreal Projects/Sacrilege/Content/Objects/Doors/Open.uasset" 5463
"C:/Program Files/Epic Games/Unreal Projects/Sacrilege/Content/Objects/Doors/Open.uexp" 5464
"C:/Program Files/Epic Games/Unreal Projects/Sacrilege/Content/Objects/Doors/S_SacrilegeForerunnerDoorSmallClose.ubulk" 5465
"C:/Program Files/Epic Games/Unreal Projects/Sacrilege/Content/Objects/Doors/S_SacrilegeForerunnerDoorSmallClose.uasset" 5466
"C:/Program Files/Epic Games/Unreal Projects/Sacrilege/Content/Objects/Doors/S_SacrilegeForerunnerDoorSmallClose.uexp" 5467
"C:/Program Files/Epic Games/Unreal Projects/Sacrilege/Content/Objects/Doors/S_SacrilegeForerunnerDoorSmallOpen.ubulk" 5468
"C:/Program Files/Epic Games/Unreal Projects/Sacrilege/Content/Objects/Doors/S_SacrilegeForerunnerDoorSmallOpen.uasset" 5469
"C:/Program Files/Epic Games/Unreal Projects/Sacrilege/Content/Objects/Doors/S_SacrilegeForerunnerDoorSmallOpen.uexp" 5470
"C:/Program Files/Epic Games/Unreal Projects/Sacrilege/Content/Objects/Doors/BP_Door.uasset" 5471
"C:/Program Files/Epic Games/Unreal Projects/Sacrilege/Content/Objects/Doors/BP_Door.uexp" 5472
"C:/Program Files/Epic Games/Unreal Projects/Sacrilege/Content/Levels/Level00_Intro.uasset" 5473
"C:/Program Files/Epic Games/Unreal Projects/Sacrilege/Content/Levels/Level00_Intro.uexp" 5474
"C:/Program Files/Epic Games/Unreal Projects/Sacrilege/Content/Sounds/Level00IntroDialogue.ubulk" 5475
"C:/Program Files/Epic Games/Unreal Projects/Sacrilege/Content/Sounds/Level00IntroDialogue.uasset" 5476
"C:/Program Files/Epic Games/Unreal Projects/Sacrilege/Content/Sounds/Level00IntroDialogue.uexp" 5477
"C:/Program Files/Epic Games/Unreal Projects/Sacrilege/Content/Sounds/Bluezone_BC0266_radio_transmission_interference_noise_transmitter_008.ubulk" 5478
"C:/Program Files/Epic Games/Unreal Projects/Sacrilege/Content/Sounds/Bluezone_BC0266_radio_transmission_interference_noise_transmitter_008.uasset" 5479
"C:/Program Files/Epic Games/Unreal Projects/Sacrilege/Content/Sounds/Bluezone_BC0266_radio_transmission_interference_noise_transmitter_008.uexp" 5480
"C:/Program Files/Epic Games/Unreal Projects/Sacrilege/Content/Sounds/Walkie_Talkie_Cobra_MicroTalk_Radio_Communication_End_Noise_Squelch_Beep_Series.ubulk" 5481
"C:/Program Files/Epic Games/Unreal Projects/Sacrilege/Content/Sounds/Walkie_Talkie_Cobra_MicroTalk_Radio_Communication_End_Noise_Squelch_Beep_Series.uasset" 5482
"C:/Program Files/Epic Games/Unreal Projects/Sacrilege/Content/Sounds/Walkie_Talkie_Cobra_MicroTalk_Radio_Communication_End_Noise_Squelch_Beep_Series.uexp" 5483
"C:/Program Files/Epic Games/Unreal Projects/Sacrilege/Content/Sounds/Walkie_Talkie_Cobra_MicroTalk_Radio_Communication_End_Noise_Squelch_Beep_Series_1.ubulk" 5484
"C:/Program Files/Epic Games/Unreal Projects/Sacrilege/Content/Sounds/Walkie_Talkie_Cobra_MicroTalk_Radio_Communication_End_Noise_Squelch_Beep_Series_1.uasset" 5485
"C:/Program Files/Epic Games/Unreal Projects/Sacrilege/Content/Sounds/Walkie_Talkie_Cobra_MicroTalk_Radio_Communication_End_Noise_Squelch_Beep_Series_1.uexp" 5486
"C:/Program Files/Epic Games/Unreal Projects/Sacrilege/Content/Levels/MS_Level00Intro.uasset" 5487
"C:/Program Files/Epic Games/Unreal Projects/Sacrilege/Content/Levels/MS_Level00Intro.uexp" 5488
"C:/Program Files/Epic Games/Unreal Projects/Sacrilege/Content/Levels/_GENERATED/sgtfl/Box_677F2309.ubulk" 5489
"C:/Program Files/Epic Games/Unreal Projects/Sacrilege/Content/Levels/_GENERATED/sgtfl/Box_677F2309.uasset" 5490
"C:/Program Files/Epic Games/Unreal Projects/Sacrilege/Content/Levels/_GENERATED/sgtfl/Box_677F2309.uexp" 5491
"C:/Program Files/Epic Games/Unreal Projects/Sacrilege/Content/Levels/_GENERATED/sgtfl/Box_FB89FE26.ubulk" 5492
"C:/Program Files/Epic Games/Unreal Projects/Sacrilege/Content/Levels/_GENERATED/sgtfl/Box_FB89FE26.uasset" 5493
"C:/Program Files/Epic Games/Unreal Projects/Sacrilege/Content/Levels/_GENERATED/sgtfl/Box_FB89FE26.uexp" 5494
"C:/Program Files/Epic Games/Unreal Projects/Sacrilege/Content/Levels/_GENERATED/sgtfl/Cylinder_E01FDC87.ubulk" 5495
"C:/Program Files/Epic Games/Unreal Projects/Sacrilege/Content/Levels/_GENERATED/sgtfl/Cylinder_E01FDC87.uasset" 5496
"C:/Program Files/Epic Games/Unreal Projects/Sacrilege/Content/Levels/_GENERATED/sgtfl/Cylinder_E01FDC87.uexp" 5497
"C:/Program Files/Epic Games/Unreal Projects/Sacrilege/Content/Levels/Level00_BuiltData.ubulk" 5498
"C:/Program Files/Epic Games/Unreal Projects/Sacrilege/Content/Levels/Level00_BuiltData.uasset" 5499
"C:/Program Files/Epic Games/Unreal Projects/Sacrilege/Content/Levels/Level00_BuiltData.uexp" 5500
"C:/Program Files/Epic Games/Unreal Projects/Sacrilege/Content/Levels/Level00.uexp" 5501
"C:/Program Files/Epic Games/Unreal Projects/Sacrilege/Content/Levels/Level00.umap" 5502
"../../../Engine/Content/MapTemplates/daylight.uasset" 5503
"../../../Engine/Content/MapTemplates/daylight.uexp" 5504
"C:/Program Files/Epic Games/Unreal Projects/Sacrilege/Content/MaterialLibrary/MI_DenseFog.uasset" 5505
"C:/Program Files/Epic Games/Unreal Projects/Sacrilege/Content/MaterialLibrary/MI_DenseFog.uexp" 5506
"C:/Program Files/Epic Games/Unreal Projects/Sacrilege/Content/UI/Icons/T_BoostIcon.ubulk" 5507
"C:/Program Files/Epic Games/Unreal Projects/Sacrilege/Content/UI/Icons/T_BoostIcon.uasset" 5508
"C:/Program Files/Epic Games/Unreal Projects/Sacrilege/Content/UI/Icons/T_BoostIcon.uexp" 5509
"C:/Program Files/Epic Games/Unreal Projects/Sacrilege/Content/MaterialLibrary/M_Conveyor.uasset" 5510
"C:/Program Files/Epic Games/Unreal Projects/Sacrilege/Content/MaterialLibrary/M_Conveyor.uexp" 5511
"C:/Program Files/Epic Games/Unreal Projects/Sacrilege/Content/Objects/BP_Conveyor.uasset" 5512
"C:/Program Files/Epic Games/Unreal Projects/Sacrilege/Content/Objects/BP_Conveyor.uexp" 5513
"C:/Program Files/Epic Games/Unreal Projects/Sacrilege/Content/Objects/BP_ObjectSpawner.uasset" 5514
"C:/Program Files/Epic Games/Unreal Projects/Sacrilege/Content/Objects/BP_ObjectSpawner.uexp" 5515
"C:/Program Files/Epic Games/Unreal Projects/Sacrilege/Content/Objects/ElevatorPlatform/SM_Elevator1.ubulk" 5516
"C:/Program Files/Epic Games/Unreal Projects/Sacrilege/Content/Objects/ElevatorPlatform/SM_Elevator1.uasset" 5517
"C:/Program Files/Epic Games/Unreal Projects/Sacrilege/Content/Objects/ElevatorPlatform/SM_Elevator1.uexp" 5518
"C:/Program Files/Epic Games/Unreal Projects/Sacrilege/Content/Objects/ElevatorPlatform/BP_Elevator.uasset" 5519
"C:/Program Files/Epic Games/Unreal Projects/Sacrilege/Content/Objects/ElevatorPlatform/BP_Elevator.uexp" 5520
"C:/Program Files/Epic Games/Unreal Projects/Sacrilege/Content/Levels/_GENERATED/sgtfl/Box_0526436A.ubulk" 5521
"C:/Program Files/Epic Games/Unreal Projects/Sacrilege/Content/Levels/_GENERATED/sgtfl/Box_0526436A.uasset" 5522
"C:/Program Files/Epic Games/Unreal Projects/Sacrilege/Content/Levels/_GENERATED/sgtfl/Box_0526436A.uexp" 5523
"C:/Program Files/Epic Games/Unreal Projects/Sacrilege/Content/Levels/_GENERATED/sgtfl/Box_3C74FAB5.ubulk" 5524
"C:/Program Files/Epic Games/Unreal Projects/Sacrilege/Content/Levels/_GENERATED/sgtfl/Box_3C74FAB5.uasset" 5525
"C:/Program Files/Epic Games/Unreal Projects/Sacrilege/Content/Levels/_GENERATED/sgtfl/Box_3C74FAB5.uexp" 5526
"C:/Program Files/Epic Games/Unreal Projects/Sacrilege/Content/Levels/_GENERATED/sgtfl/Box_8537E8F0.ubulk" 5527
"C:/Program Files/Epic Games/Unreal Projects/Sacrilege/Content/Levels/_GENERATED/sgtfl/Box_8537E8F0.uasset" 5528
"C:/Program Files/Epic Games/Unreal Projects/Sacrilege/Content/Levels/_GENERATED/sgtfl/Box_8537E8F0.uexp" 5529
"C:/Program Files/Epic Games/Unreal Projects/Sacrilege/Content/Levels/_GENERATED/sgtfl/Box_DF12C0B7.ubulk" 5530
"C:/Program Files/Epic Games/Unreal Projects/Sacrilege/Content/Levels/_GENERATED/sgtfl/Box_DF12C0B7.uasset" 5531
"C:/Program Files/Epic Games/Unreal Projects/Sacrilege/Content/Levels/_GENERATED/sgtfl/Box_DF12C0B7.uexp" 5532
"C:/Program Files/Epic Games/Unreal Projects/Sacrilege/Content/Levels/_GENERATED/sgtfl/Stairs_E0F8A791.ubulk" 5533
"C:/Program Files/Epic Games/Unreal Projects/Sacrilege/Content/Levels/_GENERATED/sgtfl/Stairs_E0F8A791.uasset" 5534
"C:/Program Files/Epic Games/Unreal Projects/Sacrilege/Content/Levels/_GENERATED/sgtfl/Stairs_E0F8A791.uexp" 5535
"C:/Program Files/Epic Games/Unreal Projects/Sacrilege/Content/Levels/_GENERATED/sgtfl/Stairs_EA18C50E.ubulk" 5536
"C:/Program Files/Epic Games/Unreal Projects/Sacrilege/Content/Levels/_GENERATED/sgtfl/Stairs_EA18C50E.uasset" 5537
"C:/Program Files/Epic Games/Unreal Projects/Sacrilege/Content/Levels/_GENERATED/sgtfl/Stairs_EA18C50E.uexp" 5538
"C:/Program Files/Epic Games/Unreal Projects/Sacrilege/Content/Levels/ForerunnerFactory/ForerunnerFactory_BuiltData.ubulk" 5539
"C:/Program Files/Epic Games/Unreal Projects/Sacrilege/Content/Levels/ForerunnerFactory/ForerunnerFactory_BuiltData.uasset" 5540
"C:/Program Files/Epic Games/Unreal Projects/Sacrilege/Content/Levels/ForerunnerFactory/ForerunnerFactory_BuiltData.uexp" 5541
"C:/Program Files/Epic Games/Unreal Projects/Sacrilege/Content/Levels/ForerunnerFactory/ForerunnerFactory.uexp" 5542
"C:/Program Files/Epic Games/Unreal Projects/Sacrilege/Content/Levels/ForerunnerFactory/ForerunnerFactory.umap" 5543
"C:/Program Files/Epic Games/Unreal Projects/Sacrilege/Content/Levels/_GENERATED/sgtfl/Box_66F15214.ubulk" 5544
"C:/Program Files/Epic Games/Unreal Projects/Sacrilege/Content/Levels/_GENERATED/sgtfl/Box_66F15214.uasset" 5545
"C:/Program Files/Epic Games/Unreal Projects/Sacrilege/Content/Levels/_GENERATED/sgtfl/Box_66F15214.uexp" 5546
"C:/Program Files/Epic Games/Unreal Projects/Sacrilege/Content/Levels/_GENERATED/sgtfl/Box_969A4452.ubulk" 5547
"C:/Program Files/Epic Games/Unreal Projects/Sacrilege/Content/Levels/_GENERATED/sgtfl/Box_969A4452.uasset" 5548
"C:/Program Files/Epic Games/Unreal Projects/Sacrilege/Content/Levels/_GENERATED/sgtfl/Box_969A4452.uexp" 5549
"C:/Program Files/Epic Games/Unreal Projects/Sacrilege/Content/Levels/TutorialLevel_BuiltData.uasset" 5550
"C:/Program Files/Epic Games/Unreal Projects/Sacrilege/Content/Levels/TutorialLevel_BuiltData.uexp" 5551
"C:/Program Files/Epic Games/Unreal Projects/Sacrilege/Content/Levels/TutorialLevel.uexp" 5552
"C:/Program Files/Epic Games/Unreal Projects/Sacrilege/Content/Levels/TutorialLevel.umap" 5553
"C:/Program Files/Epic Games/Unreal Projects/Sacrilege/Content/AI/BT_Command_Idle.uasset" 5554
"C:/Program Files/Epic Games/Unreal Projects/Sacrilege/Content/AI/BT_Command_Idle.uexp" 5555
"C:/Program Files/Epic Games/Unreal Projects/Sacrilege/Content/AI/AIScript_Idle.uasset" 5556
"C:/Program Files/Epic Games/Unreal Projects/Sacrilege/Content/AI/AIScript_Idle.uexp" 5557
"C:/Program Files/Epic Games/Unreal Projects/Sacrilege/Content/Levels/_GENERATED/sgtfl/Box_05FE4542.ubulk" 5558
"C:/Program Files/Epic Games/Unreal Projects/Sacrilege/Content/Levels/_GENERATED/sgtfl/Box_05FE4542.uasset" 5559
"C:/Program Files/Epic Games/Unreal Projects/Sacrilege/Content/Levels/_GENERATED/sgtfl/Box_05FE4542.uexp" 5560
"C:/Program Files/Epic Games/Unreal Projects/Sacrilege/Content/Levels/_GENERATED/sgtfl/Box_1ADC1B06.ubulk" 5561
"C:/Program Files/Epic Games/Unreal Projects/Sacrilege/Content/Levels/_GENERATED/sgtfl/Box_1ADC1B06.uasset" 5562
"C:/Program Files/Epic Games/Unreal Projects/Sacrilege/Content/Levels/_GENERATED/sgtfl/Box_1ADC1B06.uexp" 5563
"C:/Program Files/Epic Games/Unreal Projects/Sacrilege/Content/Levels/_GENERATED/sgtfl/Box_C51A4AB4.ubulk" 5564
"C:/Program Files/Epic Games/Unreal Projects/Sacrilege/Content/Levels/_GENERATED/sgtfl/Box_C51A4AB4.uasset" 5565
"C:/Program Files/Epic Games/Unreal Projects/Sacrilege/Content/Levels/_GENERATED/sgtfl/Box_C51A4AB4.uexp" 5566
"C:/Program Files/Epic Games/Unreal Projects/Sacrilege/Content/Levels/_GENERATED/sgtfl/Cylinder_7F3E4A7F.ubulk" 5567
"C:/Program Files/Epic Games/Unreal Projects/Sacrilege/Content/Levels/_GENERATED/sgtfl/Cylinder_7F3E4A7F.uasset" 5568
"C:/Program Files/Epic Games/Unreal Projects/Sacrilege/Content/Levels/_GENERATED/sgtfl/Cylinder_7F3E4A7F.uexp" 5569
"C:/Program Files/Epic Games/Unreal Projects/Sacrilege/Content/Levels/TutorialLevel_Outside.uexp" 5570
"C:/Program Files/Epic Games/Unreal Projects/Sacrilege/Content/Levels/TutorialLevel_Outside.ubulk" 5571
"C:/Program Files/Epic Games/Unreal Projects/Sacrilege/Content/Levels/TutorialLevel_Outside.umap" 5572
"C:/Program Files/Epic Games/Unreal Projects/Sacrilege/Content/Levels/_GENERATED/sgtfl/Boolean_33AA47FE.ubulk" 5573
"C:/Program Files/Epic Games/Unreal Projects/Sacrilege/Content/Levels/_GENERATED/sgtfl/Boolean_33AA47FE.uasset" 5574
"C:/Program Files/Epic Games/Unreal Projects/Sacrilege/Content/Levels/_GENERATED/sgtfl/Boolean_33AA47FE.uexp" 5575
"C:/Program Files/Epic Games/Unreal Projects/Sacrilege/Content/Levels/_GENERATED/sgtfl/Boolean_5FD26E4E.ubulk" 5576
"C:/Program Files/Epic Games/Unreal Projects/Sacrilege/Content/Levels/_GENERATED/sgtfl/Boolean_5FD26E4E.uasset" 5577
"C:/Program Files/Epic Games/Unreal Projects/Sacrilege/Content/Levels/_GENERATED/sgtfl/Boolean_5FD26E4E.uexp" 5578
"C:/Program Files/Epic Games/Unreal Projects/Sacrilege/Content/Levels/_GENERATED/sgtfl/Box_E1E00A3F.ubulk" 5579
"C:/Program Files/Epic Games/Unreal Projects/Sacrilege/Content/Levels/_GENERATED/sgtfl/Box_E1E00A3F.uasset" 5580
"C:/Program Files/Epic Games/Unreal Projects/Sacrilege/Content/Levels/_GENERATED/sgtfl/Box_E1E00A3F.uexp" 5581
"C:/Program Files/Epic Games/Unreal Projects/Sacrilege/Content/Levels/TutorialLevel_Tower.uexp" 5582
"C:/Program Files/Epic Games/Unreal Projects/Sacrilege/Content/Levels/TutorialLevel_Tower.umap" 5583
