"C:/Program Files/Epic Games/Unreal Projects/HaloFloodFanGame01 5.5/HaloFloodFanGame01.uproject" 1
"../../../../Unreal Projects/HaloFloodFanGame01 5.5/Binaries/Win64/UnrealEditor.modules" 2
"../../../Engine/Plugins/AudioInsights/AudioInsights.uplugin" 3
"../../../Engine/Plugins/ChaosCloth/ChaosCloth.uplugin" 4
"../../../Engine/Plugins/ChaosClothAsset/ChaosClothAsset.uplugin" 5
"../../../Engine/Plugins/ChaosVD/ChaosVD.uplugin" 6
"../../../Engine/Plugins/Chooser/Chooser.uplugin" 7
"../../../Engine/Plugins/AudioGameplay/AudioGameplay.uplugin" 8
"../../../Engine/Plugins/AudioGameplayVolume/AudioGameplayVolume.uplugin" 9
"../../../Engine/Plugins/DiscoveryBeaconReceiver/DiscoveryBeaconReceiver.uplugin" 10
"../../../Engine/Plugins/CmdLinkServer/CmdLinkServer.uplugin" 11
"../../../Engine/Plugins/ChaosClothAssetEditor/ChaosClothAssetEditor.uplugin" 12
"../../../Engine/Plugins/EnhancedInput/EnhancedInput.uplugin" 13
"../../../Engine/Plugins/Bridge/Bridge.uplugin" 14
"../../../Engine/Plugins/BlueprintFileUtils/BlueprintFileUtils.uplugin" 15
"../../../Engine/Plugins/Fab/Fab.uplugin" 16
"../../../Engine/Plugins/JsonBlueprintUtilities/JsonBlueprintUtilities.uplugin" 17
"../../../Engine/Plugins/FastBuildController/FastBuildController.uplugin" 18
"../../../Engine/Plugins/LightWeightInstancesEditor/LightWeightInstancesEditor.uplugin" 19
"../../../Engine/Plugins/MeshPainting/MeshPainting.uplugin" 20
"../../../Engine/Plugins/Mutable/Mutable.uplugin" 21
"../../../Engine/Plugins/MemoryUsageQueries/MemoryUsageQueries.uplugin" 22
"../../../Engine/Plugins/RenderGraphInsights/RenderGraphInsights.uplugin" 23
"../../../Engine/Plugins/ScriptPlugin/ScriptPlugin.uplugin" 24
"../../../Engine/Plugins/PCG/PCG.uplugin" 25
"../../../Engine/Plugins/UbaController/UbaController.uplugin" 26
"../../../Engine/Plugins/XGEController/XGEController.uplugin" 27
"../../../Engine/Plugins/WorldMetrics/WorldMetrics.uplugin" 28
"../../../Engine/Plugins/TraceUtilities/TraceUtilities.uplugin" 29
"../../../Engine/Plugins/Developer/BlankPlugin/BlankPlugin.uplugin" 30
"../../../Engine/Plugins/Developer/AnimationSharing/AnimationSharing.uplugin" 31
"../../../Engine/Plugins/Developer/CLionSourceCodeAccess/CLionSourceCodeAccess.uplugin" 32
"../../../Engine/Plugins/Developer/CodeLiteSourceCodeAccess/CodeLiteSourceCodeAccess.uplugin" 33
"../../../Engine/Plugins/Developer/DumpGPUServices/DumpGPUServices.uplugin" 34
"../../../Engine/Plugins/Developer/FieldNotificationTrace/FieldNotificationTrace.uplugin" 35
"../../../Engine/Plugins/Developer/KDevelopSourceCodeAccess/KDevelopSourceCodeAccess.uplugin" 36
"../../../Engine/Plugins/Developer/GitSourceControl/GitSourceControl.uplugin" 37
"../../../Engine/Plugins/Developer/N10XSourceCodeAccess/N10XSourceCodeAccess.uplugin" 38
"../../../Engine/Plugins/Developer/NullSourceCodeAccess/NullSourceCodeAccess.uplugin" 39
"../../../Engine/Plugins/Developer/OneSkyLocalizationService/OneSkyLocalizationService.uplugin" 40
"../../../Engine/Plugins/Developer/PerforceSourceControl/PerforceSourceControl.uplugin" 41
"../../../Engine/Plugins/Developer/PlasticSourceControl/PlasticSourceControl.uplugin" 42
"../../../Engine/Plugins/Developer/PluginUtils/PluginUtils.uplugin" 43
"../../../Engine/Plugins/Developer/PropertyAccessNode/PropertyAccessNode.uplugin" 44
"../../../Engine/Plugins/Developer/PixWinPlugin/PixWinPlugin.uplugin" 45
"../../../Engine/Plugins/Developer/RenderDocPlugin/RenderDocPlugin.uplugin" 46
"../../../Engine/Plugins/Developer/RiderSourceCodeAccess/RiderSourceCodeAccess.uplugin" 47
"../../../Engine/Plugins/Developer/SubversionSourceControl/SubversionSourceControl.uplugin" 48
"../../../Engine/Plugins/Developer/TextureFormatOodle/TextureFormatOodle.uplugin" 49
"../../../Engine/Plugins/Developer/TraceDataFiltering/TraceDataFilters.uplugin" 50
"../../../Engine/Plugins/Developer/UObjectPlugin/UObjectPlugin.uplugin" 51
"../../../Engine/Plugins/Developer/TraceSourceFiltering/TraceSourceFilters.uplugin" 52
"../../../Engine/Plugins/Developer/VisualStudioCodeSourceCodeAccess/VisualStudioCodeSourceCodeAccess.uplugin" 53
"../../../Engine/Plugins/Developer/VisualStudioSourceCodeAccess/VisualStudioSourceCodeAccess.uplugin" 54
"../../../Engine/Plugins/Experimental/AbilitySystemGameFeatureActions/AbilitySystemGameFeatureActions.uplugin" 55
"../../../Engine/Plugins/Experimental/AnimNext/AnimNext.uplugin" 56
"../../../Engine/Plugins/Experimental/AdvancedRenamer/AdvancedRenamer.uplugin" 57
"../../../Engine/Plugins/Developer/XcodeGPUDebuggerPlugin/XcodeGPUDebuggerPlugin.uplugin" 58
"../../../Engine/Plugins/Experimental/AnimNextAnimGraph/AnimNextAnimGraph.uplugin" 59
"../../../Engine/Plugins/Experimental/ActorModifierCore/ActorModifierCore.uplugin" 60
"../../../Engine/Plugins/Experimental/ActorPalette/ActorPalette.uplugin" 61
"../../../Engine/Plugins/Experimental/AnimNextChooser/AnimNextChooser.uplugin" 62
"../../../Engine/Plugins/Experimental/AppleVision/AppleVision.uplugin" 63
"../../../Engine/Plugins/Experimental/AnimNextStateTree/AnimNextStateTree.uplugin" 64
"../../../Engine/Plugins/Experimental/AnimToTexture/AnimToTexture.uplugin" 65
"../../../Engine/Plugins/Experimental/AutomationUtils/AutomationUtils.uplugin" 66
"../../../Engine/Plugins/Experimental/BackChannel/BackChannel.uplugin" 67
"../../../Engine/Plugins/Experimental/Avalanche/Avalanche.uplugin" 68
"../../../Engine/Plugins/Experimental/Buoyancy/Buoyancy.uplugin" 69
"../../../Engine/Plugins/Experimental/ChaosClothEditor/ChaosClothEditor.uplugin" 70
"../../../Engine/Plugins/Experimental/ChaosCaching/ChaosCaching.uplugin" 71
"../../../Engine/Plugins/Experimental/ChaosFlesh/ChaosFlesh.uplugin" 72
"../../../Engine/Plugins/Experimental/ChaosEditor/ChaosEditor.uplugin" 73
"../../../Engine/Plugins/Experimental/ChaosSolverPlugin/ChaosSolverPlugin.uplugin" 74
"../../../Engine/Plugins/Experimental/ChaosModularVehicle/ChaosModularVehicle.uplugin" 75
"../../../Engine/Plugins/Experimental/ChaosNiagara/ChaosNiagara.uplugin" 76
"../../../Engine/Plugins/Experimental/ChaosUserDataPT/ChaosUserDataPT.uplugin" 77
"../../../Engine/Plugins/Experimental/BlueprintSnapNodes/BlueprintSnapNodes.uplugin" 78
"../../../Engine/Plugins/Experimental/BlueprintStats/BlueprintStats.uplugin" 79
"../../../Engine/Plugins/Experimental/ChaosVehiclesPlugin/ChaosVehiclesPlugin.uplugin" 80
"../../../Engine/Plugins/Experimental/CharacterAI/CharacterAI.uplugin" 81
"../../../Engine/Plugins/Experimental/CineCameraRigs/CineCameraRigs.uplugin" 82
"../../../Engine/Plugins/Experimental/CineCameraSceneCapture/CineCameraSceneCapture.uplugin" 83
"../../../Engine/Plugins/Experimental/ChaosModularVehicleExamples/ChaosModularVehicleExamples.uplugin" 84
"../../../Engine/Plugins/Experimental/ClonerEffector/ClonerEffector.uplugin" 85
"../../../Engine/Plugins/Experimental/CodeEditor/CodeEditor.uplugin" 86
"../../../Engine/Plugins/Experimental/ColorCorrectRegions/ColorCorrectRegions.uplugin" 87
"../../../Engine/Plugins/Experimental/CodeView/CodeView.uplugin" 88
"../../../Engine/Plugins/Experimental/CinematicPrestreaming/CinematicPrestreaming.uplugin" 89
"../../../Engine/Plugins/Experimental/CommonConversation/CommonConversation.uplugin" 90
"../../../Engine/Plugins/Experimental/ChaosCachingUSD/ChaosCachingUSD.uplugin" 91
"../../../Engine/Plugins/Experimental/CustomDetailsView/CustomDetailsView.uplugin" 92
"../../../Engine/Plugins/Experimental/DynamicMaterial/DynamicMaterial.uplugin" 93
"../../../Engine/Plugins/Experimental/DefaultInstallBundleManager/DefaultInstallBundleManager.uplugin" 94
"../../../Engine/Plugins/Experimental/EditorPerformance/EditorPerformance.uplugin" 95
"../../../Engine/Plugins/Experimental/FieldSystemPlugin/FieldSystemPlugin.uplugin" 96
"../../../Engine/Plugins/Experimental/EditorTelemetry/EditorTelemetry.uplugin" 97
"../../../Engine/Plugins/Experimental/Fracture/Fracture.uplugin" 98
"../../../Engine/Plugins/Experimental/GameInputWindows/GameInputWindows.uplugin" 99
"../../../Engine/Plugins/Experimental/FloatingProperties/FloatingProperties.uplugin" 100
"../../../Engine/Plugins/Experimental/GameplayGraph/GameplayGraph.uplugin" 101
"../../../Engine/Plugins/Experimental/ControlFlows/ControlFlows.uplugin" 102
"../../../Engine/Plugins/Experimental/DaySequence/DaySequence.uplugin" 103
"../../../Engine/Plugins/Experimental/AvalancheDisplayCluster/AvalancheDisplayCluster.uplugin" 104
"../../../Engine/Plugins/Experimental/FullBodyIK/FullBodyIK.uplugin" 105
"../../../Engine/Plugins/Experimental/EditorDataStorageFeatures/EditorDataStorageFeatures.uplugin" 106
"../../../Engine/Plugins/Experimental/Gauntlet/Gauntlet.uplugin" 107
"../../../Engine/Plugins/Developer/XCodeSourceCodeAccess/XCodeSourceCodeAccess.uplugin" 108
"../../../Engine/Plugins/Experimental/GameplayBehaviors/GameplayBehaviors.uplugin" 109
"../../../Engine/Plugins/Experimental/Dataflow/Dataflow.uplugin" 110
"../../../Engine/Plugins/Experimental/EditorDataStorage/EditorDataStorage.uplugin" 111
"../../../Engine/Plugins/Experimental/GeometryFlow/GeometryFlow.uplugin" 112
"../../../Engine/Plugins/Experimental/GeometryMask/GeometryMask.uplugin" 113
"../../../Engine/Plugins/Experimental/GeometryCollectionPlugin/GeometryCollectionPlugin.uplugin" 114
"../../../Engine/Plugins/Experimental/GizmoFramework/GizmoFramework.uplugin" 115
"../../../Engine/Plugins/Experimental/HairStrandsMutable/HairStrandsMutable.uplugin" 116
"../../../Engine/Plugins/Experimental/HairModelingToolset/HairModelingToolset.uplugin" 117
"../../../Engine/Plugins/Experimental/GameplayTargetingSystem/TargetingSystem.uplugin" 118
"../../../Engine/Plugins/Experimental/HairCardGenerator/HairCardGenerator.uplugin" 119
"../../../Engine/Plugins/Experimental/GPULightmass/GPULightmass.uplugin" 120
"../../../Engine/Plugins/Experimental/InlineMaterialInstance/InlineMaterialInstance.uplugin" 121
"../../../Engine/Plugins/Experimental/ImageWidgets/ImageWidgets.uplugin" 122
"../../../Engine/Plugins/Experimental/JWT/JWT.uplugin" 123
"../../../Engine/Plugins/Experimental/Iris/Iris.uplugin" 124
"../../../Engine/Plugins/Experimental/Landmass/Landmass.uplugin" 125
"../../../Engine/Plugins/Experimental/ImpostorBaker/ImpostorBaker.uplugin" 126
"../../../Engine/Plugins/Experimental/LandscapePatch/LandscapePatch.uplugin" 127
"../../../Engine/Plugins/Experimental/GizmoEdMode/GizmoEdMode.uplugin" 128
"../../../Engine/Plugins/Experimental/LiveLinkControlRig/LiveLinkControlRig.uplugin" 129
"../../../Engine/Plugins/Experimental/LiveLinkOpenVR/LiveLinkOpenVR.uplugin" 130
"../../../Engine/Plugins/Experimental/LearningAgents/LearningAgents.uplugin" 131
"../../../Engine/Plugins/Experimental/LocalizableMessage/LocalizableMessage.uplugin" 132
"../../../Engine/Plugins/Experimental/LiveLinkFaceImporter/LiveLinkFaceImporter.uplugin" 133
"../../../Engine/Plugins/Experimental/LowLevelNetTrace/LowLevelNetTrace.uplugin" 134
"../../../Engine/Plugins/Experimental/MeshModelingToolsetExp/MeshModelingToolsetExp.uplugin" 135
"../../../Engine/Plugins/Experimental/MotorSimOutputMotoSynth/MotorSimOutputMotoSynth.uplugin" 136
"../../../Engine/Plugins/Experimental/MoverExamples/MoverExamples.uplugin" 137
"../../../Engine/Plugins/Experimental/MoverTests/MoverTests.uplugin" 138
"../../../Engine/Plugins/Experimental/Mover/Mover.uplugin" 139
"../../../Engine/Plugins/Experimental/MutablePopulation/MutablePopulation.uplugin" 140
"../../../Engine/Plugins/Experimental/MotoSynth/MotoSynth.uplugin" 141
"../../../Engine/Plugins/Experimental/NaniteDisplacedMesh/NaniteDisplacedMesh.uplugin" 142
"../../../Engine/Plugins/Experimental/NNERuntimeBasicCpu/NNERuntimeBasicCpu.uplugin" 143
"../../../Engine/Plugins/Experimental/NNERuntimeIREE/NNERuntimeIREE.uplugin" 144
"../../../Engine/Plugins/Experimental/NeuralRendering/NeuralRendering.uplugin" 145
"../../../Engine/Plugins/Experimental/OptiXDenoise/OptiXDenoise.uplugin" 146
"../../../Engine/Plugins/Experimental/ImagePlate/ImagePlate.uplugin" 147
"../../../Engine/Plugins/Experimental/PCGBiomeCore/PCGBiomeCore.uplugin" 148
"../../../Engine/Plugins/Experimental/OperatorStack/OperatorStack.uplugin" 149
"../../../Engine/Plugins/Experimental/OpenImageDenoise/OpenImageDenoise.uplugin" 150
"../../../Engine/Plugins/Experimental/NFORDenoise/NFORDenoise.uplugin" 151
"../../../Engine/Plugins/Experimental/NNERuntimeRDG/NNERuntimeRDG.uplugin" 152
"../../../Engine/Plugins/Experimental/GeometryCacheAbcFile/GeometryCacheAbcFile.uplugin" 153
"../../../Engine/Plugins/Experimental/PCGBiomeSample/PCGBiomeSample.uplugin" 154
"../../../Engine/Plugins/Experimental/PanoramicCapture/PanoramicCapture.uplugin" 155
"../../../Engine/Plugins/Experimental/PhysicsControl/PhysicsControl.uplugin" 156
"../../../Engine/Plugins/Experimental/PixelStreamingPlayer/PixelStreamingPlayer.uplugin" 157
"../../../Engine/Plugins/Experimental/PlainProps/PlainProps.uplugin" 158
"../../../Engine/Plugins/Experimental/PluginReferenceViewer/PluginReferenceViewer.uplugin" 159
"../../../Engine/Plugins/Experimental/PlanarCutPlugin/PlanarCut.uplugin" 160
"../../../Engine/Plugins/Experimental/PlatformCrypto/PlatformCrypto.uplugin" 161
"../../../Engine/Plugins/Experimental/PostProcessMaterialChainGraph/PostProcessMaterialChainGraph.uplugin" 162
"../../../Engine/Plugins/Experimental/PluginTemplateTool/PluginTemplateTool.uplugin" 163
"../../../Engine/Plugins/Experimental/PropertyAnimator/PropertyAnimator.uplugin" 164
"../../../Engine/Plugins/Experimental/PropertyAnimatorCore/PropertyAnimatorCore.uplugin" 165
"../../../Engine/Plugins/Experimental/PythonFoundationPackages/PythonFoundationPackages.uplugin" 166
"../../../Engine/Plugins/Experimental/PythonScriptPlugin/PythonScriptPlugin.uplugin" 167
"../../../Engine/Plugins/Experimental/QuicMessaging/QuicMessaging.uplugin" 168
"../../../Engine/Plugins/Experimental/RawInput/RawInput.uplugin" 169
"../../../Engine/Plugins/Experimental/RazerChromaDevices/RazerChromaDevices.uplugin" 170
"../../../Engine/Plugins/Experimental/PluginAudit/PluginAudit.uplugin" 171
"../../../Engine/Plugins/Experimental/RemoteSession/RemoteSession.uplugin" 172
"../../../Engine/Plugins/Experimental/RigLogicAnimNext/RigLogicAnimNext.uplugin" 173
"../../../Engine/Plugins/Experimental/RigLogicMutable/RigLogicMutable.uplugin" 174
"../../../Engine/Plugins/Experimental/ScreenReader/ScreenReader.uplugin" 175
"../../../Engine/Plugins/Experimental/SecuritySandbox/SecuritySandbox.uplugin" 176
"../../../Engine/Plugins/Experimental/RemoteControlComponents/RemoteControlComponents.uplugin" 177
"../../../Engine/Plugins/Experimental/Shotgrid/Shotgrid.uplugin" 178
"../../../Engine/Plugins/Experimental/SerializationUtils/SerializationUtils.uplugin" 179
"../../../Engine/Plugins/Experimental/SlateModelViewViewModel/SlateModelViewViewModel.uplugin" 180
"../../../Engine/Plugins/Experimental/SimpleHMD/SimpleHMD.uplugin" 181
"../../../Engine/Plugins/Experimental/SkeletalReduction/SkeletalReduction.uplugin" 182
"../../../Engine/Plugins/Experimental/StateGraph/StateGraph.uplugin" 183
"../../../Engine/Plugins/Experimental/StormSync/StormSync.uplugin" 184
"../../../Engine/Plugins/Experimental/StructUtils/StructUtils.uplugin" 185
"../../../Engine/Plugins/Experimental/RenderGrid/RenderGrid.uplugin" 186
"../../../Engine/Plugins/Experimental/StudioTelemetry/StudioTelemetry.uplugin" 187
"../../../Engine/Plugins/Experimental/TargetDeviceServicesScripting/TargetDeviceServicesScripting.uplugin" 188
"../../../Engine/Plugins/Experimental/TetMeshing/TetMeshing.uplugin" 189
"../../../Engine/Plugins/Experimental/SlateScreenReader/SlateScreenReader.uplugin" 190
"../../../Engine/Plugins/Experimental/Text3D/Text3D.uplugin" 191
"../../../Engine/Plugins/Experimental/SVGImporter/SVGImporter.uplugin" 192
"../../../Engine/Plugins/Experimental/TextureGraph/TextureGraph.uplugin" 193
"../../../Engine/Plugins/Experimental/TextToSpeech/TextToSpeech.uplugin" 194
"../../../Engine/Plugins/Experimental/TextureMediaPlayer/TextureMediaPlayer.uplugin" 195
"../../../Engine/Plugins/Experimental/UserToolBoxBasicCommand/UserToolBoxBasicCommand.uplugin" 196
"../../../Engine/Plugins/Experimental/ToolPresets/ToolPresets.uplugin" 197
"../../../Engine/Plugins/Experimental/UIFramework/UIFramework.uplugin" 198
"../../../Engine/Plugins/Experimental/Volumetrics/Volumetrics.uplugin" 199
"../../../Engine/Plugins/Experimental/VirtualHeightfieldMesh/VirtualHeightfieldMesh.uplugin" 200
"../../../Engine/Plugins/Experimental/UserToolBoxCore/UserToolBoxCore.uplugin" 201
"../../../Engine/Plugins/Experimental/Water/Water.uplugin" 202
"../../../Engine/Plugins/Experimental/WaterAdvanced/WaterAdvanced.uplugin" 203
"../../../Engine/Plugins/Experimental/SurfaceEffects/SurfaceEffects.uplugin" 204
"../../../Engine/Plugins/Experimental/WaterExtras/WaterExtras.uplugin" 205
"../../../Engine/Plugins/Experimental/WaveFunctionCollapse/WaveFunctionCollapse.uplugin" 206
"../../../Engine/Plugins/Experimental/WebSocketMessaging/WebSocketMessaging.uplugin" 207
"../../../Engine/Plugins/Experimental/Workspace/Workspace.uplugin" 208
"../../../Engine/Plugins/Experimental/WidgetEditorToolPalette/WidgetEditorToolPalette.uplugin" 209
"../../../Engine/Plugins/Experimental/StormSyncAvalancheBridge/StormSyncAvalancheBridge.uplugin" 210
"../../../Engine/Plugins/Interchange/Assets/InterchangeAssets.uplugin" 211
"../../../Engine/Plugins/Experimental/WebSocketNetworking/WebSocketNetworking.uplugin" 212
"../../../Engine/Plugins/Experimental/XRCreativeFramework/XRCreativeFramework.uplugin" 213
"../../../Engine/Plugins/Interchange/Editor/InterchangeEditor.uplugin" 214
"../../../Engine/Plugins/Interchange/Runtime/Interchange.uplugin" 215
"../../../Engine/Plugins/MovieScene/ActorSequence/ActorSequence.uplugin" 216
"../../../Engine/Plugins/MovieScene/CustomizableSequencerTracks/CustomizableSequencerTracks.uplugin" 217
"../../../Engine/Plugins/MovieScene/MoviePipelineMaskRenderPass/MoviePipelineMaskRenderPass.uplugin" 218
"../../../Engine/Plugins/MovieScene/MovieRenderPipeline/MovieRenderPipeline.uplugin" 219
"../../../Engine/Plugins/MovieScene/LevelSequenceEditor/LevelSequenceEditor.uplugin" 220
"../../../Engine/Plugins/MovieScene/MovieSceneTextTrack/MovieSceneTextTrack.uplugin" 221
"../../../Engine/Plugins/MovieScene/SequencerScripting/SequencerScripting.uplugin" 222
"../../../Engine/Plugins/MovieScene/ReplayTracks/ReplayTracks.uplugin" 223
"../../../Engine/Plugins/Experimental/InstanceDataObjectFixupTool/InstanceDataObjectFixupTool.uplugin" 224
"../../../Engine/Plugins/MovieScene/TemplateSequence/TemplateSequence.uplugin" 225
"../../../Engine/Plugins/Online/EOSShared/EOSShared.uplugin" 226
"../../../Engine/Plugins/Online/OnlineBase/OnlineBase.uplugin" 227
"../../../Engine/Plugins/Online/EOSOverlayInputProvider/EOSOverlayInputProvider.uplugin" 228
"../../../Engine/Plugins/Online/OnlineServicesEOSGS/OnlineServicesEOSGS.uplugin" 229
"../../../Engine/Plugins/Experimental/VirtualProductionUtilities/VirtualProductionUtilities.uplugin" 230
"../../../Engine/Plugins/Online/OnlineFramework/OnlineFramework.uplugin" 231
"../../../Engine/Plugins/Online/OnlineServices/OnlineServices.uplugin" 232
"../../../Engine/Plugins/Online/OnlineServicesEOS/OnlineServicesEOS.uplugin" 233
"../../../Engine/Plugins/Online/OnlineServicesNull/OnlineServicesNull.uplugin" 234
"../../../Engine/Plugins/Online/OnlineSubsystemAmazon/OnlineSubsystemAmazon.uplugin" 235
"../../../Engine/Plugins/Online/OnlineSubsystemApple/OnlineSubsystemApple.uplugin" 236
"../../../Engine/Plugins/Online/OnlineSubsystemEOS/OnlineSubsystemEOS.uplugin" 237
"../../../Engine/Plugins/Online/OnlineServicesOSSAdapter/OnlineServicesOSSAdapter.uplugin" 238
"../../../Engine/Plugins/Online/OnlineSubsystem/OnlineSubsystem.uplugin" 239
"../../../Engine/Plugins/Online/OnlineSubsystemGoogle/OnlineSubsystemGoogle.uplugin" 240
"../../../Engine/Plugins/Online/OnlineSubsystemFacebook/OnlineSubsystemFacebook.uplugin" 241
"../../../Engine/Plugins/Online/OnlineSubsystemNull/OnlineSubsystemNull.uplugin" 242
"../../../Engine/Plugins/Online/OnlineSubsystemTencent/OnlineSubsystemTencent.uplugin" 243
"../../../Engine/Plugins/Online/OnlineSubsystemUtils/OnlineSubsystemUtils.uplugin" 244
"../../../Engine/Plugins/Online/SocketSubsystemEOS/SocketSubsystemEOS.uplugin" 245
"../../../Engine/Plugins/Online/OnlineSubsystemSteam/OnlineSubsystemSteam.uplugin" 246
"../../../Engine/Plugins/Tests/CQTest/CQTest.uplugin" 247
"../../../Engine/Plugins/Tests/AutomationDriverTests/AutomationDriverTests.uplugin" 248
"../../../Engine/Plugins/Online/WebAuth/WebAuth.uplugin" 249
"../../../Engine/Plugins/Tests/CQTestEnhancedInput/CQTestEnhancedInput.uplugin" 250
"../../../Engine/Plugins/Tests/EditorTests/EditorTests.uplugin" 251
"../../../Engine/Plugins/Tests/FbxAutomationTestBuilder/FbxAutomationTestBuilder.uplugin" 252
"../../../Engine/Plugins/Tests/FunctionalTestingEditor/FunctionalTestingEditor.uplugin" 253
"../../../Engine/Plugins/Tests/InterchangeTests/InterchangeTests.uplugin" 254
"../../../Engine/Plugins/Tests/PythonAutomationTest/PythonAutomationTest.uplugin" 255
"../../../Engine/Plugins/Tests/RHITests/RHITests.uplugin" 256
"../../../Engine/Plugins/Tests/TestFramework/TestFramework.uplugin" 257
"../../../Engine/Plugins/Tests/TestSamples/TestSamples.uplugin" 258
"../../../Engine/Plugins/Importers/AlembicHairImporter/AlembicHairImporter.uplugin" 259
"../../../Engine/Plugins/Tests/WidgetAutomationTests/WidgetAutomationTests.uplugin" 260
"../../../Engine/Plugins/Importers/AlembicImporter/AlembicImporter.uplugin" 261
"../../../Engine/Plugins/Tests/RuntimeTests/RuntimeTests.uplugin" 262
"../../../Engine/Plugins/Importers/USDImporter/USDImporter.uplugin" 263
"../../../Engine/Plugins/Importers/USDMultiUser/USDMultiUser.uplugin" 264
"../../../Engine/Plugins/Media/AjaMedia/AjaMedia.uplugin" 265
"../../../Engine/Plugins/Media/AndroidCamera/AndroidCamera.uplugin" 266
"../../../Engine/Plugins/Media/AndroidMedia/AndroidMedia.uplugin" 267
"../../../Engine/Plugins/Media/AudioCaptureTimecodeProvider/AudioCaptureTimecodeProvider.uplugin" 268
"../../../Engine/Plugins/Media/AppleProResDecoderElectra/AppleProResDecoderElectra.uplugin" 269
"../../../Engine/Plugins/Media/AvidDNxMedia/AvidDNxMedia.uplugin" 270
"../../../Engine/Plugins/Media/AvidDNxHDDecoderElectra/AvidDNxHDDecoderElectra.uplugin" 271
"../../../Engine/Plugins/Media/AvfMedia/AvfMedia.uplugin" 272
"../../../Engine/Plugins/Media/ElectraCDM/ElectraCDM.uplugin" 273
"../../../Engine/Plugins/Media/AppleProResMedia/AppleProResMedia.uplugin" 274
"../../../Engine/Plugins/Media/D3D12VideoDecodersElectra/D3D12VideoDecodersElectra.uplugin" 275
"../../../Engine/Plugins/Media/ElectraSubtitles/ElectraSubtitles.uplugin" 276
"../../../Engine/Plugins/Media/FlacDecoderElectra/FlacDecoderElectra.uplugin" 277
"../../../Engine/Plugins/Media/ElectraUtil/ElectraUtil.uplugin" 278
"../../../Engine/Plugins/Media/ElectraPlayer/ElectraPlayer.uplugin" 279
"../../../Engine/Plugins/Media/ElectraCodecs/ElectraCodecs.uplugin" 280
"../../../Engine/Plugins/Media/BlackmagicMedia/BlackmagicMedia.uplugin" 281
"../../../Engine/Plugins/Media/HAPMedia/HAPMedia.uplugin" 282
"../../../Engine/Plugins/Media/BinkMedia/BinkMedia.uplugin" 283
"../../../Engine/Plugins/Media/HardwareEncoders/HardwareEncoders.uplugin" 284
"../../../Engine/Plugins/Media/MediaCompositing/MediaCompositing.uplugin" 285
"../../../Engine/Plugins/Media/LinearTimecode/LinearTimecode.uplugin" 286
"../../../Engine/Plugins/Media/HAPDecoderElectra/HAPDecoderElectra.uplugin" 287
"../../../Engine/Plugins/Media/MediaIOFramework/MediaIOFramework.uplugin" 288
"../../../Engine/Plugins/Media/ImgMedia/ImgMedia.uplugin" 289
"../../../Engine/Plugins/Media/MediaPlayerEditor/MediaPlayerEditor.uplugin" 290
"../../../Engine/Plugins/Media/MfMedia/MfMedia.uplugin" 291
"../../../Engine/Plugins/Media/MediaMovieStreamer/MediaMovieStreamer.uplugin" 292
"../../../Engine/Plugins/Media/MediaPlate/MediaPlate.uplugin" 293
"../../../Engine/Plugins/Media/MediaFrameworkUtilities/MediaFrameworkUtilities.uplugin" 294
"../../../Engine/Plugins/Media/OpusDecoderElectra/OpusDecoderElectra.uplugin" 295
"../../../Engine/Plugins/Media/TimecodeSynchronizer/TimecodeSynchronizer.uplugin" 296
"../../../Engine/Plugins/Media/PixelCapture/PixelCapture.uplugin" 297
"../../../Engine/Plugins/Media/WebMMedia/WebMMedia.uplugin" 298
"../../../Engine/Plugins/Media/PixelStreaming2/PixelStreaming2.uplugin" 299
"../../../Engine/Plugins/Media/VPxDecoderElectra/VPxDecoderElectra.uplugin" 300
"../../../Engine/Plugins/Media/WmfMedia/WmfMedia.uplugin" 301
"../../../Engine/Plugins/Messaging/UdpMessaging/UdpMessaging.uplugin" 302
"../../../Engine/Plugins/Messaging/MessagingDebugger/MessagingDebugger.uplugin" 303
"../../../Engine/Plugins/NetcodeUnitTest/NetcodeUnitTest/NetcodeUnitTest.uplugin" 304
"../../../Engine/Plugins/PCGInterops/PCGGeometryScriptInterop/PCGGeometryScriptInterop.uplugin" 305
"../../../Engine/Plugins/NetcodeUnitTest/NUTUnrealEngine/NUTUnrealEngine.uplugin" 306
"../../../Engine/Plugins/Runtime/ActorLayerUtilities/ActorLayerUtilities.uplugin" 307
"../../../Engine/Plugins/Protocols/MQTT/MQTT.uplugin" 308
"../../../Engine/Plugins/Runtime/AndroidBackgroundService/AndroidBackgroundService.uplugin" 309
"../../../Engine/Plugins/Runtime/AndroidDeviceProfileSelector/AndroidDeviceProfileSelector.uplugin" 310
"../../../Engine/Plugins/PCGInterops/PCGExternalDataInterop/PCGExternalDataInterop.uplugin" 311
"../../../Engine/Plugins/Runtime/AndroidFileServer/AndroidFileServer.uplugin" 312
"../../../Engine/Plugins/Media/NDIMedia/NDIMedia.uplugin" 313
"../../../Engine/Plugins/Runtime/AndroidPermission/AndroidPermission.uplugin" 314
"../../../Engine/Plugins/Runtime/AnimationBudgetAllocator/AnimationBudgetAllocator.uplugin" 315
"../../../Engine/Plugins/Media/PixelStreaming/PixelStreaming.uplugin" 316
"../../../Engine/Plugins/Runtime/AppleImageUtils/AppleImageUtils.uplugin" 317
"../../../Engine/Plugins/Runtime/ApexDestruction/ApexDestruction.uplugin" 318
"../../../Engine/Plugins/Runtime/AppleMoviePlayer/AppleMoviePlayer.uplugin" 319
"../../../Engine/Plugins/Runtime/AssetTags/AssetTags.uplugin" 320
"../../../Engine/Plugins/Runtime/AudioModulation/AudioModulation.uplugin" 321
"../../../Engine/Plugins/Runtime/AudioSynesthesia/AudioSynesthesia.uplugin" 322
"../../../Engine/Plugins/Runtime/AudioCapture/AudioCapture.uplugin" 323
"../../../Engine/Plugins/Runtime/AudioMotorSim/AudioMotorSim.uplugin" 324
"../../../Engine/Plugins/Runtime/AudioWidgets/AudioWidgets.uplugin" 325
"../../../Engine/Plugins/Runtime/CableComponent/CableComponent.uplugin" 326
"../../../Engine/Plugins/Runtime/CommonUI/CommonUI.uplugin" 327
"../../../Engine/Plugins/Runtime/ChunkDownloader/ChunkDownloader.uplugin" 328
"../../../Engine/Plugins/Runtime/ComputeFramework/ComputeFramework.uplugin" 329
"../../../Engine/Plugins/Messaging/TcpMessaging/TcpMessaging.uplugin" 330
"../../../Engine/Plugins/Runtime/AndroidMoviePlayer/AndroidMoviePlayer.uplugin" 331
"../../../Engine/Plugins/Runtime/GameFeatures/GameFeatures.uplugin" 332
"../../../Engine/Plugins/Runtime/ExampleDeviceProfileSelector/ExampleDeviceProfileSelector.uplugin" 333
"../../../Engine/Plugins/Runtime/GameplayAbilities/GameplayAbilities.uplugin" 334
"../../../Engine/Plugins/Runtime/GameInput/GameInput.uplugin" 335
"../../../Engine/Plugins/Runtime/CustomMeshComponent/CustomMeshComponent.uplugin" 336
"../../../Engine/Plugins/Runtime/DataRegistry/DataRegistry.uplugin" 337
"../../../Engine/Plugins/Runtime/GameplayInteractions/GameplayInteractions.uplugin" 338
"../../../Engine/Plugins/Runtime/GameplayBehaviorSmartObjects/GameplayBehaviorSmartObjects.uplugin" 339
"../../../Engine/Plugins/Runtime/Firebase/Firebase.uplugin" 340
"../../../Engine/Plugins/Runtime/GeometryCache/GeometryCache.uplugin" 341
"../../../Engine/Plugins/Runtime/GeoReferencing/GeoReferencing.uplugin" 342
"../../../Engine/Plugins/Runtime/GameplayStateTree/GameplayStateTree.uplugin" 343
"../../../Engine/Plugins/Runtime/HairStrands/HairStrands.uplugin" 344
"../../../Engine/Plugins/Runtime/GooglePAD/GooglePAD.uplugin" 345
"../../../Engine/Plugins/Runtime/GeometryProcessing/GeometryProcessing.uplugin" 346
"../../../Engine/Plugins/Runtime/GeometryScripting/GeometryScripting.uplugin" 347
"../../../Engine/Plugins/Runtime/Harmonix/Harmonix.uplugin" 348
"../../../Engine/Plugins/Runtime/GoogleCloudMessaging/GoogleCloudMessaging.uplugin" 349
"../../../Engine/Plugins/Runtime/HTTPChunkInstaller/HTTPChunkInstaller.uplugin" 350
"../../../Engine/Plugins/Runtime/InputDebugging/InputDebugging.uplugin" 351
"../../../Engine/Plugins/Runtime/HDRIBackdrop/HDRIBackdrop.uplugin" 352
"../../../Engine/Plugins/Runtime/ArchVisCharacter/ArchVisCharacter.uplugin" 353
"../../../Engine/Plugins/Runtime/IOSDeviceProfileSelector/IOSDeviceProfileSelector.uplugin" 354
"../../../Engine/Plugins/Runtime/InstancedActors/InstancedActors.uplugin" 355
"../../../Engine/Plugins/Runtime/IOSReplayKit/IOSReplayKit.uplugin" 356
"../../../Engine/Plugins/Runtime/LevelStreamingPersistence/LevelStreamingPersistence.uplugin" 357
"../../../Engine/Plugins/Runtime/MassEntity/MassEntity.uplugin" 358
"../../../Engine/Plugins/Runtime/MassGameplay/MassGameplay.uplugin" 359
"../../../Engine/Plugins/Runtime/MicrosoftSpatialAudio/MicroSoftSpatialSound.uplugin" 360
"../../../Engine/Plugins/Runtime/Metasound/Metasound.uplugin" 361
"../../../Engine/Plugins/Runtime/MeshModelingToolset/MeshModelingToolset.uplugin" 362
"../../../Engine/Plugins/Runtime/LinuxDeviceProfileSelector/LinuxDeviceProfileSelector.uplugin" 363
"../../../Engine/Plugins/Runtime/MixedRealityCaptureFramework/MixedRealityCaptureFramework.uplugin" 364
"../../../Engine/Plugins/Runtime/LocationServicesAndroidImpl/LocationServicesAndroidImpl.uplugin" 365
"../../../Engine/Plugins/Runtime/LiveLinkOvernDisplay/LiveLinkOverNDisplay.uplugin" 366
"../../../Engine/Plugins/Runtime/MIDIDevice/MIDIDevice.uplugin" 367
"../../../Engine/Plugins/Runtime/MobileFSR/MobileFSR.uplugin" 368
"../../../Engine/Plugins/Runtime/HPMotionController/HPMotionController.uplugin" 369
"../../../Engine/Plugins/Runtime/MultiServerReplication/MultiServerReplication.uplugin" 370
"../../../Engine/Plugins/Runtime/NavCorridor/NavCorridor.uplugin" 371
"../../../Engine/Plugins/Runtime/MobilePatchingUtils/MobilePatchingUtils.uplugin" 372
"../../../Engine/Plugins/Runtime/nDisplay/nDisplay.uplugin" 373
"../../../Engine/Plugins/Runtime/LocationServicesIOSImpl/LocationServicesIOSImpl.uplugin" 374
"../../../Engine/Plugins/Runtime/ModelViewViewModel/ModelViewViewModel.uplugin" 375
"../../../Engine/Plugins/Runtime/NetworkPredictionInsights/NetworkPredictionInsights.uplugin" 376
"../../../Engine/Plugins/Runtime/nDisplayModularFeatures/nDisplayModularFeatures.uplugin" 377
"../../../Engine/Plugins/Runtime/NetworkPrediction/NetworkPrediction.uplugin" 378
"../../../Engine/Plugins/Runtime/OpenCV/OpenCV.uplugin" 379
"../../../Engine/Plugins/Runtime/NetworkPredictionExtras/NetworkPredictionExtras.uplugin" 380
"../../../Engine/Plugins/Runtime/OpenXRHandTracking/OpenXRHandTracking.uplugin" 381
"../../../Engine/Plugins/Runtime/ModularGameplay/ModularGameplay.uplugin" 382
"../../../Engine/Plugins/Runtime/OpenXRViveTracker/OpenXRViveTracker.uplugin" 383
"../../../Engine/Plugins/Runtime/OptionalMobileFeaturesBPLibrary/OptionalMobileFeaturesBPLibrary.uplugin" 384
"../../../Engine/Plugins/Runtime/OpenXREyeTracker/OpenXREyeTracker.uplugin" 385
"../../../Engine/Plugins/Runtime/OpenXR/OpenXR.uplugin" 386
"../../../Engine/Plugins/Runtime/OSC/OSC.uplugin" 387
"../../../Engine/Plugins/Runtime/PreLoadScreenMoviePlayer/PreLoadScreenMoviePlayer.uplugin" 388
"../../../Engine/Plugins/Runtime/PropertyAccess/PropertyAccessEditor.uplugin" 389
"../../../Engine/Plugins/Runtime/ProceduralMeshComponent/ProceduralMeshComponent.uplugin" 390
"../../../Engine/Plugins/Runtime/PropertyBindingUtils/PropertyBindingUtils.uplugin" 391
"../../../Engine/Plugins/Runtime/RenderTrace/RenderTrace.uplugin" 392
"../../../Engine/Plugins/Runtime/ReplicationGraph/ReplicationGraph.uplugin" 393
"../../../Engine/Plugins/Runtime/LocationServicesBPLibrary/LocationServicesBPLibrary.uplugin" 394
"../../../Engine/Plugins/Runtime/ReplicationSystemTestPlugin/ReplicationSystemTestPlugin.uplugin" 395
"../../../Engine/Plugins/Runtime/ResonanceAudio/ResonanceAudio.uplugin" 396
"../../../Engine/Plugins/Runtime/MsQuic/MsQuic.uplugin" 397
"../../../Engine/Plugins/Runtime/SignificanceManager/SignificanceManager.uplugin" 398
"../../../Engine/Plugins/Runtime/OpenXRMsftHandInteraction/OpenXRMsftHandInteraction.uplugin" 399
"../../../Engine/Plugins/Runtime/SoundFields/SoundFields.uplugin" 400
"../../../Engine/Plugins/Runtime/SkeletalMerging/SkeletalMerging.uplugin" 401
"../../../Engine/Plugins/Runtime/SoundCueTemplates/SoundCueTemplates.uplugin" 402
"../../../Engine/Plugins/Runtime/SmartObjects/SmartObjects.uplugin" 403
"../../../Engine/Plugins/Runtime/SoundMod/SoundMod.uplugin" 404
"../../../Engine/Plugins/Runtime/Spatialization/Spatialization.uplugin" 405
"../../../Engine/Plugins/Runtime/StateTree/StateTree.uplugin" 406
"../../../Engine/Plugins/Runtime/SunPosition/SunPosition.uplugin" 407
"../../../Engine/Plugins/Runtime/ScriptableToolsFramework/ScriptableToolsFramework.uplugin" 408
"../../../Engine/Plugins/Runtime/SoundUtilities/SoundUtilities.uplugin" 409
"../../../Engine/Plugins/Runtime/Synthesis/Synthesis.uplugin" 410
"../../../Engine/Plugins/Runtime/USDCore/USDCore.uplugin" 411
"../../../Engine/Plugins/Runtime/WarpUtils/WarpUtils.uplugin" 412
"../../../Engine/Plugins/Runtime/WebBrowserWidget/WebBrowserWidget.uplugin" 413
"../../../Engine/Plugins/Runtime/WebMMoviePlayer/WebMMoviePlayer.uplugin" 414
"../../../Engine/Plugins/Runtime/Soundscape/Soundscape.uplugin" 415
"../../../Engine/Plugins/Runtime/WindowsDeviceProfileSelector/WindowsDeviceProfileSelector.uplugin" 416
"../../../Engine/Plugins/Runtime/WaveTable/WaveTable.uplugin" 417
"../../../Engine/Plugins/Runtime/WebBrowserNativeProxy/WebBrowserNativeProxy.uplugin" 418
"../../../Engine/Plugins/Runtime/WindowsMoviePlayer/WindowsMoviePlayer.uplugin" 419
"../../../Engine/Plugins/Runtime/RigVM/RigVM.uplugin" 420
"../../../Engine/Plugins/Runtime/WorldConditions/WorldConditions.uplugin" 421
"../../../Engine/Plugins/Runtime/ZoneGraphAnnotations/ZoneGraphAnnotations.uplugin" 422
"../../../Engine/Plugins/Runtime/ZoneGraph/ZoneGraph.uplugin" 423
"../../../Engine/Plugins/Web/HttpBlueprint/HttpBlueprint.uplugin" 424
"../../../Engine/Plugins/Performance/PerformanceMonitor/PerformanceMonitor.uplugin" 425
"../../../Engine/Plugins/Performance/AutomatedPerfTesting/AutomatedPerfTesting.uplugin" 426
"../../../Engine/Plugins/2D/Paper2D/Paper2D.uplugin" 427
"../../../Engine/Plugins/AI/AISupport/AISupport.uplugin" 428
"../../../Engine/Plugins/Runtime/XRBase/XRBase.uplugin" 429
"../../../Engine/Plugins/AI/MassAI/MassAI.uplugin" 430
"../../../Engine/Plugins/AI/HTNPlanner/HTNPlanner.uplugin" 431
"../../../Engine/Plugins/Animation/ACLPlugin/ACLPlugin.uplugin" 432
"../../../Engine/Plugins/AI/MLAdapter/MLAdapter.uplugin" 433
"../../../Engine/Plugins/AI/MassCrowd/MassCrowd.uplugin" 434
"../../../Engine/Plugins/Animation/AnimationLocomotionLibrary/AnimationLocomotionLibrary.uplugin" 435
"../../../Engine/Plugins/Animation/AnimationData/AnimationData.uplugin" 436
"../../../Engine/Plugins/Animation/AnimatorKit/AnimatorKit.uplugin" 437
"../../../Engine/Plugins/Animation/BlendStack/BlendStack.uplugin" 438
"../../../Engine/Plugins/Animation/AnimationWarping/AnimationWarping.uplugin" 439
"../../../Engine/Plugins/Animation/ControlRig/ControlRig.uplugin" 440
"../../../Engine/Plugins/Animation/AnimationModifierLibrary/AnimationModifierLibrary.uplugin" 441
"../../../Engine/Plugins/Animation/BlendSpaceMotionAnalysis/BlendSpaceMotionAnalysis.uplugin" 442
"../../../Engine/Plugins/Animation/ControlRigSpline/ControlRigSpline.uplugin" 443
"../../../Engine/Plugins/Animation/ControlRigModules/ControlRigModules.uplugin" 444
"../../../Engine/Plugins/Animation/LiveLink/LiveLink.uplugin" 445
"../../../Engine/Plugins/Animation/IKRig/IKRig.uplugin" 446
"../../../Engine/Plugins/Animation/DeformerGraph/DeformerGraph.uplugin" 447
"../../../Engine/Plugins/Animation/LiveLinkHub/LiveLinkHub.uplugin" 448
"../../../Engine/Plugins/Animation/LiveLinkCurveDebugUI/LiveLinkCurveDebugUI.uplugin" 449
"../../../Engine/Plugins/Animation/PerformanceCaptureCore/PerformanceCaptureCore.uplugin" 450
"../../../Engine/Plugins/Animation/PoseSearch/PoseSearch.uplugin" 451
"../../../Engine/Plugins/Cameras/CameraShakePreviewer/CameraShakePreviewer.uplugin" 452
"../../../Engine/Plugins/Animation/MotionWarping/MotionWarping.uplugin" 453
"../../../Engine/Plugins/Animation/RigLogic/RigLogic.uplugin" 454
"../../../Engine/Plugins/Cameras/EngineCameras/EngineCameras.uplugin" 455
"../../../Engine/Plugins/Cameras/GameplayCameras/GameplayCameras.uplugin" 456
"../../../Engine/Plugins/Compositing/Composure/Composure.uplugin" 457
"../../../Engine/Plugins/Animation/GameplayInsights/GameplayInsights.uplugin" 458
"../../../Engine/Plugins/Compositing/LensDistortion/LensDistortion.uplugin" 459
"../../../Engine/Plugins/Compositing/OpenCVLensDistortion/OpenCVLensDistortion.uplugin" 460
"../../../Engine/Plugins/Compression/OodleNetwork/OodleNetwork.uplugin" 461
"../../../Engine/Plugins/Editor/AssetManagerEditor/AssetManagerEditor.uplugin" 462
"../../../Engine/Plugins/Editor/AssetRegistryExport/AssetRegistryExport.uplugin" 463
"../../../Engine/Plugins/Editor/AssetReferenceRestrictions/AssetReferenceRestrictions.uplugin" 464
"../../../Engine/Plugins/Editor/ColorGrading/ColorGrading.uplugin" 465
"../../../Engine/Plugins/Editor/ChangelistReview/ChangelistReview.uplugin" 466
"../../../Engine/Plugins/Editor/AssetSearch/AssetSearch.uplugin" 467
"../../../Engine/Plugins/Editor/ConsoleVariablesEditor/ConsoleVariables.uplugin" 468
"../../../Engine/Plugins/Editor/CryptoKeys/CryptoKeys.uplugin" 469
"../../../Engine/Plugins/Editor/CurveEditorTools/CurveEditorTools.uplugin" 470
"../../../Engine/Plugins/Editor/DisplayClusterLaunch/DisplayClusterLaunch.uplugin" 471
"../../../Engine/Plugins/Editor/EditorScriptingUtilities/EditorScriptingUtilities.uplugin" 472
"../../../Engine/Plugins/Editor/BlueprintHeaderView/BlueprintHeaderView.uplugin" 473
"../../../Engine/Plugins/Compositing/OpenColorIO/OpenColorIO.uplugin" 474
"../../../Engine/Plugins/Editor/EditorDebugTools/EditorDebugTools.uplugin" 475
"../../../Engine/Plugins/Editor/BlueprintMaterialTextureNodes/BlueprintMaterialTextureNodes.uplugin" 476
"../../../Engine/Plugins/Editor/EngineAssetDefinitions/EngineAssetDefinitions.uplugin" 477
"../../../Engine/Plugins/Editor/FacialAnimation/FacialAnimation.uplugin" 478
"../../../Engine/Plugins/Editor/GameplayTagsEditor/GameplayTagsEditor.uplugin" 479
"../../../Engine/Plugins/Editor/DataValidation/DataValidation.uplugin" 480
"../../../Engine/Plugins/Editor/GeometryMode/GeometryMode.uplugin" 481
"../../../Engine/Plugins/Editor/GuidedTutorials/GuidedTutorials.uplugin" 482
"../../../Engine/Plugins/Editor/MakeCookedEditorAsDLC/MakeCookedEditorAsDLC.uplugin" 483
"../../../Engine/Plugins/Editor/MacGraphicsSwitching/MacGraphicsSwitching.uplugin" 484
"../../../Engine/Plugins/Editor/LiveUpdateForSlate/LiveUpdateForSlate.uplugin" 485
"../../../Engine/Plugins/Editor/MeshLODToolset/MeshLODToolset.uplugin" 486
"../../../Engine/Plugins/Editor/MaterialAnalyzer/MaterialAnalyzer.uplugin" 487
"../../../Engine/Plugins/Editor/MobileLauncherProfileWizard/MobileLauncherProfileWizard.uplugin" 488
"../../../Engine/Plugins/Editor/ModelingToolsEditorMode/ModelingToolsEditorMode.uplugin" 489
"../../../Engine/Plugins/Editor/ModelViewViewModelPreview/ModelViewViewModelPreview.uplugin" 490
"../../../Engine/Plugins/Editor/EditorSysConfigAssistant/EditorSysConfigAssistant.uplugin" 491
"../../../Engine/Plugins/Editor/SampleToolsEditorMode/SampleToolsEditorMode.uplugin" 492
"../../../Engine/Plugins/Editor/ProxyLODPlugin/ProxyLODPlugin.uplugin" 493
"../../../Engine/Plugins/Editor/SpeedTreeImporter/SpeedTreeImporter.uplugin" 494
"../../../Engine/Plugins/Editor/ScriptableToolsEditorMode/ScriptableToolsEditorMode.uplugin" 495
"../../../Engine/Plugins/Editor/SequencerAnimTools/SequencerAnimTools.uplugin" 496
"../../../Engine/Plugins/Editor/StaticMeshEditorModeling/StaticMeshEditorModeling.uplugin" 497
"../../../Engine/Plugins/Editor/StylusInput/StylusInput.uplugin" 498
"../../../Engine/Plugins/Enterprise/DataprepEditor/DataprepEditor.uplugin" 499
"../../../Engine/Plugins/Enterprise/DatasmithC4DImporter/DatasmithC4DImporter.uplugin" 500
"../../../Engine/Plugins/Editor/UVEditor/UVEditor.uplugin" 501
"../../../Engine/Plugins/Editor/UMGWidgetPreview/UMGWidgetPreview.uplugin" 502
"../../../Engine/Plugins/Editor/WorldPartitionHLODUtilities/WorldPartitionHLODUtilities.uplugin" 503
"../../../Engine/Plugins/Editor/WaveformEditor/WaveformEditor.uplugin" 504
"../../../Engine/Plugins/Enterprise/AxFImporter/AxFImporter.uplugin" 505
"../../../Engine/Plugins/Enterprise/DatasmithContent/DatasmithContent.uplugin" 506
"../../../Engine/Plugins/Enterprise/DatasmithCADImporter/DatasmithCADImporter.uplugin" 507
"../../../Engine/Plugins/Enterprise/GLTFExporter/GLTFExporter.uplugin" 508
"../../../Engine/Plugins/Editor/PluginBrowser/PluginBrowser.uplugin" 509
"../../../Engine/Plugins/Enterprise/DatasmithFBXImporter/DatasmithFBXImporter.uplugin" 510
"../../../Engine/Plugins/Enterprise/DatasmithImporter/DatasmithImporter.uplugin" 511
"../../../Engine/Plugins/Enterprise/MDLImporter/MDLImporter.uplugin" 512
"../../../Engine/Plugins/Enterprise/LidarPointCloud/LidarPointCloud.uplugin" 513
"../../../Engine/Plugins/Enterprise/VariantManager/VariantManager.uplugin" 514
"../../../Engine/Plugins/FX/ExampleCustomDataInterface/ExampleCustomDataInterface.uplugin" 515
"../../../Engine/Plugins/Enterprise/VariantManagerContent/VariantManagerContent.uplugin" 516
"../../../Engine/Plugins/FX/NiagaraFluids/NiagaraFluids.uplugin" 517
"../../../Engine/Plugins/FX/NiagaraMRQ/NiagaraMRQ.uplugin" 518
"../../../Engine/Plugins/FX/Niagara/Niagara.uplugin" 519
"../../../Engine/Plugins/Portal/LauncherChunkInstaller/LauncherChunkInstaller.uplugin" 520
"../../../Engine/Plugins/NNE/NNEDenoiser/NNEDenoiser.uplugin" 521
"../../../Engine/Plugins/NNE/NNERuntimeORT/NNERuntimeORT.uplugin" 522
"../../../Engine/Plugins/FX/CascadeToNiagaraConverter/CascadeToNiagaraConverter.uplugin" 523
"../../../Engine/Plugins/VirtualProduction/CameraCalibration/CameraCalibration.uplugin" 524
"../../../Engine/Plugins/Slate/SlateScripting/SlateScripting.uplugin" 525
"../../../Engine/Plugins/Slate/SlateInsights/SlateInsights.uplugin" 526
"../../../Engine/Plugins/VirtualProduction/CameraCalibrationCore/CameraCalibrationCore.uplugin" 527
"../../../Engine/Plugins/VirtualProduction/EpicStageApp/EpicStageApp.uplugin" 528
"../../../Engine/Plugins/VirtualProduction/CameraCalibrationML/CameraCalibrationML.uplugin" 529
"../../../Engine/Plugins/FX/NiagaraSimCaching/NiagaraSimCaching.uplugin" 530
"../../../Engine/Plugins/VirtualProduction/DataCharts/DataCharts.uplugin" 531
"../../../Engine/Plugins/VirtualProduction/CaptureData/CaptureData.uplugin" 532
"../../../Engine/Plugins/VirtualProduction/LensComponent/LensComponent.uplugin" 533
"../../../Engine/Plugins/VirtualProduction/ICVFXTesting/ICVFXTesting.uplugin" 534
"../../../Engine/Plugins/VirtualProduction/CompositePlane/CompositePlane.uplugin" 535
"../../../Engine/Plugins/VirtualProduction/ICVFX/ICVFX.uplugin" 536
"../../../Engine/Plugins/VirtualProduction/LiveLinkCamera/LiveLinkCamera.uplugin" 537
"../../../Engine/Plugins/VirtualProduction/LiveLinkMasterLockit/LiveLinkMasterLockit.uplugin" 538
"../../../Engine/Plugins/VirtualProduction/LiveLinkFreeD/LiveLinkFreeD.uplugin" 539
"../../../Engine/Plugins/VirtualProduction/LevelSnapshots/LevelSnapshots.uplugin" 540
"../../../Engine/Plugins/VirtualProduction/LiveLinkLens/LiveLinkLens.uplugin" 541
"../../../Engine/Plugins/VirtualProduction/LiveLinkInputDevice/LiveLinkInputDevice.uplugin" 542
"../../../Engine/Plugins/VirtualProduction/LiveLinkVRPN/LiveLinkVRPN.uplugin" 543
"../../../Engine/Plugins/VirtualProduction/MultiUserTakes/MultiUserTakes.uplugin" 544
"../../../Engine/Plugins/VirtualProduction/RemoteControl/RemoteControl.uplugin" 545
"../../../Engine/Plugins/VirtualProduction/RemoteControlInterception/RemoteControlInterception.uplugin" 546
"../../../Engine/Plugins/VirtualProduction/RemoteControlProtocolDMX/RemoteControlProtocolDMX.uplugin" 547
"../../../Engine/Plugins/VirtualProduction/LiveLinkPrestonMDR/LiveLinkPrestonMDR.uplugin" 548
"../../../Engine/Plugins/VirtualProduction/RemoteControlProtocolMIDI/RemoteControlProtocolMIDI.uplugin" 549
"../../../Engine/Plugins/VirtualProduction/RemoteControlWebInterface/RemoteControlWebInterface.uplugin" 550
"../../../Engine/Plugins/VirtualProduction/RemoteControlProtocolOSC/RemoteControlProtocolOSC.uplugin" 551
"../../../Engine/Plugins/VirtualProduction/Switchboard/Switchboard.uplugin" 552
"../../../Engine/Plugins/VirtualProduction/SequencerPlaylists/SequencerPlaylists.uplugin" 553
"../../../Engine/Plugins/VirtualProduction/Takes/Takes.uplugin" 554
"../../../Engine/Plugins/VirtualProduction/StageMonitoring/StageMonitoring.uplugin" 555
"../../../Engine/Plugins/VirtualProduction/VirtualCamera/VirtualCamera.uplugin" 556
"../../../Engine/Plugins/VirtualProduction/VirtualScouting/VirtualScouting.uplugin" 557
"../../../Engine/Plugins/VirtualProduction/VirtualCameraCore/VirtualCameraCore.uplugin" 558
"../../../Engine/Plugins/AI/EnvironmentQueryEditor/EnvironmentQueryEditor.uplugin" 559
"../../../Engine/Plugins/VirtualProduction/TimedDataMonitor/TimedDataMonitor.uplugin" 560
"../../../Engine/Plugins/VirtualProduction/TextureShare/TextureShare.uplugin" 561
"../../../Engine/Plugins/VirtualProduction/LiveLinkXR/LiveLinkXR.uplugin" 562
"../../../Engine/Plugins/Runtime/AR/ARUtilities/ARUtilities.uplugin" 563
"../../../Engine/Plugins/Experimental/CharacterFXEditor/ExampleCharacterFXEditor/ExampleCharacterFXEditor.uplugin" 564
"../../../Engine/Plugins/Editor/Localization/PortableObjectFileDataSource/PortableObjectFileDataSource.uplugin" 565
"../../../Engine/Plugins/Experimental/Compositing/HoldoutComposite/HoldoutComposite.uplugin" 566
"../../../Engine/Plugins/Experimental/Enterprise/DatasmithInterchange/DatasmithInterchange.uplugin" 567
"../../../Engine/Plugins/Experimental/Enterprise/DataprepGeometryOperations/DataprepGeometryOperations.uplugin" 568
"../../../Engine/Plugins/Experimental/CharacterFXEditor/BaseCharacterFXEditor/BaseCharacterFXEditor.uplugin" 569
"../../../Engine/Plugins/Runtime/Windows/WinDualShock/WinDualShock.uplugin" 570
"../../../Engine/Plugins/Experimental/Enterprise/DatasmithRuntime/DatasmithRuntime.uplugin" 571
"../../../Engine/Plugins/Runtime/Windows/XInputDevice/XInputDevice.uplugin" 572
"../../../Engine/Plugins/Developer/Concert/ConcertMain/ConcertMain.uplugin" 573
"../../../Engine/Plugins/Experimental/Animation/ContextualAnimation/ContextualAnimation.uplugin" 574
"../../../Engine/Plugins/Experimental/Animation/HierarchyTable/HierarchyTable.uplugin" 575
"../../../Engine/Plugins/Experimental/Animation/CurveExpression/CurveExpression.uplugin" 576
"../../../Engine/Plugins/Experimental/Animation/MotionTrajectory/MotionTrajectory.uplugin" 577
"../../../Engine/Plugins/Runtime/MeshReconstruction/DummyMeshReconstructor/DummyMeshReconstructor.uplugin" 578
"../../../Engine/Plugins/Experimental/Animation/SkeletalMeshModelingTools/SkeletalMeshModelingTools.uplugin" 579
"../../../Engine/Plugins/Experimental/AVCodecs/AMFCodecs/AMFCodecs.uplugin" 580
"../../../Engine/Plugins/Experimental/Animation/Optimus/Optimus.uplugin" 581
"../../../Engine/Plugins/Experimental/AVCodecs/AVCodecsCore/AVCodecsCore.uplugin" 582
"../../../Engine/Plugins/Experimental/AVCodecs/WMFCodecs/WMFCodecs.uplugin" 583
"../../../Engine/Plugins/Experimental/MetaHuman/MetaHumanRuntime/MetaHumanRuntime.uplugin" 584
"../../../Engine/Plugins/Experimental/AVCodecs/NVCodecs/NVCodecs.uplugin" 585
"../../../Engine/Plugins/Experimental/AVCodecs/LibVpxCodecs/LibVpxCodecs.uplugin" 586
"../../../Engine/Plugins/Experimental/PCGInterops/PCGNiagaraInterop/PCGNiagaraInterop.uplugin" 587
"../../../Engine/Plugins/Experimental/MetaHuman/MetaHumanSDK/MetaHumanSDK.uplugin" 588
"../../../Engine/Plugins/Experimental/PCGInterops/PCGWaterInterop/PCGWaterInterop.uplugin" 589
"../../../Engine/Plugins/Runtime/Nvidia/Reflex/Reflex.uplugin" 590
"../../../Engine/Plugins/Runtime/Steam/SteamAudio/SteamAudio.uplugin" 591
"../../../Engine/Plugins/Experimental/AVCodecs/VTCodecs/VTCodecs.uplugin" 592
"../../../Engine/Plugins/Runtime/Steam/SteamShared/SteamShared.uplugin" 593
"../../../Engine/Plugins/Runtime/Steam/SteamSockets/SteamSockets.uplugin" 594
"../../../Engine/Plugins/Runtime/Steam/SteamController/SteamController.uplugin" 595
"../../../Engine/Plugins/Experimental/VirtualProduction/LedWallCalibration/LedWallCalibration.uplugin" 596
"../../../Engine/Plugins/Experimental/VirtualProduction/VPRoles/VPRoles.uplugin" 597
"../../../Engine/Plugins/Online/IOS/OnlineSubsystemIOS/OnlineSubsystemIOS.uplugin" 598
"../../../Engine/Plugins/Online/VoiceChat/EOSVoiceChat/EOSVoiceChat.uplugin" 599
"../../../Engine/Plugins/Online/VoiceChat/VoiceChat/VoiceChat.uplugin" 600
"../../../Engine/Plugins/Experimental/Web/WebAPI/WebAPI.uplugin" 601
"../../../Engine/Plugins/Experimental/VirtualProduction/VPSettings/VPSettings.uplugin" 602
"../../../Engine/Plugins/Runtime/Advertising/IOSTapJoy/IOSTapJoy.uplugin" 603
"../../../Engine/Plugins/Runtime/Analytics/Flurry/Flurry.uplugin" 604
"../../../Engine/Plugins/Runtime/Analytics/AnalyticsBlueprintLibrary/AnalyticsBlueprintLibrary.uplugin" 605
"../../../Engine/Plugins/Runtime/Analytics/AnalyticsMulticast/AnalyticsMulticast.uplugin" 606
"../../../Engine/Plugins/Runtime/Analytics/FileLogging/FileLogging.uplugin" 607
"../../../Engine/Plugins/Marketplace/Developer/RiderLink/RiderLink.uplugin" 608
"../../../Engine/Plugins/Runtime/Analytics/Adjust/Adjust.uplugin" 609
"../../../Engine/Plugins/VirtualProduction/Rivermax/RivermaxSync/RivermaxSync.uplugin" 610
"../../../Engine/Plugins/VirtualProduction/Rivermax/RivermaxMedia/RivermaxMedia.uplugin" 611
"../../../Engine/Plugins/VirtualProduction/Rivermax/RivermaxCore/RivermaxCore.uplugin" 612
"../../../Engine/Plugins/Runtime/XR/XRVisualization/XRVisualization.uplugin" 613
"../../../Engine/Plugins/Animation/MLDeformer/NeuralMorphModel/NeuralMorphModel.uplugin" 614
"../../../Engine/Plugins/Animation/MLDeformer/MLDeformerFramework/MLDeformerFramework.uplugin" 615
"../../../Engine/Plugins/Runtime/Nvidia/GeForceNOWWrapper/GeForceNOWWrapper.uplugin" 616
"../../../Engine/Plugins/Animation/MLDeformer/ChaosFleshGenerator/ChaosFleshGenerator.uplugin" 617
"../../../Engine/Plugins/VirtualProduction/DMX/DatasmithMVR/DatasmithMVR.uplugin" 618
"../../../Engine/Plugins/Animation/MLDeformer/NearestNeighborModel/NearestNeighborModel.uplugin" 619
"../../../Engine/Plugins/Runtime/XR/XRScribe/XRScribe.uplugin" 620
"../../../Engine/Plugins/VirtualProduction/DMX/DMXControlConsole/DMXControlConsole.uplugin" 621
"../../../Engine/Plugins/VirtualProduction/DMX/DMXDisplayCluster/DMXDisplayCluster.uplugin" 622
"../../../Engine/Plugins/VirtualProduction/DMX/DMXFixtures/DMXFixtures.uplugin" 623
"../../../Engine/Plugins/VirtualProduction/DMX/DMXModularFeatures/DMXModularFeatures.uplugin" 624
"../../../Engine/Plugins/Animation/MLDeformer/VertexDeltaModel/VertexDeltaModel.uplugin" 625
"../../../Engine/Plugins/VirtualProduction/DMX/DMXPixelMapping/DMXPixelMapping.uplugin" 626
"../../../Engine/Plugins/VirtualProduction/DMX/DMXGDTF/DMXGDTF.uplugin" 627
"../../../Engine/Plugins/Animation/MLDeformer/ChaosClothGenerator/ChaosClothGenerator.uplugin" 628
"../../../Engine/Plugins/VirtualProduction/DMX/DMXProtocol/DMXProtocol.uplugin" 629
"../../../Engine/Plugins/Online/Android/AndroidFetchBackgroundDownload/AndroidFetchBackgroundDownload.uplugin" 630
"../../../Engine/Plugins/Editor/ObjectMixer/ObjectMixer/ObjectMixer.uplugin" 631
"../../../Engine/Plugins/Editor/ObjectMixer/LightMixer/LightMixer.uplugin" 632
"../../../Engine/Plugins/Runtime/Database/ADOSupport/ADOSupport.uplugin" 633
"../../../Engine/Plugins/Online/Android/OnlineSubsystemGooglePlay/OnlineSubsystemGooglePlay.uplugin" 634
"../../../Engine/Plugins/Runtime/Database/RemoteDatabaseSupport/RemoteDatabaseSupport.uplugin" 635
"../../../Engine/Plugins/VirtualProduction/DMX/DMXEngine/DMXEngine.uplugin" 636
"../../../Engine/Plugins/Runtime/Database/SQLiteCore/SQLiteCore.uplugin" 637
"../../../Engine/Plugins/Runtime/Database/SQLiteSupport/SQLiteSupport.uplugin" 638
"../../../Engine/Plugins/Runtime/PacketHandlers/AESHandlerComponent/AESHandlerComponent.uplugin" 639
"../../../Engine/Plugins/Runtime/Database/DatabaseSupport/DatabaseSupport.uplugin" 640
"../../../Engine/Plugins/Runtime/PacketHandlers/AESGCMHandlerComponent/AESGCMHandlerComponent.uplugin" 641
"../../../Engine/Plugins/Runtime/PacketHandlers/DTLSHandlerComponent/DTLSHandlerComponent.uplugin" 642
"../../../Engine/Plugins/Editor/ContentBrowser/ContentBrowserAssetDataSource/ContentBrowserAssetDataSource.uplugin" 643
"../../../Engine/Plugins/Editor/ContentBrowser/ContentBrowserFileDataSource/ContentBrowserFileDataSource.uplugin" 644
"../../../Engine/Plugins/Experimental/Animation/HierarchyTableBuiltin/HierarchyTableBuiltin.uplugin" 645
"../../../Engine/Plugins/Editor/ContentBrowser/ContentBrowserClassDataSource/ContentBrowserClassDataSource.uplugin" 646
"../../../Engine/Plugins/Editor/ContentBrowser/ContentBrowserAliasDataSource/ContentBrowserAliasDataSource.uplugin" 647
"../../../Engine/Plugins/Runtime/AR/AppleAR/AppleARKit/AppleARKit.uplugin" 648
"../../../Engine/Plugins/Developer/Concert/ConcertApp/DisasterRecoveryClient/DisasterRecoveryClient.uplugin" 649
"../../../Engine/Plugins/Runtime/AR/AppleAR/AppleARKitFaceSupport/AppleARKitFaceSupport.uplugin" 650
"../../../Engine/Plugins/Runtime/AR/Google/GoogleARCoreServices/GoogleARCoreServices.uplugin" 651
"../../../Engine/Plugins/Runtime/AR/Google/GoogleARCore/GoogleARCore.uplugin" 652
"../../../Engine/Plugins/Developer/Concert/ConcertApp/MultiUserServer/MultiUserServer.uplugin" 653
"../../../Engine/Plugins/Developer/Concert/ConcertUI/ConcertClientSharedSlate/ConcertClientSharedSlate.uplugin" 654
"../../../Engine/Plugins/Developer/Concert/ConcertUI/ConcertSharedSlate/ConcertSharedSlate.uplugin" 655
"../../../Engine/Plugins/Developer/Concert/ConcertSync/ConcertSyncServer/ConcertSyncServer.uplugin" 656
"../../../Engine/Plugins/Developer/Concert/ConcertSync/ConcertSyncTest/ConcertSyncTest.uplugin" 657
"../../../Engine/Plugins/Developer/Concert/ConcertSync/ConcertSyncCore/ConcertSyncCore.uplugin" 658
"../../../Engine/Plugins/Developer/Concert/ConcertScripting/ConcertReplicationScripting/ConcertReplicationScripting.uplugin" 659
"../../../Engine/Plugins/Developer/Concert/ConcertInsights/ConcertInsightsVisualizer/ConcertInsightsVisualizer.uplugin" 660
"../../../Engine/Plugins/Developer/Concert/ConcertInsights/ConcertInsightsClient/ConcertInsightsClient.uplugin" 661
"../../../Engine/Plugins/Developer/Concert/ConcertInsights/ConcertInsightsCore/ConcertInsightsCore.uplugin" 662
"../../../Engine/Plugins/Developer/Concert/ConcertInsights/ConcertInsightsServer/ConcertInsightsServer.uplugin" 663
"../../../Engine/Plugins/Developer/Concert/ConcertSync/ConcertSyncClient/ConcertSyncClient.uplugin" 664
"../../../Engine/Plugins/Developer/Concert/ConcertApp/MultiUserClient/MultiUserClient.uplugin" 665
"../../../Engine/Content/Internationalization/icudt64l/cnvalias.icu" 666
"../../../Engine/Content/Internationalization/icudt64l/res_index.res" 667
"../../../Engine/Content/Internationalization/icudt64l/plurals.res" 668
"../../../Engine/Content/Internationalization/icudt64l/lang/en.res" 669
"../../../Engine/Content/Internationalization/icudt64l/lang/pool.res" 670
"../../../Engine/Content/Internationalization/icudt64l/lang/root.res" 671
"../../../Engine/Content/Internationalization/icudt64l/region/en.res" 672
"../../../Engine/Content/Internationalization/icudt64l/region/pool.res" 673
"../../../Engine/Content/Internationalization/icudt64l/region/root.res" 674
"../../../Engine/Content/Internationalization/icudt64l/windowsZones.res" 675
"../../../Engine/Content/Internationalization/icudt64l/zoneinfo64.res" 676
"../../../Engine/Content/Internationalization/icudt64l/keyTypeData.res" 677
"../../../Engine/Content/Internationalization/icudt64l/timezoneTypes.res" 678
"../../../Engine/Content/Internationalization/icudt64l/likelySubtags.res" 679
"../../../Engine/Content/Internationalization/icudt64l/en_US.res" 680
"../../../Engine/Content/Internationalization/icudt64l/pool.res" 681
"../../../Engine/Content/Internationalization/icudt64l/en.res" 682
"../../../Engine/Content/Internationalization/icudt64l/root.res" 683
"../../../Engine/Content/Internationalization/icudt64l/supplementalData.res" 684
"../../../Engine/Config/ConfigRedirects.ini" 685
"C:/Users/sgtfl/AppData/Local/UnrealEngine/5.5/Saved/Config/WindowsEditor/Manifest.ini" 686
"../../../Engine/Config/BaseEngine.ini" 687
"../../../Engine/Config/Windows/BaseWindowsEngine.ini" 688
"../../../../Unreal Projects/HaloFloodFanGame01 5.5/Config/DefaultEngine.ini" 689
"../../../Engine/Config/Windows/WindowsEngine.ini" 690
"C:/Users/sgtfl/AppData/Local/Unreal Engine/Engine/Config/UserEngine.ini" 691
"C:/Program Files/Epic Games/Unreal Projects/HaloFloodFanGame01 5.5/Saved/Config/WindowsEditor/Engine.ini" 692
"../../../Engine/Config/BaseGame.ini" 693
"../../../../Unreal Projects/HaloFloodFanGame01 5.5/Config/DefaultGame.ini" 694
"../../../Engine/Config/Windows/WindowsGame.ini" 695
"C:/Program Files/Epic Games/Unreal Projects/HaloFloodFanGame01 5.5/Saved/Config/WindowsEditor/Game.ini" 696
"../../../Engine/Config/BaseInput.ini" 697
"../../../Engine/Config/Windows/BaseWindowsInput.ini" 698
"../../../../Unreal Projects/HaloFloodFanGame01 5.5/Config/DefaultInput.ini" 699
"../../../Engine/Config/Windows/WindowsInput.ini" 700
"../../../Engine/Config/BaseDeviceProfiles.ini" 701
"../../../Engine/Config/BaseGameUserSettings.ini" 702
"C:/Program Files/Epic Games/Unreal Projects/HaloFloodFanGame01 5.5/Saved/Config/WindowsEditor/GameUserSettings.ini" 703
"../../../Engine/Config/BaseScalability.ini" 704
"../../../Engine/Config/BaseRuntimeOptions.ini" 705
"../../../Engine/Config/BaseInstallBundle.ini" 706
"../../../Engine/Config/BaseHardware.ini" 707
"../../../Engine/Config/BaseLightmass.ini" 708
"../../../Engine/Config/BaseEditor.ini" 709
"../../../../Unreal Projects/HaloFloodFanGame01 5.5/Config/DefaultEditor.ini" 710
"C:/Program Files/Epic Games/Unreal Projects/HaloFloodFanGame01 5.5/Saved/Config/WindowsEditor/Editor.ini" 711
"../../../Engine/Config/BaseEditorPerProjectUserSettings.ini" 712
"../../../../Unreal Projects/HaloFloodFanGame01 5.5/Config/DefaultEditorPerProjectUserSettings.ini" 713
"../../../Engine/Config/Windows/WindowsEditorPerProjectUserSettings.ini" 714
"C:/Program Files/Epic Games/Unreal Projects/HaloFloodFanGame01 5.5/Saved/Config/WindowsEditor/EditorPerProjectUserSettings.ini" 715
"../../../Engine/Config/BaseEditorSettings.ini" 716
"C:/Users/sgtfl/AppData/Local/UnrealEngine/5.5/Saved/Config/WindowsEditor/EditorSettings.ini" 717
"../../../Engine/Config/BaseEditorKeyBindings.ini" 718
"../../../Engine/Config/IOS/BaseIOSEngine.ini" 719
"../../../Engine/Config/Mac/BaseMacEngine.ini" 720
"../../../Engine/Config/LinuxArm64/BaseLinuxArm64Engine.ini" 721
"../../../Engine/Config/Linux/BaseLinuxEngine.ini" 722
"../../../Engine/Config/Unix/UnixEngine.ini" 723
"../../../Engine/Config/TVOS/TVOSEngine.ini" 724
"../../../Engine/Config/LinuxArm64/LinuxArm64Engine.ini" 725
"../../../Engine/Platforms/VisionOS/Config/BaseVisionOSEngine.ini" 726
"../../../Engine/Config/IOS/BaseIOSGame.ini" 727
"../../../Engine/Config/Android/BaseAndroidEngine.ini" 728
"../../../Engine/Config/IOS/IOSGame.ini" 729
"../../../Engine/Platforms/VisionOS/Config/VisionOSEngine.ini" 730
"../../../Engine/Config/Linux/LinuxEngine.ini" 731
"../../../Engine/Config/Android/AndroidEngine.ini" 732
"../../../Engine/Config/Mac/MacGame.ini" 733
"../../../../Unreal Projects/HaloFloodFanGame01 5.5/Binaries/Win64/HaloFloodFanGame01.target" 734
"../../../Engine/Config/Android/BaseAndroidGame.ini" 735
"../../../Engine/Config/Linux/LinuxGame.ini" 736
"../../../../Unreal Projects/HaloFloodFanGame01 5.5/Binaries/Win64/HaloFloodFanGame01Editor.target" 737
"../../../Engine/Config/Mac/BaseMacInput.ini" 738
"../../../Engine/Config/IOS/IOSScalability.ini" 739
"../../../Engine/Config/IOS/BaseIOSInstallBundle.ini" 740
"../../../Engine/Config/Android/AndroidScalability.ini" 741
"../../../Engine/Config/Android/BaseAndroidInstallBundle.ini" 742
"../../../Engine/Config/PluginBase.ini" 743
"../../../Engine/Plugins/ChaosVD/Config/DefaultChaosVD.ini" 744
"../../../Engine/Plugins/EnhancedInput/Config/BaseEnhancedInput.ini" 745
"../../../Engine/Plugins/Fab/Config/BaseFab.ini" 746
"../../../Engine/Plugins/PCG/Config/BasePCG.ini" 747
"../../../Engine/Plugins/TraceUtilities/Config/BaseTraceUtilities.ini" 748
"../../../Engine/Plugins/Experimental/FullBodyIK/Config/BaseFullBodyIK.ini" 749
"../../../Engine/Plugins/Experimental/ToolPresets/Config/BaseToolPresets.ini" 750
"../../../Engine/Plugins/Interchange/Assets/Config/BaseInterchangeAssets.ini" 751
"../../../Engine/Plugins/Interchange/Runtime/Config/BaseInterchange.ini" 752
"../../../Engine/Plugins/Runtime/HairStrands/Config/BaseHairStrands.ini" 753
"../../../Engine/Plugins/Runtime/Metasound/Config/BaseMetasound.ini" 754
"../../../Engine/Plugins/Runtime/Metasound/Config/DefaultMetasound.ini" 755
"../../../Engine/Plugins/Runtime/StateTree/Config/BaseStateTree.ini" 756
"../../../Engine/Plugins/Runtime/Synthesis/Config/BaseSynthesis.ini" 757
"../../../Engine/Plugins/Runtime/USDCore/Config/BaseUSDCore.ini" 758
"../../../Engine/Plugins/Runtime/RigVM/Config/BaseRigVM.ini" 759
"../../../Engine/Plugins/2D/Paper2D/Config/BasePaper2D.ini" 760
"../../../Engine/Plugins/Animation/ControlRig/Config/BaseControlRig.ini" 761
"../../../Engine/Plugins/Animation/IKRig/Config/BaseIKRig.ini" 762
"../../../Engine/Plugins/Animation/DeformerGraph/Config/BaseDeformerGraph.ini" 763
"../../../Engine/Plugins/Animation/LiveLink/Config/BaseLiveLink.ini" 764
"../../../Engine/Plugins/Cameras/GameplayCameras/Config/BaseGameplayCameras.ini" 765
"../../../Engine/Plugins/Editor/EditorScriptingUtilities/Config/BaseEditorScriptingUtilities.ini" 766
"../../../Engine/Plugins/Enterprise/DatasmithContent/Config/BaseDatasmithContent.ini" 767
"../../../Engine/Plugins/Enterprise/GLTFExporter/Config/BaseGLTFExporter.ini" 768
"../../../Engine/Plugins/Enterprise/GLTFExporter/Config/DefaultGLTFExporter.ini" 769
"../../../Engine/Plugins/Enterprise/VariantManagerContent/Config/BaseVariantManagerContent.ini" 770
"../../../Engine/Plugins/FX/NiagaraFluids/Config/BaseNiagaraFluids.ini" 771
"../../../Engine/Plugins/FX/Niagara/Config/BaseNiagara.ini" 772
"C:/Program Files/Epic Games/Unreal Projects/HaloFloodFanGame01 5.5/Saved/Config/WindowsEditor/Niagara.ini" 773
"../../../Engine/Plugins/VirtualProduction/Takes/Config/BaseTakes.ini" 774
"../../../Engine/Plugins/Experimental/Compositing/HoldoutComposite/Config/BaseHoldoutComposite.ini" 775
"../../../Engine/Plugins/Experimental/MetaHuman/MetaHumanSDK/Config/BaseMetaHumanSDK.ini" 776
"../../../Engine/Plugins/Developer/Concert/ConcertSync/ConcertSyncCore/Config/BaseConcertSyncCore.ini" 777
"../../../Engine/Plugins/ChaosVD/Config/Engine.ini" 778
"../../../Engine/Plugins/EnhancedInput/Config/Input.ini" 779
"../../../Engine/Plugins/Runtime/InputDebugging/Config/Input.ini" 780
"../../../Engine/Plugins/Runtime/RigVM/Config/Editor.ini" 781
"../../../Engine/Plugins/NNE/NNEDenoiser/Config/Game.ini" 782
"../../../Engine/Plugins/Runtime/Windows/XInputDevice/Config/Input.ini" 783
"../../../Engine/Plugins/Editor/ModelingToolsEditorMode/Binaries/Win64/UnrealEditor.modules" 784
"../../../Engine/Plugins/Runtime/MeshModelingToolset/Binaries/Win64/UnrealEditor.modules" 785
"../../../Engine/Plugins/Experimental/MeshModelingToolsetExp/Binaries/Win64/UnrealEditor.modules" 786
"../../../Engine/Plugins/Editor/MeshLODToolset/Binaries/Win64/UnrealEditor.modules" 787
"../../../Engine/Plugins/Experimental/ToolPresets/Binaries/Win64/UnrealEditor.modules" 788
"../../../Engine/Plugins/Editor/StylusInput/Binaries/Win64/UnrealEditor.modules" 789
"../../../Engine/Plugins/Runtime/GeometryProcessing/Binaries/Win64/UnrealEditor.modules" 790
"../../../Engine/Plugins/Editor/ProxyLODPlugin/Binaries/Win64/UnrealEditor.modules" 791
"../../../Engine/Plugins/Experimental/PlanarCutPlugin/Binaries/Win64/UnrealEditor.modules" 792
"../../../Engine/Plugins/Experimental/GeometryFlow/Binaries/Win64/UnrealEditor.modules" 793
"../../../Engine/Plugins/Editor/EditorScriptingUtilities/Binaries/Win64/UnrealEditor.modules" 794
"../../../Engine/Plugins/FX/NiagaraFluids/Binaries/Win64/UnrealEditor.modules" 795
"../../../Engine/Plugins/FX/Niagara/Binaries/Win64/UnrealEditor.modules" 796
"../../../Engine/Plugins/Experimental/PythonScriptPlugin/Binaries/Win64/UnrealEditor.modules" 797
"../../../Engine/Plugins/Editor/ContentBrowser/ContentBrowserFileDataSource/Binaries/Win64/UnrealEditor.modules" 798
"../../../Engine/Plugins/Experimental/ChaosVehiclesPlugin/Binaries/Win64/UnrealEditor.modules" 799
"../../../Engine/Plugins/PCG/Binaries/Win64/UnrealEditor.modules" 800
"../../../Engine/Plugins/Runtime/ComputeFramework/Binaries/Win64/UnrealEditor.modules" 801
"../../../Engine/Plugins/Online/OnlineSubsystemSteam/Binaries/Win64/UnrealEditor.modules" 802
"../../../Engine/Plugins/Online/OnlineSubsystem/Binaries/Win64/UnrealEditor.modules" 803
"../../../Engine/Plugins/Online/OnlineSubsystemUtils/Binaries/Win64/UnrealEditor.modules" 804
"../../../Engine/Plugins/Runtime/Steam/SteamShared/Binaries/Win64/UnrealEditor.modules" 805
"../../../Engine/Plugins/Online/OnlineBase/Binaries/Win64/UnrealEditor.modules" 806
"../../../Engine/Plugins/Online/OnlineServices/Binaries/Win64/UnrealEditor.modules" 807
"../../../Engine/Plugins/JsonBlueprintUtilities/Binaries/Win64/UnrealEditor.modules" 808
"../../../Engine/Plugins/Bridge/Binaries/Win64/UnrealEditor.modules" 809
"../../../Engine/Plugins/Experimental/MetaHuman/MetaHumanSDK/Binaries/Win64/UnrealEditor.modules" 810
"../../../Engine/Plugins/Animation/ControlRig/Binaries/Win64/UnrealEditor.modules" 811
"../../../Engine/Plugins/Runtime/HairStrands/Binaries/Win64/UnrealEditor.modules" 812
"../../../Engine/Plugins/Animation/RigLogic/Binaries/Win64/UnrealEditor.modules" 813
"../../../Engine/Plugins/Runtime/RigVM/Binaries/Win64/UnrealEditor.modules" 814
"../../../Engine/Plugins/MovieScene/LevelSequenceEditor/Binaries/Win64/UnrealEditor.modules" 815
"../../../Engine/Plugins/Runtime/PropertyAccess/Binaries/Win64/UnrealEditor.modules" 816
"../../../Engine/Plugins/MovieScene/SequencerScripting/Binaries/Win64/UnrealEditor.modules" 817
"../../../Engine/Plugins/Runtime/GeometryCache/Binaries/Win64/UnrealEditor.modules" 818
"../../../Engine/Plugins/Animation/DeformerGraph/Binaries/Win64/UnrealEditor.modules" 819
"../../../Engine/Plugins/ChaosCloth/Binaries/Win64/UnrealEditor.modules" 820
"../../../Engine/Plugins/Experimental/ChaosCaching/Binaries/Win64/UnrealEditor.modules" 821
"../../../Engine/Plugins/VirtualProduction/Takes/Binaries/Win64/UnrealEditor.modules" 822
"../../../Engine/Plugins/Runtime/AudioCapture/Binaries/Win64/UnrealEditor.modules" 823
"../../../Engine/Plugins/ChaosVD/Binaries/Win64/UnrealEditor.modules" 824
"../../../Engine/Plugins/CmdLinkServer/Binaries/Win64/UnrealEditor.modules" 825
"../../../Engine/Plugins/EnhancedInput/Binaries/Win64/UnrealEditor.modules" 826
"../../../Engine/Plugins/Editor/DataValidation/Binaries/Win64/UnrealEditor.modules" 827
"../../../Engine/Plugins/Fab/Binaries/Win64/UnrealEditor.modules" 828
"../../../Engine/Plugins/Interchange/Runtime/Binaries/Win64/UnrealEditor.modules" 829
"../../../Engine/Plugins/Online/EOSShared/Binaries/Win64/UnrealEditor.modules" 830
"../../../Engine/Plugins/Runtime/USDCore/Binaries/Win64/UnrealEditor.modules" 831
"../../../Engine/Plugins/Enterprise/VariantManagerContent/Binaries/Win64/UnrealEditor.modules" 832
"../../../Engine/Plugins/Enterprise/VariantManager/Binaries/Win64/UnrealEditor.modules" 833
"../../../Engine/Plugins/Animation/LiveLink/Binaries/Win64/UnrealEditor.modules" 834
"../../../Engine/Plugins/Developer/Concert/ConcertSync/ConcertSyncClient/Binaries/Win64/UnrealEditor.modules" 835
"../../../Engine/Plugins/Editor/ContentBrowser/ContentBrowserAssetDataSource/Binaries/Win64/UnrealEditor.modules" 836
"../../../Engine/Plugins/Developer/Concert/ConcertSync/ConcertSyncCore/Binaries/Win64/UnrealEditor.modules" 837
"../../../Engine/Plugins/Developer/Concert/ConcertMain/Binaries/Win64/UnrealEditor.modules" 838
"../../../Engine/Plugins/Runtime/Database/SQLiteCore/Binaries/Win64/UnrealEditor.modules" 839
"../../../Engine/Plugins/FastBuildController/Binaries/Win64/UnrealEditor.modules" 840
"../../../Engine/Plugins/MeshPainting/Binaries/Win64/UnrealEditor.modules" 841
"../../../Engine/Plugins/Interchange/Editor/Binaries/Win64/UnrealEditor.modules" 842
"../../../Engine/Plugins/RenderGraphInsights/Binaries/Win64/UnrealEditor.modules" 843
"../../../Engine/Plugins/UbaController/Binaries/Win64/UnrealEditor.modules" 844
"../../../Engine/Plugins/TraceUtilities/Binaries/Win64/UnrealEditor.modules" 845
"../../../Engine/Plugins/WorldMetrics/Binaries/Win64/UnrealEditor.modules" 846
"../../../Engine/Plugins/XGEController/Binaries/Win64/UnrealEditor.modules" 847
"../../../Engine/Plugins/Developer/AnimationSharing/Binaries/Win64/UnrealEditor.modules" 848
"../../../Engine/Plugins/Runtime/SignificanceManager/Binaries/Win64/UnrealEditor.modules" 849
"../../../Engine/Plugins/Developer/CLionSourceCodeAccess/Binaries/Win64/UnrealEditor.modules" 850
"../../../Engine/Plugins/Developer/DumpGPUServices/Binaries/Win64/UnrealEditor.modules" 851
"../../../Engine/Plugins/Developer/GitSourceControl/Binaries/Win64/UnrealEditor.modules" 852
"../../../Engine/Plugins/Developer/N10XSourceCodeAccess/Binaries/Win64/UnrealEditor.modules" 853
"../../../Engine/Plugins/Developer/PlasticSourceControl/Binaries/Win64/UnrealEditor.modules" 854
"../../../Engine/Plugins/Developer/PerforceSourceControl/Binaries/Win64/UnrealEditor.modules" 855
"../../../Engine/Plugins/Developer/PixWinPlugin/Binaries/Win64/UnrealEditor.modules" 856
"../../../Engine/Plugins/Developer/PropertyAccessNode/Binaries/Win64/UnrealEditor.modules" 857
"../../../Engine/Plugins/Developer/PluginUtils/Binaries/Win64/UnrealEditor.modules" 858
"../../../Engine/Plugins/Developer/RenderDocPlugin/Binaries/Win64/UnrealEditor.modules" 859
"../../../Engine/Plugins/Developer/TextureFormatOodle/Binaries/Win64/UnrealEditor.modules" 860
"../../../Engine/Plugins/Developer/RiderSourceCodeAccess/Binaries/Win64/UnrealEditor.modules" 861
"../../../Engine/Plugins/Developer/SubversionSourceControl/Binaries/Win64/UnrealEditor.modules" 862
"../../../Engine/Plugins/Developer/UObjectPlugin/Binaries/Win64/UnrealEditor.modules" 863
"../../../Engine/Plugins/Developer/VisualStudioCodeSourceCodeAccess/Binaries/Win64/UnrealEditor.modules" 864
"../../../Engine/Plugins/Developer/VisualStudioSourceCodeAccess/Binaries/Win64/UnrealEditor.modules" 865
"../../../Engine/Plugins/Experimental/AdvancedRenamer/Binaries/Win64/UnrealEditor.modules" 866
"../../../Engine/Plugins/Experimental/AutomationUtils/Binaries/Win64/UnrealEditor.modules" 867
"../../../Engine/Plugins/Experimental/BackChannel/Binaries/Win64/UnrealEditor.modules" 868
"../../../Engine/Plugins/Experimental/ChaosEditor/Binaries/Win64/UnrealEditor.modules" 869
"../../../Engine/Plugins/Experimental/GeometryCollectionPlugin/Binaries/Win64/UnrealEditor.modules" 870
"../../../Engine/Plugins/Experimental/Fracture/Binaries/Win64/UnrealEditor.modules" 871
"../../../Engine/Plugins/Runtime/ProceduralMeshComponent/Binaries/Win64/UnrealEditor.modules" 872
"../../../Engine/Plugins/Experimental/ChaosSolverPlugin/Binaries/Win64/UnrealEditor.modules" 873
"../../../Engine/Plugins/Experimental/Dataflow/Binaries/Win64/UnrealEditor.modules" 874
"../../../Engine/Plugins/Experimental/CharacterFXEditor/BaseCharacterFXEditor/Binaries/Win64/UnrealEditor.modules" 875
"../../../Engine/Plugins/Experimental/ChaosNiagara/Binaries/Win64/UnrealEditor.modules" 876
"../../../Engine/Plugins/Experimental/ChaosUserDataPT/Binaries/Win64/UnrealEditor.modules" 877
"../../../Engine/Plugins/Experimental/CharacterAI/Binaries/Win64/UnrealEditor.modules" 878
"../../../Engine/Plugins/Experimental/EditorPerformance/Binaries/Win64/UnrealEditor.modules" 879
"../../../Engine/Plugins/Experimental/StudioTelemetry/Binaries/Win64/UnrealEditor.modules" 880
"../../../Engine/Plugins/Experimental/EditorTelemetry/Binaries/Win64/UnrealEditor.modules" 881
"../../../Engine/Plugins/Experimental/EditorDataStorage/Binaries/Win64/UnrealEditor.modules" 882
"../../../Engine/Plugins/Experimental/LocalizableMessage/Binaries/Win64/UnrealEditor.modules" 883
"../../../Engine/Plugins/Experimental/NFORDenoise/Binaries/Win64/UnrealEditor.modules" 884
"../../../Engine/Plugins/Experimental/PlatformCrypto/Binaries/Win64/UnrealEditor.modules" 885
"../../../Engine/Plugins/Experimental/SkeletalReduction/Binaries/Win64/UnrealEditor.modules" 886
"../../../Engine/Plugins/MovieScene/ActorSequence/Binaries/Win64/UnrealEditor.modules" 887
"../../../Engine/Plugins/Online/OnlineSubsystemNull/Binaries/Win64/UnrealEditor.modules" 888
"../../../Engine/Plugins/Tests/InterchangeTests/Binaries/Win64/UnrealEditor.modules" 889
"../../../Engine/Plugins/Importers/AlembicImporter/Binaries/Win64/UnrealEditor.modules" 890
"../../../Engine/Plugins/Media/AndroidMedia/Binaries/Win64/UnrealEditor.modules" 891
"../../../Engine/Plugins/Media/AvfMedia/Binaries/Win64/UnrealEditor.modules" 892
"../../../Engine/Plugins/Media/MediaCompositing/Binaries/Win64/UnrealEditor.modules" 893
"../../../Engine/Plugins/Media/ImgMedia/Binaries/Win64/UnrealEditor.modules" 894
"../../../Engine/Plugins/Media/MediaPlayerEditor/Binaries/Win64/UnrealEditor.modules" 895
"../../../Engine/Plugins/Media/MediaPlate/Binaries/Win64/UnrealEditor.modules" 896
"../../../Engine/Plugins/Experimental/Compositing/HoldoutComposite/Binaries/Win64/UnrealEditor.modules" 897
"../../../Engine/Plugins/Media/WmfMedia/Binaries/Win64/UnrealEditor.modules" 898
"../../../Engine/Plugins/Messaging/UdpMessaging/Binaries/Win64/UnrealEditor.modules" 899
"../../../Engine/Plugins/Runtime/ActorLayerUtilities/Binaries/Win64/UnrealEditor.modules" 900
"../../../Engine/Plugins/Runtime/AndroidDeviceProfileSelector/Binaries/Win64/UnrealEditor.modules" 901
"../../../Engine/Plugins/Runtime/AndroidFileServer/Binaries/Win64/UnrealEditor.modules" 902
"../../../Engine/Plugins/Runtime/AndroidPermission/Binaries/Win64/UnrealEditor.modules" 903
"../../../Engine/Plugins/Runtime/AppleImageUtils/Binaries/Win64/UnrealEditor.modules" 904
"../../../Engine/Plugins/Runtime/AssetTags/Binaries/Win64/UnrealEditor.modules" 905
"../../../Engine/Plugins/Runtime/CableComponent/Binaries/Win64/UnrealEditor.modules" 906
"../../../Engine/Plugins/Runtime/ChunkDownloader/Binaries/Win64/UnrealEditor.modules" 907
"../../../Engine/Plugins/Messaging/TcpMessaging/Binaries/Win64/UnrealEditor.modules" 908
"../../../Engine/Plugins/Runtime/CustomMeshComponent/Binaries/Win64/UnrealEditor.modules" 909
"../../../Engine/Plugins/Runtime/ExampleDeviceProfileSelector/Binaries/Win64/UnrealEditor.modules" 910
"../../../Engine/Plugins/Runtime/GooglePAD/Binaries/Win64/UnrealEditor.modules" 911
"../../../Engine/Plugins/Runtime/InputDebugging/Binaries/Win64/UnrealEditor.modules" 912
"../../../Engine/Plugins/Runtime/ArchVisCharacter/Binaries/Win64/UnrealEditor.modules" 913
"../../../Engine/Plugins/Runtime/Metasound/Binaries/Win64/UnrealEditor.modules" 914
"../../../Engine/Plugins/Runtime/AudioWidgets/Binaries/Win64/UnrealEditor.modules" 915
"../../../Engine/Plugins/Runtime/AudioSynesthesia/Binaries/Win64/UnrealEditor.modules" 916
"../../../Engine/Plugins/Runtime/WaveTable/Binaries/Win64/UnrealEditor.modules" 917
"../../../Engine/Plugins/Runtime/MobilePatchingUtils/Binaries/Win64/UnrealEditor.modules" 918
"../../../Engine/Plugins/Runtime/LocationServicesBPLibrary/Binaries/Win64/UnrealEditor.modules" 919
"../../../Engine/Plugins/Runtime/ResonanceAudio/Binaries/Win64/UnrealEditor.modules" 920
"../../../Engine/Plugins/Runtime/MsQuic/Binaries/Win64/UnrealEditor.modules" 921
"../../../Engine/Plugins/Runtime/SoundFields/Binaries/Win64/UnrealEditor.modules" 922
"../../../Engine/Plugins/Runtime/Synthesis/Binaries/Win64/UnrealEditor.modules" 923
"../../../Engine/Plugins/Runtime/WebMMoviePlayer/Binaries/Win64/UnrealEditor.modules" 924
"../../../Engine/Plugins/Media/WebMMedia/Binaries/Win64/UnrealEditor.modules" 925
"../../../Engine/Plugins/Runtime/WindowsDeviceProfileSelector/Binaries/Win64/UnrealEditor.modules" 926
"../../../Engine/Plugins/Runtime/WindowsMoviePlayer/Binaries/Win64/UnrealEditor.modules" 927
"../../../Engine/Plugins/2D/Paper2D/Binaries/Win64/UnrealEditor.modules" 928
"../../../Engine/Plugins/AI/AISupport/Binaries/Win64/UnrealEditor.modules" 929
"../../../Engine/Plugins/Animation/ACLPlugin/Binaries/Win64/UnrealEditor.modules" 930
"../../../Engine/Plugins/Animation/AnimationData/Binaries/Win64/UnrealEditor.modules" 931
"../../../Engine/Plugins/Animation/AnimationModifierLibrary/Binaries/Win64/UnrealEditor.modules" 932
"../../../Engine/Plugins/Animation/BlendSpaceMotionAnalysis/Binaries/Win64/UnrealEditor.modules" 933
"../../../Engine/Plugins/Animation/ControlRigSpline/Binaries/Win64/UnrealEditor.modules" 934
"../../../Engine/Plugins/Animation/IKRig/Binaries/Win64/UnrealEditor.modules" 935
"../../../Engine/Plugins/Experimental/FullBodyIK/Binaries/Win64/UnrealEditor.modules" 936
"../../../Engine/Plugins/Cameras/CameraShakePreviewer/Binaries/Win64/UnrealEditor.modules" 937
"../../../Engine/Plugins/Cameras/GameplayCameras/Binaries/Win64/UnrealEditor.modules" 938
"../../../Engine/Plugins/Runtime/StateTree/Binaries/Win64/UnrealEditor.modules" 939
"../../../Engine/Plugins/MovieScene/TemplateSequence/Binaries/Win64/UnrealEditor.modules" 940
"../../../Engine/Plugins/Cameras/EngineCameras/Binaries/Win64/UnrealEditor.modules" 941
"../../../Engine/Plugins/Compression/OodleNetwork/Binaries/Win64/UnrealEditor.modules" 942
"../../../Engine/Plugins/Editor/AssetManagerEditor/Binaries/Win64/UnrealEditor.modules" 943
"../../../Engine/Plugins/Editor/ColorGrading/Binaries/Win64/UnrealEditor.modules" 944
"../../../Engine/Plugins/Editor/ObjectMixer/ObjectMixer/Binaries/Win64/UnrealEditor.modules" 945
"../../../Engine/Plugins/Editor/ChangelistReview/Binaries/Win64/UnrealEditor.modules" 946
"../../../Engine/Plugins/Editor/CryptoKeys/Binaries/Win64/UnrealEditor.modules" 947
"../../../Engine/Plugins/Editor/CurveEditorTools/Binaries/Win64/UnrealEditor.modules" 948
"../../../Engine/Plugins/Editor/EditorDebugTools/Binaries/Win64/UnrealEditor.modules" 949
"../../../Engine/Plugins/Editor/BlueprintHeaderView/Binaries/Win64/UnrealEditor.modules" 950
"../../../Engine/Plugins/Editor/EngineAssetDefinitions/Binaries/Win64/UnrealEditor.modules" 951
"../../../Engine/Plugins/Editor/GameplayTagsEditor/Binaries/Win64/UnrealEditor.modules" 952
"../../../Engine/Plugins/Editor/FacialAnimation/Binaries/Win64/UnrealEditor.modules" 953
"../../../Engine/Plugins/Editor/GeometryMode/Binaries/Win64/UnrealEditor.modules" 954
"../../../Engine/Plugins/Editor/MaterialAnalyzer/Binaries/Win64/UnrealEditor.modules" 955
"../../../Engine/Plugins/Editor/MobileLauncherProfileWizard/Binaries/Win64/UnrealEditor.modules" 956
"../../../Engine/Plugins/Editor/SpeedTreeImporter/Binaries/Win64/UnrealEditor.modules" 957
"../../../Engine/Plugins/Editor/SequencerAnimTools/Binaries/Win64/UnrealEditor.modules" 958
"../../../Engine/Plugins/Editor/UVEditor/Binaries/Win64/UnrealEditor.modules" 959
"../../../Engine/Plugins/Editor/UMGWidgetPreview/Binaries/Win64/UnrealEditor.modules" 960
"../../../Engine/Plugins/Editor/WorldPartitionHLODUtilities/Binaries/Win64/UnrealEditor.modules" 961
"../../../Engine/Plugins/Enterprise/DatasmithContent/Binaries/Win64/UnrealEditor.modules" 962
"../../../Engine/Plugins/Editor/PluginBrowser/Binaries/Win64/UnrealEditor.modules" 963
"../../../Engine/Plugins/Enterprise/GLTFExporter/Binaries/Win64/UnrealEditor.modules" 964
"../../../Engine/Plugins/FX/NiagaraSimCaching/Binaries/Win64/UnrealEditor.modules" 965
"../../../Engine/Plugins/Portal/LauncherChunkInstaller/Binaries/Win64/UnrealEditor.modules" 966
"../../../Engine/Plugins/NNE/NNEDenoiser/Binaries/Win64/UnrealEditor.modules" 967
"../../../Engine/Plugins/NNE/NNERuntimeORT/Binaries/Win64/UnrealEditor.modules" 968
"../../../Engine/Plugins/AI/EnvironmentQueryEditor/Binaries/Win64/UnrealEditor.modules" 969
"../../../Engine/Plugins/Editor/Localization/PortableObjectFileDataSource/Binaries/Win64/UnrealEditor.modules" 970
"../../../Engine/Plugins/Runtime/Windows/XInputDevice/Binaries/Win64/UnrealEditor.modules" 971
"../../../Engine/Plugins/Experimental/Animation/SkeletalMeshModelingTools/Binaries/Win64/UnrealEditor.modules" 972
"../../../Engine/Plugins/Marketplace/Developer/RiderLink/Binaries/Win64/UnrealEditor.modules" 973
"../../../Engine/Plugins/Editor/ObjectMixer/LightMixer/Binaries/Win64/UnrealEditor.modules" 974
"../../../Engine/Plugins/Editor/ContentBrowser/ContentBrowserClassDataSource/Binaries/Win64/UnrealEditor.modules" 975
"../../../Engine/Config/BaseSourceControlSettings.ini" 976
"C:/Users/sgtfl/AppData/Local/UnrealEngine/5.5/Saved/Config/WindowsEditor/SourceControlSettings.ini" 977
"C:/Program Files/Epic Games/Unreal Projects/HaloFloodFanGame01 5.5/Saved/Config/WindowsEditor/SourceControlSettings.ini" 978
"../../../Engine/Content/Internationalization/icudt64l/coll/ucadata.icu" 979
"../../../Engine/Content/Internationalization/icudt64l/coll/en_US.res" 980
"../../../Engine/Content/Internationalization/icudt64l/coll/en.res" 981
"../../../Engine/Content/Internationalization/icudt64l/coll/root.res" 982
"../../../Engine/Content/Certificates/ThirdParty/cacert.pem" 983
"../../../Engine/Config/ConsoleVariables.ini" 984
"../../../Engine/Binaries/Win64/Android/UnrealEditor.modules" 985
"../../../Engine/Binaries/Win64/IOS/UnrealEditor.modules" 986
"../../../Engine/Binaries/Win64/Linux/UnrealEditor.modules" 987
"../../../Engine/Binaries/Win64/LinuxArm64/UnrealEditor.modules" 988
"../../../Engine/Content/Localization/Editor/en/Editor.locres" 989
"../../../Engine/Content/Localization/EditorTutorials/en/EditorTutorials.locres" 990
"../../../Engine/Content/Localization/Keywords/en/Keywords.locres" 991
"../../../Engine/Content/Localization/Category/en/Category.locres" 992
"../../../Engine/Content/Localization/ToolTips/en/ToolTips.locres" 993
"../../../Engine/Content/Localization/PropertyNames/en/PropertyNames.locres" 994
"../../../Engine/Content/Localization/Engine/en/Engine.locres" 995
"../../../Engine/Plugins/Online/OnlineSubsystem/Content/Localization/OnlineSubsystem/en/OnlineSubsystem.locres" 996
"../../../Engine/Plugins/Online/OnlineSubsystemSteam/Content/Localization/OnlineSubsystemSteam/en/OnlineSubsystemSteam.locres" 997
"../../../Engine/Plugins/Online/OnlineSubsystemUtils/Content/Localization/OnlineSubsystemUtils/en/OnlineSubsystemUtils.locres" 998
"../../../Engine/Plugins/Online/IOS/OnlineSubsystemIOS/Content/Localization/OnlineSubsystemIOS/en/OnlineSubsystemIOS.locres" 999
"../../../Engine/Plugins/Online/Android/OnlineSubsystemGooglePlay/Content/Localization/OnlineSubsystemGooglePlay/en/OnlineSubsystemGooglePlay.locres" 1000
"../../../Engine/Content/Internationalization/icudt64l/numberingSystems.res" 1001
"../../../Engine/Content/Internationalization/icudt64l/curr/supplementalData.res" 1002
"../../../Engine/Content/Internationalization/icudt64l/curr/en.res" 1003
"../../../Engine/Content/Internationalization/icudt64l/curr/pool.res" 1004
"../../../Engine/Content/Internationalization/icudt64l/curr/root.res" 1005
"../../../Engine/Content/Internationalization/icudt64l/lang/af.res" 1006
"../../../Engine/Content/Internationalization/icudt64l/region/af.res" 1007
"../../../Engine/Content/Internationalization/icudt64l/lang/agq.res" 1008
"../../../Engine/Content/Internationalization/icudt64l/region/agq.res" 1009
"../../../Engine/Content/Internationalization/icudt64l/lang/ak.res" 1010
"../../../Engine/Content/Internationalization/icudt64l/region/ak.res" 1011
"../../../Engine/Content/Internationalization/icudt64l/lang/am.res" 1012
"../../../Engine/Content/Internationalization/icudt64l/region/am.res" 1013
"../../../Engine/Content/Internationalization/icudt64l/lang/ar.res" 1014
"../../../Engine/Content/Internationalization/icudt64l/region/ar.res" 1015
"../../../Engine/Content/Internationalization/icudt64l/region/ar_AE.res" 1016
"../../../Engine/Content/Internationalization/icudt64l/lang/ar_EG.res" 1017
"../../../Engine/Content/Internationalization/icudt64l/lang/ar_LY.res" 1018
"../../../Engine/Content/Internationalization/icudt64l/region/ar_LY.res" 1019
"../../../Engine/Content/Internationalization/icudt64l/lang/ar_SA.res" 1020
"../../../Engine/Content/Internationalization/icudt64l/region/ar_SA.res" 1021
"../../../Engine/Content/Internationalization/icudt64l/lang/as.res" 1022
"../../../Engine/Content/Internationalization/icudt64l/region/as.res" 1023
"../../../Engine/Content/Internationalization/icudt64l/lang/asa.res" 1024
"../../../Engine/Content/Internationalization/icudt64l/region/asa.res" 1025
"../../../Engine/Content/Internationalization/icudt64l/lang/ast.res" 1026
"../../../Engine/Content/Internationalization/icudt64l/region/ast.res" 1027
"../../../Engine/Content/Internationalization/icudt64l/lang/az.res" 1028
"../../../Engine/Content/Internationalization/icudt64l/lang/az_Cyrl.res" 1029
"../../../Engine/Content/Internationalization/icudt64l/lang/az_AZ.res" 1030
"../../../Engine/Content/Internationalization/icudt64l/lang/az_Latn_AZ.res" 1031
"../../../Engine/Content/Internationalization/icudt64l/lang/az_Latn.res" 1032
"../../../Engine/Content/Internationalization/icudt64l/region/az_AZ.res" 1033
"../../../Engine/Content/Internationalization/icudt64l/region/az_Latn_AZ.res" 1034
"../../../Engine/Content/Internationalization/icudt64l/region/az_Latn.res" 1035
"../../../Engine/Content/Internationalization/icudt64l/region/az.res" 1036
"../../../Engine/Content/Internationalization/icudt64l/region/az_Cyrl.res" 1037
"../../../Engine/Content/Internationalization/icudt64l/lang/bas.res" 1038
"../../../Engine/Content/Internationalization/icudt64l/region/bas.res" 1039
"../../../Engine/Content/Internationalization/icudt64l/lang/be.res" 1040
"../../../Engine/Content/Internationalization/icudt64l/region/be.res" 1041
"../../../Engine/Content/Internationalization/icudt64l/lang/bem.res" 1042
"../../../Engine/Content/Internationalization/icudt64l/region/bem.res" 1043
"../../../Engine/Content/Internationalization/icudt64l/lang/bez.res" 1044
"../../../Engine/Content/Internationalization/icudt64l/region/bez.res" 1045
"../../../Engine/Content/Internationalization/icudt64l/lang/bg.res" 1046
"../../../Engine/Content/Internationalization/icudt64l/region/bg.res" 1047
"../../../Engine/Content/Internationalization/icudt64l/lang/bm.res" 1048
"../../../Engine/Content/Internationalization/icudt64l/region/bm.res" 1049
"../../../Engine/Content/Internationalization/icudt64l/lang/bn.res" 1050
"../../../Engine/Content/Internationalization/icudt64l/region/bn.res" 1051
"../../../Engine/Content/Internationalization/icudt64l/lang/bn_IN.res" 1052
"../../../Engine/Content/Internationalization/icudt64l/region/bn_IN.res" 1053
"../../../Engine/Content/Internationalization/icudt64l/lang/bo.res" 1054
"../../../Engine/Content/Internationalization/icudt64l/region/bo.res" 1055
"../../../Engine/Content/Internationalization/icudt64l/region/bo_IN.res" 1056
"../../../Engine/Content/Internationalization/icudt64l/lang/br.res" 1057
"../../../Engine/Content/Internationalization/icudt64l/region/br.res" 1058
"../../../Engine/Content/Internationalization/icudt64l/lang/brx.res" 1059
"../../../Engine/Content/Internationalization/icudt64l/region/brx.res" 1060
"../../../Engine/Content/Internationalization/icudt64l/lang/bs.res" 1061
"../../../Engine/Content/Internationalization/icudt64l/lang/bs_Cyrl.res" 1062
"../../../Engine/Content/Internationalization/icudt64l/lang/bs_BA.res" 1063
"../../../Engine/Content/Internationalization/icudt64l/lang/bs_Latn_BA.res" 1064
"../../../Engine/Content/Internationalization/icudt64l/lang/bs_Latn.res" 1065
"../../../Engine/Content/Internationalization/icudt64l/region/bs_BA.res" 1066
"../../../Engine/Content/Internationalization/icudt64l/region/bs_Latn_BA.res" 1067
"../../../Engine/Content/Internationalization/icudt64l/region/bs_Latn.res" 1068
"../../../Engine/Content/Internationalization/icudt64l/region/bs.res" 1069
"../../../Engine/Content/Internationalization/icudt64l/region/bs_Cyrl.res" 1070
"../../../Engine/Content/Internationalization/icudt64l/lang/ca.res" 1071
"../../../Engine/Content/Internationalization/icudt64l/region/ca.res" 1072
"../../../Engine/Content/Internationalization/icudt64l/lang/ccp.res" 1073
"../../../Engine/Content/Internationalization/icudt64l/region/ccp.res" 1074
"../../../Engine/Content/Internationalization/icudt64l/lang/ce.res" 1075
"../../../Engine/Content/Internationalization/icudt64l/region/ce.res" 1076
"../../../Engine/Content/Internationalization/icudt64l/lang/ceb.res" 1077
"../../../Engine/Content/Internationalization/icudt64l/region/ceb.res" 1078
"../../../Engine/Content/Internationalization/icudt64l/lang/cgg.res" 1079
"../../../Engine/Content/Internationalization/icudt64l/region/cgg.res" 1080
"../../../Engine/Content/Internationalization/icudt64l/lang/chr.res" 1081
"../../../Engine/Content/Internationalization/icudt64l/region/chr.res" 1082
"../../../Engine/Content/Internationalization/icudt64l/lang/ckb.res" 1083
"../../../Engine/Content/Internationalization/icudt64l/region/ckb.res" 1084
"../../../Engine/Content/Internationalization/icudt64l/lang/cs.res" 1085
"../../../Engine/Content/Internationalization/icudt64l/region/cs.res" 1086
"../../../Engine/Content/Internationalization/icudt64l/lang/cy.res" 1087
"../../../Engine/Content/Internationalization/icudt64l/region/cy.res" 1088
"../../../Engine/Content/Internationalization/icudt64l/lang/da.res" 1089
"../../../Engine/Content/Internationalization/icudt64l/region/da.res" 1090
"../../../Engine/Content/Internationalization/icudt64l/lang/dav.res" 1091
"../../../Engine/Content/Internationalization/icudt64l/region/dav.res" 1092
"../../../Engine/Content/Internationalization/icudt64l/lang/de.res" 1093
"../../../Engine/Content/Internationalization/icudt64l/lang/de_AT.res" 1094
"../../../Engine/Content/Internationalization/icudt64l/region/de_AT.res" 1095
"../../../Engine/Content/Internationalization/icudt64l/region/de.res" 1096
"../../../Engine/Content/Internationalization/icudt64l/lang/de_CH.res" 1097
"../../../Engine/Content/Internationalization/icudt64l/region/de_CH.res" 1098
"../../../Engine/Content/Internationalization/icudt64l/lang/de_LU.res" 1099
"../../../Engine/Content/Internationalization/icudt64l/lang/dje.res" 1100
"../../../Engine/Content/Internationalization/icudt64l/region/dje.res" 1101
"../../../Engine/Content/Internationalization/icudt64l/lang/dsb.res" 1102
"../../../Engine/Content/Internationalization/icudt64l/region/dsb.res" 1103
"../../../Engine/Content/Internationalization/icudt64l/lang/dua.res" 1104
"../../../Engine/Content/Internationalization/icudt64l/region/dua.res" 1105
"../../../Engine/Content/Internationalization/icudt64l/lang/dyo.res" 1106
"../../../Engine/Content/Internationalization/icudt64l/region/dyo.res" 1107
"../../../Engine/Content/Internationalization/icudt64l/lang/dz.res" 1108
"../../../Engine/Content/Internationalization/icudt64l/region/dz.res" 1109
"../../../Engine/Content/Internationalization/icudt64l/lang/ebu.res" 1110
"../../../Engine/Content/Internationalization/icudt64l/region/ebu.res" 1111
"../../../Engine/Content/Internationalization/icudt64l/lang/ee.res" 1112
"../../../Engine/Content/Internationalization/icudt64l/region/ee.res" 1113
"../../../Engine/Content/Internationalization/icudt64l/lang/el.res" 1114
"../../../Engine/Content/Internationalization/icudt64l/region/el.res" 1115
"../../../Engine/Content/Internationalization/icudt64l/lang/en_001.res" 1116
"../../../Engine/Content/Internationalization/icudt64l/lang/en_150.res" 1117
"../../../Engine/Content/Internationalization/icudt64l/region/en_150.res" 1118
"../../../Engine/Content/Internationalization/icudt64l/lang/en_AG.res" 1119
"../../../Engine/Content/Internationalization/icudt64l/region/en_AG.res" 1120
"../../../Engine/Content/Internationalization/icudt64l/lang/en_AI.res" 1121
"../../../Engine/Content/Internationalization/icudt64l/region/en_AI.res" 1122
"../../../Engine/Content/Internationalization/icudt64l/lang/en_AT.res" 1123
"../../../Engine/Content/Internationalization/icudt64l/region/en_AT.res" 1124
"../../../Engine/Content/Internationalization/icudt64l/lang/en_AU.res" 1125
"../../../Engine/Content/Internationalization/icudt64l/region/en_AU.res" 1126
"../../../Engine/Content/Internationalization/icudt64l/lang/en_BB.res" 1127
"../../../Engine/Content/Internationalization/icudt64l/region/en_BB.res" 1128
"../../../Engine/Content/Internationalization/icudt64l/lang/en_BE.res" 1129
"../../../Engine/Content/Internationalization/icudt64l/region/en_BE.res" 1130
"../../../Engine/Content/Internationalization/icudt64l/lang/en_BM.res" 1131
"../../../Engine/Content/Internationalization/icudt64l/region/en_BM.res" 1132
"../../../Engine/Content/Internationalization/icudt64l/lang/en_BS.res" 1133
"../../../Engine/Content/Internationalization/icudt64l/region/en_BS.res" 1134
"../../../Engine/Content/Internationalization/icudt64l/lang/en_BW.res" 1135
"../../../Engine/Content/Internationalization/icudt64l/region/en_BW.res" 1136
"../../../Engine/Content/Internationalization/icudt64l/lang/en_BZ.res" 1137
"../../../Engine/Content/Internationalization/icudt64l/region/en_BZ.res" 1138
"../../../Engine/Content/Internationalization/icudt64l/lang/en_CA.res" 1139
"../../../Engine/Content/Internationalization/icudt64l/region/en_CA.res" 1140
"../../../Engine/Content/Internationalization/icudt64l/lang/en_CC.res" 1141
"../../../Engine/Content/Internationalization/icudt64l/region/en_CC.res" 1142
"../../../Engine/Content/Internationalization/icudt64l/lang/en_CH.res" 1143
"../../../Engine/Content/Internationalization/icudt64l/region/en_CH.res" 1144
"../../../Engine/Content/Internationalization/icudt64l/lang/en_CK.res" 1145
"../../../Engine/Content/Internationalization/icudt64l/region/en_CK.res" 1146
"../../../Engine/Content/Internationalization/icudt64l/lang/en_CM.res" 1147
"../../../Engine/Content/Internationalization/icudt64l/region/en_CM.res" 1148
"../../../Engine/Content/Internationalization/icudt64l/lang/en_CX.res" 1149
"../../../Engine/Content/Internationalization/icudt64l/region/en_CX.res" 1150
"../../../Engine/Content/Internationalization/icudt64l/lang/en_CY.res" 1151
"../../../Engine/Content/Internationalization/icudt64l/region/en_CY.res" 1152
"../../../Engine/Content/Internationalization/icudt64l/lang/en_DE.res" 1153
"../../../Engine/Content/Internationalization/icudt64l/region/en_DE.res" 1154
"../../../Engine/Content/Internationalization/icudt64l/lang/en_DG.res" 1155
"../../../Engine/Content/Internationalization/icudt64l/region/en_DG.res" 1156
"../../../Engine/Content/Internationalization/icudt64l/lang/en_DK.res" 1157
"../../../Engine/Content/Internationalization/icudt64l/region/en_DK.res" 1158
"../../../Engine/Content/Internationalization/icudt64l/lang/en_DM.res" 1159
"../../../Engine/Content/Internationalization/icudt64l/region/en_DM.res" 1160
"../../../Engine/Content/Internationalization/icudt64l/lang/en_ER.res" 1161
"../../../Engine/Content/Internationalization/icudt64l/region/en_ER.res" 1162
"../../../Engine/Content/Internationalization/icudt64l/lang/en_FI.res" 1163
"../../../Engine/Content/Internationalization/icudt64l/region/en_FI.res" 1164
"../../../Engine/Content/Internationalization/icudt64l/lang/en_FJ.res" 1165
"../../../Engine/Content/Internationalization/icudt64l/region/en_FJ.res" 1166
"../../../Engine/Content/Internationalization/icudt64l/lang/en_FK.res" 1167
"../../../Engine/Content/Internationalization/icudt64l/region/en_FK.res" 1168
"../../../Engine/Content/Internationalization/icudt64l/lang/en_FM.res" 1169
"../../../Engine/Content/Internationalization/icudt64l/region/en_FM.res" 1170
"../../../Engine/Content/Internationalization/icudt64l/lang/en_GB.res" 1171
"../../../Engine/Content/Internationalization/icudt64l/region/en_GB.res" 1172
"../../../Engine/Content/Internationalization/icudt64l/lang/en_GD.res" 1173
"../../../Engine/Content/Internationalization/icudt64l/region/en_GD.res" 1174
"../../../Engine/Content/Internationalization/icudt64l/lang/en_GG.res" 1175
"../../../Engine/Content/Internationalization/icudt64l/region/en_GG.res" 1176
"../../../Engine/Content/Internationalization/icudt64l/lang/en_GH.res" 1177
"../../../Engine/Content/Internationalization/icudt64l/region/en_GH.res" 1178
"../../../Engine/Content/Internationalization/icudt64l/lang/en_GI.res" 1179
"../../../Engine/Content/Internationalization/icudt64l/region/en_GI.res" 1180
"../../../Engine/Content/Internationalization/icudt64l/lang/en_GM.res" 1181
"../../../Engine/Content/Internationalization/icudt64l/region/en_GM.res" 1182
"../../../Engine/Content/Internationalization/icudt64l/lang/en_GY.res" 1183
"../../../Engine/Content/Internationalization/icudt64l/region/en_GY.res" 1184
"../../../Engine/Content/Internationalization/icudt64l/lang/en_HK.res" 1185
"../../../Engine/Content/Internationalization/icudt64l/region/en_HK.res" 1186
"../../../Engine/Content/Internationalization/icudt64l/lang/en_IE.res" 1187
"../../../Engine/Content/Internationalization/icudt64l/region/en_IE.res" 1188
"../../../Engine/Content/Internationalization/icudt64l/lang/en_IL.res" 1189
"../../../Engine/Content/Internationalization/icudt64l/region/en_IL.res" 1190
"../../../Engine/Content/Internationalization/icudt64l/lang/en_IM.res" 1191
"../../../Engine/Content/Internationalization/icudt64l/region/en_IM.res" 1192
"../../../Engine/Content/Internationalization/icudt64l/lang/en_IN.res" 1193
"../../../Engine/Content/Internationalization/icudt64l/region/en_IN.res" 1194
"../../../Engine/Content/Internationalization/icudt64l/lang/en_IO.res" 1195
"../../../Engine/Content/Internationalization/icudt64l/region/en_IO.res" 1196
"../../../Engine/Content/Internationalization/icudt64l/lang/en_JE.res" 1197
"../../../Engine/Content/Internationalization/icudt64l/region/en_JE.res" 1198
"../../../Engine/Content/Internationalization/icudt64l/lang/en_JM.res" 1199
"../../../Engine/Content/Internationalization/icudt64l/region/en_JM.res" 1200
"../../../Engine/Content/Internationalization/icudt64l/lang/en_KE.res" 1201
"../../../Engine/Content/Internationalization/icudt64l/region/en_KE.res" 1202
"../../../Engine/Content/Internationalization/icudt64l/lang/en_KI.res" 1203
"../../../Engine/Content/Internationalization/icudt64l/region/en_KI.res" 1204
"../../../Engine/Content/Internationalization/icudt64l/lang/en_KN.res" 1205
"../../../Engine/Content/Internationalization/icudt64l/region/en_KN.res" 1206
"../../../Engine/Content/Internationalization/icudt64l/lang/en_KY.res" 1207
"../../../Engine/Content/Internationalization/icudt64l/region/en_KY.res" 1208
"../../../Engine/Content/Internationalization/icudt64l/lang/en_LC.res" 1209
"../../../Engine/Content/Internationalization/icudt64l/region/en_LC.res" 1210
"../../../Engine/Content/Internationalization/icudt64l/lang/en_LR.res" 1211
"../../../Engine/Content/Internationalization/icudt64l/region/en_LR.res" 1212
"../../../Engine/Content/Internationalization/icudt64l/lang/en_LS.res" 1213
"../../../Engine/Content/Internationalization/icudt64l/region/en_LS.res" 1214
"../../../Engine/Content/Internationalization/icudt64l/lang/en_MG.res" 1215
"../../../Engine/Content/Internationalization/icudt64l/region/en_MG.res" 1216
"../../../Engine/Content/Internationalization/icudt64l/lang/en_MO.res" 1217
"../../../Engine/Content/Internationalization/icudt64l/region/en_MO.res" 1218
"../../../Engine/Content/Internationalization/icudt64l/lang/en_MS.res" 1219
"../../../Engine/Content/Internationalization/icudt64l/region/en_MS.res" 1220
"../../../Engine/Content/Internationalization/icudt64l/lang/en_MT.res" 1221
"../../../Engine/Content/Internationalization/icudt64l/region/en_MT.res" 1222
"../../../Engine/Content/Internationalization/icudt64l/lang/en_MU.res" 1223
"../../../Engine/Content/Internationalization/icudt64l/region/en_MU.res" 1224
"../../../Engine/Content/Internationalization/icudt64l/lang/en_MW.res" 1225
"../../../Engine/Content/Internationalization/icudt64l/region/en_MW.res" 1226
"../../../Engine/Content/Internationalization/icudt64l/lang/en_MY.res" 1227
"../../../Engine/Content/Internationalization/icudt64l/region/en_MY.res" 1228
"../../../Engine/Content/Internationalization/icudt64l/lang/en_NA.res" 1229
"../../../Engine/Content/Internationalization/icudt64l/region/en_NA.res" 1230
"../../../Engine/Content/Internationalization/icudt64l/lang/en_NF.res" 1231
"../../../Engine/Content/Internationalization/icudt64l/region/en_NF.res" 1232
"../../../Engine/Content/Internationalization/icudt64l/lang/en_NG.res" 1233
"../../../Engine/Content/Internationalization/icudt64l/region/en_NG.res" 1234
"../../../Engine/Content/Internationalization/icudt64l/lang/en_NL.res" 1235
"../../../Engine/Content/Internationalization/icudt64l/region/en_NL.res" 1236
"../../../Engine/Content/Internationalization/icudt64l/lang/en_NR.res" 1237
"../../../Engine/Content/Internationalization/icudt64l/region/en_NR.res" 1238
"../../../Engine/Content/Internationalization/icudt64l/lang/en_NU.res" 1239
"../../../Engine/Content/Internationalization/icudt64l/region/en_NU.res" 1240
"../../../Engine/Content/Internationalization/icudt64l/lang/en_NZ.res" 1241
"../../../Engine/Content/Internationalization/icudt64l/region/en_NZ.res" 1242
"../../../Engine/Content/Internationalization/icudt64l/lang/en_PG.res" 1243
"../../../Engine/Content/Internationalization/icudt64l/region/en_PG.res" 1244
"../../../Engine/Content/Internationalization/icudt64l/lang/en_PH.res" 1245
"../../../Engine/Content/Internationalization/icudt64l/region/en_PH.res" 1246
"../../../Engine/Content/Internationalization/icudt64l/lang/en_PK.res" 1247
"../../../Engine/Content/Internationalization/icudt64l/region/en_PK.res" 1248
"../../../Engine/Content/Internationalization/icudt64l/lang/en_PN.res" 1249
"../../../Engine/Content/Internationalization/icudt64l/region/en_PN.res" 1250
"../../../Engine/Content/Internationalization/icudt64l/lang/en_PW.res" 1251
"../../../Engine/Content/Internationalization/icudt64l/region/en_PW.res" 1252
"../../../Engine/Content/Internationalization/icudt64l/lang/en_RW.res" 1253
"../../../Engine/Content/Internationalization/icudt64l/region/en_RW.res" 1254
"../../../Engine/Content/Internationalization/icudt64l/lang/en_SB.res" 1255
"../../../Engine/Content/Internationalization/icudt64l/region/en_SB.res" 1256
"../../../Engine/Content/Internationalization/icudt64l/lang/en_SC.res" 1257
"../../../Engine/Content/Internationalization/icudt64l/region/en_SC.res" 1258
"../../../Engine/Content/Internationalization/icudt64l/lang/en_SD.res" 1259
"../../../Engine/Content/Internationalization/icudt64l/region/en_SD.res" 1260
"../../../Engine/Content/Internationalization/icudt64l/lang/en_SE.res" 1261
"../../../Engine/Content/Internationalization/icudt64l/region/en_SE.res" 1262
"../../../Engine/Content/Internationalization/icudt64l/lang/en_SG.res" 1263
"../../../Engine/Content/Internationalization/icudt64l/region/en_SG.res" 1264
"../../../Engine/Content/Internationalization/icudt64l/lang/en_SH.res" 1265
"../../../Engine/Content/Internationalization/icudt64l/region/en_SH.res" 1266
"../../../Engine/Content/Internationalization/icudt64l/lang/en_SI.res" 1267
"../../../Engine/Content/Internationalization/icudt64l/region/en_SI.res" 1268
"../../../Engine/Content/Internationalization/icudt64l/lang/en_SL.res" 1269
"../../../Engine/Content/Internationalization/icudt64l/region/en_SL.res" 1270
"../../../Engine/Content/Internationalization/icudt64l/lang/en_SS.res" 1271
"../../../Engine/Content/Internationalization/icudt64l/region/en_SS.res" 1272
"../../../Engine/Content/Internationalization/icudt64l/lang/en_SX.res" 1273
"../../../Engine/Content/Internationalization/icudt64l/region/en_SX.res" 1274
"../../../Engine/Content/Internationalization/icudt64l/lang/en_SZ.res" 1275
"../../../Engine/Content/Internationalization/icudt64l/region/en_SZ.res" 1276
"../../../Engine/Content/Internationalization/icudt64l/lang/en_TC.res" 1277
"../../../Engine/Content/Internationalization/icudt64l/region/en_TC.res" 1278
"../../../Engine/Content/Internationalization/icudt64l/lang/en_TK.res" 1279
"../../../Engine/Content/Internationalization/icudt64l/region/en_TK.res" 1280
"../../../Engine/Content/Internationalization/icudt64l/lang/en_TO.res" 1281
"../../../Engine/Content/Internationalization/icudt64l/region/en_TO.res" 1282
"../../../Engine/Content/Internationalization/icudt64l/lang/en_TT.res" 1283
"../../../Engine/Content/Internationalization/icudt64l/region/en_TT.res" 1284
"../../../Engine/Content/Internationalization/icudt64l/lang/en_TV.res" 1285
"../../../Engine/Content/Internationalization/icudt64l/region/en_TV.res" 1286
"../../../Engine/Content/Internationalization/icudt64l/lang/en_TZ.res" 1287
"../../../Engine/Content/Internationalization/icudt64l/region/en_TZ.res" 1288
"../../../Engine/Content/Internationalization/icudt64l/lang/en_UG.res" 1289
"../../../Engine/Content/Internationalization/icudt64l/region/en_UG.res" 1290
"../../../Engine/Content/Internationalization/icudt64l/lang/en_VC.res" 1291
"../../../Engine/Content/Internationalization/icudt64l/region/en_VC.res" 1292
"../../../Engine/Content/Internationalization/icudt64l/lang/en_VG.res" 1293
"../../../Engine/Content/Internationalization/icudt64l/region/en_VG.res" 1294
"../../../Engine/Content/Internationalization/icudt64l/lang/en_VU.res" 1295
"../../../Engine/Content/Internationalization/icudt64l/region/en_VU.res" 1296
"../../../Engine/Content/Internationalization/icudt64l/lang/en_WS.res" 1297
"../../../Engine/Content/Internationalization/icudt64l/region/en_WS.res" 1298
"../../../Engine/Content/Internationalization/icudt64l/lang/en_ZA.res" 1299
"../../../Engine/Content/Internationalization/icudt64l/region/en_ZA.res" 1300
"../../../Engine/Content/Internationalization/icudt64l/lang/en_ZM.res" 1301
"../../../Engine/Content/Internationalization/icudt64l/region/en_ZM.res" 1302
"../../../Engine/Content/Internationalization/icudt64l/lang/en_ZW.res" 1303
"../../../Engine/Content/Internationalization/icudt64l/region/en_ZW.res" 1304
"../../../Engine/Content/Internationalization/icudt64l/lang/eo.res" 1305
"../../../Engine/Content/Internationalization/icudt64l/region/eo.res" 1306
"../../../Engine/Content/Internationalization/icudt64l/lang/es.res" 1307
"../../../Engine/Content/Internationalization/icudt64l/lang/es_419.res" 1308
"../../../Engine/Content/Internationalization/icudt64l/region/es_419.res" 1309
"../../../Engine/Content/Internationalization/icudt64l/region/es.res" 1310
"../../../Engine/Content/Internationalization/icudt64l/lang/es_AR.res" 1311
"../../../Engine/Content/Internationalization/icudt64l/region/es_AR.res" 1312
"../../../Engine/Content/Internationalization/icudt64l/lang/es_BO.res" 1313
"../../../Engine/Content/Internationalization/icudt64l/region/es_BO.res" 1314
"../../../Engine/Content/Internationalization/icudt64l/lang/es_BR.res" 1315
"../../../Engine/Content/Internationalization/icudt64l/region/es_BR.res" 1316
"../../../Engine/Content/Internationalization/icudt64l/lang/es_BZ.res" 1317
"../../../Engine/Content/Internationalization/icudt64l/region/es_BZ.res" 1318
"../../../Engine/Content/Internationalization/icudt64l/lang/es_CL.res" 1319
"../../../Engine/Content/Internationalization/icudt64l/region/es_CL.res" 1320
"../../../Engine/Content/Internationalization/icudt64l/lang/es_CO.res" 1321
"../../../Engine/Content/Internationalization/icudt64l/region/es_CO.res" 1322
"../../../Engine/Content/Internationalization/icudt64l/lang/es_CR.res" 1323
"../../../Engine/Content/Internationalization/icudt64l/region/es_CR.res" 1324
"../../../Engine/Content/Internationalization/icudt64l/lang/es_CU.res" 1325
"../../../Engine/Content/Internationalization/icudt64l/region/es_CU.res" 1326
"../../../Engine/Content/Internationalization/icudt64l/lang/es_DO.res" 1327
"../../../Engine/Content/Internationalization/icudt64l/region/es_DO.res" 1328
"../../../Engine/Content/Internationalization/icudt64l/lang/es_EC.res" 1329
"../../../Engine/Content/Internationalization/icudt64l/region/es_EC.res" 1330
"../../../Engine/Content/Internationalization/icudt64l/lang/es_GT.res" 1331
"../../../Engine/Content/Internationalization/icudt64l/region/es_GT.res" 1332
"../../../Engine/Content/Internationalization/icudt64l/lang/es_HN.res" 1333
"../../../Engine/Content/Internationalization/icudt64l/region/es_HN.res" 1334
"../../../Engine/Content/Internationalization/icudt64l/lang/es_MX.res" 1335
"../../../Engine/Content/Internationalization/icudt64l/region/es_MX.res" 1336
"../../../Engine/Content/Internationalization/icudt64l/lang/es_NI.res" 1337
"../../../Engine/Content/Internationalization/icudt64l/region/es_NI.res" 1338
"../../../Engine/Content/Internationalization/icudt64l/lang/es_PA.res" 1339
"../../../Engine/Content/Internationalization/icudt64l/region/es_PA.res" 1340
"../../../Engine/Content/Internationalization/icudt64l/lang/es_PE.res" 1341
"../../../Engine/Content/Internationalization/icudt64l/region/es_PE.res" 1342
"../../../Engine/Content/Internationalization/icudt64l/lang/es_PR.res" 1343
"../../../Engine/Content/Internationalization/icudt64l/region/es_PR.res" 1344
"../../../Engine/Content/Internationalization/icudt64l/lang/es_PY.res" 1345
"../../../Engine/Content/Internationalization/icudt64l/region/es_PY.res" 1346
"../../../Engine/Content/Internationalization/icudt64l/lang/es_SV.res" 1347
"../../../Engine/Content/Internationalization/icudt64l/region/es_SV.res" 1348
"../../../Engine/Content/Internationalization/icudt64l/lang/es_US.res" 1349
"../../../Engine/Content/Internationalization/icudt64l/region/es_US.res" 1350
"../../../Engine/Content/Internationalization/icudt64l/lang/es_UY.res" 1351
"../../../Engine/Content/Internationalization/icudt64l/region/es_UY.res" 1352
"../../../Engine/Content/Internationalization/icudt64l/lang/es_VE.res" 1353
"../../../Engine/Content/Internationalization/icudt64l/region/es_VE.res" 1354
"../../../Engine/Content/Internationalization/icudt64l/lang/et.res" 1355
"../../../Engine/Content/Internationalization/icudt64l/region/et.res" 1356
"../../../Engine/Content/Internationalization/icudt64l/lang/eu.res" 1357
"../../../Engine/Content/Internationalization/icudt64l/region/eu.res" 1358
"../../../Engine/Content/Internationalization/icudt64l/lang/ewo.res" 1359
"../../../Engine/Content/Internationalization/icudt64l/region/ewo.res" 1360
"../../../Engine/Content/Internationalization/icudt64l/lang/fa.res" 1361
"../../../Engine/Content/Internationalization/icudt64l/lang/fa_AF.res" 1362
"../../../Engine/Content/Internationalization/icudt64l/region/fa_AF.res" 1363
"../../../Engine/Content/Internationalization/icudt64l/region/fa.res" 1364
"../../../Engine/Content/Internationalization/icudt64l/lang/ff.res" 1365
"../../../Engine/Content/Internationalization/icudt64l/lang/ff_Latn.res" 1366
"../../../Engine/Content/Internationalization/icudt64l/region/ff.res" 1367
"../../../Engine/Content/Internationalization/icudt64l/region/ff_Latn.res" 1368
"../../../Engine/Content/Internationalization/icudt64l/lang/ff_CM.res" 1369
"../../../Engine/Content/Internationalization/icudt64l/lang/ff_Latn_CM.res" 1370
"../../../Engine/Content/Internationalization/icudt64l/region/ff_CM.res" 1371
"../../../Engine/Content/Internationalization/icudt64l/region/ff_Latn_CM.res" 1372
"../../../Engine/Content/Internationalization/icudt64l/lang/ff_GN.res" 1373
"../../../Engine/Content/Internationalization/icudt64l/lang/ff_Latn_GN.res" 1374
"../../../Engine/Content/Internationalization/icudt64l/region/ff_GN.res" 1375
"../../../Engine/Content/Internationalization/icudt64l/region/ff_Latn_GN.res" 1376
"../../../Engine/Content/Internationalization/icudt64l/lang/ff_MR.res" 1377
"../../../Engine/Content/Internationalization/icudt64l/lang/ff_Latn_MR.res" 1378
"../../../Engine/Content/Internationalization/icudt64l/region/ff_MR.res" 1379
"../../../Engine/Content/Internationalization/icudt64l/region/ff_Latn_MR.res" 1380
"../../../Engine/Content/Internationalization/icudt64l/lang/ff_SN.res" 1381
"../../../Engine/Content/Internationalization/icudt64l/lang/ff_Latn_SN.res" 1382
"../../../Engine/Content/Internationalization/icudt64l/region/ff_SN.res" 1383
"../../../Engine/Content/Internationalization/icudt64l/region/ff_Latn_SN.res" 1384
"../../../Engine/Content/Internationalization/icudt64l/lang/fi.res" 1385
"../../../Engine/Content/Internationalization/icudt64l/region/fi.res" 1386
"../../../Engine/Content/Internationalization/icudt64l/lang/fil.res" 1387
"../../../Engine/Content/Internationalization/icudt64l/lang/fil_PH.res" 1388
"../../../Engine/Content/Internationalization/icudt64l/region/fil_PH.res" 1389
"../../../Engine/Content/Internationalization/icudt64l/region/fil.res" 1390
"../../../Engine/Content/Internationalization/icudt64l/lang/fo.res" 1391
"../../../Engine/Content/Internationalization/icudt64l/region/fo.res" 1392
"../../../Engine/Content/Internationalization/icudt64l/lang/fr.res" 1393
"../../../Engine/Content/Internationalization/icudt64l/lang/fr_BE.res" 1394
"../../../Engine/Content/Internationalization/icudt64l/region/fr_BE.res" 1395
"../../../Engine/Content/Internationalization/icudt64l/region/fr.res" 1396
"../../../Engine/Content/Internationalization/icudt64l/lang/fr_CA.res" 1397
"../../../Engine/Content/Internationalization/icudt64l/region/fr_CA.res" 1398
"../../../Engine/Content/Internationalization/icudt64l/lang/fr_CH.res" 1399
"../../../Engine/Content/Internationalization/icudt64l/lang/fur.res" 1400
"../../../Engine/Content/Internationalization/icudt64l/region/fur.res" 1401
"../../../Engine/Content/Internationalization/icudt64l/lang/fy.res" 1402
"../../../Engine/Content/Internationalization/icudt64l/region/fy.res" 1403
"../../../Engine/Content/Internationalization/icudt64l/lang/ga.res" 1404
"../../../Engine/Content/Internationalization/icudt64l/region/ga.res" 1405
"../../../Engine/Content/Internationalization/icudt64l/lang/gd.res" 1406
"../../../Engine/Content/Internationalization/icudt64l/region/gd.res" 1407
"../../../Engine/Content/Internationalization/icudt64l/lang/gl.res" 1408
"../../../Engine/Content/Internationalization/icudt64l/region/gl.res" 1409
"../../../Engine/Content/Internationalization/icudt64l/lang/gsw.res" 1410
"../../../Engine/Content/Internationalization/icudt64l/region/gsw.res" 1411
"../../../Engine/Content/Internationalization/icudt64l/lang/gu.res" 1412
"../../../Engine/Content/Internationalization/icudt64l/region/gu.res" 1413
"../../../Engine/Content/Internationalization/icudt64l/lang/guz.res" 1414
"../../../Engine/Content/Internationalization/icudt64l/region/guz.res" 1415
"../../../Engine/Content/Internationalization/icudt64l/lang/gv.res" 1416
"../../../Engine/Content/Internationalization/icudt64l/region/gv.res" 1417
"../../../Engine/Content/Internationalization/icudt64l/lang/ha.res" 1418
"../../../Engine/Content/Internationalization/icudt64l/region/ha.res" 1419
"../../../Engine/Content/Internationalization/icudt64l/lang/ha_NE.res" 1420
"../../../Engine/Content/Internationalization/icudt64l/region/ha_NE.res" 1421
"../../../Engine/Content/Internationalization/icudt64l/lang/haw.res" 1422
"../../../Engine/Content/Internationalization/icudt64l/region/haw.res" 1423
"../../../Engine/Content/Internationalization/icudt64l/lang/he.res" 1424
"../../../Engine/Content/Internationalization/icudt64l/lang/he_IL.res" 1425
"../../../Engine/Content/Internationalization/icudt64l/region/he_IL.res" 1426
"../../../Engine/Content/Internationalization/icudt64l/region/he.res" 1427
"../../../Engine/Content/Internationalization/icudt64l/lang/hi.res" 1428
"../../../Engine/Content/Internationalization/icudt64l/region/hi.res" 1429
"../../../Engine/Content/Internationalization/icudt64l/lang/hr.res" 1430
"../../../Engine/Content/Internationalization/icudt64l/region/hr.res" 1431
"../../../Engine/Content/Internationalization/icudt64l/lang/hsb.res" 1432
"../../../Engine/Content/Internationalization/icudt64l/region/hsb.res" 1433
"../../../Engine/Content/Internationalization/icudt64l/lang/hu.res" 1434
"../../../Engine/Content/Internationalization/icudt64l/region/hu.res" 1435
"../../../Engine/Content/Internationalization/icudt64l/lang/hy.res" 1436
"../../../Engine/Content/Internationalization/icudt64l/region/hy.res" 1437
"../../../Engine/Content/Internationalization/icudt64l/lang/ia.res" 1438
"../../../Engine/Content/Internationalization/icudt64l/region/ia.res" 1439
"../../../Engine/Content/Internationalization/icudt64l/lang/id.res" 1440
"../../../Engine/Content/Internationalization/icudt64l/lang/id_ID.res" 1441
"../../../Engine/Content/Internationalization/icudt64l/region/id_ID.res" 1442
"../../../Engine/Content/Internationalization/icudt64l/region/id.res" 1443
"../../../Engine/Content/Internationalization/icudt64l/lang/ig.res" 1444
"../../../Engine/Content/Internationalization/icudt64l/region/ig.res" 1445
"../../../Engine/Content/Internationalization/icudt64l/lang/ii.res" 1446
"../../../Engine/Content/Internationalization/icudt64l/region/ii.res" 1447
"../../../Engine/Content/Internationalization/icudt64l/lang/is.res" 1448
"../../../Engine/Content/Internationalization/icudt64l/region/is.res" 1449
"../../../Engine/Content/Internationalization/icudt64l/lang/it.res" 1450
"../../../Engine/Content/Internationalization/icudt64l/region/it.res" 1451
"../../../Engine/Content/Internationalization/icudt64l/lang/ja.res" 1452
"../../../Engine/Content/Internationalization/icudt64l/lang/ja_JP.res" 1453
"../../../Engine/Content/Internationalization/icudt64l/region/ja_JP.res" 1454
"../../../Engine/Content/Internationalization/icudt64l/region/ja.res" 1455
"../../../Engine/Content/Internationalization/icudt64l/lang/jgo.res" 1456
"../../../Engine/Content/Internationalization/icudt64l/region/jgo.res" 1457
"../../../Engine/Content/Internationalization/icudt64l/lang/jmc.res" 1458
"../../../Engine/Content/Internationalization/icudt64l/region/jmc.res" 1459
"../../../Engine/Content/Internationalization/icudt64l/lang/jv.res" 1460
"../../../Engine/Content/Internationalization/icudt64l/region/jv.res" 1461
"../../../Engine/Content/Internationalization/icudt64l/lang/ka.res" 1462
"../../../Engine/Content/Internationalization/icudt64l/region/ka.res" 1463
"../../../Engine/Content/Internationalization/icudt64l/lang/kab.res" 1464
"../../../Engine/Content/Internationalization/icudt64l/region/kab.res" 1465
"../../../Engine/Content/Internationalization/icudt64l/lang/kam.res" 1466
"../../../Engine/Content/Internationalization/icudt64l/region/kam.res" 1467
"../../../Engine/Content/Internationalization/icudt64l/lang/kde.res" 1468
"../../../Engine/Content/Internationalization/icudt64l/region/kde.res" 1469
"../../../Engine/Content/Internationalization/icudt64l/lang/kea.res" 1470
"../../../Engine/Content/Internationalization/icudt64l/region/kea.res" 1471
"../../../Engine/Content/Internationalization/icudt64l/lang/khq.res" 1472
"../../../Engine/Content/Internationalization/icudt64l/region/khq.res" 1473
"../../../Engine/Content/Internationalization/icudt64l/lang/ki.res" 1474
"../../../Engine/Content/Internationalization/icudt64l/region/ki.res" 1475
"../../../Engine/Content/Internationalization/icudt64l/lang/kk.res" 1476
"../../../Engine/Content/Internationalization/icudt64l/region/kk.res" 1477
"../../../Engine/Content/Internationalization/icudt64l/lang/kkj.res" 1478
"../../../Engine/Content/Internationalization/icudt64l/region/kkj.res" 1479
"../../../Engine/Content/Internationalization/icudt64l/lang/kl.res" 1480
"../../../Engine/Content/Internationalization/icudt64l/region/kl.res" 1481
"../../../Engine/Content/Internationalization/icudt64l/lang/kln.res" 1482
"../../../Engine/Content/Internationalization/icudt64l/region/kln.res" 1483
"../../../Engine/Content/Internationalization/icudt64l/lang/km.res" 1484
"../../../Engine/Content/Internationalization/icudt64l/region/km.res" 1485
"../../../Engine/Content/Internationalization/icudt64l/lang/kn.res" 1486
"../../../Engine/Content/Internationalization/icudt64l/region/kn.res" 1487
"../../../Engine/Content/Internationalization/icudt64l/lang/ko.res" 1488
"../../../Engine/Content/Internationalization/icudt64l/region/ko_KP.res" 1489
"../../../Engine/Content/Internationalization/icudt64l/region/ko.res" 1490
"../../../Engine/Content/Internationalization/icudt64l/lang/kok.res" 1491
"../../../Engine/Content/Internationalization/icudt64l/region/kok.res" 1492
"../../../Engine/Content/Internationalization/icudt64l/lang/ks.res" 1493
"../../../Engine/Content/Internationalization/icudt64l/region/ks.res" 1494
"../../../Engine/Content/Internationalization/icudt64l/lang/ksb.res" 1495
"../../../Engine/Content/Internationalization/icudt64l/region/ksb.res" 1496
"../../../Engine/Content/Internationalization/icudt64l/lang/ksf.res" 1497
"../../../Engine/Content/Internationalization/icudt64l/region/ksf.res" 1498
"../../../Engine/Content/Internationalization/icudt64l/lang/ksh.res" 1499
"../../../Engine/Content/Internationalization/icudt64l/region/ksh.res" 1500
"../../../Engine/Content/Internationalization/icudt64l/lang/ku.res" 1501
"../../../Engine/Content/Internationalization/icudt64l/region/ku.res" 1502
"../../../Engine/Content/Internationalization/icudt64l/lang/kw.res" 1503
"../../../Engine/Content/Internationalization/icudt64l/region/kw.res" 1504
"../../../Engine/Content/Internationalization/icudt64l/lang/ky.res" 1505
"../../../Engine/Content/Internationalization/icudt64l/region/ky.res" 1506
"../../../Engine/Content/Internationalization/icudt64l/lang/lag.res" 1507
"../../../Engine/Content/Internationalization/icudt64l/region/lag.res" 1508
"../../../Engine/Content/Internationalization/icudt64l/lang/lb.res" 1509
"../../../Engine/Content/Internationalization/icudt64l/region/lb.res" 1510
"../../../Engine/Content/Internationalization/icudt64l/lang/lg.res" 1511
"../../../Engine/Content/Internationalization/icudt64l/region/lg.res" 1512
"../../../Engine/Content/Internationalization/icudt64l/lang/lkt.res" 1513
"../../../Engine/Content/Internationalization/icudt64l/region/lkt.res" 1514
"../../../Engine/Content/Internationalization/icudt64l/lang/ln.res" 1515
"../../../Engine/Content/Internationalization/icudt64l/region/ln.res" 1516
"../../../Engine/Content/Internationalization/icudt64l/lang/lo.res" 1517
"../../../Engine/Content/Internationalization/icudt64l/region/lo.res" 1518
"../../../Engine/Content/Internationalization/icudt64l/lang/lrc.res" 1519
"../../../Engine/Content/Internationalization/icudt64l/region/lrc.res" 1520
"../../../Engine/Content/Internationalization/icudt64l/lang/lt.res" 1521
"../../../Engine/Content/Internationalization/icudt64l/region/lt.res" 1522
"../../../Engine/Content/Internationalization/icudt64l/lang/lu.res" 1523
"../../../Engine/Content/Internationalization/icudt64l/region/lu.res" 1524
"../../../Engine/Content/Internationalization/icudt64l/lang/luo.res" 1525
"../../../Engine/Content/Internationalization/icudt64l/region/luo.res" 1526
"../../../Engine/Content/Internationalization/icudt64l/lang/luy.res" 1527
"../../../Engine/Content/Internationalization/icudt64l/region/luy.res" 1528
"../../../Engine/Content/Internationalization/icudt64l/lang/lv.res" 1529
"../../../Engine/Content/Internationalization/icudt64l/region/lv.res" 1530
"../../../Engine/Content/Internationalization/icudt64l/lang/mas.res" 1531
"../../../Engine/Content/Internationalization/icudt64l/region/mas.res" 1532
"../../../Engine/Content/Internationalization/icudt64l/lang/mer.res" 1533
"../../../Engine/Content/Internationalization/icudt64l/region/mer.res" 1534
"../../../Engine/Content/Internationalization/icudt64l/lang/mfe.res" 1535
"../../../Engine/Content/Internationalization/icudt64l/region/mfe.res" 1536
"../../../Engine/Content/Internationalization/icudt64l/lang/mg.res" 1537
"../../../Engine/Content/Internationalization/icudt64l/region/mg.res" 1538
"../../../Engine/Content/Internationalization/icudt64l/lang/mgh.res" 1539
"../../../Engine/Content/Internationalization/icudt64l/region/mgh.res" 1540
"../../../Engine/Content/Internationalization/icudt64l/lang/mgo.res" 1541
"../../../Engine/Content/Internationalization/icudt64l/region/mgo.res" 1542
"../../../Engine/Content/Internationalization/icudt64l/lang/mi.res" 1543
"../../../Engine/Content/Internationalization/icudt64l/region/mi.res" 1544
"../../../Engine/Content/Internationalization/icudt64l/lang/mk.res" 1545
"../../../Engine/Content/Internationalization/icudt64l/region/mk.res" 1546
"../../../Engine/Content/Internationalization/icudt64l/lang/ml.res" 1547
"../../../Engine/Content/Internationalization/icudt64l/region/ml.res" 1548
"../../../Engine/Content/Internationalization/icudt64l/lang/mn.res" 1549
"../../../Engine/Content/Internationalization/icudt64l/region/mn.res" 1550
"../../../Engine/Content/Internationalization/icudt64l/lang/mr.res" 1551
"../../../Engine/Content/Internationalization/icudt64l/region/mr.res" 1552
"../../../Engine/Content/Internationalization/icudt64l/lang/ms.res" 1553
"../../../Engine/Content/Internationalization/icudt64l/region/ms.res" 1554
"../../../Engine/Content/Internationalization/icudt64l/lang/mt.res" 1555
"../../../Engine/Content/Internationalization/icudt64l/region/mt.res" 1556
"../../../Engine/Content/Internationalization/icudt64l/lang/mua.res" 1557
"../../../Engine/Content/Internationalization/icudt64l/region/mua.res" 1558
"../../../Engine/Content/Internationalization/icudt64l/lang/my.res" 1559
"../../../Engine/Content/Internationalization/icudt64l/region/my.res" 1560
"../../../Engine/Content/Internationalization/icudt64l/lang/mzn.res" 1561
"../../../Engine/Content/Internationalization/icudt64l/region/mzn.res" 1562
"../../../Engine/Content/Internationalization/icudt64l/lang/naq.res" 1563
"../../../Engine/Content/Internationalization/icudt64l/region/naq.res" 1564
"../../../Engine/Content/Internationalization/icudt64l/lang/nb.res" 1565
"../../../Engine/Content/Internationalization/icudt64l/lang/nb_NO.res" 1566
"../../../Engine/Content/Internationalization/icudt64l/region/nb_NO.res" 1567
"../../../Engine/Content/Internationalization/icudt64l/region/nb.res" 1568
"../../../Engine/Content/Internationalization/icudt64l/lang/nd.res" 1569
"../../../Engine/Content/Internationalization/icudt64l/region/nd.res" 1570
"../../../Engine/Content/Internationalization/icudt64l/lang/nds.res" 1571
"../../../Engine/Content/Internationalization/icudt64l/region/nds.res" 1572
"../../../Engine/Content/Internationalization/icudt64l/lang/ne.res" 1573
"../../../Engine/Content/Internationalization/icudt64l/region/ne.res" 1574
"../../../Engine/Content/Internationalization/icudt64l/lang/nl.res" 1575
"../../../Engine/Content/Internationalization/icudt64l/region/nl.res" 1576
"../../../Engine/Content/Internationalization/icudt64l/lang/nmg.res" 1577
"../../../Engine/Content/Internationalization/icudt64l/region/nmg.res" 1578
"../../../Engine/Content/Internationalization/icudt64l/lang/nn.res" 1579
"../../../Engine/Content/Internationalization/icudt64l/lang/nn_NO.res" 1580
"../../../Engine/Content/Internationalization/icudt64l/region/nn_NO.res" 1581
"../../../Engine/Content/Internationalization/icudt64l/region/nn.res" 1582
"../../../Engine/Content/Internationalization/icudt64l/lang/nnh.res" 1583
"../../../Engine/Content/Internationalization/icudt64l/region/nnh.res" 1584
"../../../Engine/Content/Internationalization/icudt64l/lang/nus.res" 1585
"../../../Engine/Content/Internationalization/icudt64l/region/nus.res" 1586
"../../../Engine/Content/Internationalization/icudt64l/lang/nyn.res" 1587
"../../../Engine/Content/Internationalization/icudt64l/region/nyn.res" 1588
"../../../Engine/Content/Internationalization/icudt64l/lang/om.res" 1589
"../../../Engine/Content/Internationalization/icudt64l/region/om.res" 1590
"../../../Engine/Content/Internationalization/icudt64l/lang/or.res" 1591
"../../../Engine/Content/Internationalization/icudt64l/region/or.res" 1592
"../../../Engine/Content/Internationalization/icudt64l/lang/os.res" 1593
"../../../Engine/Content/Internationalization/icudt64l/region/os.res" 1594
"../../../Engine/Content/Internationalization/icudt64l/lang/pa.res" 1595
"../../../Engine/Content/Internationalization/icudt64l/lang/pa_Arab.res" 1596
"../../../Engine/Content/Internationalization/icudt64l/lang/pa_PK.res" 1597
"../../../Engine/Content/Internationalization/icudt64l/lang/pa_Arab_PK.res" 1598
"../../../Engine/Content/Internationalization/icudt64l/region/pa_PK.res" 1599
"../../../Engine/Content/Internationalization/icudt64l/region/pa_Arab_PK.res" 1600
"../../../Engine/Content/Internationalization/icudt64l/region/pa_Arab.res" 1601
"../../../Engine/Content/Internationalization/icudt64l/lang/pa_Guru.res" 1602
"../../../Engine/Content/Internationalization/icudt64l/lang/pa_IN.res" 1603
"../../../Engine/Content/Internationalization/icudt64l/lang/pa_Guru_IN.res" 1604
"../../../Engine/Content/Internationalization/icudt64l/region/pa_IN.res" 1605
"../../../Engine/Content/Internationalization/icudt64l/region/pa_Guru_IN.res" 1606
"../../../Engine/Content/Internationalization/icudt64l/region/pa_Guru.res" 1607
"../../../Engine/Content/Internationalization/icudt64l/region/pa.res" 1608
"../../../Engine/Content/Internationalization/icudt64l/lang/pl.res" 1609
"../../../Engine/Content/Internationalization/icudt64l/region/pl.res" 1610
"../../../Engine/Content/Internationalization/icudt64l/lang/ps.res" 1611
"../../../Engine/Content/Internationalization/icudt64l/region/ps.res" 1612
"../../../Engine/Content/Internationalization/icudt64l/lang/ps_PK.res" 1613
"../../../Engine/Content/Internationalization/icudt64l/region/ps_PK.res" 1614
"../../../Engine/Content/Internationalization/icudt64l/lang/pt.res" 1615
"../../../Engine/Content/Internationalization/icudt64l/lang/pt_AO.res" 1616
"../../../Engine/Content/Internationalization/icudt64l/lang/pt_PT.res" 1617
"../../../Engine/Content/Internationalization/icudt64l/region/pt_AO.res" 1618
"../../../Engine/Content/Internationalization/icudt64l/region/pt_PT.res" 1619
"../../../Engine/Content/Internationalization/icudt64l/region/pt.res" 1620
"../../../Engine/Content/Internationalization/icudt64l/lang/pt_CH.res" 1621
"../../../Engine/Content/Internationalization/icudt64l/region/pt_CH.res" 1622
"../../../Engine/Content/Internationalization/icudt64l/lang/pt_CV.res" 1623
"../../../Engine/Content/Internationalization/icudt64l/region/pt_CV.res" 1624
"../../../Engine/Content/Internationalization/icudt64l/lang/pt_GQ.res" 1625
"../../../Engine/Content/Internationalization/icudt64l/region/pt_GQ.res" 1626
"../../../Engine/Content/Internationalization/icudt64l/lang/pt_GW.res" 1627
"../../../Engine/Content/Internationalization/icudt64l/region/pt_GW.res" 1628
"../../../Engine/Content/Internationalization/icudt64l/lang/pt_LU.res" 1629
"../../../Engine/Content/Internationalization/icudt64l/region/pt_LU.res" 1630
"../../../Engine/Content/Internationalization/icudt64l/lang/pt_MO.res" 1631
"../../../Engine/Content/Internationalization/icudt64l/region/pt_MO.res" 1632
"../../../Engine/Content/Internationalization/icudt64l/lang/pt_MZ.res" 1633
"../../../Engine/Content/Internationalization/icudt64l/region/pt_MZ.res" 1634
"../../../Engine/Content/Internationalization/icudt64l/lang/pt_ST.res" 1635
"../../../Engine/Content/Internationalization/icudt64l/region/pt_ST.res" 1636
"../../../Engine/Content/Internationalization/icudt64l/lang/pt_TL.res" 1637
"../../../Engine/Content/Internationalization/icudt64l/region/pt_TL.res" 1638
"../../../Engine/Content/Internationalization/icudt64l/lang/qu.res" 1639
"../../../Engine/Content/Internationalization/icudt64l/region/qu.res" 1640
"../../../Engine/Content/Internationalization/icudt64l/lang/rm.res" 1641
"../../../Engine/Content/Internationalization/icudt64l/region/rm.res" 1642
"../../../Engine/Content/Internationalization/icudt64l/lang/rn.res" 1643
"../../../Engine/Content/Internationalization/icudt64l/region/rn.res" 1644
"../../../Engine/Content/Internationalization/icudt64l/lang/ro.res" 1645
"../../../Engine/Content/Internationalization/icudt64l/lang/ro_MD.res" 1646
"../../../Engine/Content/Internationalization/icudt64l/region/ro_MD.res" 1647
"../../../Engine/Content/Internationalization/icudt64l/region/ro.res" 1648
"../../../Engine/Content/Internationalization/icudt64l/lang/rof.res" 1649
"../../../Engine/Content/Internationalization/icudt64l/region/rof.res" 1650
"../../../Engine/Content/Internationalization/icudt64l/lang/ru.res" 1651
"../../../Engine/Content/Internationalization/icudt64l/region/ru.res" 1652
"../../../Engine/Content/Internationalization/icudt64l/region/ru_UA.res" 1653
"../../../Engine/Content/Internationalization/icudt64l/lang/rw.res" 1654
"../../../Engine/Content/Internationalization/icudt64l/region/rw.res" 1655
"../../../Engine/Content/Internationalization/icudt64l/lang/rwk.res" 1656
"../../../Engine/Content/Internationalization/icudt64l/region/rwk.res" 1657
"../../../Engine/Content/Internationalization/icudt64l/lang/sah.res" 1658
"../../../Engine/Content/Internationalization/icudt64l/region/sah.res" 1659
"../../../Engine/Content/Internationalization/icudt64l/lang/saq.res" 1660
"../../../Engine/Content/Internationalization/icudt64l/region/saq.res" 1661
"../../../Engine/Content/Internationalization/icudt64l/lang/sbp.res" 1662
"../../../Engine/Content/Internationalization/icudt64l/region/sbp.res" 1663
"../../../Engine/Content/Internationalization/icudt64l/lang/sd.res" 1664
"../../../Engine/Content/Internationalization/icudt64l/region/sd.res" 1665
"../../../Engine/Content/Internationalization/icudt64l/lang/se.res" 1666
"../../../Engine/Content/Internationalization/icudt64l/lang/se_FI.res" 1667
"../../../Engine/Content/Internationalization/icudt64l/region/se_FI.res" 1668
"../../../Engine/Content/Internationalization/icudt64l/region/se.res" 1669
"../../../Engine/Content/Internationalization/icudt64l/lang/seh.res" 1670
"../../../Engine/Content/Internationalization/icudt64l/region/seh.res" 1671
"../../../Engine/Content/Internationalization/icudt64l/lang/ses.res" 1672
"../../../Engine/Content/Internationalization/icudt64l/region/ses.res" 1673
"../../../Engine/Content/Internationalization/icudt64l/lang/sg.res" 1674
"../../../Engine/Content/Internationalization/icudt64l/region/sg.res" 1675
"../../../Engine/Content/Internationalization/icudt64l/lang/shi.res" 1676
"../../../Engine/Content/Internationalization/icudt64l/lang/shi_Latn.res" 1677
"../../../Engine/Content/Internationalization/icudt64l/lang/shi_MA.res" 1678
"../../../Engine/Content/Internationalization/icudt64l/lang/shi_Tfng_MA.res" 1679
"../../../Engine/Content/Internationalization/icudt64l/lang/shi_Tfng.res" 1680
"../../../Engine/Content/Internationalization/icudt64l/region/shi_MA.res" 1681
"../../../Engine/Content/Internationalization/icudt64l/region/shi_Tfng_MA.res" 1682
"../../../Engine/Content/Internationalization/icudt64l/region/shi_Tfng.res" 1683
"../../../Engine/Content/Internationalization/icudt64l/region/shi.res" 1684
"../../../Engine/Content/Internationalization/icudt64l/region/shi_Latn.res" 1685
"../../../Engine/Content/Internationalization/icudt64l/lang/si.res" 1686
"../../../Engine/Content/Internationalization/icudt64l/region/si.res" 1687
"../../../Engine/Content/Internationalization/icudt64l/lang/sk.res" 1688
"../../../Engine/Content/Internationalization/icudt64l/region/sk.res" 1689
"../../../Engine/Content/Internationalization/icudt64l/lang/sl.res" 1690
"../../../Engine/Content/Internationalization/icudt64l/region/sl.res" 1691
"../../../Engine/Content/Internationalization/icudt64l/lang/smn.res" 1692
"../../../Engine/Content/Internationalization/icudt64l/region/smn.res" 1693
"../../../Engine/Content/Internationalization/icudt64l/lang/sn.res" 1694
"../../../Engine/Content/Internationalization/icudt64l/region/sn.res" 1695
"../../../Engine/Content/Internationalization/icudt64l/lang/so.res" 1696
"../../../Engine/Content/Internationalization/icudt64l/region/so.res" 1697
"../../../Engine/Content/Internationalization/icudt64l/lang/sq.res" 1698
"../../../Engine/Content/Internationalization/icudt64l/region/sq.res" 1699
"../../../Engine/Content/Internationalization/icudt64l/lang/sr.res" 1700
"../../../Engine/Content/Internationalization/icudt64l/lang/sr_Cyrl.res" 1701
"../../../Engine/Content/Internationalization/icudt64l/lang/sr_BA.res" 1702
"../../../Engine/Content/Internationalization/icudt64l/lang/sr_Cyrl_BA.res" 1703
"../../../Engine/Content/Internationalization/icudt64l/region/sr_BA.res" 1704
"../../../Engine/Content/Internationalization/icudt64l/region/sr_Cyrl_BA.res" 1705
"../../../Engine/Content/Internationalization/icudt64l/region/sr_Cyrl.res" 1706
"../../../Engine/Content/Internationalization/icudt64l/region/sr.res" 1707
"../../../Engine/Content/Internationalization/icudt64l/lang/sr_ME.res" 1708
"../../../Engine/Content/Internationalization/icudt64l/lang/sr_Latn_ME.res" 1709
"../../../Engine/Content/Internationalization/icudt64l/lang/sr_Latn.res" 1710
"../../../Engine/Content/Internationalization/icudt64l/region/sr_ME.res" 1711
"../../../Engine/Content/Internationalization/icudt64l/region/sr_Latn_ME.res" 1712
"../../../Engine/Content/Internationalization/icudt64l/region/sr_Latn.res" 1713
"../../../Engine/Content/Internationalization/icudt64l/lang/sr_Cyrl_ME.res" 1714
"../../../Engine/Content/Internationalization/icudt64l/region/sr_Cyrl_ME.res" 1715
"../../../Engine/Content/Internationalization/icudt64l/lang/sr_RS.res" 1716
"../../../Engine/Content/Internationalization/icudt64l/lang/sr_Cyrl_RS.res" 1717
"../../../Engine/Content/Internationalization/icudt64l/region/sr_RS.res" 1718
"../../../Engine/Content/Internationalization/icudt64l/region/sr_Cyrl_RS.res" 1719
"../../../Engine/Content/Internationalization/icudt64l/lang/sr_XK.res" 1720
"../../../Engine/Content/Internationalization/icudt64l/lang/sr_Cyrl_XK.res" 1721
"../../../Engine/Content/Internationalization/icudt64l/region/sr_XK.res" 1722
"../../../Engine/Content/Internationalization/icudt64l/region/sr_Cyrl_XK.res" 1723
"../../../Engine/Content/Internationalization/icudt64l/lang/sr_Latn_BA.res" 1724
"../../../Engine/Content/Internationalization/icudt64l/region/sr_Latn_BA.res" 1725
"../../../Engine/Content/Internationalization/icudt64l/lang/sr_Latn_RS.res" 1726
"../../../Engine/Content/Internationalization/icudt64l/region/sr_Latn_RS.res" 1727
"../../../Engine/Content/Internationalization/icudt64l/lang/sr_Latn_XK.res" 1728
"../../../Engine/Content/Internationalization/icudt64l/region/sr_Latn_XK.res" 1729
"../../../Engine/Content/Internationalization/icudt64l/lang/sv.res" 1730
"../../../Engine/Content/Internationalization/icudt64l/region/sv.res" 1731
"../../../Engine/Content/Internationalization/icudt64l/lang/sv_FI.res" 1732
"../../../Engine/Content/Internationalization/icudt64l/lang/sw.res" 1733
"../../../Engine/Content/Internationalization/icudt64l/lang/sw_CD.res" 1734
"../../../Engine/Content/Internationalization/icudt64l/region/sw_CD.res" 1735
"../../../Engine/Content/Internationalization/icudt64l/region/sw.res" 1736
"../../../Engine/Content/Internationalization/icudt64l/lang/sw_KE.res" 1737
"../../../Engine/Content/Internationalization/icudt64l/region/sw_KE.res" 1738
"../../../Engine/Content/Internationalization/icudt64l/lang/ta.res" 1739
"../../../Engine/Content/Internationalization/icudt64l/region/ta.res" 1740
"../../../Engine/Content/Internationalization/icudt64l/lang/te.res" 1741
"../../../Engine/Content/Internationalization/icudt64l/region/te.res" 1742
"../../../Engine/Content/Internationalization/icudt64l/lang/teo.res" 1743
"../../../Engine/Content/Internationalization/icudt64l/region/teo.res" 1744
"../../../Engine/Content/Internationalization/icudt64l/lang/tg.res" 1745
"../../../Engine/Content/Internationalization/icudt64l/region/tg.res" 1746
"../../../Engine/Content/Internationalization/icudt64l/lang/th.res" 1747
"../../../Engine/Content/Internationalization/icudt64l/lang/th_TH.res" 1748
"../../../Engine/Content/Internationalization/icudt64l/region/th_TH.res" 1749
"../../../Engine/Content/Internationalization/icudt64l/region/th.res" 1750
"../../../Engine/Content/Internationalization/icudt64l/lang/ti.res" 1751
"../../../Engine/Content/Internationalization/icudt64l/region/ti.res" 1752
"../../../Engine/Content/Internationalization/icudt64l/lang/tk.res" 1753
"../../../Engine/Content/Internationalization/icudt64l/region/tk.res" 1754
"../../../Engine/Content/Internationalization/icudt64l/lang/to.res" 1755
"../../../Engine/Content/Internationalization/icudt64l/region/to.res" 1756
"../../../Engine/Content/Internationalization/icudt64l/lang/tr.res" 1757
"../../../Engine/Content/Internationalization/icudt64l/region/tr.res" 1758
"../../../Engine/Content/Internationalization/icudt64l/lang/tt.res" 1759
"../../../Engine/Content/Internationalization/icudt64l/region/tt.res" 1760
"../../../Engine/Content/Internationalization/icudt64l/lang/twq.res" 1761
"../../../Engine/Content/Internationalization/icudt64l/region/twq.res" 1762
"../../../Engine/Content/Internationalization/icudt64l/lang/tzm.res" 1763
"../../../Engine/Content/Internationalization/icudt64l/region/tzm.res" 1764
"../../../Engine/Content/Internationalization/icudt64l/lang/ug.res" 1765
"../../../Engine/Content/Internationalization/icudt64l/region/ug.res" 1766
"../../../Engine/Content/Internationalization/icudt64l/lang/uk.res" 1767
"../../../Engine/Content/Internationalization/icudt64l/region/uk.res" 1768
"../../../Engine/Content/Internationalization/icudt64l/lang/ur.res" 1769
"../../../Engine/Content/Internationalization/icudt64l/lang/ur_IN.res" 1770
"../../../Engine/Content/Internationalization/icudt64l/region/ur_IN.res" 1771
"../../../Engine/Content/Internationalization/icudt64l/region/ur.res" 1772
"../../../Engine/Content/Internationalization/icudt64l/lang/uz.res" 1773
"../../../Engine/Content/Internationalization/icudt64l/lang/uz_Arab.res" 1774
"../../../Engine/Content/Internationalization/icudt64l/lang/uz_AF.res" 1775
"../../../Engine/Content/Internationalization/icudt64l/lang/uz_Arab_AF.res" 1776
"../../../Engine/Content/Internationalization/icudt64l/region/uz_AF.res" 1777
"../../../Engine/Content/Internationalization/icudt64l/region/uz_Arab_AF.res" 1778
"../../../Engine/Content/Internationalization/icudt64l/region/uz_Arab.res" 1779
"../../../Engine/Content/Internationalization/icudt64l/lang/uz_Cyrl.res" 1780
"../../../Engine/Content/Internationalization/icudt64l/lang/uz_UZ.res" 1781
"../../../Engine/Content/Internationalization/icudt64l/lang/uz_Latn_UZ.res" 1782
"../../../Engine/Content/Internationalization/icudt64l/lang/uz_Latn.res" 1783
"../../../Engine/Content/Internationalization/icudt64l/region/uz_UZ.res" 1784
"../../../Engine/Content/Internationalization/icudt64l/region/uz_Latn_UZ.res" 1785
"../../../Engine/Content/Internationalization/icudt64l/region/uz_Latn.res" 1786
"../../../Engine/Content/Internationalization/icudt64l/region/uz.res" 1787
"../../../Engine/Content/Internationalization/icudt64l/region/uz_Cyrl.res" 1788
"../../../Engine/Content/Internationalization/icudt64l/lang/vai.res" 1789
"../../../Engine/Content/Internationalization/icudt64l/lang/vai_Latn.res" 1790
"../../../Engine/Content/Internationalization/icudt64l/lang/vai_LR.res" 1791
"../../../Engine/Content/Internationalization/icudt64l/lang/vai_Vaii_LR.res" 1792
"../../../Engine/Content/Internationalization/icudt64l/lang/vai_Vaii.res" 1793
"../../../Engine/Content/Internationalization/icudt64l/region/vai_LR.res" 1794
"../../../Engine/Content/Internationalization/icudt64l/region/vai_Vaii_LR.res" 1795
"../../../Engine/Content/Internationalization/icudt64l/region/vai_Vaii.res" 1796
"../../../Engine/Content/Internationalization/icudt64l/region/vai.res" 1797
"../../../Engine/Content/Internationalization/icudt64l/region/vai_Latn.res" 1798
"../../../Engine/Content/Internationalization/icudt64l/lang/vi.res" 1799
"../../../Engine/Content/Internationalization/icudt64l/region/vi.res" 1800
"../../../Engine/Content/Internationalization/icudt64l/lang/vun.res" 1801
"../../../Engine/Content/Internationalization/icudt64l/region/vun.res" 1802
"../../../Engine/Content/Internationalization/icudt64l/lang/wae.res" 1803
"../../../Engine/Content/Internationalization/icudt64l/region/wae.res" 1804
"../../../Engine/Content/Internationalization/icudt64l/lang/wo.res" 1805
"../../../Engine/Content/Internationalization/icudt64l/region/wo.res" 1806
"../../../Engine/Content/Internationalization/icudt64l/lang/xh.res" 1807
"../../../Engine/Content/Internationalization/icudt64l/region/xh.res" 1808
"../../../Engine/Content/Internationalization/icudt64l/lang/xog.res" 1809
"../../../Engine/Content/Internationalization/icudt64l/region/xog.res" 1810
"../../../Engine/Content/Internationalization/icudt64l/lang/yav.res" 1811
"../../../Engine/Content/Internationalization/icudt64l/region/yav.res" 1812
"../../../Engine/Content/Internationalization/icudt64l/lang/yi.res" 1813
"../../../Engine/Content/Internationalization/icudt64l/region/yi.res" 1814
"../../../Engine/Content/Internationalization/icudt64l/lang/yo.res" 1815
"../../../Engine/Content/Internationalization/icudt64l/lang/yo_BJ.res" 1816
"../../../Engine/Content/Internationalization/icudt64l/region/yo_BJ.res" 1817
"../../../Engine/Content/Internationalization/icudt64l/region/yo.res" 1818
"../../../Engine/Content/Internationalization/icudt64l/lang/yue.res" 1819
"../../../Engine/Content/Internationalization/icudt64l/lang/yue_Hans.res" 1820
"../../../Engine/Content/Internationalization/icudt64l/lang/yue_CN.res" 1821
"../../../Engine/Content/Internationalization/icudt64l/lang/yue_Hans_CN.res" 1822
"../../../Engine/Content/Internationalization/icudt64l/region/yue_CN.res" 1823
"../../../Engine/Content/Internationalization/icudt64l/region/yue_Hans_CN.res" 1824
"../../../Engine/Content/Internationalization/icudt64l/region/yue_Hans.res" 1825
"../../../Engine/Content/Internationalization/icudt64l/lang/yue_Hant.res" 1826
"../../../Engine/Content/Internationalization/icudt64l/lang/yue_HK.res" 1827
"../../../Engine/Content/Internationalization/icudt64l/lang/yue_Hant_HK.res" 1828
"../../../Engine/Content/Internationalization/icudt64l/region/yue_HK.res" 1829
"../../../Engine/Content/Internationalization/icudt64l/region/yue_Hant_HK.res" 1830
"../../../Engine/Content/Internationalization/icudt64l/region/yue_Hant.res" 1831
"../../../Engine/Content/Internationalization/icudt64l/region/yue.res" 1832
"../../../Engine/Content/Internationalization/icudt64l/lang/zgh.res" 1833
"../../../Engine/Content/Internationalization/icudt64l/region/zgh.res" 1834
"../../../Engine/Content/Internationalization/icudt64l/lang/zh.res" 1835
"../../../Engine/Content/Internationalization/icudt64l/lang/zh_Hans.res" 1836
"../../../Engine/Content/Internationalization/icudt64l/lang/zh_CN.res" 1837
"../../../Engine/Content/Internationalization/icudt64l/lang/zh_Hans_CN.res" 1838
"../../../Engine/Content/Internationalization/icudt64l/region/zh_CN.res" 1839
"../../../Engine/Content/Internationalization/icudt64l/region/zh_Hans_CN.res" 1840
"../../../Engine/Content/Internationalization/icudt64l/region/zh_Hans.res" 1841
"../../../Engine/Content/Internationalization/icudt64l/region/zh.res" 1842
"../../../Engine/Content/Internationalization/icudt64l/lang/zh_HK.res" 1843
"../../../Engine/Content/Internationalization/icudt64l/lang/zh_Hant_HK.res" 1844
"../../../Engine/Content/Internationalization/icudt64l/lang/zh_Hant.res" 1845
"../../../Engine/Content/Internationalization/icudt64l/region/zh_HK.res" 1846
"../../../Engine/Content/Internationalization/icudt64l/region/zh_Hant_HK.res" 1847
"../../../Engine/Content/Internationalization/icudt64l/region/zh_Hant.res" 1848
"../../../Engine/Content/Internationalization/icudt64l/lang/zh_MO.res" 1849
"../../../Engine/Content/Internationalization/icudt64l/lang/zh_Hant_MO.res" 1850
"../../../Engine/Content/Internationalization/icudt64l/region/zh_MO.res" 1851
"../../../Engine/Content/Internationalization/icudt64l/region/zh_Hant_MO.res" 1852
"../../../Engine/Content/Internationalization/icudt64l/lang/zh_SG.res" 1853
"../../../Engine/Content/Internationalization/icudt64l/lang/zh_Hans_SG.res" 1854
"../../../Engine/Content/Internationalization/icudt64l/region/zh_SG.res" 1855
"../../../Engine/Content/Internationalization/icudt64l/region/zh_Hans_SG.res" 1856
"../../../Engine/Content/Internationalization/icudt64l/lang/zh_TW.res" 1857
"../../../Engine/Content/Internationalization/icudt64l/lang/zh_Hant_TW.res" 1858
"../../../Engine/Content/Internationalization/icudt64l/region/zh_TW.res" 1859
"../../../Engine/Content/Internationalization/icudt64l/region/zh_Hant_TW.res" 1860
"../../../Engine/Content/Internationalization/icudt64l/lang/zu.res" 1861
"../../../Engine/Content/Internationalization/icudt64l/region/zu.res" 1862
"../../../Engine/Content/Internationalization/icudt64l/lang/no.res" 1863
"../../../Engine/Content/Internationalization/icudt64l/lang/tl.res" 1864
"../../../Engine/Config/Android/DataDrivenPlatformInfo.ini" 1865
"../../../Engine/Config/IOS/DataDrivenPlatformInfo.ini" 1866
"../../../Engine/Config/Linux/DataDrivenPlatformInfo.ini" 1867
"../../../Engine/Config/LinuxArm64/DataDrivenPlatformInfo.ini" 1868
"../../../Engine/Config/Mac/DataDrivenPlatformInfo.ini" 1869
"../../../Engine/Config/TVOS/DataDrivenPlatformInfo.ini" 1870
"../../../Engine/Config/Unix/DataDrivenPlatformInfo.ini" 1871
"../../../Engine/Config/VulkanPC/DataDrivenPlatformInfo.ini" 1872
"../../../Engine/Config/Windows/DataDrivenPlatformInfo.ini" 1873
"../../../Engine/Platforms/VisionOS/Config/DataDrivenPlatformInfo.ini" 1874
"../../../Engine/Content/Renderer/TessellationTable.bin" 1875
"../../../Engine/DerivedDataCache/Compressed.ddp" 1876
"C:/Users/sgtfl/AppData/Local/UnrealEngine/5.5/Saved/Zen/zen.version" 1877
"C:/Users/sgtfl/AppData/Local/UnrealEngine/Common/Zen/Install/zen.version" 1878
"C:/Users/sgtfl/AppData/Local/UnrealEngine/Common/Zen/Install/zenserver.runcontext" 1879
"C:/Users/sgtfl/AppData/Local/UnrealEngine/Common/DerivedDataCache/TestData/0/TestData_4kb.dat" 1880
"C:/Users/sgtfl/AppData/Local/UnrealEngine/Common/DerivedDataCache/TestData/1/TestData_4kb.dat" 1881
"C:/Users/sgtfl/AppData/Local/UnrealEngine/Common/DerivedDataCache/TestData/0/TestData_8kb.dat" 1882
"C:/Users/sgtfl/AppData/Local/UnrealEngine/Common/DerivedDataCache/TestData/1/TestData_8kb.dat" 1883
"C:/Users/sgtfl/AppData/Local/UnrealEngine/Common/DerivedDataCache/TestData/0/TestData_16kb.dat" 1884
"C:/Users/sgtfl/AppData/Local/UnrealEngine/Common/DerivedDataCache/TestData/1/TestData_16kb.dat" 1885
"C:/Users/sgtfl/AppData/Local/UnrealEngine/Common/DerivedDataCache/TestData/0/TestData_64kb.dat" 1886
"C:/Users/sgtfl/AppData/Local/UnrealEngine/Common/DerivedDataCache/TestData/1/TestData_64kb.dat" 1887
"C:/Users/sgtfl/AppData/Local/UnrealEngine/Common/DerivedDataCache/TestData/0/TestData_128kb.dat" 1888
"C:/Users/sgtfl/AppData/Local/UnrealEngine/Common/DerivedDataCache/TestData/1/TestData_128kb.dat" 1889
"C:/Users/sgtfl/AppData/Local/UnrealEngine/Common/DerivedDataCache/TestData/0/TestData_256kb.dat" 1890
"C:/Users/sgtfl/AppData/Local/UnrealEngine/Common/DerivedDataCache/TestData/1/TestData_256kb.dat" 1891
"../../../../Unreal Projects/HaloFloodFanGame01 5.5/Intermediate/ShaderAutogen/PCD3D_SM6/AutogenShaderHeaders.ush" 1892
"../../../Engine/Shaders/Private/HairStrands/HairStrandsVertexFactory.ush" 1893
"../../../Engine/Shaders/Private/VertexFactoryCommon.ush" 1894
"../../../Engine/Shaders/Private/Common.ush" 1895
"../../../Engine/Shaders/Public/Platform.ush" 1896
"../../../Engine/Shaders/Public/FP16Math.ush" 1897
"../../../Engine/Shaders/Public/Platform/D3D/D3DCommon.ush" 1898
"../../../Engine/Shaders/Shared/HLSLReservedSpaces.h" 1899
"../../../Engine/Shaders/Shared/RayTracingBuiltInResources.h" 1900
"../../../Engine/Shaders/Shared/RayTracingDefinitions.h" 1901
"../../../Engine/Shaders/Public/BindlessResources.ush" 1902
"../../../Engine/Shaders/Public/OverloadMacros.ush" 1903
"../../../Engine/Shaders/Public/ShaderVersion.ush" 1904
"../../../Engine/Shaders/Private/PackUnpack.ush" 1905
"../../../Engine/Shaders/Private/GeneratedUniformBufferTypes.ush" 1906
"../../../Engine/Shaders/Private/Nanite/NanitePackedNaniteView.ush" 1907
"../../../Engine/Shaders/Private/HairStrands/HairStrandsVisibilityCommonStruct.ush" 1908
"../../../Engine/Shaders/Private/HairStrands/HairStrandsVoxelPageCommonStruct.ush" 1909
"../../../Engine/Shaders/Private/HairStrands/HairStrandsDeepShadowCommonStruct.ush" 1910
"../../../Engine/Shaders/Shared/LightSceneData.h" 1911
"../../../Engine/Shaders/Shared/HLSLTypeAliases.h" 1912
"../../../Engine/Shaders/Private/LargeWorldCoordinates.ush" 1913
"../../../Engine/Shaders/Private/DoubleFloat.ush" 1914
"../../../Engine/Shaders/Private/RandomPCG.ush" 1915
"../../../Engine/Shaders/Private/DoubleFloatOperations.ush" 1916
"../../../Engine/Shaders/Private/DoubleFloatVectorDefinition.ush" 1917
"../../../Engine/Shaders/Private/LWCOperations.ush" 1918
"../../../Engine/Shaders/Shared/RayTracingTypes.h" 1919
"../../../Engine/Shaders/Shared/HLSLStaticAssert.h" 1920
"../../../Engine/Shaders/Private/CommonViewUniformBuffer.ush" 1921
"../../../Engine/Shaders/Private/InstancedStereo.ush" 1922
"../../../Engine/Shaders/Private/Definitions.usf" 1923
"../../../Engine/Shaders/Private/AssertionMacros.ush" 1924
"../../../Engine/Shaders/Private/FastMath.ush" 1925
"../../../Engine/Shaders/Private/FastMathThirdParty.ush" 1926
"../../../Engine/Shaders/Private/Random.ush" 1927
"../../../Engine/Shaders/Private/RandomInterleavedGradientNoise.ush" 1928
"../../../Engine/Shaders/Private/SceneData.ush" 1929
"../../../Engine/Shaders/Private/OctahedralCommon.ush" 1930
"../../../Engine/Shaders/Private/WaveOpUtil.ush" 1931
"../../../Engine/Shaders/Shared/SceneDefinitions.h" 1932
"../../../Engine/Shaders/Private/SceneDataMobileLoader.ush" 1933
"../../../Engine/Shaders/Private/LocalVertexFactoryCommon.ush" 1934
"../../../Engine/Shaders/Private/HairStrands/HairStrandsVisibilityCommon.ush" 1935
"../../../Engine/Shaders/Shared/HairStrandsDefinitions.h" 1936
"../../../Engine/Shaders/Private/HairStrands/HairStrandsVertexFactoryCommon.ush" 1937
"../../../Engine/Shaders/Private/HairStrands/HairStrandsPack.ush" 1938
"../../../Engine/Shaders/Private/HairStrands/HairStrandsAttributeCommon.ush" 1939
"../../../Engine/Shaders/Private/HairStrands/HairStrandsAttributeTemplate.ush" 1940
"../../../Engine/Shaders/Private/VertexFactoryDefaultInterface.ush" 1941
"../../../Engine/Shaders/Private/HairStrands/HairCardsVertexFactory.ush" 1942
"../../../Engine/Shaders/Private/HairStrands/HairCardsAttributeCommon.ush" 1943
"../../../Engine/Shaders/Private/RayTracing/RayTracingCommon.ush" 1944
"../../../Engine/Shaders/Private/ShadingCommon.ush" 1945
"../../../Engine/Shaders/Shared/RayTracingPayloadType.h" 1946
"../../../Engine/Shaders/Private/RayTracing/RayTracingRayCone.ush" 1947
"../../../Engine/Shaders/Private/Substrate/Substrate.ush" 1948
"../../../Engine/Shaders/Private/ShadingEnergyConservation.ush" 1949
"../../../Engine/Shaders/Private/ShadingEnergyConservationTemplate.ush" 1950
"../../../Engine/Shaders/Private/BRDF.ush" 1951
"../../../Engine/Shaders/Private/ColorSpace.ush" 1952
"../../../Engine/Shaders/Private/DeferredShadingCommon.ush" 1953
"../../../Engine/Shaders/Private/LightAccumulator.ush" 1954
"../../../Engine/Shaders/Private/SceneTexturesCommon.ush" 1955
"../../../Engine/Shaders/Private/MonteCarlo.ush" 1956
"../../../Engine/Shaders/Private/GBufferHelpers.ush" 1957
"../../../Engine/Shaders/Private/SceneTextureParameters.ush" 1958
"C:/Program Files/Epic Games/Unreal Projects/HaloFloodFanGame01 5.5/Intermediate/ShaderAutogen/PCD3D_SM6/AutogenShaderHeaders.ush" 1959
"../../../Engine/Shaders/Private/ParticipatingMediaCommon.ush" 1960
"../../../Engine/Shaders/Private/ThinFilmBSDF.ush" 1961
"../../../Engine/Shaders/Private/MortonCode.ush" 1962
"../../../Engine/Shaders/Private/SubsurfaceProfileCommon.ush" 1963
"../../../Engine/Shaders/Private/BurleyNormalizedSSSCommon.ush" 1964
"../../../Engine/Shaders/Private/GammaCorrectionCommon.ush" 1965
"../../../Engine/Shaders/Shared/SubstrateDefinitions.h" 1966
"../../../Engine/Shaders/Private/Substrate/SubstrateStatisticalOperators.ush" 1967
"../../../Engine/Shaders/Private/Substrate/SubstrateSubsurface.ush" 1968
"../../../Engine/Shaders/Private/TransmissionCommon.ush" 1969
"../../../Engine/Shaders/Private/SpecularProfileCommon.ush" 1970
"../../../Engine/Shaders/Private/RayTracing/RayTracingCommonMetal.ush" 1971
"../../../Engine/Shaders/Private/PositionReconstructionCommon.ush" 1972
"../../../Engine/Shaders/Private/RayTracing/TraceRayInline.ush" 1973
"../../../Engine/Shaders/Private/RayTracing/TraceRayInlineCommon.ush" 1974
"../../../Engine/Shaders/Private/RayTracing/TraceRayInlineVulkan.ush" 1975
"../../../Engine/Shaders/Private/RayTracing/TraceRayInlineMetal.ush" 1976
"../../../Engine/Shaders/Private/RayTracing/RayTracingHitGroupCommon.ush" 1977
"../../../Engine/Shaders/Private/Nanite/NaniteDataDecode.ush" 1978
"../../../Engine/Shaders/Private/BitPacking.ush" 1979
"../../../Engine/Shaders/Private/BitStreamReaderImplementation.ush" 1980
"../../../Engine/Shaders/Private/BoneTransform.ush" 1981
"../../../Engine/Shaders/Private/Quaternion.ush" 1982
"../../../Engine/Shaders/Shared/NaniteDefinitions.h" 1983
"../../../Engine/Shaders/Private/Nanite/NaniteAttributeDecode.ush" 1984
"../../../Engine/Shaders/Private/Barycentrics.ush" 1985
"../../../Engine/Shaders/Private/DualNumber.ush" 1986
"../../../Engine/Plugins/FX/Niagara/Shaders/Private/NiagaraSpriteVertexFactory.ush" 1987
"../../../Engine/Shaders/Private/ParticleVertexFactoryCommon.ush" 1988
"../../../Engine/Plugins/FX/Niagara/Shaders/Private/NiagaraVFCommon.usf" 1989
"../../../Engine/Plugins/FX/Niagara/Shaders/Private/NiagaraVFParticleAccess.usf" 1990
"../../../Engine/Plugins/FX/Niagara/Shaders/Private/NiagaraParticleAccess.ush" 1991
"../../../Engine/Plugins/FX/Niagara/Shaders/Private/NiagaraRibbonVertexFactory.ush" 1992
"../../../Engine/Plugins/FX/Niagara/Shaders/Private/NiagaraMeshVertexFactory.ush" 1993
"../../../Engine/Plugins/FX/Niagara/Shaders/Private/NiagaraCommon.ush" 1994
"../../../Engine/Plugins/FX/Niagara/Shaders/Private/NiagaraMeshParticleUtils.ush" 1995
"../../../Engine/Shaders/Private/VectorFieldVisualizationVertexFactory.ush" 1996
"../../../Engine/Shaders/Private/Nanite/NaniteVertexFactory.ush" 1997
"../../../Engine/Shaders/Private/LightmapData.ush" 1998
"../../../Engine/Shaders/Private/SplineMeshCommon.ush" 1999
"../../../Engine/Shaders/Shared/SplineMeshShaderParams.h" 2000
"../../../Engine/Shaders/Private/ShaderPrint.ush" 2001
"../../../Engine/Shaders/Private/ShaderPrintCommon.ush" 2002
"../../../Engine/Shaders/Private/MiniFontCommon.ush" 2003
"../../../Engine/Shaders/Private/Nanite/NaniteSceneCommon.ush" 2004
"../../../Engine/Shaders/Private/Nanite/NaniteVertexDeformation.ush" 2005
"../../../Engine/Shaders/Private/ParticleSpriteVertexFactory.ush" 2006
"../../../Engine/Shaders/Private/ParticleGPUSpriteVertexFactory.ush" 2007
"../../../Engine/Shaders/Private/ParticleSimulationCommon.ush" 2008
"../../../Engine/Shaders/Private/ParticleBeamTrailVertexFactory.ush" 2009
"../../../Engine/Shaders/Private/MeshParticleVertexFactory.ush" 2010
"../../../Engine/Shaders/Private/LocalVertexFactory.ush" 2011
"../../../Engine/Shaders/Private/GpuSkinCommon.ush" 2012
"../../../Engine/Shaders/Private/GpuSkinVertexFactory.ush" 2013
"../../../Engine/Shaders/Private/GeometryCollectionVertexFactory.ush" 2014
"../../../Engine/Shaders/Private/GeometryCacheVertexFactory.ush" 2015
"../../../Engine/Shaders/Private/LandscapeVertexFactory.ush" 2016
"../../../Engine/Plugins/Experimental/Compositing/HoldoutComposite/Shaders/Private/HoldoutCompositeFinal.usf" 2017
"../../../Engine/Shaders/Private/ScreenPass.ush" 2018
"../../../Engine/Shaders/Private/LensDistortion.ush" 2019
"../../../Engine/Plugins/Experimental/Compositing/HoldoutComposite/Shaders/Private/HoldoutCompositeSSRInput.usf" 2020
"../../../Engine/Plugins/Experimental/Compositing/HoldoutComposite/Shaders/Private/HoldoutCompositeDilate.usf" 2021
"../../../Engine/Plugins/NNE/NNEDenoiser/Shaders/NNEDenoiserShadersTransferFunctionOidn.usf" 2022
"../../../Engine/Plugins/NNE/NNEDenoiser/Shaders/NNEDenoiserShadersMappedCopy.usf" 2023
"../../../Engine/Plugins/NNE/NNEDenoiser/Shaders/NNEDenoiserShadersDefaultIOProcess.usf" 2024
"../../../Engine/Plugins/NNE/NNEDenoiser/Shaders/NNEDenoiserShadersAutoExposureReduceFinal.usf" 2025
"../../../Engine/Plugins/NNE/NNEDenoiser/Shaders/NNEDenoiserShadersAutoExposureReduce.usf" 2026
"../../../Engine/Plugins/NNE/NNEDenoiser/Shaders/NNEDenoiserShadersAutoExposureDownsample.usf" 2027
"../../../Engine/Plugins/Enterprise/GLTFExporter/Shaders/Private/SimpleTexture2DPS.usf" 2028
"../../../Engine/Shaders/Private/SimpleElementNormalMapPixelShader.usf" 2029
"../../../Engine/Plugins/Runtime/HairStrands/Shaders/Private/NiagaraCopyVelocityGrid.usf" 2030
"../../../Engine/Plugins/Runtime/HairStrands/Shaders/Private/NiagaraClearVelocityGrid.usf" 2031
"../../../Engine/Plugins/Runtime/HairStrands/Shaders/Private/NiagaraClearPressureGrid.usf" 2032
"../../../Engine/Plugins/Runtime/HairStrands/Shaders/Private/NiagaraInterpolateGroomGuides.usf" 2033
"../../../Engine/Plugins/Runtime/HairStrands/Shaders/Private/NiagaraGroomInterpolationUtils.ush" 2034
"../../../Engine/Plugins/FX/Niagara/Shaders/Private/NiagaraQuaternionUtils.ush" 2035
"../../../Engine/Shaders/Private/HairStrands/HairStrandsMesh.usf" 2036
"../../../Engine/Shaders/Private/HairStrands/HairStrandsBindingCommon.ush" 2037
"../../../Engine/Shaders/Private/HairStrands/HairStrandsFollicleMask.usf" 2038
"../../../Engine/Shaders/Private/HairStrands/HairStrandsSkinUpdate.usf" 2039
"../../../Engine/Shaders/Private/HairStrands/HairStrandsClusterCulling.usf" 2040
"../../../Engine/Shaders/Private/ColorMap.ush" 2041
"../../../Engine/Shaders/Private/HairStrands/HairStrandsAABBCommon.ush" 2042
"../../../Engine/Shaders/Private/HairStrands/HairStrandsClusterCommon.ush" 2043
"../../../Engine/Shaders/Private/ThreadGroupPrefixSum.ush" 2044
"../../../Engine/Shaders/Private/HairStrands/HairStrandsRaytracingGeometry.usf" 2045
"../../../Engine/Shaders/Private/HairStrands/HairStrandsTangent.usf" 2046
"../../../Engine/Shaders/Private/HairStrands/HairCardsDeformation.usf" 2047
"../../../Engine/Shaders/Private/HairStrands/HairStrandsInterpolation.usf" 2048
"../../../Engine/Shaders/Private/HairStrands/HairStrandsGuideDeform.usf" 2049
"../../../Engine/Shaders/Private/HairStrands/HairStrandsTexturesGeneration.usf" 2050
"../../../Engine/Shaders/Private/HairStrands/HairCardsTextureCommon.ush" 2051
"../../../Engine/Shaders/Private/HairStrands/HairStrandsTranscode.usf" 2052
"../../../Engine/Shaders/Private/HairStrands/HairStrandsDebug.usf" 2053
"../../../Engine/Shaders/Private/HairShadingCommon.ush" 2054
"../../../Engine/Shaders/Private/PostProcessCommon.ush" 2055
"../../../Engine/Shaders/Private/Matrices.ush" 2056
"../../../Engine/Shaders/Private/ShadingModels.ush" 2057
"../../../Engine/Shaders/Private/CapsuleLight.ush" 2058
"../../../Engine/Shaders/Private/RectLight.ush" 2059
"../../../Engine/Shaders/Private/LightData.ush" 2060
"../../../Engine/Shaders/Shared/LightDefinitions.h" 2061
"../../../Engine/Shaders/Private/AreaLightCommon.ush" 2062
"../../../Engine/Shaders/Private/HairBsdf.ush" 2063
"../../../Engine/Shaders/Private/MobileGGX.ush" 2064
"../../../Engine/Shaders/Private/HairStrands/HairStrandsCommon.ush" 2065
"../../../Engine/Shaders/Private/HairStrands/HairStrandsEnvironmentLightingCommon.ush" 2066
"../../../Engine/Shaders/Private/HairStrands/HairStrandsDeepTransmittanceCommon.ush" 2067
"../../../Engine/Shaders/Private/HairStrands/HairStrandsDeepTransmittanceDualScattering.ush" 2068
"../../../Engine/Shaders/Private/HairStrands/HairStrandsDeepShadowCommon.ush" 2069
"../../../Engine/Shaders/Private/HairStrands/HairStrandsDebugCommonStruct.ush" 2070
"../../../Engine/Plugins/FX/Niagara/Shaders/Private/Stateless/NiagaraStatelessSimulationExample1.usf" 2071
"../../../Engine/Plugins/FX/Niagara/Shaders/Private/Stateless/NiagaraStatelessSimulationTemplate.ush" 2072
"../../../Engine/Plugins/FX/Niagara/Shaders/Private/Stateless/NiagaraStatelessCommon.ush" 2073
"../../../Engine/Plugins/FX/Niagara/Shaders/Shared/NiagaraStatelessDefinitions.h" 2074
"../../../Engine/Plugins/FX/Niagara/Shaders/Shared/NiagaraStatelessBuiltDistribution.h" 2075
"../../../Engine/Plugins/FX/Niagara/Shaders/Private/Stateless/NiagaraStatelessDistribution.ush" 2076
"../../../Engine/Shaders/Private/ComputeShaderUtils.ush" 2077
"../../../Engine/Plugins/FX/Niagara/Shaders/Private/Stateless/Modules/NiagaraStatelessModule_CalculateAccurateVelocity.ush" 2078
"../../../Engine/Plugins/FX/Niagara/Shaders/Private/Stateless/Modules/NiagaraStatelessModule_CameraOffset.ush" 2079
"../../../Engine/Plugins/FX/Niagara/Shaders/Private/Stateless/Modules/NiagaraStatelessModule_DynamicMaterialParameters.ush" 2080
"../../../Engine/Plugins/FX/Niagara/Shaders/Private/Stateless/Modules/NiagaraStatelessModule_InitializeParticle.ush" 2081
"../../../Engine/Plugins/FX/Niagara/Shaders/Private/Stateless/Modules/NiagaraStatelessModule_InitialMeshOrientation.ush" 2082
"../../../Engine/Plugins/FX/Niagara/Shaders/Private/Stateless/Modules/NiagaraStatelessModule_MeshIndex.ush" 2083
"../../../Engine/Plugins/FX/Niagara/Shaders/Private/Stateless/Modules/NiagaraStatelessModule_MeshRotationRate.ush" 2084
"../../../Engine/Plugins/FX/Niagara/Shaders/Private/Stateless/Modules/NiagaraStatelessModule_RotateAroundPoint.ush" 2085
"../../../Engine/Plugins/FX/Niagara/Shaders/Private/Stateless/Modules/NiagaraStatelessModule_ShapeLocation.ush" 2086
"../../../Engine/Plugins/FX/Niagara/Shaders/Private/Stateless/Modules/NiagaraStatelessModule_ScaleColor.ush" 2087
"../../../Engine/Plugins/FX/Niagara/Shaders/Private/Stateless/Modules/NiagaraStatelessModule_ScaleSpriteSize.ush" 2088
"../../../Engine/Plugins/FX/Niagara/Shaders/Private/Stateless/Modules/NiagaraStatelessModule_ScaleSpriteSizeBySpeed.ush" 2089
"../../../Engine/Plugins/FX/Niagara/Shaders/Private/Stateless/Modules/NiagaraStatelessModule_ScaleMeshSize.ush" 2090
"../../../Engine/Plugins/FX/Niagara/Shaders/Private/Stateless/Modules/NiagaraStatelessModule_ScaleMeshSizebySpeed.ush" 2091
"../../../Engine/Plugins/FX/Niagara/Shaders/Private/Stateless/Modules/NiagaraStatelessModule_SolveVelocitiesAndForces.ush" 2092
"../../../Engine/Plugins/FX/Niagara/Shaders/Private/Stateless/Modules/NiagaraStatelessModule_SpriteFacingAndAlignment.ush" 2093
"../../../Engine/Plugins/FX/Niagara/Shaders/Private/Stateless/Modules/NiagaraStatelessModule_SpriteRotationRate.ush" 2094
"../../../Engine/Plugins/FX/Niagara/Shaders/Private/Stateless/Modules/NiagaraStatelessModule_SubUVAnimation.ush" 2095
"../../../Engine/Plugins/FX/Niagara/Shaders/Private/Stateless/NiagaraStatelessSimulationDefault.usf" 2096
"../../../Engine/Plugins/FX/Niagara/Shaders/Private/NiagaraSVTToDenseBuffer.usf" 2097
"../../../Engine/Shaders/Private/SparseVolumeTexture/SparseVolumeTextureCommon.ush" 2098
"../../../Engine/Plugins/FX/Niagara/Shaders/Private/NiagaraFillIntBuffer.usf" 2099
"../../../Engine/Plugins/FX/Niagara/Shaders/Private/NiagaraComputeFreeIDs.usf" 2100
"../../../Engine/Plugins/FX/Niagara/Shaders/Private/NiagaraInitFreeIDBuffer.usf" 2101
"../../../Engine/Plugins/FX/Niagara/Shaders/Private/NiagaraEmitterInstanceShader.usf" 2102
"../../../Engine/Plugins/FX/Niagara/Shaders/Private/NiagaraShaderVersion.ush" 2103
"../../../Engine/Shaders/Private/DistanceField/GlobalDistanceFieldShared.ush" 2104
"../../../Engine/Plugins/FX/Niagara/Shaders/Private/NiagaraPhysicsCommon.ush" 2105
"../../../Engine/Plugins/FX/Niagara/Shaders/Private/Ribbons/NiagaraRibbonGenerateIndices.usf" 2106
"../../../Engine/Plugins/FX/Niagara/Shaders/Private/Ribbons/NiagaraRibbonCommon.ush" 2107
"../../../Engine/Plugins/FX/Niagara/Shaders/Private/Ribbons/NiagaraRibbonInitializeIndices.usf" 2108
"../../../Engine/Plugins/FX/Niagara/Shaders/Private/Ribbons/NiagaraRibbonRibbonUVParamCalculation.usf" 2109
"../../../Engine/Plugins/FX/Niagara/Shaders/Private/Ribbons/NiagaraRibbonVertexReductionFinalization.usf" 2110
"../../../Engine/Plugins/FX/Niagara/Shaders/Private/Ribbons/NiagaraRibbonVertexReductionPropagation.usf" 2111
"../../../Engine/Plugins/FX/Niagara/Shaders/Private/Ribbons/NiagaraRibbonVertexReductionInitialization.usf" 2112
"../../../Engine/Plugins/FX/Niagara/Shaders/Private/Ribbons/NiagaraRibbonSortParticles.usf" 2113
"../../../Engine/Plugins/FX/Niagara/Shaders/Private/NiagaraUpdateMeshGPUSceneInstances.usf" 2114
"../../../Engine/Shaders/Private/GPUScene/GPUSceneWriter.ush" 2115
"../../../Engine/Plugins/FX/Niagara/Shaders/Private/NiagaraGenerateMips.usf" 2116
"../../../Engine/Plugins/FX/Niagara/Shaders/Private/NiagaraDebugDraw.usf" 2117
"../../../Engine/Plugins/FX/Niagara/Shaders/Private/NiagaraDebugDraw.ush" 2118
"../../../Engine/Plugins/FX/Niagara/Shaders/Private/NiagaraVisualizeTexture.usf" 2119
"../../../Engine/Plugins/FX/Niagara/Shaders/Private/NiagaraClearCounts.usf" 2120
"../../../Engine/Plugins/FX/Niagara/Shaders/Private/NiagaraBatchedElements.usf" 2121
"../../../Engine/Plugins/FX/Niagara/Shaders/Private/NiagaraRayTracingShaders.usf" 2122
"../../../Engine/Plugins/FX/Niagara/Shaders/Private/NiagaraAsyncGpuTraceCommon.ush" 2123
"../../../Engine/Shaders/Private/HashTable.ush" 2124
"../../../Engine/Shaders/Private/Hash.ush" 2125
"../../../Engine/Shaders/Private/RayTracing/VFXTraceRay.ush" 2126
"../../../Engine/Plugins/FX/Niagara/Shaders/Private/NiagaraRayMarchingShaders.usf" 2127
"../../../Engine/Plugins/FX/Niagara/Shaders/Private/NiagaraRayTraceCollisionGroupShaders.usf" 2128
"../../../Engine/Plugins/FX/Niagara/Shaders/Private/NiagaraAsyncGpuTraceUtils.usf" 2129
"../../../Engine/Plugins/FX/Niagara/Shaders/Private/NiagaraSortKeyGen.usf" 2130
"../../../Engine/Plugins/FX/Niagara/Shaders/Private/NiagaraGPURayTracingTransforms.usf" 2131
"../../../Engine/Plugins/FX/Niagara/Shaders/Private/NiagaraDrawIndirectArgsGen.usf" 2132
"../../../Engine/Plugins/FX/Niagara/Shaders/Private/NiagaraDispatchIndirectArgsGen.usf" 2133
"../../../Engine/Plugins/Runtime/ComputeFramework/Shaders/Private/ComputeKernel.usf" 2134
"../../../Engine/Plugins/Runtime/ComputeFramework/Shaders/Private/ComputeKernelCommon.ush" 2135
"../../../Engine/Plugins/Media/WmfMedia/Shaders/Private/MediaHardwareVideoDecoding.usf" 2136
"../../../Engine/Shaders/Private/ColorUtils.ush" 2137
"../../../Engine/Plugins/Media/ImgMedia/Shaders/Private/ExrSwizzler.usf" 2138
"../../../Engine/Plugins/Experimental/NFORDenoise/Shaders/NFORDenoise.usf" 2139
"../../../Engine/Plugins/Experimental/NFORDenoise/Shaders/NFORRegressionCommon.ush" 2140
"../../../Engine/Plugins/Experimental/NFORDenoise/Shaders/NFORRegression.ush" 2141
"../../../Engine/Plugins/PCG/Shaders/Private/PCGTextureReadback.usf" 2142
"../../../Engine/Plugins/PCG/Shaders/Private/PCGSceneWriter.usf" 2143
"../../../Engine/Shaders/Private/VirtualTextureAdapter.usf" 2144
"../../../Engine/Shaders/Private/BlockCompressionCommon.ush" 2145
"../../../Engine/Shaders/Private/BCCompressionCommon.ush" 2146
"../../../Engine/Shaders/Private/TranslucentLightingShaders.usf" 2147
"../../../Engine/Shaders/Private/SHCommon.ush" 2148
"../../../Engine/Shaders/Private/ShadowProjectionCommon.ush" 2149
"../../../Engine/Shaders/Private/CubemapCommon.ush" 2150
"../../../Engine/Shaders/Private/VectorFieldCompositeShaders.usf" 2151
"../../../Engine/Shaders/Private/UpdateTextureShaders.usf" 2152
"../../../Engine/Shaders/Private/StereoLayerShader.usf" 2153
"../../../Engine/Shaders/Private/SparseVolumeTexture/UpdateSparseVolumeTexture.usf" 2154
"../../../Engine/Shaders/Private/MorphTargets.usf" 2155
"../../../Engine/Shaders/Private/SimpleElementColorChannelMaskPixelShader.usf" 2156
"../../../Engine/Shaders/Private/SimpleElementHitProxyPixelShader.usf" 2157
"../../../Engine/Shaders/Private/SimpleElementPixelShader.usf" 2158
"../../../Engine/Shaders/Private/IESLightProfilesCommon.ush" 2159
"../../../Engine/Shaders/Private/SimpleElementVertexShader.usf" 2160
"../../../Engine/Shaders/Private/ScreenPixelShaderOES.usf" 2161
"../../../Engine/Shaders/Private/ScreenVertexShader.usf" 2162
"../../../Engine/Shaders/Private/ScreenPixelShader.usf" 2163
"../../../Engine/Shaders/Private/SSProfilePreIntegratedMobile.usf" 2164
"../../../Engine/Shaders/Private/SpecularProfile.usf" 2165
"../../../Engine/Shaders/Private/Nanite/NaniteStreaming.usf" 2166
"../../../Engine/Shaders/Private/Nanite/NaniteStreaming.ush" 2167
"../../../Engine/Shaders/Private/Nanite/NaniteTranscode.usf" 2168
"../../../Engine/Shaders/Private/VolumetricLightmapStreaming.usf" 2169
"../../../Engine/Shaders/Private/PhysicsFieldReset.usf" 2170
"../../../Engine/Shaders/Private/PhysicsFieldBuilder.usf" 2171
"../../../Engine/Shaders/Private/PhysicsFieldEval.ush" 2172
"../../../Engine/Shaders/Private/ParticleSortKeyGen.usf" 2173
"../../../Engine/Shaders/Private/ParticleBoundsShader.usf" 2174
"../../../Engine/Shaders/Private/ParticleSimVisualizeShader.usf" 2175
"../../../Engine/Shaders/Private/ParticleInjectionShader.usf" 2176
"../../../Engine/Shaders/Private/ParticleSimulationShader.usf" 2177
"../../../Engine/Shaders/Private/ParticleCurveInjectionShader.usf" 2178
"../../../Engine/Shaders/Private/CopyUIntBuffer.usf" 2179
"../../../Engine/Shaders/Private/RadixSortShaders.usf" 2180
"../../../Engine/Shaders/Private/RecomputeTangentsPerVertexPass.usf" 2181
"../../../Engine/Shaders/Private/RecomputeTangentsCommon.ush" 2182
"../../../Engine/Shaders/Private/RecomputeTangentsPerTrianglePass.usf" 2183
"../../../Engine/Shaders/Private/GpuSkinCacheComputeShader.usf" 2184
"../../../Engine/Shaders/Private/HeightFieldAtlasManagement.usf" 2185
"../../../Engine/Shaders/Private/LandscapePhysicalMaterial.usf" 2186
"../../../Engine/Shaders/Private/MaterialTemplate.ush" 2187
"../../../Engine/Shaders/Private/WorldSpaceMath.ush" 2188
"../../../Engine/Shaders/Private/EyeAdaptationCommon.ush" 2189
"../../../Engine/Shaders/Private/SobolRandom.ush" 2190
"../../../Engine/Shaders/Private/DepthOfFieldCommon.ush" 2191
"../../../Engine/Shaders/Private/CircleDOFCommon.ush" 2192
"../../../Engine/Shaders/Private/PhysicsFieldSampler.ush" 2193
"../../../Engine/Shaders/Private/PhysicsFieldShared.ush" 2194
"../../../Engine/Shaders/Shared/EnvironmentComponentsFlags.h" 2195
"../../../Engine/Shaders/Private/MeshPaintTextureCommon.ush" 2196
"../../../Engine/Shaders/Private/SpeedTreeCommon.ush" 2197
"../../../Engine/Shaders/Private/VirtualTextureCommon.ush" 2198
"../../../Engine/Shaders/Private/MaterialTexture.ush" 2199
"../../../Engine/Shaders/Private/MinMaterialTexCoords.ush" 2200
"../../../Engine/Shaders/Private/SkyAtmosphereCommon.ush" 2201
"../../../Engine/Shaders/Private/SingleLayerWaterCommon.ush" 2202
"../../../Engine/Shaders/Private/TextureSampling.ush" 2203
"../../../Engine/Shaders/Private/PaniniProjection.ush" 2204
"../../../Engine/Shaders/Private/DBufferNormalReprojection.ush" 2205
"../../../Engine/Shaders/Public/SubstratePublic.ush" 2206
"../../../Engine/Shaders/Private/Substrate/SubstrateTree.ush" 2207
"../../../Engine/Shaders/Private/Substrate/SubstrateEvaluation.ush" 2208
"../../../Engine/Shaders/Private/Substrate/Glint/GlintThirdParty.ush" 2209
"../../../Engine/Shaders/Private/BlueNoise.ush" 2210
"../../../Engine/Shaders/Private/ShadingModelsSampling.ush" 2211
"../../../Engine/Shaders/Private/HairStrands/HairBsdfSample.ush" 2212
"../../../Engine/Shaders/Private/Substrate/SubstrateLegacyConversion.ush" 2213
"../../../Engine/Shaders/Private/DBufferDecalShared.ush" 2214
"../../../Engine/Shaders/Private/LandscapeGrassWeight.usf" 2215
"../../../Engine/Shaders/Private/Landscape/LandscapeEditLayersUtils.usf" 2216
"../../../Engine/Shaders/Private/Landscape/LandscapeCommon.ush" 2217
"../../../Engine/Shaders/Private/Landscape/LandscapeEditLayersWeightmaps.usf" 2218
"../../../Engine/Shaders/Private/Landscape/LandscapeEditLayersHeightmaps.usf" 2219
"../../../Engine/Shaders/Private/Landscape/LandscapeLayersWeightmapsPS.usf" 2220
"../../../Engine/Shaders/Private/Landscape/LandscapeLayersHeightmapsPS.usf" 2221
"../../../Engine/Shaders/Private/LandscapeLayersCS.usf" 2222
"../../../Engine/Shaders/Private/LandscapeLayersPS.usf" 2223
"../../../Engine/Shaders/Private/LandscapeLayersVS.usf" 2224
"../../../Engine/Shaders/Private/Landscape/LandscapeCulling.usf" 2225
"../../../Engine/Shaders/Private/Nanite/NaniteHZBCull.ush" 2226
"../../../Engine/Shaders/Private/Landscape/LandscapeMergeTexturesPS.usf" 2227
"../../../Engine/Shaders/Private/WideCustomResolveShaders.usf" 2228
"../../../Engine/Shaders/Private/WideCustomResolve_Wide.ush" 2229
"../../../Engine/Shaders/Private/WideCustomResolve_Wider.ush" 2230
"../../../Engine/Shaders/Private/WideCustomResolve_Widest.ush" 2231
"../../../Engine/Shaders/Private/WaterInfoTextureBlur.usf" 2232
"../../../Engine/Shaders/Private/WaterInfoTextureMerge.usf" 2233
"../../../Engine/Shaders/Private/PageTableUpdate.usf" 2234
"../../../Engine/Shaders/Private/VirtualTextureCompress.usf" 2235
"../../../Engine/Shaders/Private/ETCCompressionCommon.ush" 2236
"../../../Engine/Shaders/Private/VirtualTextureMaterial.usf" 2237
"../../../Engine/Shaders/Private/PixelShaderOutputCommon.ush" 2238
"../../../Engine/Shaders/Private/ShaderOutputCommon.ush" 2239
"../../../Engine/Shaders/Private/VolumetricRenderTarget.usf" 2240
"../../../Engine/Shaders/Private/HeightFogCommon.ush" 2241
"../../../Engine/Shaders/Private/LocalFogVolumes/LocalFogVolumeCommon.ush" 2242
"../../../Engine/Shaders/Private/ReflectionEnvironmentShared.ush" 2243
"../../../Engine/Shaders/Private/VolumetricFogVoxelization.usf" 2244
"../../../Engine/Shaders/Private/VolumetricCloudMaterialPixelCommon.ush" 2245
"../../../Engine/Shaders/Private/VolumetricFogLightFunction.usf" 2246
"../../../Engine/Shaders/Private/LightFunctionCommon.ush" 2247
"../../../Engine/Shaders/Private/VolumetricFog.usf" 2248
"../../../Engine/Shaders/Private/DeferredLightingCommon.ush" 2249
"../../../Engine/Shaders/Private/DynamicLightingCommon.ush" 2250
"../../../Engine/Shaders/Private/CapsuleLightIntegrate.ush" 2251
"../../../Engine/Shaders/Private/CapsuleLightSampling.ush" 2252
"../../../Engine/Shaders/Private/RectLightIntegrate.ush" 2253
"../../../Engine/Shaders/Private/ScreenSpaceShadowRayCast.ush" 2254
"../../../Engine/Shaders/Private/LightFunctionAtlas/LightFunctionAtlasCommon.usf" 2255
"../../../Engine/Shaders/Private/HeterogeneousVolumes/HeterogeneousVolumesAdaptiveVolumetricShadowMapSampling.ush" 2256
"../../../Engine/Shaders/Private/HeterogeneousVolumes/HeterogeneousVolumesAdaptiveVolumetricShadowMapUtils.ush" 2257
"../../../Engine/Shaders/Private/HeterogeneousVolumes/HeterogeneousVolumesRayMarchingUtils.ush" 2258
"../../../Engine/Shaders/Private/HeterogeneousVolumes/HeterogeneousVolumesRayMarchingTypes.ush" 2259
"../../../Engine/Shaders/Private/PathTracing/Utilities/PathTracingRandomSequence.ush" 2260
"../../../Engine/Shaders/Private/HeterogeneousVolumes/HeterogeneousVolumesTracingUtils.ush" 2261
"../../../Engine/Shaders/Private/VelocityCommon.ush" 2262
"../../../Engine/Shaders/Private/HeterogeneousVolumes/HeterogeneousVolumesTransmittanceVolumeUtils.ush" 2263
"../../../Engine/Shaders/Private/ForwardShadowingCommon.ush" 2264
"../../../Engine/Shaders/Private/ShadowFilteringCommon.ush" 2265
"../../../Engine/Shaders/Private/PixelQuadMessagePassing.ush" 2266
"../../../Engine/Shaders/Private/VolumeLightingCommon.ush" 2267
"../../../Engine/Shaders/Private/VolumeLightingCommonSampling.ush" 2268
"../../../Engine/Shaders/Private/Lumen/LumenTranslucencyVolumeShared.ush" 2269
"../../../Engine/Shaders/Private/Lumen/LumenRadianceCacheInterpolation.ush" 2270
"../../../Engine/Shaders/Private/HeterogeneousVolumes/HeterogeneousVolumesAdaptiveVolumetricShadowMapSampler.ush" 2271
"../../../Engine/Shaders/Private/LightGridCommon.ush" 2272
"../../../Engine/Shaders/Private/DistanceFieldAOShared.ush" 2273
"../../../Engine/Shaders/Private/IntersectionUtils.ush" 2274
"../../../Engine/Shaders/Private/VolumetricLightmapShared.ush" 2275
"../../../Engine/Shaders/Private/LightDataUniforms.ush" 2276
"../../../Engine/Shaders/Private/VirtualShadowMaps/VirtualShadowMapProjectionCommon.ush" 2277
"../../../Engine/Shaders/Private/VirtualShadowMaps/VirtualShadowMapPageAccessCommon.ush" 2278
"../../../Engine/Shaders/Shared/VirtualShadowMapDefinitions.h" 2279
"../../../Engine/Shaders/Shared/HLSLMathAliases.h" 2280
"../../../Engine/Shaders/Private/VirtualShadowMaps/VirtualShadowMapProjectionStructs.ush" 2281
"../../../Engine/Shaders/Private/VolumetricCloudCommon.ush" 2282
"../../../Engine/Shaders/Private/VolumetricCloud.usf" 2283
"../../../Engine/Shaders/Private/VisualizeVolumetricLightmap.usf" 2284
"../../../Engine/Shaders/Private/VirtualShadowMaps/VirtualShadowMapProjectionComposite.usf" 2285
"../../../Engine/Shaders/Private/LightShaderParameters.ush" 2286
"../../../Engine/Shaders/Private/VirtualShadowMaps/VirtualShadowMapMaskBitsCommon.ush" 2287
"../../../Engine/Shaders/Private/VirtualShadowMaps/VirtualShadowMapLightGrid.ush" 2288
"../../../Engine/Shaders/Private/VirtualShadowMaps/VirtualShadowMapProjection.usf" 2289
"../../../Engine/Shaders/Private/Visualization.ush" 2290
"../../../Engine/Shaders/Private/VirtualShadowMaps/VirtualShadowMapProjectionFilter.ush" 2291
"../../../Engine/Shaders/Private/VirtualShadowMaps/VirtualShadowMapProjectionDirectional.ush" 2292
"../../../Engine/Shaders/Private/VirtualShadowMaps/VirtualShadowMapSMRTCommon.ush" 2293
"../../../Engine/Shaders/Private/VirtualShadowMaps/VirtualShadowMapSMRTTemplate.ush" 2294
"../../../Engine/Shaders/Private/VirtualShadowMaps/VirtualShadowMapProjectionSpot.ush" 2295
"../../../Engine/Shaders/Private/VirtualShadowMaps/VirtualShadowMapTransmissionCommon.ush" 2296
"../../../Engine/Shaders/Private/VirtualShadowMaps/VirtualShadowMapScreenRayTrace.ush" 2297
"../../../Engine/Shaders/Private/VirtualShadowMaps/VirtualShadowMapStats.ush" 2298
"../../../Engine/Shaders/Private/HairStrands/HairStrandsVoxelPageCommon.ush" 2299
"../../../Engine/Shaders/Private/HairStrands/HairStrandsVoxelPageTraversal.ush" 2300
"../../../Engine/Shaders/Private/VirtualShadowMaps/VirtualShadowMapCacheLoadBalancer.usf" 2301
"../../../Engine/Shaders/Private/VirtualShadowMaps/VirtualShadowMapPageCacheCommon.ush" 2302
"../../../Engine/Shaders/Private/VirtualShadowMaps/VirtualShadowMapCacheInvalidation.ush" 2303
"../../../Engine/Shaders/Private/VirtualShadowMaps/VirtualShadowMapPageOverlap.ush" 2304
"../../../Engine/Shaders/Private/ScreenSpaceDenoise/SSDDefinitions.ush" 2305
"../../../Engine/Shaders/Private/InstanceCulling/InstanceCullingLoadBalancer.ush" 2306
"../../../Engine/Shaders/Private/VirtualShadowMaps/VirtualShadowMapCopyStats.usf" 2307
"../../../Engine/Shaders/Private/VirtualShadowMaps/VirtualShadowMapDebug.usf" 2308
"../../../Engine/Shaders/Private/VirtualShadowMaps/Desaturate.usf" 2309
"../../../Engine/Shaders/Private/VirtualShadowMaps/VirtualShadowMapPhysicalPageManagement.usf" 2310
"../../../Engine/Shaders/Private/ReductionCommon.ush" 2311
"../../../Engine/Shaders/Private/GPUMessaging.ush" 2312
"../../../Engine/Shaders/Private/VirtualShadowMaps/VirtualShadowMapPerPageDispatch.ush" 2313
"../../../Engine/Shaders/Private/VirtualShadowMaps/VirtualShadowMapBuildPerPageDrawCommands.usf" 2314
"../../../Engine/Shaders/Private/Nanite/NaniteCullingCommon.ush" 2315
"../../../Engine/Shaders/Private/Nanite/NaniteCulling.ush" 2316
"../../../Engine/Shaders/Private/Nanite/NaniteHierarchyTraversalCommon.ush" 2317
"../../../Engine/Shaders/Private/InstanceCulling/InstanceCullingCommon.ush" 2318
"../../../Engine/Shaders/Shared/InstanceCullingDefinitions.h" 2319
"../../../Engine/Shaders/Private/VirtualShadowMaps/VirtualShadowMapPrintStats.usf" 2320
"../../../Engine/Shaders/Private/VirtualShadowMaps/VirtualShadowMapPageManagement.usf" 2321
"../../../Engine/Shaders/Private/VirtualShadowMaps/VirtualShadowMapPageMarking.usf" 2322
"../../../Engine/Shaders/Shared/SingleLayerWaterDefinitions.h" 2323
"../../../Engine/Shaders/Private/HairStrands/HairStrandsTileCommon.ush" 2324
"../../../Engine/Shaders/Private/Froxel/Froxel.ush" 2325
"../../../Engine/Shaders/Shared/FroxelDefinitions.h" 2326
"../../../Engine/Shaders/Private/VariableRateShading/VRSShadingRatePreview.usf" 2327
"../../../Engine/Shaders/Private/VariableRateShading/VRSShadingRateCommon.ush" 2328
"../../../Engine/Shaders/Private/VariableRateShading/VRSShadingRateCombine.usf" 2329
"../../../Engine/Shaders/Private/VariableRateShading/VRSShadingRateFoveated.usf" 2330
"../../../Engine/Shaders/Private/VariableRateShading/VRSShadingRateReproject.usf" 2331
"../../../Engine/Shaders/Private/VariableRateShading/VRSShadingRateCalculate.usf" 2332
"../../../Engine/Shaders/Private/TranslucencyUpsampling.usf" 2333
"../../../Engine/Shaders/Private/ComposeSeparateTranslucency.usf" 2334
"../../../Engine/Shaders/Private/SeparateTranslucency.ush" 2335
"../../../Engine/Shaders/Private/TranslucentLightInjectionShaders.usf" 2336
"../../../Engine/Shaders/Private/TranslucentShadowDepthShaders.usf" 2337
"../../../Engine/Shaders/Private/ShadowDepthCommon.ush" 2338
"../../../Engine/Shaders/Private/RayTracing/RayTracingTest.usf" 2339
"../../../Engine/Shaders/Private/PostProcessSubsurfaceTile.usf" 2340
"../../../Engine/Shaders/Private/Substrate/SubstrateVisualize.usf" 2341
"../../../Engine/Shaders/Private/Substrate/SubstrateTile.ush" 2342
"../../../Engine/Shaders/Private/Substrate/SubstrateVisualizeCommon.ush" 2343
"../../../Engine/Shaders/Private/SkyLightingDiffuseShared.ush" 2344
"../../../Engine/Shaders/Private/SkyLightingShared.ush" 2345
"../../../Engine/Shaders/Private/ClearCoatCommon.ush" 2346
"../../../Engine/Shaders/Private/ReflectionEnvironmentComposite.ush" 2347
"../../../Engine/Shaders/Private/Substrate/SubstrateLightingCommon.ush" 2348
"../../../Engine/Shaders/Private/Substrate/SubstrateRoughRefraction.usf" 2349
"../../../Engine/Shaders/Private/PathTracing/Material/PathTracingFresnel.ush" 2350
"../../../Engine/Shaders/Private/PathTracing/Material/PathTracingGlossy.ush" 2351
"../../../Engine/Shaders/Private/Substrate/SubstrateTile.usf" 2352
"../../../Engine/Shaders/Private/Substrate/SubstrateMaterialClassification.usf" 2353
"../../../Engine/Shaders/Private/Substrate/SubstrateDBuffer.usf" 2354
"../../../Engine/Shaders/Private/StochasticLighting/StochasticLightingDenoising.usf" 2355
"../../../Engine/Shaders/Private/Lumen/LumenMaterial.ush" 2356
"../../../Engine/Shaders/Private/StochasticLighting/StochasticLightingCommon.ush" 2357
"../../../Engine/Shaders/Private/SplineMeshSceneTexture.usf" 2358
"../../../Engine/Shaders/Private/SparseVolumeTexture/VisualizeSparseVolumeTexture.usf" 2359
"../../../Engine/Shaders/Private/SkyAtmosphere.usf" 2360
"../../../Engine/Shaders/Private/CopyDepthTexture.usf" 2361
"../../../Engine/Shaders/Private/SingleLayerWaterComposite.usf" 2362
"../../../Engine/Shaders/Private/Froxel/FroxelBuild.ush" 2363
"../../../Engine/Shaders/Private/ScreenSpaceShadows.usf" 2364
"../../../Engine/Shaders/Private/bend_sss_gpu.ush" 2365
"../../../Engine/Shaders/Private/ShadowFactorsUpsampleCommon.ush" 2366
"../../../Engine/Shaders/Private/ShadowProjectionVertexShader.usf" 2367
"../../../Engine/Shaders/Private/ShadowProjectionPixelShader.usf" 2368
"../../../Engine/Shaders/Private/MobileLightingCommon.ush" 2369
"../../../Engine/Shaders/Private/PlanarReflectionShared.ush" 2370
"../../../Engine/Shaders/Private/MobileSSR.ush" 2371
"../../../Engine/Shaders/Private/SSRT/SSRTRayCast.ush" 2372
"../../../Engine/Shaders/Private/ShadowPercentageCloserFiltering.ush" 2373
"../../../Engine/Shaders/Private/TransmissionThickness.ush" 2374
"../../../Engine/Shaders/Private/CopyShadowMaps.usf" 2375
"../../../Engine/Shaders/Private/ShadowDepthPixelShader.usf" 2376
"../../../Engine/Shaders/Private/ShadowDepthVertexShader.usf" 2377
"../../../Engine/Shaders/Private/ShadingEnergyConservationTable.usf" 2378
"../../../Engine/Shaders/Shared/PathTracingDefinitions.h" 2379
"../../../Engine/Shaders/Private/ShadingFurnaceTest.usf" 2380
"../../../Engine/Shaders/Private/Substrate/SubstrateDeferredLighting.ush" 2381
"../../../Engine/Shaders/Private/ShaderPrintDraw.usf" 2382
"../../../Engine/Shaders/Private/ShaderPrintDrawPrimitive.usf" 2383
"../../../Engine/Shaders/Private/DefaultSSRTiles.usf" 2384
"../../../Engine/Shaders/Private/ScreenSpaceReflectionTileCommons.ush" 2385
"../../../Engine/Shaders/Private/SSRT/SSRTDiffuseIndirect.usf" 2386
"../../../Engine/Shaders/Private/SSRT/SSRTTileClassificationBuffer.ush" 2387
"../../../Engine/Shaders/Private/SSRT/SSRTReflections.usf" 2388
"../../../Engine/Shaders/Private/ScreenSpaceDenoise/SSDPublic.ush" 2389
"../../../Engine/Shaders/Private/SSRT/SSRTTileClassification.usf" 2390
"../../../Engine/Shaders/Private/SSRT/SSRTPrevFrameReduction.usf" 2391
"../../../Engine/Shaders/Private/ScreenSpaceDenoise/SSDComposeHarmonics.usf" 2392
"../../../Engine/Shaders/Private/ScreenSpaceDenoise/SSDPublicHarmonics.ush" 2393
"../../../Engine/Shaders/Private/ScreenSpaceDenoise/SSDSignalFramework.ush" 2394
"../../../Engine/Shaders/Private/ScreenSpaceDenoise/SSDCommon.ush" 2395
"../../../Engine/Shaders/Private/SphericalGaussian.ush" 2396
"../../../Engine/Shaders/Public/WaveBroadcastIntrinsics.ush" 2397
"../../../Engine/Shaders/Private/ScreenSpaceDenoise/SSDMetadata.ush" 2398
"../../../Engine/Shaders/Private/ScreenSpaceDenoise/SSDSignalCore.ush" 2399
"../../../Engine/Shaders/Private/ScreenSpaceDenoise/DenoisingCommon.ush" 2400
"../../../Engine/Shaders/Private/ScreenSpaceDenoise/SSDSignalArray.ush" 2401
"../../../Engine/Shaders/Private/ScreenSpaceDenoise/SSDSignalBufferEncoding.ush" 2402
"../../../Engine/Shaders/Private/ScreenSpaceDenoise/SSDPublicBufferEncoding.ush" 2403
"../../../Engine/Shaders/Private/Lumen/LumenBufferEncoding.ush" 2404
"../../../Engine/Shaders/Private/ScreenSpaceDenoise/SSDTemporalAccumulation.usf" 2405
"../../../Engine/Shaders/Private/ScreenSpaceDenoise/SSDSpatialKernel.ush" 2406
"../../../Engine/Shaders/Private/ScreenSpaceDenoise/SSDSignalAccumulatorArray.ush" 2407
"../../../Engine/Shaders/Private/ScreenSpaceDenoise/SSDSignalAccumulator.ush" 2408
"../../../Engine/Shaders/Private/ScreenSpaceDenoise/SSDSignalCompression.ush" 2409
"../../../Engine/Shaders/Private/ScreenSpaceDenoise/SSDSpatialAccumulation.usf" 2410
"../../../Engine/Shaders/Private/ScreenSpaceDenoise/SSDInjest.usf" 2411
"../../../Engine/Shaders/Private/ScreenSpaceDenoise/SSDCompressMetadata.usf" 2412
"../../../Engine/Shaders/Private/DownsampleDepthPixelShader.usf" 2413
"../../../Engine/Shaders/Private/ScreenPass.usf" 2414
"../../../Engine/Shaders/Private/HZB.usf" 2415
"../../../Engine/Shaders/Private/OcclusionFeedbackShaders.usf" 2416
"../../../Engine/Shaders/Private/HZBOcclusion.usf" 2417
"../../../Engine/Shaders/Private/OcclusionQueryPixelShader.usf" 2418
"../../../Engine/Shaders/Private/OcclusionQueryVertexShader.usf" 2419
"../../../Engine/Shaders/Private/HitProxyCopy.usf" 2420
"../../../Engine/Shaders/Private/HitProxyPixelShader.usf" 2421
"../../../Engine/Shaders/Private/HitProxyVertexShader.usf" 2422
"../../../Engine/Shaders/Private/SceneCulling/SceneCullingDebugRender.usf" 2423
"../../../Engine/Shaders/Private/SceneCulling/SceneCulling.ush" 2424
"../../../Engine/Shaders/Shared/SceneCullingDefinitions.h" 2425
"../../../Engine/Shaders/Private/SceneCulling/SceneCullingBuildExplicitBounds.usf" 2426
"../../../Engine/Shaders/Private/SceneCapturePixelShader.usf" 2427
"../../../Engine/Shaders/Private/RendererUtils.usf" 2428
"../../../Engine/Shaders/Private/RTWriteMaskDecode.usf" 2429
"../../../Engine/Shaders/Private/ReflectionEnvironmentShaders.usf" 2430
"../../../Engine/Shaders/Private/RectLightAtlas.usf" 2431
"../../../Engine/Shaders/Private/RayTracing/TraceRayInlineStatistics.usf" 2432
"../../../Engine/Shaders/Private/RayTracing/CompositeSkyLightPS.usf" 2433
"../../../Engine/Shaders/Private/RayTracing/GenerateSkyLightVisibilityRaysCS.usf" 2434
"../../../Engine/Shaders/Private/RayTracing/RayTracingSkyLightCommon.ush" 2435
"../../../Engine/Shaders/Private/RayTracing/SkyLightVisibilityRaysData.ush" 2436
"../../../Engine/Shaders/Private/Raytracing/RaytracingSkylightRGS.usf" 2437
"../../../Engine/Shaders/Private/HairStrands/HairStrandsRaytracing.ush" 2438
"../../../Engine/Shaders/Private/Raytracing/RayTracingSkyLightEvaluation.ush" 2439
"../../../Engine/Shaders/Private/Raytracing/RayTracingDeferredShadingCommon.ush" 2440
"../../../Engine/Shaders/Private/RayTracing/RayTracingOcclusionRGS.usf" 2441
"../../../Engine/Shaders/Private/RayTracing/RayTracingDirectionalLight.ush" 2442
"../../../Engine/Shaders/Private/RayTracing/RayTracingRectLight.ush" 2443
"../../../Engine/Shaders/Private/RayTracing/RayTracingSphereLight.ush" 2444
"../../../Engine/Shaders/Private/RayTracing/RayTracingCapsuleLight.ush" 2445
"../../../Engine/Shaders/Private/RayTracing/RayTracingPrimaryRays.usf" 2446
"../../../Engine/Shaders/Private/RayTracing/RayTracingLightingCommon.ush" 2447
"../../../Engine/Shaders/Private/RayTracing/RayTracingLightCullingCommon.ush" 2448
"../../../Engine/Shaders/Private/RayTracing/RayTracingMaterialDefaultHitShaders.usf" 2449
"../../../Engine/Shaders/Private/RayTracing/RayTracingMaterialHitShaders.usf" 2450
"../../../Engine/Shaders/Private/RayTracing/RayTracingShaderUtils.ush" 2451
"../../../Engine/Shaders/Private/RayTracing/RayTracingCalcInterpolants.ush" 2452
"../../../Engine/Shaders/Private/LightmapCommon.ush" 2453
"../../../Engine/Shaders/Private/Lumen/LumenHardwareRayTracingPayloadCommon.ush" 2454
"../../../Engine/Shaders/Shared/LumenDefinitions.h" 2455
"../../../Engine/Shaders/Private/Substrate/SubstrateExport.ush" 2456
"../../../Engine/Shaders/Private/RayTracing/RayTracingLightingMS.usf" 2457
"../../../Engine/Shaders/Private/RayTracing/RayTracingLightFunctionCommon.ush" 2458
"../../../Engine/Shaders/Private/RayTracing/RayTracingBuildLightGrid.usf" 2459
"../../../Engine/Shaders/Private/Raytracing/RayTracingInstanceBufferUtil.usf" 2460
"../../../Engine/Shaders/Private/RayTracing/RayTracingDynamicMesh.usf" 2461
"../../../Engine/Shaders/Private/RayTracing/RayTracingDefaultDecalHitShader.usf" 2462
"../../../Engine/Shaders/Private/RayTracing/RayTracingDecalMaterialShader.usf" 2463
"../../../Engine/Shaders/Private/PathTracing/PathTracingShaderUtils.ush" 2464
"../../../Engine/Shaders/Private/PathTracing/PathTracingCommon.ush" 2465
"../../../Engine/Shaders/Private/PathTracing/Material/PathTracingMaterialCommon.ush" 2466
"../../../Engine/Shaders/Private/RayTracing/RayTracingBuildDecalGrid.usf" 2467
"../../../Engine/Shaders/Private/RayTracing/RayTracingDebugHitStatsUtils.usf" 2468
"../../../Engine/Shaders/Private/RayTracing/RayTracingDebugInstanceOverlap.usf" 2469
"../../../Engine/Shaders/Private/RayTracing/RayTracingDebugPicking.usf" 2470
"../../../Engine/Shaders/Private/RayTracing/RayTracingDebugUtils.ush" 2471
"../../../Engine/Shaders/Shared/RayTracingDebugTypes.h" 2472
"../../../Engine/Shaders/Private/RayTracing/RayTracingDebugTraversal.usf" 2473
"../../../Engine/Shaders/Private/RayTracing/RayTracingDeferredMaterials.ush" 2474
"../../../Engine/Shaders/Shared/ThirdParty/AMD/ags_shader_intrinsics_dx12.h" 2475
"../../../Engine/Shaders/Shared/RayTracingDebugDefinitions.h" 2476
"../../../Engine/Shaders/Private/RayTracing/RayTracingDebugHitStatsCHS.usf" 2477
"../../../Engine/Shaders/Private/RayTracing/RayTracingDebugHitStats.usf" 2478
"../../../Engine/Shaders/Private/RayTracing/RayTracingDebugMS.usf" 2479
"../../../Engine/Shaders/Private/RayTracing/RayTracingDebugCHS.usf" 2480
"../../../Engine/Shaders/Private/RayTracing/RayTracingDebug.usf" 2481
"../../../Engine/Shaders/Private/RayTracing/RayTracingBuiltInShaders.usf" 2482
"../../../Engine/Shaders/Private/RayTracing/RayTracingBarycentrics.usf" 2483
"../../../Engine/Shaders/Private/RayTracing/RayTracingAmbientOcclusionRGS.usf" 2484
"../../../Engine/Shaders/Private/VisualizeShadingModels.usf" 2485
"../../../Engine/Shaders/Private/MotionBlur/VisualizeMotionVectors.usf" 2486
"../../../Engine/Shaders/Private/TemporalSuperResolution/TSRVisualize.usf" 2487
"../../../Engine/Shaders/Private/TemporalSuperResolution/TSRColorSpace.ush" 2488
"../../../Engine/Shaders/Private/TemporalSuperResolution/TSRCommon.ush" 2489
"../../../Engine/Shaders/Public/DualPixelVectorization.ush" 2490
"../../../Engine/Shaders/Private/TemporalSuperResolution/TSRReprojectionField.ush" 2491
"../../../Engine/Shaders/Private/TemporalSuperResolution/TSRResolveHistory.usf" 2492
"../../../Engine/Shaders/Private/TemporalSuperResolution/TSRConvolutionNetwork.ush" 2493
"../../../Engine/Shaders/Private/TemporalSuperResolution/TSRKernels.ush" 2494
"../../../Engine/Shaders/Public/LaneVectorization.ush" 2495
"../../../Engine/Shaders/Private/TemporalSuperResolution/TSRUpdateHistory.usf" 2496
"../../../Engine/Shaders/Private/TemporalSuperResolution/TSRSpatialAntiAliasing.ush" 2497
"../../../Engine/Shaders/Private/TemporalSuperResolution/TSRSpatialAntiAliasing.usf" 2498
"../../../Engine/Shaders/Private/TemporalSuperResolution/TSRRejectShading.usf" 2499
"../../../Engine/Shaders/Private/TemporalSuperResolution/TSRShadingAnalysis.ush" 2500
"../../../Engine/Shaders/Private/TemporalSuperResolution/TSRConvolutionNetworkPass.ush" 2501
"../../../Engine/Shaders/Private/TemporalSuperResolution/TSRDecimateHistory.usf" 2502
"../../../Engine/Shaders/Private/TemporalSuperResolution/TSRDepthVelocityAnalysis.ush" 2503
"../../../Engine/Shaders/Private/TemporalSuperResolution/TSRClosestOccluder.ush" 2504
"../../../Engine/Shaders/Private/TemporalSuperResolution/TSRDilateVelocity.usf" 2505
"../../../Engine/Shaders/Private/MotionBlur/MotionBlurVelocityFlatten.ush" 2506
"../../../Engine/Shaders/Private/MotionBlur/MotionBlurCommon.ush" 2507
"../../../Engine/Shaders/Private/TemporalSuperResolution/TSRClearPrevTextures.usf" 2508
"../../../Engine/Shaders/Private/TemporalSuperResolution/TSRMeasureFlickeringLuma.usf" 2509
"../../../Engine/Shaders/Private/TemporalAA.usf" 2510
"../../../Engine/Shaders/Private/FilterPixelShader.usf" 2511
"../../../Engine/Shaders/Private/FilterVertexShader.usf" 2512
"../../../Engine/Shaders/Private/PostProcessVisualizeBuffer.usf" 2513
"../../../Engine/Shaders/Private/PostProcessVisualizeLocalExposure.usf" 2514
"../../../Engine/Shaders/Private/PostProcessHistogramCommon.ush" 2515
"../../../Engine/Shaders/Private/TonemapCommon.ush" 2516
"../../../Engine/Shaders/Private/ACES.ush" 2517
"../../../Engine/Shaders/Private/PostProcessVisualizeLevelInstance.usf" 2518
"../../../Engine/Shaders/Private/PostProcessVisualizeHDR.usf" 2519
"../../../Engine/Shaders/Private/ShaderComplexityApplyPixelShader.usf" 2520
"../../../Engine/Shaders/Private/QuadOverdraw.ush" 2521
"../../../Engine/Shaders/Private/PostProcessUpscale.usf" 2522
"../../../Engine/Shaders/Private/PostProcessTonemap.usf" 2523
"../../../Engine/Shaders/Private/PostProcessing/FilmGrainPackConstants.usf" 2524
"../../../Engine/Shaders/Private/PostProcessing/FilmGrainReduce.usf" 2525
"../../../Engine/Shaders/Private/PostProcessTestImage.usf" 2526
"../../../Engine/Shaders/Private/PostProcessSubsurface.usf" 2527
"../../../Engine/Shaders/Private/SeparableSSS.ush" 2528
"../../../Engine/Shaders/Private/SubsurfaceBurleyNormalized.ush" 2529
"../../../Engine/Shaders/Private/PostProcessSelectionOutline.usf" 2530
"../../../Engine/Shaders/Private/PostProcessPixelProjectedReflectionMobile.usf" 2531
"../../../Engine/Shaders/Private/MotionBlur/MotionBlurVisualize.usf" 2532
"../../../Engine/Shaders/Private/MotionBlur/MotionBlurApply.usf" 2533
"../../../Engine/Shaders/Private/MotionBlur/MotionBlurFilterTileClassify.usf" 2534
"../../../Engine/Shaders/Private/MotionBlur/MotionBlurTileScatter.usf" 2535
"../../../Engine/Shaders/Private/MotionBlur/MotionBlurTileGather.usf" 2536
"../../../Engine/Shaders/Private/MotionBlur/MotionBlurVelocityFlatten.usf" 2537
"../../../Engine/Shaders/Private/PostProcessMobile.usf" 2538
"../../../Engine/Shaders/Private/PostProcessMitchellNetravali.usf" 2539
"../../../Engine/Shaders/Private/PostProcessMaterialShaders.usf" 2540
"../../../Engine/Shaders/Private/NeuralPostProcessCommon.usf" 2541
"../../../Engine/Shaders/Private/PostProcessLocalExposure.usf" 2542
"../../../Engine/Shaders/Private/PostProcessLensFlares.usf" 2543
"../../../Engine/Shaders/Private/PostProcessGBufferHints.usf" 2544
"../../../Engine/Shaders/Private/PostProcessHMD.usf" 2545
"../../../Engine/Shaders/Private/Histogram.usf" 2546
"../../../Engine/Shaders/Private/PostProcessHistogramReduce.usf" 2547
"../../../Engine/Shaders/Private/PostProcessHistogram.usf" 2548
"../../../Engine/Shaders/Private/Bloom/BloomFinalizeApplyConstants.usf" 2549
"../../../Engine/Shaders/Private/Bloom/BloomCommon.ush" 2550
"../../../Engine/Shaders/Private/Bloom/BloomResizeKernel.usf" 2551
"../../../Engine/Shaders/Private/Bloom/BloomDownsampleKernel.usf" 2552
"../../../Engine/Shaders/Private/Bloom/BloomClampKernel.usf" 2553
"../../../Engine/Shaders/Private/Bloom/BloomPackKernelConstants.usf" 2554
"../../../Engine/Shaders/Private/Bloom/BloomSumScatterDispersionEnergy.usf" 2555
"../../../Engine/Shaders/Private/Bloom/BloomReduceKernelSurvey.usf" 2556
"../../../Engine/Shaders/Private/Bloom/BloomSurveyKernelCenterEnergy.usf" 2557
"../../../Engine/Shaders/Private/Bloom/BloomSurveyMaxScatterDispersion.usf" 2558
"../../../Engine/Shaders/Private/Bloom/BloomFindKernelCenter.usf" 2559
"../../../Engine/Shaders/Private/PostProcessEyeAdaptation.usf" 2560
"../../../Engine/Shaders/Private/TranslucencyVolumeCommon.ush" 2561
"../../../Engine/Shaders/Private/PostProcessEyeAdaptationUtils.usf" 2562
"../../../Engine/Shaders/Private/PostProcessDownsample.usf" 2563
"../../../Engine/Shaders/Private/PostProcessDOF.usf" 2564
"../../../Engine/Shaders/Private/PostProcessDeviceEncodingOnly.usf" 2565
"../../../Engine/Shaders/Private/PostProcessCompositePrimitives.usf" 2566
"../../../Engine/Shaders/Private/PostProcessCombineLUTs.usf" 2567
"../../../Engine/Shaders/Private/PostProcessVisualizeDOF.usf" 2568
"../../../Engine/Shaders/Private/PostProcessBloom.usf" 2569
"../../../Engine/Shaders/Private/PostProcessAmbientOcclusionMobile.usf" 2570
"../../../Engine/Shaders/Private/PostProcessAmbientOcclusionCommon.ush" 2571
"../../../Engine/Shaders/Private/FXAAShader.usf" 2572
"../../../Engine/Shaders/Private/Fxaa3_11.ush" 2573
"../../../Engine/Shaders/Private/PaniniProjection.usf" 2574
"../../../Engine/Shaders/Private/DiaphragmDOF/DOFRecombine.usf" 2575
"../../../Engine/Shaders/Private/DiaphragmDOF/DOFCommon.ush" 2576
"../../../Engine/Shaders/Private/DiaphragmDOF/DOFHybridScatterPixelShader.usf" 2577
"../../../Engine/Shaders/Private/DiaphragmDOF/DOFHybridScatterCommon.ush" 2578
"../../../Engine/Shaders/Private/DiaphragmDOF/DOFHybridScatterVertexShader.usf" 2579
"../../../Engine/Shaders/Private/DiaphragmDOF/DOFPostfiltering.usf" 2580
"../../../Engine/Shaders/Private/DiaphragmDOF/DOFGatherTileSuggest.ush" 2581
"../../../Engine/Shaders/Private/DiaphragmDOF/DOFCocTileCommon.ush" 2582
"../../../Engine/Shaders/Private/DiaphragmDOF/DOFGatherPass.usf" 2583
"../../../Engine/Shaders/Private/DiaphragmDOF/DOFGatherCommon.ush" 2584
"../../../Engine/Shaders/Private/DiaphragmDOF/DOFGatherAccumulator.ush" 2585
"../../../Engine/Shaders/Private/DiaphragmDOF/DOFGatherKernel.ush" 2586
"../../../Engine/Shaders/Private/DiaphragmDOF/DOFBokehLUT.usf" 2587
"../../../Engine/Shaders/Private/DiaphragmDOF/DOFHybridScatterCompilation.usf" 2588
"../../../Engine/Shaders/Private/DiaphragmDOF/DOFReduce.usf" 2589
"../../../Engine/Shaders/Private/DiaphragmDOF/DOFDownsample.ush" 2590
"../../../Engine/Shaders/Private/DiaphragmDOF/DOFHybridScatterCompilation.ush" 2591
"../../../Engine/Shaders/Private/DiaphragmDOF/DOFDownsample.usf" 2592
"../../../Engine/Shaders/Private/DiaphragmDOF/DOFCocTileDilate.usf" 2593
"../../../Engine/Shaders/Private/DiaphragmDOF/DOFCocTileFlatten.usf" 2594
"../../../Engine/Shaders/Private/DiaphragmDOF/DOFSetup.usf" 2595
"../../../Engine/Shaders/Private/Tools/DebugAlphaChannel.usf" 2596
"../../../Engine/Shaders/Private/PlanarReflectionShaders.usf" 2597
"../../../Engine/Shaders/Private/PhysicsFieldVisualizer.usf" 2598
"../../../Engine/Shaders/Private/PathTracing/PathTracingSpatialTemporalDenoising.usf" 2599
"../../../Engine/Shaders/Private/ColorDifference.ush" 2600
"../../../Engine/Shaders/Private/PathTracing/PathTracingCompositingPixelShader.usf" 2601
"../../../Engine/Shaders/Private/PathTracing/PathTracingAdaptiveUtils.ush" 2602
"../../../Engine/Shaders/Private/PathTracing/PathTracingDefaultHitShader.usf" 2603
"../../../Engine/Shaders/Private/PathTracing/PathTracingGPULightmassMaterialHitShader.usf" 2604
"../../../Engine/Shaders/Private/PathTracing/PathTracingMaterialHitShader.usf" 2605
"../../../Engine/Shaders/Private/PathTracing/Material/PathTracingSubstrateCommon.ush" 2606
"../../../Engine/Shaders/Private/PathTracing/PathTracingLightingMissShader.usf" 2607
"../../../Engine/Shaders/Private/PathTracing/PathTracingMissShader.usf" 2608
"../../../Engine/Shaders/Private/PathTracing/PathTracingAdaptiveStart.usf" 2609
"../../../Engine/Shaders/Private/PathTracing/PathTracingBuildAdaptiveError.usf" 2610
"../../../Engine/Shaders/Private/PathTracing/PathTracingVolumetricCloudMaterialShader.usf" 2611
"../../../Engine/Shaders/Private/PathTracing/Volume/PathTracingCloudsMaterialCommon.ush" 2612
"../../../Engine/Shaders/Private/PathTracing/Volume/PathTracingVolumeCommon.ush" 2613
"../../../Engine/Shaders/Private/PathTracing/Volume/PathTracingCloudsCommon.ush" 2614
"../../../Engine/Shaders/Private/PathTracing/PathTracingBuildCloud.usf" 2615
"../../../Engine/Shaders/Private/PathTracing/Volume/PathTracingAtmosphereCommon.ush" 2616
"../../../Engine/Shaders/Private/PathTracing/PathTracingBuildCloudAccelerationMap.usf" 2617
"../../../Engine/Shaders/Private/PathTracing/PathTracingBuildAtmosphereLUT.usf" 2618
"../../../Engine/Shaders/Private/PathTracing/PathTracingSwizzleScanlines.usf" 2619
"../../../Engine/Shaders/Private/PathTracing/PathTracingInitExtinctionCoefficient.usf" 2620
"../../../Engine/Shaders/Private/PathTracing/PathTracingCopyDepth.usf" 2621
"../../../Engine/Shaders/Private/PathTracing/PathTracingDebug.usf" 2622
"../../../Engine/Shaders/Private/RayTracing/RayTracingDecalGrid.ush" 2623
"../../../Engine/Shaders/Private/PathTracing/Utilities/PathTracingRIS.ush" 2624
"../../../Engine/Shaders/Private/PathTracing/Light/PathTracingLightSampling.ush" 2625
"../../../Engine/Shaders/Private/PathTracing/Light/PathTracingLightCommon.ush" 2626
"../../../Engine/Shaders/Private/PathTracing/Light/PathTracingDirectionalLight.ush" 2627
"../../../Engine/Shaders/Private/PathTracing/Light/PathTracingPointLight.ush" 2628
"../../../Engine/Shaders/Private/PathTracing/Light/PathTracingCapsuleLight.ush" 2629
"../../../Engine/Shaders/Private/PathTracing/Light/PathTracingRectLight.ush" 2630
"../../../Engine/Shaders/Private/PathTracing/Light/PathTracingSkyLight.ush" 2631
"../../../Engine/Shaders/Private/PathTracing/Light/PathTracingLightGrid.ush" 2632
"../../../Engine/Shaders/Private/PathTracing/PathTracing.usf" 2633
"../../../Engine/Shaders/Private/PathTracing/PathTracingCore.ush" 2634
"../../../Engine/Shaders/Private/HeterogeneousVolumes/HeterogeneousVolumesVoxelGridTypes.ush" 2635
"../../../Engine/Shaders/Private/PathTracing/Material/PathTracingMaterialSampling.ush" 2636
"../../../Engine/Shaders/Private/PathTracing/Material/PathTracingLambert.ush" 2637
"../../../Engine/Shaders/Private/PathTracing/Material/PathTracingSubstrate.ush" 2638
"../../../Engine/Shaders/Private/PathTracing/Material/PathTracingSubstrateFoliage.ush" 2639
"../../../Engine/Shaders/Private/PathTracing/Material/PathTracingSubstrateSolidGlass.ush" 2640
"../../../Engine/Shaders/Private/PathTracing/Material/PathTracingSubstrateThinGlass.ush" 2641
"../../../Engine/Shaders/Private/PathTracing/Material/PathTracingSolidGlass.ush" 2642
"../../../Engine/Shaders/Private/PathTracing/Material/PathTracingEnergyConservation.ush" 2643
"../../../Engine/Shaders/Private/PathTracing/Material/PathTracingThinGlass.ush" 2644
"../../../Engine/Shaders/Private/PathTracing/Material/PathTracingDefaultLit.ush" 2645
"../../../Engine/Shaders/Private/PathTracing/Material/PathTracingClearCoat.ush" 2646
"../../../Engine/Shaders/Private/PathTracing/Material/PathTracingTwoSidedFoliage.ush" 2647
"../../../Engine/Shaders/Private/PathTracing/Material/PathTracingCloth.ush" 2648
"../../../Engine/Shaders/Private/PathTracing/Material/PathTracingSubsurfaceProfile.ush" 2649
"../../../Engine/Shaders/Private/PathTracing/Material/PathTracingEye.ush" 2650
"../../../Engine/Shaders/Private/PathTracing/Material/PathTracingHair.ush" 2651
"../../../Engine/Shaders/Private/PathTracing/Material/PathTracingMedium.ush" 2652
"../../../Engine/Shaders/Private/PathTracing/Volume/PathTracingVolume.ush" 2653
"../../../Engine/Shaders/Private/PathTracing/Volume/PathTracingAtmosphere.ush" 2654
"../../../Engine/Shaders/Private/PathTracing/Volume/PathTracingClouds.ush" 2655
"../../../Engine/Shaders/Private/PathTracing/Volume/PathTracingFog.ush" 2656
"../../../Engine/Shaders/Private/PathTracing/Volume/PathTracingHeterogeneousVolumes.ush" 2657
"../../../Engine/Shaders/Private/HeterogeneousVolumes/HeterogeneousVolumesVoxelGridTraversal.ush" 2658
"../../../Engine/Shaders/Private/HeterogeneousVolumes/HeterogeneousVolumesVoxelGridUtils.ush" 2659
"../../../Engine/Shaders/Private/HeterogeneousVolumes/HeterogeneousVolumesFrustumVoxelGridUtils.ush" 2660
"../../../Engine/Shaders/Private/PathTracing/Volume/PathTracingVolumeSampling.ush" 2661
"../../../Engine/Shaders/Private/PathTracing/PathTracingBuildLightGrid.usf" 2662
"../../../Engine/Shaders/Private/PathTracing/PathTracingSkylightMISCompensation.usf" 2663
"../../../Engine/Shaders/Private/PathTracing/PathTracingSkylightPrepare.usf" 2664
"../../../Engine/Shaders/Private/OIT/OITSorting.usf" 2665
"../../../Engine/Shaders/Private/OITCombine.usf" 2666
"../../../Engine/Shaders/Private/OITCommon.ush" 2667
"../../../Engine/Shaders/Private/Nanite/Voxel/RasterizeBricks.usf" 2668
"../../../Engine/Shaders/Private/Nanite/Voxel/Brick.ush" 2669
"../../../Engine/Shaders/Private/Nanite/Voxel/Voxel.ush" 2670
"../../../Engine/Shaders/Private/Nanite/Voxel/ScatterBricks.usf" 2671
"../../../Engine/Shaders/Private/Nanite/Voxel/TileBricks.usf" 2672
"../../../Engine/Shaders/Private/Nanite/Voxel/AutoVoxel.usf" 2673
"../../../Engine/Shaders/Private/Nanite/NaniteDebugViews.usf" 2674
"../../../Engine/Shaders/Private/Nanite/NaniteEditorCommon.ush" 2675
"../../../Engine/Shaders/Private/BinarySearch.ush" 2676
"../../../Engine/Shaders/Private/Nanite/NaniteDepthDecode.usf" 2677
"../../../Engine/Shaders/Private/HTileEncoding.ush" 2678
"../../../Engine/Shaders/Private/Nanite/NaniteVisualize.usf" 2679
"../../../Engine/Shaders/Private/Nanite/NaniteStreamOut.usf" 2680
"../../../Engine/Shaders/Private/Nanite/NaniteHierarchyTraversal.ush" 2681
"../../../Engine/Shaders/Private/Skinning/TransformProviders.usf" 2682
"../../../Engine/Shaders/Private/Nanite/NaniteShadeBinning.usf" 2683
"../../../Engine/Shaders/Private/Nanite/NaniteShadeCommon.ush" 2684
"../../../Engine/Shaders/Private/Nanite/NaniteFastClear.usf" 2685
"../../../Engine/Shaders/Private/Nanite/NaniteExportGBuffer.usf" 2686
"../../../Engine/Shaders/Private/Nanite/NaniteClusterCulling.usf" 2687
"../../../Engine/Shaders/Private/Nanite/NanitePrintStats.usf" 2688
"../../../Engine/Shaders/Private/Nanite/NaniteRasterizer.usf" 2689
"../../../Engine/Shaders/Private/Nanite/NaniteRasterizationCommon.ush" 2690
"../../../Engine/Shaders/Private/Nanite/NaniteRasterizer.ush" 2691
"../../../Engine/Shaders/Private/Nanite/NaniteWritePixel.ush" 2692
"../../../Engine/Shaders/Private/Nanite/NaniteTessellation.ush" 2693
"../../../Engine/Shaders/Private/WorkDistribution.ush" 2694
"../../../Engine/Shaders/Private/Nanite/NaniteDice.ush" 2695
"../../../Engine/Shaders/Private/ShaderBundleWorkGraphCommon.ush" 2696
"../../../Engine/Shaders/Public/RootConstants.ush" 2697
"../../../Engine/Shaders/Public/Platform/D3D/D3DRootConstants.ush" 2698
"../../../Engine/Shaders/Private/Nanite/NaniteSplit.usf" 2699
"../../../Engine/Shaders/Private/Nanite/NaniteRasterBinning.usf" 2700
"../../../Engine/Shaders/Private/Nanite/NaniteInstanceCulling.usf" 2701
"../../../Engine/Shaders/Private/Nanite/NaniteImposter.ush" 2702
"../../../Engine/Shaders/Private/Nanite/NaniteInstanceHierarchyCulling.usf" 2703
"../../../Engine/Shaders/Private/Nanite/NanitePrimitiveFilter.usf" 2704
"../../../Engine/Shaders/Private/Nanite/NaniteRasterClear.usf" 2705
"../../../Engine/Shaders/Private/Nanite/NaniteDepthExport.usf" 2706
"../../../Engine/Shaders/Private/Nanite/NaniteEmitShadow.usf" 2707
"../../../Engine/Shaders/Private/MobileDeferredUtils.usf" 2708
"../../../Engine/Shaders/Private/MobileLocalLightsBuffer.usf" 2709
"../../../Engine/Shaders/Private/MobileFog.usf" 2710
"../../../Engine/Shaders/Private/DistortApplyScreenPS.usf" 2711
"../../../Engine/Shaders/Private/MobileDeferredShading.usf" 2712
"../../../Engine/Shaders/Private/MobileBasePassPixelShader.usf" 2713
"../../../Engine/Shaders/Private/MobileBasePassCommon.ush" 2714
"../../../Engine/Shaders/Private/BasePassCommon.ush" 2715
"../../../Engine/Shaders/Private/ShadingModelsMaterial.ush" 2716
"../../../Engine/Shaders/Private/ThinTranslucentCommon.ush" 2717
"../../../Engine/Shaders/Private/SingleLayerWaterShading.ush" 2718
"../../../Engine/Shaders/Private/DistortionCommon.ush" 2719
"../../../Engine/Shaders/Private/Substrate/SubstrateMobileForwardLighting.ush" 2720
"../../../Engine/Shaders/Private/MobileBasePassVertexShader.usf" 2721
"../../../Engine/Shaders/Private/MeshEdges.usf" 2722
"../../../Engine/Shaders/Private/MegaLights/MegaLightsVSMTracing.usf" 2723
"../../../Engine/Shaders/Private/MegaLights/MegaLights.ush" 2724
"../../../Engine/Shaders/Private/Lumen/LumenPosition.ush" 2725
"../../../Engine/Shaders/Private/MegaLights/MegaLightsRayTracing.ush" 2726
"../../../Engine/Shaders/Private/MegaLights/MegaLightsRayTracing.usf" 2727
"../../../Engine/Shaders/Private/DistanceField/GlobalDistanceFieldUtils.ush" 2728
"../../../Engine/Shaders/Private/Lumen/LumenScreenTracing.ush" 2729
"../../../Engine/Shaders/Private/MegaLights/MegaLightsVolumeRayTracing.usf" 2730
"../../../Engine/Shaders/Private/MegaLights/MegaLightsVolume.ush" 2731
"../../../Engine/Shaders/Private/MegaLights/MegaLightsVolumeHardwareRayTracing.usf" 2732
"../../../Engine/Shaders/Private/Lumen/LumenHardwareRayTracingCommon.ush" 2733
"../../../Engine/Shaders/Private/RayTracing/RayTracingReflectionEnvironment.ush" 2734
"../../../Engine/Shaders/Private/Lumen/LumenHardwareRayTracingPlatformCommon.ush" 2735
"../../../Engine/Shaders/Private/Lumen/LumenReflectionsCombine.ush" 2736
"../../../Engine/Shaders/Private/Lumen/LumenTracingCommon.ush" 2737
"../../../Engine/Shaders/Private/Lumen/SurfaceCache/LumenSurfaceCacheSampling.ush" 2738
"../../../Engine/Shaders/Private/Lumen/SurfaceCache/LumenSurfaceCache.ush" 2739
"../../../Engine/Shaders/Private/Lumen/LumenCardCommon.ush" 2740
"../../../Engine/Shaders/Private/Lumen/LumenCardTileShadowDownsampleFactor.ush" 2741
"../../../Engine/Shaders/Private/MegaLights/MegaLightsHardwareRayTracing.usf" 2742
"../../../Engine/Shaders/Private/MegaLights/MegaLightsFilterVisibleLightHash.usf" 2743
"../../../Engine/Shaders/Private/MegaLights/MegaLightsDenoiserSpatial.usf" 2744
"../../../Engine/Shaders/Private/MegaLights/MegaLightsShading.ush" 2745
"../../../Engine/Shaders/Private/Lumen/LumenReflectionDenoiserCommon.ush" 2746
"../../../Engine/Shaders/Private/MegaLights/MegaLightsDenoiserTemporal.usf" 2747
"../../../Engine/Shaders/Private/MegaLights/MegaLightsShading.usf" 2748
"../../../Engine/Shaders/Private/MegaLights/MegaLightsVolumeShading.usf" 2749
"../../../Engine/Shaders/Private/MegaLights/MegaLightsVisibleLightHash.usf" 2750
"../../../Engine/Shaders/Private/MegaLights/MegaLightsSampling.usf" 2751
"../../../Engine/Shaders/Private/MegaLights/MegaLightsVolumeSampling.usf" 2752
"../../../Engine/Shaders/Private/MegaLights/MegaLights.usf" 2753
"../../../Engine/Shaders/Private/Lumen/LumenVisualizeRadianceCache.usf" 2754
"../../../Engine/Shaders/Private/Lumen/LumenRadianceCacheCommon.ush" 2755
"../../../Engine/Shaders/Private/Lumen/LumenVisualizeHardwareRayTracing.usf" 2756
"../../../Engine/Shaders/Private/Lumen/LumenVisualize.ush" 2757
"../../../Engine/Shaders/Private/Lumen/LumenHairTracing.ush" 2758
"../../../Engine/Shaders/Private/Lumen/LumenVisualize.usf" 2759
"../../../Engine/Shaders/Private/Lumen/LumenSoftwareRayTracing.ush" 2760
"../../../Engine/Shaders/Private/DistanceField/GlobalDistanceFieldObjectGrid.ush" 2761
"../../../Engine/Shaders/Private/DistanceFieldLightingShared.ush" 2762
"../../../Engine/Shaders/Private/Lumen/LumenVisualizeTraces.ush" 2763
"../../../Engine/Shaders/Private/Lumen/LumenTranslucencyVolumeLighting.usf" 2764
"../../../Engine/Shaders/Private/Lumen/LumenRadianceCacheMarkCommon.ush" 2765
"../../../Engine/Shaders/Private/Lumen/LumenTranslucencyVolumeLightingShared.ush" 2766
"../../../Engine/Shaders/Private/Lumen/LumenScreenProbeCommon.ush" 2767
"../../../Engine/Shaders/Private/RayTracing/RayGenUtils.ush" 2768
"../../../Engine/Shaders/Private/Lumen/LumenRadianceCacheTracingCommon.ush" 2769
"../../../Engine/Shaders/Private/Lumen/LumenTranslucencyVolumeHardwareRayTracing.usf" 2770
"../../../Engine/Shaders/Private/Lumen/LumenTranslucencyRadianceCacheMarkShaders.usf" 2771
"../../../Engine/Shaders/Private/Lumen/SurfaceCache/LumenSurfaceCacheFeedback.usf" 2772
"../../../Engine/Shaders/Private/Lumen/SurfaceCache/LumenSurfaceCache.usf" 2773
"../../../Engine/Shaders/Private/Lumen/LumenShortRangeAOHardwareRayTracing.usf" 2774
"../../../Engine/Shaders/Private/Lumen/LumenScreenSpaceBentNormal.usf" 2775
"../../../Engine/Shaders/Private/Lumen/LumenScreenProbeTracing.usf" 2776
"../../../Engine/Shaders/Private/Lumen/LumenScreenProbeTracingCommon.ush" 2777
"../../../Engine/Shaders/Private/Lumen/LumenFloatQuantization.ush" 2778
"../../../Engine/Shaders/Private/Lumen/LumenScreenProbeImportanceSampling.usf" 2779
"../../../Engine/Shaders/Private/Lumen/LumenScreenProbeImportanceSamplingShared.ush" 2780
"../../../Engine/Shaders/Private/Lumen/LumenScreenProbeHardwareRayTracing.usf" 2781
"../../../Engine/Shaders/Private/Lumen/LumenScreenProbeGather.usf" 2782
"../../../Engine/Shaders/Private/Lumen/LumenScreenSpaceBentNormal.ush" 2783
"../../../Engine/Shaders/Private/Lumen/LumenScreenProbeLightSampling.usf" 2784
"../../../Engine/Shaders/Private/Lumen/LumenScreenProbeFiltering.usf" 2785
"../../../Engine/Shaders/Private/Lumen/LumenSceneLighting.usf" 2786
"../../../Engine/Shaders/Private/Lumen/LumenCardTile.ush" 2787
"../../../Engine/Shaders/Private/Lumen/LumenSceneLighting.ush" 2788
"../../../Engine/Shaders/Private/Lumen/Radiosity/LumenRadiosity.ush" 2789
"../../../Engine/Shaders/Private/Lumen/LumenSceneLightingDebug.usf" 2790
"../../../Engine/Shaders/Private/Lumen/LumenScene.usf" 2791
"../../../Engine/Shaders/Private/Lumen/LumenSceneDirectLightingHardwareRayTracing.usf" 2792
"../../../Engine/Shaders/Private/Lumen/LumenReflectionCommon.ush" 2793
"../../../Engine/Shaders/Private/Lumen/LumenSceneDirectLighting.ush" 2794
"../../../Engine/Shaders/Private/Lumen/LumenSceneDebugHardwareRayTracing.usf" 2795
"../../../Engine/Shaders/Private/Lumen/LumenSceneDirectLightingStochastic.usf" 2796
"../../../Engine/Shaders/Private/Lumen/LumenSceneDirectLightingSoftwareRayTracing.usf" 2797
"../../../Engine/Shaders/Private/DistanceFieldShadowingShared.ush" 2798
"../../../Engine/Shaders/Private/Lumen/LumenSceneDirectLightingPerLightShadowCommon.ush" 2799
"../../../Engine/Shaders/Private/Lumen/LumenSceneDirectLightingShadowMask.usf" 2800
"../../../Engine/Shaders/Private/Lumen/LumenSceneDirectLighting.usf" 2801
"../../../Engine/Shaders/Private/Lumen/LumenSceneDirectLightingCulling.usf" 2802
"../../../Engine/Shaders/Private/Lumen/LumenCardComputeShader.usf" 2803
"../../../Engine/Shaders/Private/Lumen/LumenCardPixelShader.usf" 2804
"../../../Engine/Shaders/Private/Lumen/LumenCardVertexShader.usf" 2805
"../../../Engine/Shaders/Private/Lumen/LumenReSTIRGather.usf" 2806
"../../../Engine/Shaders/Private/Lumen/LumenReflectionTracing.usf" 2807
"../../../Engine/Shaders/Private/Lumen/LumenReflectionDenoiserSpatial.usf" 2808
"../../../Engine/Shaders/Private/Lumen/LumenReflectionDenoiserClear.usf" 2809
"../../../Engine/Shaders/Private/Lumen/LumenReflectionDenoiserTemporal.usf" 2810
"../../../Engine/Shaders/Private/Lumen/LumenReflectionResolve.usf" 2811
"../../../Engine/Shaders/Private/Lumen/LumenReflections.usf" 2812
"../../../Engine/Shaders/Private/Lumen/LumenReflectionHardwareRayTracing.usf" 2813
"../../../Engine/Shaders/Private/Lumen/Radiosity/LumenVisualizeRadiosityProbes.usf" 2814
"../../../Engine/Shaders/Private/Lumen/Radiosity/LumenRadiosity.usf" 2815
"../../../Engine/Shaders/Private/Lumen/Radiosity/LumenRadiosityHardwareRayTracing.usf" 2816
"../../../Engine/Shaders/Private/Lumen/Radiosity/LumenRadiosityCulling.usf" 2817
"../../../Engine/Shaders/Private/Lumen/LumenRadianceCacheHardwareRayTracing.usf" 2818
"../../../Engine/Shaders/Private/Lumen/LumenRadianceCache.usf" 2819
"../../../Engine/Shaders/Private/Lumen/LumenRadianceCacheUpdate.ush" 2820
"../../../Engine/Shaders/Private/Lumen/LumenRadianceCacheDebug.usf" 2821
"../../../Engine/Shaders/Private/Lumen/LumenRadianceCacheUpdate.usf" 2822
"../../../Engine/Shaders/Private/Lumen/LumenMeshSDFCulling.usf" 2823
"../../../Engine/Shaders/Private/HybridIndirectLighting.ush" 2824
"../../../Engine/Shaders/Private/MeshDistanceFieldCommon.ush" 2825
"../../../Engine/Shaders/Private/Lumen/LumenIrradianceFieldGather.usf" 2826
"../../../Engine/Shaders/Private/Lumen/LumenHardwareRayTracingMaterials.usf" 2827
"../../../Engine/Shaders/Private/Lumen/LumenFrontLayerTranslucency.usf" 2828
"../../../Engine/Shaders/Private/LocalFogVolumes/LocalFogVolumeSplat.usf" 2829
"../../../Engine/Shaders/Private/LocalFogVolumes/LocalFogVolumeTiledCulling.usf" 2830
"../../../Engine/Shaders/Private/LightShaftShader.usf" 2831
"../../../Engine/Shaders/Private/StationaryLightOverlapShaders.usf" 2832
"../../../Engine/Shaders/Private/DeferredLightPixelShaders.usf" 2833
"../../../Engine/Shaders/Private/HairStrands/HairStrandsVisibilityUtils.ush" 2834
"../../../Engine/Shaders/Private/DeferredLightVertexShaders.usf" 2835
"../../../Engine/Shaders/Private/LightMapDensityShader.usf" 2836
"../../../Engine/Shaders/Private/LightGridInjection.usf" 2837
"../../../Engine/Shaders/Shared/LightGridDefinitions.h" 2838
"../../../Engine/Shaders/Private/LightFunctionPixelShader.usf" 2839
"../../../Engine/Shaders/Private/LightFunctionVertexShader.usf" 2840
"../../../Engine/Shaders/Private/LightFunctionAtlas/LightFunctionAtlasRender.usf" 2841
"../../../Engine/Shaders/Private/InstanceCulling/InstanceCullingOcclusionQuery.usf" 2842
"../../../Engine/Shaders/Private/InstanceCulling/InstanceCullingSetup.ush" 2843
"../../../Engine/Shaders/Private/InstanceCulling/BuildInstanceDrawCommands.usf" 2844
"../../../Engine/Shaders/Private/InstanceCulling/InstanceCompactionCommon.ush" 2845
"../../../Engine/Shaders/Private/SceneDataMobileWriter.ush" 2846
"../../../Engine/Shaders/Private/InstanceCulling/CompactVisibleInstances.usf" 2847
"../../../Engine/Shaders/Private/ReflectionEnvironmentPixelShader.usf" 2848
"../../../Engine/Shaders/Private/AmbientCubemapComposite.usf" 2849
"../../../Engine/Shaders/Private/DiffuseIndirectComposite.usf" 2850
"../../../Engine/Shaders/Private/IESAtlas.usf" 2851
"../../../Engine/Shaders/Private/HeterogeneousVolumes/HeterogeneousVolumesVoxelGridShadows.usf" 2852
"../../../Engine/Shaders/Private/HeterogeneousVolumes/HeterogeneousVolumesStochasticFiltering.ush" 2853
"../../../Engine/Shaders/Private/HeterogeneousVolumes/HeterogeneousVolumesVoxelGridRenderingUtils.ush" 2854
"../../../Engine/Shaders/Private/HeterogeneousVolumes/HeterogeneousVolumesLightingUtils.ush" 2855
"../../../Engine/Shaders/Private/HeterogeneousVolumes/HeterogeneousVolumesVoxelGridRendering.usf" 2856
"../../../Engine/Shaders/Private/HeterogeneousVolumes/HeterogeneousVolumesVoxelGridPipeline.usf" 2857
"../../../Engine/Shaders/Private/HeterogeneousVolumes/HeterogeneousVolumesMaterialBakingPipeline.usf" 2858
"../../../Engine/Shaders/Private/HeterogeneousVolumes/HeterogeneousVolumesLiveShadingUtils.ush" 2859
"../../../Engine/Shaders/Private/HeterogeneousVolumes/HeterogeneousVolumesFrustumVoxelGrid.usf" 2860
"../../../Engine/Shaders/Private/HeterogeneousVolumes/HeterogeneousVolumesSparseVoxelPipeline.usf" 2861
"../../../Engine/Shaders/Private/HeterogeneousVolumes/HeterogeneousVolumesSparseVoxelUtils.ush" 2862
"../../../Engine/Shaders/Private/HeterogeneousVolumes/HeterogeneousVolumesSparseVoxelUniformBufferUtils.ush" 2863
"../../../Engine/Shaders/Private/HeterogeneousVolumes/HeterogeneousVolumesPreshadingPipeline.usf" 2864
"../../../Engine/Shaders/Private/HeterogeneousVolumes/HeterogeneousVolumesLiveShadingShadows.usf" 2865
"../../../Engine/Shaders/Private/HeterogeneousVolumes/HeterogeneousVolumesLiveShadingGlobalPipeline.usf" 2866
"../../../Engine/Shaders/Private/HeterogeneousVolumes/HeterogeneousVolumesLiveShadingPipeline.usf" 2867
"../../../Engine/Shaders/Private/HeterogeneousVolumes/HeterogeneousVolumesHardwareRayTracing.usf" 2868
"../../../Engine/Shaders/Private/HeterogeneousVolumes/HeterogeneousVolumesAmbientOcclusionPipeline.usf" 2869
"../../../Engine/Shaders/Private/HeterogeneousVolumes/HeterogeneousVolumesComposite.usf" 2870
"../../../Engine/Shaders/Private/HdrCustomResolveShaders.usf" 2871
"../../../Engine/Shaders/Private/HairStrands/HairStrandsVoxelRasterCompute.usf" 2872
"../../../Engine/Shaders/Private/HairStrands/HairStrandsHitProxy.usf" 2873
"../../../Engine/Shaders/Private/HairStrands/HairStrandsVisibilityRasterComputeNaive.usf" 2874
"../../../Engine/Shaders/Private/HairStrands/HairStrandsVisibilityRasterHW.usf" 2875
"../../../Engine/Shaders/Private/HairStrands/HairStrandsVisibilityRasterCompute.usf" 2876
"../../../Engine/Shaders/Private/HairStrands/HairStrandsVisibilityRasterClassification.usf" 2877
"../../../Engine/Shaders/Private/HairStrands/HairStrandsCoverage.usf" 2878
"../../../Engine/Shaders/Private/HairStrands/HairStrandsVisibilityDepthPS.usf" 2879
"../../../Engine/Shaders/Private/HairStrands/HairStrandsVisibilityTransmittanceDepthPS.usf" 2880
"../../../Engine/Shaders/Private/HairStrands/HairStrandsVisibilityFillOpaqueDepthPS.usf" 2881
"../../../Engine/Shaders/Private/HairStrands/HairStrandsVisibilityCompactionComputeRaster.usf" 2882
"../../../Engine/Shaders/Private/HairStrands/HairStrandsVisibilityCompaction.usf" 2883
"../../../Engine/Shaders/Private/HairStrands/HairStrandsVisibilityCopyIndirectArg.usf" 2884
"../../../Engine/Shaders/Private/HairStrands/HairStrandsVisibilityClearPS.usf" 2885
"../../../Engine/Shaders/Private/HairStrands/HairStrandsVisibilityPS.usf" 2886
"../../../Engine/Shaders/Private/HairStrands/HairStrandsVisibilityVS.usf" 2887
"../../../Engine/Shaders/Private/HairStrands/HairStrandsVelocity.usf" 2888
"../../../Engine/Shaders/Private/HairStrands/HairStrandsVisibilityComputeSampleCoverage.usf" 2889
"../../../Engine/Shaders/Private/HairStrands/HairStrandsMaterialPS.usf" 2890
"../../../Engine/Shaders/Private/HairStrands/HairStrandsMaterialCommon.ush" 2891
"../../../Engine/Shaders/Private/HairStrands/HairStrandsMaterialVS.usf" 2892
"../../../Engine/Shaders/Private/HairStrands/HairStrandsLightSample.usf" 2893
"../../../Engine/Shaders/Private/HairStrands/HairStrandsDeepShadowMask.usf" 2894
"../../../Engine/Shaders/Private/HairStrands/HairStrandsDeepTransmittanceMask.usf" 2895
"../../../Engine/Shaders/Private/HairStrands/HairStrandsVisibilityTile.usf" 2896
"../../../Engine/Shaders/Private/HairStrands/HairStrandsDeepShadowPS.usf" 2897
"../../../Engine/Shaders/Private/HairStrands/HairStrandsDeepShadowVS.usf" 2898
"../../../Engine/Shaders/Private/HairStrands/HairStrandsAABB.usf" 2899
"../../../Engine/Shaders/Private/HairStrands/HairStrandsLUT.usf" 2900
"../../../Engine/Shaders/Private/HairStrands/HairStrandsForwardRaster.usf" 2901
"../../../Engine/Shaders/Private/HairStrands/HairStrandsForwardCulling.usf" 2902
"../../../Engine/Shaders/Private/HairStrands/HairStrandsEnvironmentLighting.usf" 2903
"../../../Engine/Shaders/Private/HairStrands/HairStrandsEnvironmentAO.usf" 2904
"../../../Engine/Shaders/Private/HairStrands/HairStrandsDeepShadowAllocation.usf" 2905
"../../../Engine/Shaders/Private/HairStrands/HairStrandsVoxelDebug.usf" 2906
"../../../Engine/Shaders/Private/HairStrands/HairStrandsComposition.usf" 2907
"../../../Engine/Shaders/Private/HairStrands/HairStrandsGBufferCommon.ush" 2908
"../../../Engine/Shaders/Private/GPUScene/GPUSceneDataManagement.usf" 2909
"../../../Engine/Shaders/Private/GPUSceneDebugRender.usf" 2910
"../../../Engine/Shaders/Private/GPUFastFourierTransform.usf" 2911
"../../../Engine/Shaders/Private/GPUFastFourierTransform2DCore.ush" 2912
"../../../Engine/Shaders/Private/GPUFastFourierTransformCore.ush" 2913
"../../../Engine/Shaders/Private/GPUBenchmark.usf" 2914
"../../../Engine/Shaders/Private/DistanceField/GlobalDistanceFieldDebug.usf" 2915
"../../../Engine/Shaders/Private/DistanceField/GlobalDistanceFieldUpdate.ush" 2916
"../../../Engine/Shaders/Private/DistanceField/GlobalDistanceFieldMip.usf" 2917
"../../../Engine/Shaders/Private/DistanceField/GlobalDistanceField.usf" 2918
"../../../Engine/Shaders/Private/DistanceField/GlobalDistanceFieldCompositeObjects.usf" 2919
"../../../Engine/Shaders/Private/DistanceField/GlobalDistanceFieldHeightfields.usf" 2920
"../../../Engine/Shaders/Private/HeightfieldLightingShared.ush" 2921
"../../../Engine/Shaders/Private/GenerateConservativeDepth.usf" 2922
"../../../Engine/Shaders/Private/HeightFogPixelShader.usf" 2923
"../../../Engine/Shaders/Private/HeightFogVertexShader.usf" 2924
"../../../Engine/Shaders/Private/DistortFiltering.usf" 2925
"../../../Engine/Shaders/Private/DistortAccumulatePS.usf" 2926
"../../../Engine/Shaders/Private/DistortAccumulateVS.usf" 2927
"../../../Engine/Shaders/Private/DistanceFieldVisualization.usf" 2928
"../../../Engine/Shaders/Private/DistanceFieldStreaming.usf" 2929
"../../../Engine/Shaders/Private/DistanceFieldShadowing.usf" 2930
"../../../Engine/Shaders/Private/DistanceFieldScreenGridLighting.usf" 2931
"../../../Engine/Shaders/Private/DistanceFieldObjectCulling.usf" 2932
"../../../Engine/Shaders/Private/DistanceFieldLightingPost.usf" 2933
"../../../Engine/Shaders/Private/DitheredTransitionStencil.usf" 2934
"../../../Engine/Shaders/Private/CopyDepthTextureCS.usf" 2935
"../../../Engine/Shaders/Private/DeferredDecal.usf" 2936
"../../../Engine/Shaders/Private/DecalCommon.ush" 2937
"../../../Engine/Shaders/Private/DebugViewModeVertexShader.usf" 2938
"../../../Engine/Shaders/Private/DebugViewModeCommon.ush" 2939
"../../../Engine/Shaders/Private/DebugViewModePixelShader.usf" 2940
"../../../Engine/Shaders/Private/DebugProbes.usf" 2941
"../../../Engine/Shaders/Private/MeshDecals.usf" 2942
"../../../Engine/Shaders/Private/PostProcessAmbientOcclusion.usf" 2943
"../../../Engine/Shaders/Private/ClusteredDeferredShadingPixelShader.usf" 2944
"../../../Engine/Shaders/Private/ClusteredDeferredShadingVertexShader.usf" 2945
"../../../Engine/Shaders/Private/CapsuleShadowShaders.usf" 2946
"../../../Engine/Shaders/Private/BasePassPixelShader.usf" 2947
"../../../Engine/Shaders/Private/ForwardLightingCommon.ush" 2948
"../../../Engine/Shaders/Private/Substrate/SubstrateForwardLighting.ush" 2949
"../../../Engine/Shaders/Private/ComputeShaderOutputCommon.ush" 2950
"../../../Engine/Shaders/Private/BasePassVertexShader.usf" 2951
"../../../Engine/Shaders/Private/BasePassVertexCommon.ush" 2952
"../../../Engine/Shaders/Private/SimpleElementVolumeTexturePreviewPixelShader.usf" 2953
"../../../Engine/Shaders/Private/SimpleElementTexture2DPreviewPixelShader.usf" 2954
"../../../Engine/Shaders/Private/meshpaintdilatepixelshader.usf" 2955
"../../../Engine/Shaders/Private/meshpaintdilatevertexshader.usf" 2956
"../../../Engine/Shaders/Private/MeshPaintPixelShader.usf" 2957
"../../../Engine/Shaders/Private/MeshPaintVertexShader.usf" 2958
"../../../Engine/Shaders/Private/SlateElementPixelShader.usf" 2959
"../../../Engine/Shaders/Private/SlateShaderCommon.ush" 2960
"../../../Engine/Shaders/Private/SlateMaskingShader.usf" 2961
"../../../Engine/Shaders/Private/SlateVertexShader.usf" 2962
"../../../Engine/Shaders/Private/CompositeUIPixelShader.usf" 2963
"../../../Engine/Shaders/Private/ColorDeficiency.ush" 2964
"../../../Engine/Shaders/Private/SlatePostProcessColorDeficiencyPixelShader.usf" 2965
"../../../Engine/Shaders/Private/SlatePostProcessPixelShader.usf" 2966
"../../../Engine/Shaders/Private/Tools/VisualizeTexture.usf" 2967
"../../../Engine/Shaders/Private/UpdateDescriptorHandle.usf" 2968
"../../../Engine/Shaders/Private/ByteBuffer.usf" 2969
"../../../Engine/Shaders/Private/ShaderBundleWorkGraphDispatch.usf" 2970
"../../../Engine/Shaders/Private/ShaderBundleDispatch.usf" 2971
"../../../Engine/Shaders/Private/ResolveVertexShader.usf" 2972
"../../../Engine/Shaders/Private/ResolvePixelShader.usf" 2973
"../../../Engine/Shaders/Private/Tools/SetupIndirectArgs.usf" 2974
"../../../Engine/Shaders/Private/ClearReplacementShaders.usf" 2975
"../../../Engine/Shaders/Private/Tools/DrawTexture.usf" 2976
"../../../Engine/Shaders/Private/RayTracing/RayTracingValidation.usf" 2977
"../../../Engine/Shaders/Private/RenderGraphUtilities.usf" 2978
"../../../Engine/Shaders/Private/OneColorShader.usf" 2979
"../../../Engine/Shaders/Private/OculusShaders.usf" 2980
"../../../Engine/Shaders/Private/MediaShaders.usf" 2981
"../../../Engine/Shaders/Private/GPUMessaging.usf" 2982
"../../../Engine/Shaders/Private/Tools/GPUDebugCrashUtils.usf" 2983
"../../../Engine/Shaders/Private/NullPixelShader.usf" 2984
"../../../Engine/Shaders/Private/ComputeGenerateMips.usf" 2985
"../../../Engine/Shaders/Private/Tools/DumpTexture.usf" 2986
"../../../Engine/Shaders/Private/CopyTextureShaders.usf" 2987
"../../../Engine/Shaders/Private/Tools/FullscreenVertexShader.usf" 2988
"../../../Engine/Shaders/Private/RayTracing/RayTracingDispatchDesc.usf" 2989
"../../../Engine/Shaders/Private/Bink.usf" 2990
"../../../Engine/Shaders/Private/VelocityShader.usf" 2991
"../../../Engine/Shaders/Private/DepthOnlyPixelShader.usf" 2992
"../../../Engine/Shaders/Private/PositionOnlyDepthVertexShader.usf" 2993
"../../../Engine/Shaders/Private/DepthOnlyVertexShader.usf" 2994
"../../../Engine/Shaders/Private/AnisotropyPassShader.usf" 2995
"C:/Program Files/Epic Games/Unreal Projects/HaloFloodFanGame01 5.5/Content/BP_Spawner.uasset" 2996
"C:/Program Files/Epic Games/Unreal Projects/HaloFloodFanGame01 5.5/Content/UI/WBP_PlayerHUD.uasset" 2997
"C:/Program Files/Epic Games/Unreal Projects/HaloFloodFanGame01 5.5/Content/UI/WBP_VehicleHUD.uasset" 2998
"C:/Program Files/Epic Games/Unreal Projects/HaloFloodFanGame01 5.5/Content/UI/WBP_KeybindHint.uasset" 2999
"C:/Program Files/Epic Games/Unreal Projects/HaloFloodFanGame01 5.5/Content/UI/WBP_Healthbar.uasset" 3000
"C:/Program Files/Epic Games/Unreal Projects/HaloFloodFanGame01 5.5/Content/UI/WBP_Crosshair.uasset" 3001
"C:/Program Files/Epic Games/Unreal Projects/HaloFloodFanGame01 5.5/Content/Objects/BP_BoxStackSmall00.uasset" 3002
"C:/Program Files/Epic Games/Unreal Projects/HaloFloodFanGame01 5.5/Content/Vehicles/DropPod/BP_DropPod.uasset" 3003
"C:/Program Files/Epic Games/Unreal Projects/HaloFloodFanGame01 5.5/Content/Levels/TestMap.umap" 3004
"C:/Program Files/Epic Games/Unreal Projects/HaloFloodFanGame01 5.5/Content/Levels/TestMap_BuiltData.uasset" 3005
"C:/Program Files/Epic Games/Unreal Projects/HaloFloodFanGame01 5.5/Content/Core/Weapons/AT_90db.uasset" 3006
"C:/Program Files/Epic Games/Unreal Projects/HaloFloodFanGame01 5.5/Content/Core/Characters/BP_CharacterBase.uasset" 3007
"C:/Program Files/Epic Games/Unreal Projects/HaloFloodFanGame01 5.5/Content/Characters/Marine/BP_Marine.uasset" 3008
"C:/Program Files/Epic Games/Unreal Projects/HaloFloodFanGame01 5.5/Content/Characters/InfectionForm/BP_InfectionForm.uasset" 3009
"C:/Program Files/Epic Games/Unreal Projects/HaloFloodFanGame01 5.5/Content/Characters/Grunt/BP_Grunt.uasset" 3010
"C:/Program Files/Epic Games/Unreal Projects/HaloFloodFanGame01 5.5/Content/Characters/Elite/BP_Elite_SpecOps.uasset" 3011
"C:/Program Files/Epic Games/Unreal Projects/HaloFloodFanGame01 5.5/Content/Characters/Elite/BP_Elite_Major.uasset" 3012
"C:/Program Files/Epic Games/Unreal Projects/HaloFloodFanGame01 5.5/Content/Characters/Elite/BP_Elite_Ultra.uasset" 3013
"C:/Program Files/Epic Games/Unreal Projects/HaloFloodFanGame01 5.5/Content/Characters/Elite/BP_Elite.uasset" 3014
"C:/Program Files/Epic Games/Unreal Projects/HaloFloodFanGame01 5.5/Content/Characters/Carrier/BP_Carrier.uasset" 3015
"/Engine/EditorResources/S_Actor" 3016
"../../../Engine/Content/EditorResources/S_Actor.uasset" 3017
"C:/Program Files/Epic Games/Unreal Projects/HaloFloodFanGame01 5.5/Content/Landscape/Props/Railing/BP_RailingSpline.uasset" 3018
"C:/Program Files/Epic Games/Unreal Projects/HaloFloodFanGame01 5.5/Content/Characters/Grunt/Classes/BP_GruntMedium.uasset" 3019
"C:/Program Files/Epic Games/Unreal Projects/HaloFloodFanGame01 5.5/Content/CitySampleVehicles/Input/Vehicle/IM_VH_InputMapping.uasset" 3020
"C:/Program Files/Epic Games/Unreal Projects/HaloFloodFanGame01 5.5/Content/Characters/Grunt/Classes/BP_GruntHeavy.uasset" 3021
"C:/Program Files/Epic Games/Unreal Projects/HaloFloodFanGame01 5.5/Content/Characters/Elite/v4/anims/AM_elite_anims_ThrowGrenade.uasset" 3022
"/Engine/EditorResources/S_BoxReflectionCapture" 3023
"../../../Engine/Content/EditorResources/S_BoxReflectionCapture.uasset" 3024
"/Engine/EngineResources/DefaultTexture" 3025
"../../../Engine/Content/EngineResources/DefaultTexture.uasset" 3026
"/Engine/EngineResources/DefaultTextureCube" 3027
"../../../Engine/Content/EngineResources/DefaultTextureCube.uasset" 3028
"/Engine/EngineResources/DefaultVolumeTexture" 3029
"../../../Engine/Content/EngineResources/DefaultVolumeTexture.uasset" 3030
"../../../Engine/Content/EngineResources/DefaultVolumeTexture2D.uasset" 3031
"/Engine/EngineFonts/RobotoDistanceField" 3032
"../../../Engine/Content/EngineFonts/RobotoDistanceField.uasset" 3033
"/Engine/EngineMaterials/DefaultTextMaterialOpaque" 3034
"../../../Engine/Content/EngineMaterials/DefaultTextMaterialOpaque.uasset" 3035
"/Engine/Functions/Engine_MaterialFunctions01/Shading/PowerToRoughness" 3036
"../../../Engine/Content/Functions/Engine_MaterialFunctions01/Shading/PowerToRoughness.uasset" 3037
"/Engine/Functions/Engine_MaterialFunctions01/Shading/ConvertFromDiffSpec" 3038
"../../../Engine/Content/Functions/Engine_MaterialFunctions01/Shading/ConvertFromDiffSpec.uasset" 3039
"/Engine/EngineMaterials/WorldGridMaterial" 3040
"../../../Engine/Content/EngineMaterials/WorldGridMaterial.uasset" 3041
"../../../Engine/Content/Functions/Engine_MaterialFunctions01/Opacity/CameraDepthFade.uasset" 3042
"../../../Engine/Content/EngineMaterials/T_Default_Material_Grid_M.uasset" 3043
"../../../Engine/Content/EngineMaterials/T_Default_Material_Grid_N.uasset" 3044
"/Engine/EngineMaterials/DefaultDeferredDecalMaterial" 3045
"../../../Engine/Content/EngineMaterials/DefaultDeferredDecalMaterial.uasset" 3046
"../../../Engine/Content/EngineMaterials/DefaultDiffuse.uasset" 3047
"/Engine/EngineMaterials/DefaultLightFunctionMaterial" 3048
"../../../Engine/Content/EngineMaterials/DefaultLightFunctionMaterial.uasset" 3049
"/Engine/EngineMaterials/DefaultPostProcessMaterial" 3050
"../../../Engine/Content/EngineMaterials/DefaultPostProcessMaterial.uasset" 3051
"../../../Engine/Content/Functions/Engine_MaterialFunctions02/Utility/BreakOutFloat2Components.uasset" 3052
"/Engine/EditorResources/S_Trigger" 3053
"../../../Engine/Content/EditorResources/S_Trigger.uasset" 3054
"/Engine/EditorResources/S_TriggerBox" 3055
"../../../Engine/Content/EditorResources/S_TriggerBox.uasset" 3056
"/Engine/EditorResources/S_TriggerCapsule" 3057
"../../../Engine/Content/EditorResources/S_TriggerCapsule.uasset" 3058
"/Engine/EditorResources/S_TriggerSphere" 3059
"../../../Engine/Content/EditorResources/S_TriggerSphere.uasset" 3060
"/Engine/EngineDamageTypes/DmgTypeBP_Environmental" 3061
"../../../Engine/Content/EngineDamageTypes/DmgTypeBP_Environmental.uasset" 3062
"/Engine/EngineSky/VolumetricClouds/m_SimpleVolumetricCloud_Inst" 3063
"../../../Engine/Content/EngineSky/VolumetricClouds/m_SimpleVolumetricCloud_Inst.uasset" 3064
"../../../Engine/Content/EngineSky/VolumetricClouds/m_SimpleVolumetricCloud.uasset" 3065
"../../../Engine/Content/Functions/Engine_MaterialFunctions01/Units/Km-to-Cm.uasset" 3066
"../../../Engine/Content/Functions/Engine_MaterialFunctions02/Utility/BreakOutFloat3Components.uasset" 3067
"../../../Engine/Content/Functions/Engine_MaterialFunctions02/Utility/BreakOutFloat4Components.uasset" 3068
"../../../Engine/Content/Functions/Engine_MaterialFunctions02/Utility/MakeFloat3.uasset" 3069
"../../../Engine/Content/Functions/Engine_MaterialFunctions02/Utility/MakeFloat4.uasset" 3070
"../../../Engine/Content/EngineSky/VolumetricClouds/T_CloudMask.uasset" 3071
"../../../Engine/Content/EngineSky/VolumetricClouds/T_CloudPattern.uasset" 3072
"../../../Engine/Content/EngineSky/VolumetricClouds/T_Profile_08.uasset" 3073
"../../../Engine/Content/EngineSky/VolumetricClouds/VT_Lightning.uasset" 3074
"../../../Engine/Content/EngineSky/VolumetricClouds/VT_PerlinWorley_Balanced.uasset" 3075
"/Engine/EngineMeshes/Sphere" 3076
"../../../Engine/Content/EngineMeshes/Sphere.uasset" 3077
"/Engine/EngineResources/WhiteSquareTexture" 3078
"../../../Engine/Content/EngineResources/WhiteSquareTexture.uasset" 3079
"/Engine/EngineResources/GradientTexture0" 3080
"../../../Engine/Content/EngineResources/GradientTexture0.uasset" 3081
"/Engine/EngineResources/Black" 3082
"../../../Engine/Content/EngineResources/Black.uasset" 3083
"/Engine/EngineMaterials/Widget3DPassThrough_Translucent" 3084
"../../../Engine/Content/EngineMaterials/Widget3DPassThrough_Translucent.uasset" 3085
"../../../Engine/Content/EngineMaterials/Widget3DPassThrough.uasset" 3086
"/Engine/EngineMaterials/Widget3DPassThrough_Translucent_OneSided" 3087
"../../../Engine/Content/EngineMaterials/Widget3DPassThrough_Translucent_OneSided.uasset" 3088
"/Engine/EngineMaterials/Widget3DPassThrough_Opaque" 3089
"../../../Engine/Content/EngineMaterials/Widget3DPassThrough_Opaque.uasset" 3090
"/Engine/EngineMaterials/Widget3DPassThrough_Opaque_OneSided" 3091
"../../../Engine/Content/EngineMaterials/Widget3DPassThrough_Opaque_OneSided.uasset" 3092
"/Engine/EngineMaterials/Widget3DPassThrough_Masked" 3093
"../../../Engine/Content/EngineMaterials/Widget3DPassThrough_Masked.uasset" 3094
"/Engine/EngineMaterials/Widget3DPassThrough_Masked_OneSided" 3095
"../../../Engine/Content/EngineMaterials/Widget3DPassThrough_Masked_OneSided.uasset" 3096
"/Engine/VREditor/TransformGizmo/SM_Sequencer_Node" 3097
"../../../Engine/Content/VREditor/TransformGizmo/SM_Sequencer_Node.uasset" 3098
"../../../Engine/Content/VREditor/TransformGizmo/Main.uasset" 3099
"../../../Engine/Content/VREditor/TransformGizmo/Xray.uasset" 3100
"/Engine/EditorResources/S_Solver" 3101
"../../../Engine/Content/EditorResources/S_Solver.uasset" 3102
"/Engine/EngineDebugMaterials/VolumeToRender" 3103
"../../../Engine/Content/EngineDebugMaterials/VolumeToRender.uasset" 3104
"/Engine/EngineDebugMaterials/M_VolumeRenderSphereTracePP" 3105
"../../../Engine/Content/EngineDebugMaterials/M_VolumeRenderSphereTracePP.uasset" 3106
"../../../Engine/Content/Functions/Engine_MaterialFunctions02/Utility/CameraDirectionVector.uasset" 3107
"/Engine/VREditor/ViewportInteractionAssetContainerData" 3108
"../../../Engine/Content/VREditor/ViewportInteractionAssetContainerData.uasset" 3109
"../../../Engine/Content/VREditor/SnapGrid/SnapGridMaterial.uasset" 3110
"../../../Engine/Content/VREditor/TransformGizmo/TransformGizmoMaterial_Inst.uasset" 3111
"../../../Engine/Content/VREditor/TransformGizmo/TranslucentTransformGizmoMaterial_Inst.uasset" 3112
"../../../Engine/Content/VREditor/SnapGrid/SnapGridPlaneMesh.uasset" 3113
"../../../Engine/Content/VREditor/Sounds/UI/Drop_Item_From_ContentBrowser.uasset" 3114
"../../../Engine/Content/VREditor/Sounds/UI/Gizmo_Handle_Clicked.uasset" 3115
"../../../Engine/Content/VREditor/Sounds/UI/Object_PickUp.uasset" 3116
"../../../Engine/Content/VREditor/Sounds/UI/Object_Snaps_To_Another_Actor.uasset" 3117
"../../../Engine/Content/VREditor/Sounds/UI/Object_Snaps_To_Grid.uasset" 3118
"../../../Engine/Content/VREditor/Sounds/UI/Scaling_Down.uasset" 3119
"../../../Engine/Content/VREditor/Sounds/UI/Scaling_Up.uasset" 3120
"../../../Engine/Content/VREditor/Sounds/UI/Selection_Changes.uasset" 3121
"../../../Engine/Content/VREditor/TransformGizmo/PlaneTranslationHandle.uasset" 3122
"../../../Engine/Content/VREditor/TransformGizmo/RotationHandleFull.uasset" 3123
"../../../Engine/Content/VREditor/TransformGizmo/RotationHandleIndicator.uasset" 3124
"../../../Engine/Content/VREditor/TransformGizmo/RotationHandleQuarter.uasset" 3125
"../../../Engine/Content/VREditor/TransformGizmo/StartRotationHandleIndicator.uasset" 3126
"../../../Engine/Content/VREditor/TransformGizmo/TransformGizmoFreeRotation.uasset" 3127
"../../../Engine/Content/VREditor/TransformGizmo/TranslateArrowHandle.uasset" 3128
"../../../Engine/Content/VREditor/TransformGizmo/UniformScaleHandle.uasset" 3129
"../../../Engine/Content/Functions/Engine_MaterialFunctions02/Math/Transform3x3Matrix.uasset" 3130
"../../../Engine/Content/Functions/Engine_MaterialFunctions02/SplitComponents.uasset" 3131
"../../../Engine/Content/VREditor/TransformGizmo/TransformGizmoMaterial.uasset" 3132
"../../../Engine/Content/VREditor/TransformGizmo/TranslucentTransformGizmoMaterial.uasset" 3133
"../../../Engine/Content/VREditor/LaserPointer/VR_LaserPower_01.uasset" 3134
"/Engine/VREditor/TransformGizmo/BoundingBoxCorner" 3135
"../../../Engine/Content/VREditor/TransformGizmo/BoundingBoxCorner.uasset" 3136
"/Engine/VREditor/TransformGizmo/BoundingBoxEdge" 3137
"../../../Engine/Content/VREditor/TransformGizmo/BoundingBoxEdge.uasset" 3138
"/Engine/EditorMeshes/Camera/SM_CraneRig_Base" 3139
"../../../Engine/Content/EditorMeshes/Camera/SM_CraneRig_Base.uasset" 3140
"../../../Engine/Content/EditorMaterials/Camera/MI_CineMat_Rig.uasset" 3141
"../../../Engine/Content/EditorMaterials/Camera/CineMat.uasset" 3142
"/Engine/EditorMeshes/Camera/SM_CraneRig_Arm" 3143
"../../../Engine/Content/EditorMeshes/Camera/SM_CraneRig_Arm.uasset" 3144
"/Engine/EditorMeshes/Camera/SM_CraneRig_Mount" 3145
"../../../Engine/Content/EditorMeshes/Camera/SM_CraneRig_Mount.uasset" 3146
"/Engine/EditorMeshes/Camera/SM_CraneRig_Body" 3147
"../../../Engine/Content/EditorMeshes/Camera/SM_CraneRig_Body.uasset" 3148
"/Engine/EditorMeshes/Camera/SM_RailRig_Track" 3149
"../../../Engine/Content/EditorMeshes/Camera/SM_RailRig_Track.uasset" 3150
"/Engine/EditorMeshes/Camera/SM_RailRig_Mount" 3151
"../../../Engine/Content/EditorMeshes/Camera/SM_RailRig_Mount.uasset" 3152
"/Engine/ArtTools/RenderToTexture/Meshes/S_1_Unit_Plane" 3153
"../../../Engine/Content/ArtTools/RenderToTexture/Meshes/S_1_Unit_Plane.uasset" 3154
"/Engine/EngineDebugMaterials/M_SimpleUnlitTranslucent" 3155
"../../../Engine/Content/EngineDebugMaterials/M_SimpleUnlitTranslucent.uasset" 3156
"/Engine/EngineFonts/Roboto" 3157
"../../../Engine/Content/EngineFonts/Roboto.uasset" 3158
"../../../Engine/Content/EngineFonts/Faces/DroidSansFallback.uasset" 3159
"../../../Engine/Content/EngineFonts/Faces/RobotoBold.uasset" 3160
"../../../Engine/Content/EngineFonts/Faces/RobotoBoldItalic.uasset" 3161
"../../../Engine/Content/EngineFonts/Faces/RobotoItalic.uasset" 3162
"../../../Engine/Content/EngineFonts/Faces/RobotoLight.uasset" 3163
"../../../Engine/Content/EngineFonts/Faces/RobotoRegular.uasset" 3164
"/Engine/EditorMaterials/ParticleSystems/PSysThumbnail_NoImage" 3165
"../../../Engine/Content/EditorMaterials/ParticleSystems/PSysThumbnail_NoImage.uasset" 3166
"/Engine/EditorMaterials/ParticleSystems/PSysThumbnail_OOD" 3167
"../../../Engine/Content/EditorMaterials/ParticleSystems/PSysThumbnail_OOD.uasset" 3168
"/Engine/EditorLandscapeResources/SplineEditorMesh" 3169
"../../../Engine/Content/EditorLandscapeResources/SplineEditorMesh.uasset" 3170
"../../../Engine/Content/EditorLandscapeResources/SplineEditorMeshMat.uasset" 3171
"/Engine/EngineResources/LandscapeVisibilityLayerInfo" 3172
"../../../Engine/Content/EngineResources/LandscapeVisibilityLayerInfo.uasset" 3173
"/HairStrands/Materials/HairDebugMaterial" 3174
"../../Plugins/Runtime/HairStrands/Content/Materials/HairDebugMaterial.uasset" 3175
"../../../Engine/Content/Functions/Engine_MaterialFunctions02/Utility/MakeFloat2.uasset" 3176
"../../../Engine/Content/EngineMaterials/HairColorMap.uasset" 3177
"../../../Engine/Content/EngineMaterials/HairDebugColor.uasset" 3178
"../../Plugins/Runtime/HairStrands/Content/Materials/HairGroupColors.uasset" 3179
"/HairStrands/Materials/HairDefaultMaterial" 3180
"../../Plugins/Runtime/HairStrands/Content/Materials/HairDefaultMaterial.uasset" 3181
"/HairStrands/Materials/HairCardsDefaultMaterial" 3182
"../../Plugins/Runtime/HairStrands/Content/Materials/HairCardsDefaultMaterial.uasset" 3183
"/HairStrands/Materials/HairMeshesDefaultMaterial" 3184
"../../Plugins/Runtime/HairStrands/Content/Materials/HairMeshesDefaultMaterial.uasset" 3185
"/Engine/BufferVisualization/BaseColor" 3186
"../../../Engine/Content/BufferVisualization/BaseColor.uasset" 3187
"/Engine/BufferVisualization/CustomDepth" 3188
"../../../Engine/Content/BufferVisualization/CustomDepth.uasset" 3189
"/Engine/BufferVisualization/CustomStencil" 3190
"../../../Engine/Content/BufferVisualization/CustomStencil.uasset" 3191
"../../../Engine/Content/Functions/Engine_MaterialFunctions02/Texturing/ScreenAlignedUVs.uasset" 3192
"../../../Engine/Content/EngineMaterials/MiniFont.uasset" 3193
"../../../Engine/Content/Functions/Engine_MaterialFunctions01/Texturing/ScaleUVsByCenter.uasset" 3194
"../../../Engine/Content/Functions/Engine_MaterialFunctions02/ScreenResolution.uasset" 3195
"/Engine/BufferVisualization/FinalImage" 3196
"../../../Engine/Content/BufferVisualization/FinalImage.uasset" 3197
"/Engine/BufferVisualization/LightingModel" 3198
"../../../Engine/Content/BufferVisualization/LightingModel.uasset" 3199
"/Engine/BufferVisualization/MaterialAO" 3200
"../../../Engine/Content/BufferVisualization/MaterialAO.uasset" 3201
"/Engine/BufferVisualization/Metallic" 3202
"../../../Engine/Content/BufferVisualization/Metallic.uasset" 3203
"/Engine/BufferVisualization/Opacity" 3204
"../../../Engine/Content/BufferVisualization/Opacity.uasset" 3205
"/Engine/BufferVisualization/Roughness" 3206
"../../../Engine/Content/BufferVisualization/Roughness.uasset" 3207
"/Engine/BufferVisualization/Anisotropy" 3208
"../../../Engine/Content/BufferVisualization/Anisotropy.uasset" 3209
"../../../Engine/Content/Functions/Engine_MaterialFunctions02/Utility/AppendMany.uasset" 3210
"/Engine/BufferVisualization/SceneColor" 3211
"../../../Engine/Content/BufferVisualization/SceneColor.uasset" 3212
"/Engine/BufferVisualization/SceneDepth" 3213
"../../../Engine/Content/BufferVisualization/SceneDepth.uasset" 3214
"/Engine/BufferVisualization/SeparateTranslucencyRGB" 3215
"../../../Engine/Content/BufferVisualization/SeparateTranslucencyRGB.uasset" 3216
"/Engine/BufferVisualization/SeparateTranslucencyA" 3217
"../../../Engine/Content/BufferVisualization/SeparateTranslucencyA.uasset" 3218
"/Engine/BufferVisualization/Specular" 3219
"../../../Engine/Content/BufferVisualization/Specular.uasset" 3220
"/Engine/BufferVisualization/SubsurfaceColor" 3221
"../../../Engine/Content/BufferVisualization/SubsurfaceColor.uasset" 3222
"/Engine/BufferVisualization/WorldNormal" 3223
"../../../Engine/Content/BufferVisualization/WorldNormal.uasset" 3224
"/Engine/BufferVisualization/WorldTangent" 3225
"../../../Engine/Content/BufferVisualization/WorldTangent.uasset" 3226
"/Engine/BufferVisualization/AmbientOcclusion" 3227
"../../../Engine/Content/BufferVisualization/AmbientOcclusion.uasset" 3228
"../../../Engine/Content/EngineMaterials/DefaultPhysicalMaterial.uasset" 3229
"/Engine/BufferVisualization/CustomDepthWorldUnits" 3230
"../../../Engine/Content/BufferVisualization/CustomDepthWorldUnits.uasset" 3231
"../../../Engine/Content/Functions/Engine_MaterialFunctions02/Utility/VectorLength.uasset" 3232
"/Engine/BufferVisualization/SceneDepthWorldUnits" 3233
"../../../Engine/Content/BufferVisualization/SceneDepthWorldUnits.uasset" 3234
"/Engine/BufferVisualization/Velocity" 3235
"../../../Engine/Content/BufferVisualization/Velocity.uasset" 3236
"/Engine/BufferVisualization/PreTonemapHDRColor" 3237
"../../../Engine/Content/BufferVisualization/PreTonemapHDRColor.uasset" 3238
"/Engine/BufferVisualization/PostTonemapHDRColor" 3239
"../../../Engine/Content/BufferVisualization/PostTonemapHDRColor.uasset" 3240
"/ACLPlugin/ACLAnimBoneCompressionSettings" 3241
"../../Plugins/Animation/ACLPlugin/Content/ACLAnimBoneCompressionSettings.uasset" 3242
"/Engine/Animation/DefaultRecorderBoneCompression" 3243
"../../../Engine/Content/Animation/DefaultRecorderBoneCompression.uasset" 3244
"/ACLPlugin/ACLAnimCurveCompressionSettings" 3245
"../../Plugins/Animation/ACLPlugin/Content/ACLAnimCurveCompressionSettings.uasset" 3246
"/Engine/Animation/DefaultVariableFrameStrippingSettings" 3247
"../../../Engine/Content/Animation/DefaultVariableFrameStrippingSettings.uasset" 3248
"/Engine/EngineMeshes/Cylinder" 3249
"../../../Engine/Content/EngineMeshes/Cylinder.uasset" 3250
"../../../Engine/Content/EngineMaterials/DefaultMaterial.uasset" 3251
"/ControlRig/Controls/ControlRigXRayMaterial" 3252
"../../Plugins/Animation/ControlRig/Content/Controls/ControlRigXRayMaterial.uasset" 3253
"/ControlRig/Controls/DefaultGizmoLibraryNormalized" 3254
"../../Plugins/Animation/ControlRig/Content/Controls/DefaultGizmoLibraryNormalized.uasset" 3255
"/InterchangeAssets/gltf/MaterialBodies/MF_Default_Body" 3256
"../../Plugins/Interchange/Assets/Content/gltf/MaterialBodies/MF_Default_Body.uasset" 3257
"../../Plugins/Interchange/Assets/Content/gltf/MaterialFunctions/MF_BaseColor.uasset" 3258
"../../Plugins/Interchange/Assets/Content/gltf/MaterialFunctions/MF_Emissive.uasset" 3259
"../../Plugins/Interchange/Assets/Content/gltf/MaterialFunctions/MF_IOR.uasset" 3260
"../../Plugins/Interchange/Assets/Content/gltf/MaterialFunctions/MF_Iridescence.uasset" 3261
"../../Plugins/Interchange/Assets/Content/gltf/MaterialFunctions/MF_MetallicRoughness.uasset" 3262
"../../Plugins/Interchange/Assets/Content/gltf/MaterialFunctions/MF_Normals.uasset" 3263
"../../Plugins/Interchange/Assets/Content/gltf/MaterialFunctions/MF_Occlusion.uasset" 3264
"../../Plugins/Interchange/Assets/Content/gltf/MaterialFunctions/MF_ScaleNormal.uasset" 3265
"../../Plugins/Interchange/Assets/Content/gltf/MaterialFunctions/MF_Specular.uasset" 3266
"../../Plugins/Interchange/Assets/Content/gltf/MaterialFunctions/MF_SpecularAnisotropy.uasset" 3267
"../../Plugins/Interchange/Assets/Content/gltf/MaterialFunctions/MF_TransformUVs.uasset" 3268
"../../Plugins/Interchange/Assets/Content/gltf/Textures/T_Anisotropy_Direction_Linear.uasset" 3269
"../../Plugins/Interchange/Assets/Content/gltf/Textures/T_Generic_N.uasset" 3270
"../../Plugins/Interchange/Assets/Content/gltf/Textures/T_White_Linear.uasset" 3271
"../../Plugins/Interchange/Assets/Content/gltf/Textures/T_White_srgb.uasset" 3272
"../../Plugins/Interchange/Assets/Content/Functions/MF_Iridescence.uasset" 3273
"../../Plugins/Interchange/Assets/Content/gltf/MaterialFunctions/MF_RotateNormals_TS.uasset" 3274
"../../Plugins/Interchange/Assets/Content/gltf/MaterialFunctions/MF_RotateV2.uasset" 3275
"../../../Engine/Content/Functions/Engine_MaterialFunctions03/Math/RemapValueRange.uasset" 3276
"../../Plugins/Interchange/Assets/Content/Utilities/New_LUT.uasset" 3277
"/InterchangeAssets/gltf/MaterialBodies/MF_Unlit_Body" 3278
"../../Plugins/Interchange/Assets/Content/gltf/MaterialBodies/MF_Unlit_Body.uasset" 3279
"/InterchangeAssets/gltf/MaterialBodies/MF_ClearCoat_Body" 3280
"../../Plugins/Interchange/Assets/Content/gltf/MaterialBodies/MF_ClearCoat_Body.uasset" 3281
"../../Plugins/Interchange/Assets/Content/gltf/MaterialFunctions/MF_Clearcoat.uasset" 3282
"../../../Engine/Content/Functions/Engine_MaterialFunctions01/Texturing/FlattenNormal.uasset" 3283
"/InterchangeAssets/gltf/MaterialBodies/MF_Sheen_Body" 3284
"../../Plugins/Interchange/Assets/Content/gltf/MaterialBodies/MF_Sheen_Body.uasset" 3285
"../../Plugins/Interchange/Assets/Content/gltf/MaterialFunctions/MF_Sheen.uasset" 3286
"/InterchangeAssets/gltf/MaterialBodies/MF_Transmission_Body" 3287
"../../Plugins/Interchange/Assets/Content/gltf/MaterialBodies/MF_Transmission_Body.uasset" 3288
"../../Plugins/Interchange/Assets/Content/gltf/MaterialFunctions/MF_Fresnel_DS.uasset" 3289
"../../Plugins/Interchange/Assets/Content/gltf/MaterialFunctions/MF_Temporal_Blur.uasset" 3290
"../../Plugins/Interchange/Assets/Content/gltf/MaterialFunctions/MF_Transmission.uasset" 3291
"../../../Engine/Content/Functions/Engine_MaterialFunctions02/Texturing/ScreenAlignedPixelToPixelUVs.uasset" 3292
"../../../Engine/Content/EngineMaterials/Good64x64TilingNoiseHighFreq.uasset" 3293
"/InterchangeAssets/gltf/MaterialBodies/MF_SpecularGlossiness_Body" 3294
"../../Plugins/Interchange/Assets/Content/gltf/MaterialBodies/MF_SpecularGlossiness_Body.uasset" 3295
"../../Plugins/Interchange/Assets/Content/gltf/MaterialFunctions/MF_DiffuseSpecGloss.uasset" 3296
"../../Plugins/Interchange/Assets/Content/gltf/MaterialFunctions/MF_MaxComponentValue.uasset" 3297
"../../Plugins/Interchange/Assets/Content/gltf/MaterialFunctions/MF_SpecGlossToMetalRoughness.uasset" 3298
"../../Plugins/Interchange/Assets/Content/gltf/MaterialFunctions/MF_PerceivedBrightness.uasset" 3299
"../../../Engine/Content/Functions/Engine_MaterialFunctions02/Math/AddComponents.uasset" 3300
"/AudioWidgets/AudioMaterialSlate/MI_AudioMaterialToggleButton" 3301
"../../Plugins/Runtime/AudioWidgets/Content/AudioMaterialSlate/MI_AudioMaterialToggleButton.uasset" 3302
"../../Plugins/Runtime/AudioWidgets/Content/AudioMaterialSlate/M_AudioMaterialToggleButton.uasset" 3303
"../../Plugins/Runtime/AudioWidgets/Content/AudioMaterialSlate/Functions/MF_AngleGradient.uasset" 3304
"../../Plugins/Runtime/AudioWidgets/Content/AudioMaterialSlate/Functions/MF_SingleLine.uasset" 3305
"../../Plugins/Runtime/AudioWidgets/Content/AudioMaterialSlate/Functions/MF_SingleLine_Smooth.uasset" 3306
"../../../Engine/Content/Functions/Engine_MaterialFunctions01/Gradient/SphereGradient-2D.uasset" 3307
"../../../Engine/Content/Functions/Engine_MaterialFunctions02/Texturing/CustomRotator.uasset" 3308
"/AudioWidgets/Resources/ScrubHandleDown_Clamped" 3309
"../../Plugins/Runtime/AudioWidgets/Content/Resources/ScrubHandleDown_Clamped.uasset" 3310
"/AudioWidgets/AudioMaterialSlate/MI_AudioMaterialKnob" 3311
"../../Plugins/Runtime/AudioWidgets/Content/AudioMaterialSlate/MI_AudioMaterialKnob.uasset" 3312
"../../Plugins/Runtime/AudioWidgets/Content/AudioMaterialSlate/M_AudioMaterialKnob.uasset" 3313
"../../../Engine/Content/Functions/Engine_MaterialFunctions02/Lerp_3Color.uasset" 3314
"/AudioWidgets/AudioMaterialSlate/MI_AudioMaterialMeter" 3315
"../../Plugins/Runtime/AudioWidgets/Content/AudioMaterialSlate/MI_AudioMaterialMeter.uasset" 3316
"../../Plugins/Runtime/AudioWidgets/Content/AudioMaterialSlate/M_AudioMaterialMeter.uasset" 3317
"../../Plugins/Runtime/AudioWidgets/Content/AudioMaterialSlate/Functions/MF_Lines.uasset" 3318
"/AudioWidgets/AudioMaterialSlate/MI_AudioMaterialEnvelope_ADSR" 3319
"../../Plugins/Runtime/AudioWidgets/Content/AudioMaterialSlate/MI_AudioMaterialEnvelope_ADSR.uasset" 3320
"../../Plugins/Runtime/AudioWidgets/Content/AudioMaterialSlate/M_AudioMaterialEnvelope_ADSR.uasset" 3321
"../../Plugins/Runtime/AudioWidgets/Content/AudioMaterialSlate/Functions/MF_DotOutlined.uasset" 3322
"../../../Engine/Content/Functions/Engine_MaterialFunctions01/Gradient/GeneratedRoundRect.uasset" 3323
"/AudioWidgets/AudioMaterialSlate/MI_AudioMaterialRoundedSlider" 3324
"../../Plugins/Runtime/AudioWidgets/Content/AudioMaterialSlate/MI_AudioMaterialRoundedSlider.uasset" 3325
"../../Plugins/Runtime/AudioWidgets/Content/AudioMaterialSlate/M_AudioMaterialRoundedSlider.uasset" 3326
"/Paper2D/MaskedUnlitSpriteMaterial" 3327
"../../Plugins/2D/Paper2D/Content/MaskedUnlitSpriteMaterial.uasset" 3328
"../../Plugins/2D/Paper2D/Content/DefaultSpriteMaterial.uasset" 3329
"../../Plugins/2D/Paper2D/Content/PlaceholderTextures/DummySpriteTexture.uasset" 3330
"/Paper2D/OpaqueUnlitSpriteMaterial" 3331
"../../Plugins/2D/Paper2D/Content/OpaqueUnlitSpriteMaterial.uasset" 3332
"/Paper2D/DefaultPaperTerrainMaterial" 3333
"../../Plugins/2D/Paper2D/Content/DefaultPaperTerrainMaterial.uasset" 3334
"../../Plugins/2D/Paper2D/Content/DummySprite.uasset" 3335
"/ControlRig/M_Manip" 3336
"../../Plugins/Animation/ControlRig/Content/M_Manip.uasset" 3337
"../../../Engine/Content/Functions/Engine_MaterialFunctions02/WorldPositionOffset/CameraOffset.uasset" 3338
"../../../Engine/Intermediate/ProjectFiles/PrimaryProjectPath.txt" 3339
"/MediaPlate/SM_MediaPlateScreen" 3340
"../../Plugins/Media/MediaPlate/Content/SM_MediaPlateScreen.uasset" 3341
"C:/Program Files/Epic Games/UE_5.5/Engine/Binaries/ThirdParty/USD/UsdResources/Win64/plugins/plugInfo.json" 3342
"C:/Program Files/Epic Games/UE_5.5/Engine/Binaries/ThirdParty/USD/UsdResources/Win64/plugins/glf/resources/plugInfo.json" 3343
"C:/Program Files/Epic Games/UE_5.5/Engine/Binaries/ThirdParty/USD/UsdResources/Win64/plugins/usdVolImaging/resources/plugInfo.json" 3344
"C:/Program Files/Epic Games/UE_5.5/Engine/Binaries/ThirdParty/USD/UsdResources/Win64/plugins/usdProc/resources/plugInfo.json" 3345
"C:/Program Files/Epic Games/UE_5.5/Engine/Binaries/ThirdParty/USD/UsdResources/Win64/plugins/hd/resources/plugInfo.json" 3346
"C:/Program Files/Epic Games/UE_5.5/Engine/Binaries/ThirdParty/USD/UsdResources/Win64/plugins/hdGp/resources/plugInfo.json" 3347
"C:/Program Files/Epic Games/UE_5.5/Engine/Binaries/ThirdParty/USD/UsdResources/Win64/plugins/usdImagingGL/resources/plugInfo.json" 3348
"C:/Program Files/Epic Games/UE_5.5/Engine/Binaries/ThirdParty/USD/UsdResources/Win64/plugins/usdGeom/resources/plugInfo.json" 3349
"C:/Program Files/Epic Games/UE_5.5/Engine/Binaries/ThirdParty/USD/UsdResources/Win64/plugins/usdVol/resources/plugInfo.json" 3350
"C:/Program Files/Epic Games/UE_5.5/Engine/Binaries/ThirdParty/USD/UsdResources/Win64/plugins/usdUI/resources/plugInfo.json" 3351
"C:/Program Files/Epic Games/UE_5.5/Engine/Binaries/ThirdParty/USD/UsdResources/Win64/plugins/hdx/resources/plugInfo.json" 3352
"C:/Program Files/Epic Games/UE_5.5/Engine/Binaries/ThirdParty/USD/UsdResources/Win64/plugins/usdImaging/resources/plugInfo.json" 3353
"C:/Program Files/Epic Games/UE_5.5/Engine/Binaries/ThirdParty/USD/UsdResources/Win64/plugins/hio/resources/plugInfo.json" 3354
"C:/Program Files/Epic Games/UE_5.5/Engine/Binaries/ThirdParty/USD/UsdResources/Win64/plugins/usdAbc/resources/plugInfo.json" 3355
"C:/Program Files/Epic Games/UE_5.5/Engine/Binaries/ThirdParty/USD/UsdResources/Win64/plugins/hdSt/resources/plugInfo.json" 3356
"C:/Program Files/Epic Games/UE_5.5/Engine/Binaries/ThirdParty/USD/UsdResources/Win64/plugins/hgiGL/resources/plugInfo.json" 3357
"C:/Program Files/Epic Games/UE_5.5/Engine/Binaries/ThirdParty/USD/UsdResources/Win64/plugins/usdMtlx/resources/plugInfo.json" 3358
"C:/Program Files/Epic Games/UE_5.5/Engine/Binaries/ThirdParty/USD/UsdResources/Win64/plugins/usdShade/resources/plugInfo.json" 3359
"C:/Program Files/Epic Games/UE_5.5/Engine/Binaries/ThirdParty/USD/UsdResources/Win64/plugins/unreal/resources/plugInfo.json" 3360
"C:/Program Files/Epic Games/UE_5.5/Engine/Binaries/ThirdParty/USD/UsdResources/Win64/plugins/usdRi/resources/plugInfo.json" 3361
"C:/Program Files/Epic Games/UE_5.5/Engine/Binaries/ThirdParty/USD/UsdResources/Win64/plugins/ndr/resources/plugInfo.json" 3362
"C:/Program Files/Epic Games/UE_5.5/Engine/Binaries/ThirdParty/USD/UsdResources/Win64/plugins/usdRender/resources/plugInfo.json" 3363
"C:/Program Files/Epic Games/UE_5.5/Engine/Binaries/ThirdParty/USD/UsdResources/Win64/plugins/usd/resources/plugInfo.json" 3364
"C:/Program Files/Epic Games/UE_5.5/Engine/Binaries/ThirdParty/USD/UsdResources/Win64/plugins/sdf/resources/plugInfo.json" 3365
"C:/Program Files/Epic Games/UE_5.5/Engine/Binaries/ThirdParty/USD/UsdResources/Win64/plugins/usdMedia/resources/plugInfo.json" 3366
"C:/Program Files/Epic Games/UE_5.5/Engine/Binaries/ThirdParty/USD/UsdResources/Win64/plugins/usdProcImaging/resources/plugInfo.json" 3367
"C:/Program Files/Epic Games/UE_5.5/Engine/Binaries/ThirdParty/USD/UsdResources/Win64/plugins/usdPhysics/resources/plugInfo.json" 3368
"C:/Program Files/Epic Games/UE_5.5/Engine/Binaries/ThirdParty/USD/UsdResources/Win64/plugins/usdLux/resources/plugInfo.json" 3369
"C:/Program Files/Epic Games/UE_5.5/Engine/Binaries/ThirdParty/USD/UsdResources/Win64/plugins/usdSkelImaging/resources/plugInfo.json" 3370
"C:/Program Files/Epic Games/UE_5.5/Engine/Binaries/ThirdParty/USD/UsdResources/Win64/plugins/hdStorm/resources/plugInfo.json" 3371
"C:/Program Files/Epic Games/UE_5.5/Engine/Binaries/ThirdParty/USD/UsdResources/Win64/plugins/usdRiPxrImaging/resources/plugInfo.json" 3372
"C:/Program Files/Epic Games/UE_5.5/Engine/Binaries/ThirdParty/USD/UsdResources/Win64/plugins/usdSkel/resources/plugInfo.json" 3373
"C:/Program Files/Epic Games/UE_5.5/Engine/Binaries/ThirdParty/USD/UsdResources/Win64/plugins/usdShaders/resources/plugInfo.json" 3374
"C:/Program Files/Epic Games/UE_5.5/Engine/Binaries/ThirdParty/USD/UsdResources/Win64/plugins/sdrGlslfx/resources/plugInfo.json" 3375
"C:/Program Files/Epic Games/UE_5.5/Engine/Binaries/ThirdParty/USD/UsdResources/Win64/plugins/ar/resources/plugInfo.json" 3376
"C:/Program Files/Epic Games/UE_5.5/Engine/Binaries/ThirdParty/USD/UsdResources/Win64/plugins/usdHydra/resources/plugInfo.json" 3377
"C:/Program Files/Epic Games/UE_5.5/Engine/Binaries/ThirdParty/USD/UsdResources/Win64/plugins/usd/resources/codegenTemplates/plugInfo.json" 3378
"/SpeedTreeImporter/SpeedTree9/SpeedTreeMaster" 3379
"../../Plugins/Editor/SpeedTreeImporter/Content/SpeedTree9/SpeedTreeMaster.uasset" 3380
"../../../Engine/Content/Functions/Engine_MaterialFunctions02/ObjectLocalBounds.uasset" 3381
"../../../Engine/Content/Functions/Engine_MaterialFunctions02/SafeNormalize.uasset" 3382
"../../../Engine/Content/Functions/Engine_MaterialFunctions02/UVs/BoundingBoxBased_0-1_UVW.uasset" 3383
"../../../Engine/Content/Functions/Engine_MaterialFunctions02/WorldPositionOffset/ObjectScale.uasset" 3384
"../../Plugins/Editor/SpeedTreeImporter/Content/SpeedTree9/SpeedTreeBranchMotion.uasset" 3385
"../../Plugins/Editor/SpeedTreeImporter/Content/SpeedTree9/SpeedTreeCameraFacing.uasset" 3386
"../../Plugins/Editor/SpeedTreeImporter/Content/SpeedTree9/SpeedTreeWind.uasset" 3387
"../../Plugins/Editor/SpeedTreeImporter/Content/SpeedTree9/SpeedTreeWindMotion.uasset" 3388
"../../Plugins/Editor/SpeedTreeImporter/Content/SpeedTree9/UnpackDirection.uasset" 3389
"../../Plugins/Editor/SpeedTreeImporter/Content/SpeedTree9/UnpackInteger3.uasset" 3390
"../../Plugins/Editor/SpeedTreeImporter/Content/SpeedTree9/Empty.uasset" 3391
"../../Plugins/Editor/SpeedTreeImporter/Content/SpeedTree9/EmptyNormal.uasset" 3392
"../../Plugins/Editor/SpeedTreeImporter/Content/SpeedTree9/game_wind_noise.uasset" 3393
"/SpeedTreeImporter/SpeedTree9/SpeedTreeBillboardMaster" 3394
"../../Plugins/Editor/SpeedTreeImporter/Content/SpeedTree9/SpeedTreeBillboardMaster.uasset" 3395
"../../Plugins/Editor/SpeedTreeImporter/Content/SpeedTree9/SpeedTreeBillboard.uasset" 3396
"/Engine/BasicShapes/BasicShapeMaterial" 3397
"../../../Engine/Content/BasicShapes/BasicShapeMaterial.uasset" 3398
"/Engine/EditorMaterials/Dataflow/DataflowVertexMaterial" 3399
"../../../Engine/Content/EditorMaterials/Dataflow/DataflowVertexMaterial.uasset" 3400
"/Engine/EditorMaterials/Dataflow/DataflowTwoSidedVertexMaterial" 3401
"../../../Engine/Content/EditorMaterials/Dataflow/DataflowTwoSidedVertexMaterial.uasset" 3402
"C:/Users/sgtfl/AppData/Local/UnrealEngine/Editor/UInteractiveToolsPresetCollectionAsset_DefaultCollection.json" 3403
"/Engine/EngineDebugMaterials/WireframeMaterial" 3404
"../../../Engine/Content/EngineDebugMaterials/WireframeMaterial.uasset" 3405
"/Engine/EngineDebugMaterials/LevelColorationLitMaterial" 3406
"../../../Engine/Content/EngineDebugMaterials/LevelColorationLitMaterial.uasset" 3407
"/Engine/EngineDebugMaterials/LevelColorationUnlitMaterial" 3408
"../../../Engine/Content/EngineDebugMaterials/LevelColorationUnlitMaterial.uasset" 3409
"/Engine/EngineDebugMaterials/MAT_LevelColorationLitLightmapUV" 3410
"../../../Engine/Content/EngineDebugMaterials/MAT_LevelColorationLitLightmapUV.uasset" 3411
"../../../Engine/Content/EngineMaterials/DefaultWhiteGrid.uasset" 3412
"/Engine/EngineDebugMaterials/ShadedLevelColorationLitMaterial" 3413
"../../../Engine/Content/EngineDebugMaterials/ShadedLevelColorationLitMaterial.uasset" 3414
"/Engine/EngineDebugMaterials/ShadedLevelColorationUnlitMateri" 3415
"../../../Engine/Content/EngineDebugMaterials/ShadedLevelColorationUnlitMateri.uasset" 3416
"/Engine/EngineDebugMaterials/VertexColorMaterial" 3417
"../../../Engine/Content/EngineDebugMaterials/VertexColorMaterial.uasset" 3418
"/Engine/EngineDebugMaterials/VertexColorViewMode_ColorOnly" 3419
"../../../Engine/Content/EngineDebugMaterials/VertexColorViewMode_ColorOnly.uasset" 3420
"/Engine/EngineDebugMaterials/VertexColorViewMode_AlphaAsColor" 3421
"../../../Engine/Content/EngineDebugMaterials/VertexColorViewMode_AlphaAsColor.uasset" 3422
"/Engine/EngineDebugMaterials/VertexColorViewMode_RedOnly" 3423
"../../../Engine/Content/EngineDebugMaterials/VertexColorViewMode_RedOnly.uasset" 3424
"/Engine/EngineDebugMaterials/VertexColorViewMode_GreenOnly" 3425
"../../../Engine/Content/EngineDebugMaterials/VertexColorViewMode_GreenOnly.uasset" 3426
"/Engine/EngineDebugMaterials/VertexColorViewMode_BlueOnly" 3427
"../../../Engine/Content/EngineDebugMaterials/VertexColorViewMode_BlueOnly.uasset" 3428
"/Engine/EngineDebugMaterials/TextureColorViewMode" 3429
"../../../Engine/Content/EngineDebugMaterials/TextureColorViewMode.uasset" 3430
"/Engine/EngineMaterials/NaniteHiddenSectionMaterial" 3431
"../../../Engine/Content/EngineMaterials/NaniteHiddenSectionMaterial.uasset" 3432
"/Engine/EngineMaterials/RemoveSurfaceMaterial" 3433
"../../../Engine/Content/EngineMaterials/RemoveSurfaceMaterial.uasset" 3434
"/Engine/Functions/Substrate/SMF_UE4Legacy" 3435
"../../../Engine/Content/Functions/Substrate/SMF_UE4Legacy.uasset" 3436
"/Engine/EngineDebugMaterials/DebugMeshMaterial" 3437
"../../../Engine/Content/EngineDebugMaterials/DebugMeshMaterial.uasset" 3438
"/Engine/EngineMaterials/EmissiveMeshMaterial" 3439
"../../../Engine/Content/EngineMaterials/EmissiveMeshMaterial.uasset" 3440
"../../../Engine/Content/EngineMaterials/DefaultWhiteGrid_Low.uasset" 3441
"/Engine/EngineMaterials/M_InvalidLightmapSettings" 3442
"../../../Engine/Content/EngineMaterials/M_InvalidLightmapSettings.uasset" 3443
"../../../Engine/Content/EngineMaterials/InvalidLightmapSettings.uasset" 3444
"/Engine/EngineMaterials/GizmoMaterial" 3445
"../../../Engine/Content/EngineMaterials/GizmoMaterial.uasset" 3446
"/Engine/EngineMaterials/PhAT_JointLimitMaterial" 3447
"../../../Engine/Content/EngineMaterials/PhAT_JointLimitMaterial.uasset" 3448
"/Engine/EngineMaterials/FlattenMaterial" 3449
"../../../Engine/Content/EngineMaterials/FlattenMaterial.uasset" 3450
"../../../Engine/Content/EngineMaterials/BaseFlattenDiffuseMap.uasset" 3451
"../../../Engine/Content/EngineMaterials/BaseFlattenEmissiveMap.uasset" 3452
"../../../Engine/Content/EngineMaterials/BaseFlattenGrayscaleMap.uasset" 3453
"../../../Engine/Content/EngineMaterials/BaseFlattenLinearColor.uasset" 3454
"../../../Engine/Content/EngineMaterials/BaseFlattenNormalMap.uasset" 3455
"../../../Engine/Content/Functions/Engine_MaterialFunctions02/PivotPainter2/Black_1x1_EXR_Texture.uasset" 3456
"/Engine/EngineMaterials/FlattenMaterial_VT" 3457
"../../../Engine/Content/EngineMaterials/FlattenMaterial_VT.uasset" 3458
"../../../Engine/Content/EngineMaterials/BaseFlattenDiffuseMap_VT.uasset" 3459
"../../../Engine/Content/EngineMaterials/BaseFlattenEmissiveMap_VT.uasset" 3460
"../../../Engine/Content/EngineMaterials/BaseFlattenGrayscaleMap_VT.uasset" 3461
"../../../Engine/Content/EngineMaterials/BaseFlattenLinearColor_VT.uasset" 3462
"../../../Engine/Content/EngineMaterials/BaseFlattenNormalMap_VT.uasset" 3463
"../../../Engine/Content/EngineMaterials/Black_1x1_EXR_Texture_VT.uasset" 3464
"/Engine/EngineMaterials/FlattenMaterial_WS_Normal_VT" 3465
"../../../Engine/Content/EngineMaterials/FlattenMaterial_WS_Normal_VT.uasset" 3466
"/Engine/EngineMaterials/DefaultBokeh" 3467
"../../../Engine/Content/EngineMaterials/DefaultBokeh.uasset" 3468
"/Engine/EngineMaterials/WeightMapPlaceholderTexture" 3469
"../../../Engine/Content/EngineMaterials/WeightMapPlaceholderTexture.uasset" 3470
"/Engine/EngineMaterials/WeightMapArrayPlaceholderTexture" 3471
"../../../Engine/Content/EngineMaterials/WeightMapArrayPlaceholderTexture.uasset" 3472
"/Engine/EngineMaterials/PreintegratedSkinBRDF" 3473
"../../../Engine/Content/EngineMaterials/PreintegratedSkinBRDF.uasset" 3474
"/Engine/EngineMaterials/LTC/GGX_LTCAmp" 3475
"../../../Engine/Content/EngineMaterials/LTC/GGX_LTCAmp.uasset" 3476
"/Engine/EngineMaterials/LTC/GGX_LTCMat" 3477
"../../../Engine/Content/EngineMaterials/LTC/GGX_LTCMat.uasset" 3478
"/Engine/EngineMaterials/LTC/Sheen_LTC" 3479
"../../../Engine/Content/EngineMaterials/LTC/Sheen_LTC.uasset" 3480
"/Engine/EngineMaterials/EnergyConservation/GGX_ReflectionEnergy" 3481
"../../../Engine/Content/EngineMaterials/EnergyConservation/GGX_ReflectionEnergy.uasset" 3482
"/Engine/EngineMaterials/EnergyConservation/GGX_TransmissionEnergyArray" 3483
"../../../Engine/Content/EngineMaterials/EnergyConservation/GGX_TransmissionEnergyArray.uasset" 3484
"/Engine/EngineMaterials/EnergyConservation/Sheen_Energy" 3485
"../../../Engine/Content/EngineMaterials/EnergyConservation/Sheen_Energy.uasset" 3486
"/Engine/EngineMaterials/EnergyConservation/Diffuse_Energy" 3487
"../../../Engine/Content/EngineMaterials/EnergyConservation/Diffuse_Energy.uasset" 3488
"/Engine/EngineMaterials/DefaultDestructiblePhysicalMaterial" 3489
"../../../Engine/Content/EngineMaterials/DefaultDestructiblePhysicalMaterial.uasset" 3490
"/MeshModelingToolset/Materials/M_DynamicMeshComponentVtxColor" 3491
"../../Plugins/Runtime/MeshModelingToolset/Content/Materials/M_DynamicMeshComponentVtxColor.uasset" 3492
"/Niagara/ParameterDefinitions/SpriteRenderer" 3493
"../../Plugins/FX/Niagara/Content/ParameterDefinitions/SpriteRenderer.uasset" 3494
"/Niagara/ParameterDefinitions/RibbonRenderer" 3495
"../../Plugins/FX/Niagara/Content/ParameterDefinitions/RibbonRenderer.uasset" 3496
"/Niagara/ParameterDefinitions/MeshRenderer" 3497
"../../Plugins/FX/Niagara/Content/ParameterDefinitions/MeshRenderer.uasset" 3498
"/Niagara/ParameterDefinitions/LightRenderer" 3499
"../../Plugins/FX/Niagara/Content/ParameterDefinitions/LightRenderer.uasset" 3500
"/Niagara/ParameterDefinitions/DecalRenderer" 3501
"../../Plugins/FX/Niagara/Content/ParameterDefinitions/DecalRenderer.uasset" 3502
"/Niagara/ParameterDefinitions/CoreParameters" 3503
"../../Plugins/FX/Niagara/Content/ParameterDefinitions/CoreParameters.uasset" 3504
"/DeformerGraph/Deformers/DG_LinearBlendSkin_Morph_Cloth" 3505
"../../Plugins/Animation/DeformerGraph/Content/Deformers/DG_LinearBlendSkin_Morph_Cloth.uasset" 3506
"/DeformerGraph/DeformerFunctions/DG_Function_LinearBlendSkin_Morph_Cloth" 3507
"../../Plugins/Animation/DeformerGraph/Content/DeformerFunctions/DG_Function_LinearBlendSkin_Morph_Cloth.uasset" 3508
"/DeformerGraph/Deformers/DG_LinearBlendSkin_Morph_Cloth_RecomputeNormals" 3509
"../../Plugins/Animation/DeformerGraph/Content/Deformers/DG_LinearBlendSkin_Morph_Cloth_RecomputeNormals.uasset" 3510
"/DeformerGraph/DeformerFunctions/DG_Function_LinearBlendSkin_Morph_Cloth_PositionOnly" 3511
"../../Plugins/Animation/DeformerGraph/Content/DeformerFunctions/DG_Function_LinearBlendSkin_Morph_Cloth_PositionOnly.uasset" 3512
"/DeformerGraph/DeformerFunctions/DG_Function_ComputeNormalsTangents" 3513
"../../Plugins/Animation/DeformerGraph/Content/DeformerFunctions/DG_Function_ComputeNormalsTangents.uasset" 3514
"/Engine/BasicShapes/Cube" 3515
"../../../Engine/Content/BasicShapes/Cube.uasset" 3516
"/Engine/BasicShapes/Sphere" 3517
"../../../Engine/Content/BasicShapes/Sphere.uasset" 3518
"/Engine/BasicShapes/Cylinder" 3519
"../../../Engine/Content/BasicShapes/Cylinder.uasset" 3520
"/Engine/BasicShapes/Cone" 3521
"../../../Engine/Content/BasicShapes/Cone.uasset" 3522
"/Engine/BasicShapes/Plane" 3523
"../../../Engine/Content/BasicShapes/Plane.uasset" 3524
"/Engine/EditorResources/SequenceRecorder/Countdown" 3525
"../../../Engine/Content/EditorResources/SequenceRecorder/Countdown.uasset" 3526
"/Engine/EditorResources/SequenceRecorder/RecordingIndicator" 3527
"../../../Engine/Content/EditorResources/SequenceRecorder/RecordingIndicator.uasset" 3528
"/Engine/EditorMaterials/PhAT_UnselectedMaterial" 3529
"../../../Engine/Content/EditorMaterials/PhAT_UnselectedMaterial.uasset" 3530
"/Engine/EditorMaterials/PhAT_NoCollisionMaterial" 3531
"../../../Engine/Content/EditorMaterials/PhAT_NoCollisionMaterial.uasset" 3532
"../../../Engine/Documentation/Source/Shared/Types/ABrush/ABrush.INT.udn" 3533
"../../../Engine/Content/Internationalization/icudt64l/brkitr/en_US.res" 3534
"../../../Engine/Content/Internationalization/icudt64l/brkitr/en.res" 3535
"../../../Engine/Content/Internationalization/icudt64l/brkitr/root.res" 3536
"../../../Engine/Content/Internationalization/icudt64l/brkitr/char.brk" 3537
"../../../Engine/Content/Internationalization/icudt64l/brkitr/word.brk" 3538
"/Engine/EditorLandscapeResources/DefaultAlphaTexture" 3539
"../../../Engine/Content/EditorLandscapeResources/DefaultAlphaTexture.uasset" 3540
"/Engine/EditorResources/S_Terrain" 3541
"../../../Engine/Content/EditorResources/S_Terrain.uasset" 3542
"../../../Engine/Plugins/FX/Niagara/Shaders/Private/NiagaraDataInterfaceTexture2DArrayTemplate.ush" 3543
"../../../Engine/Plugins/FX/Niagara/Shaders/Private/NiagaraDataInterfaceActorComponentTemplate.ush" 3544
"../../../Engine/Plugins/FX/Niagara/Shaders/Private/NiagaraDataInterfaceArrayTemplate.ush" 3545
"../../../Engine/Plugins/FX/Niagara/Shaders/Private/NiagaraDataInterfaceArrayRWTemplate.ush" 3546
"../../../Engine/Plugins/FX/Niagara/Shaders/Private/NiagaraDataInterfaceAsyncGpuTrace.ush" 3547
"../../../Engine/Plugins/FX/Niagara/Shaders/Private/NiagaraDataInterfaceAsyncGpuTraceTemplate.ush" 3548
"../../../Engine/Plugins/FX/Niagara/Shaders/Private/NiagaraDataInterfaceCamera.ush" 3549
"../../../Engine/Plugins/Experimental/ChaosNiagara/Shaders/NiagaraDataInterfaceChaosDestruction.ush" 3550
"../../../Engine/Plugins/FX/Niagara/Shaders/Private/NiagaraDataInterfaceCollisionQuery.ush" 3551
"../../../Engine/Plugins/FX/Niagara/Shaders/Private/NiagaraDataInterfaceCollisionQueryTemplate.ush" 3552
"../../../Engine/Plugins/FX/Niagara/Shaders/Private/NiagaraDataInterfaceCurveTemplate.ush" 3553
"../../../Engine/Plugins/FX/Niagara/Shaders/Private/NiagaraDataInterfaceCubeTextureTemplate.ush" 3554
"../../../Engine/Plugins/FX/Niagara/Shaders/Private/DataChannel/NiagaraDataInterfaceDataChannelCommon.ush" 3555
"../../../Engine/Plugins/FX/Niagara/Shaders/Private/DataChannel/NiagaraDataInterfaceDataChannelTemplateCommon.ush" 3556
"../../../Engine/Plugins/FX/Niagara/Shaders/Private/DataChannel/NiagaraDataInterfaceDataChannelTemplateReadCommon.ush" 3557
"../../../Engine/Plugins/FX/Niagara/Shaders/Private/DataChannel/NiagaraDataInterfaceDataChannelTemplate_Read.ush" 3558
"../../../Engine/Plugins/FX/Niagara/Shaders/Private/DataChannel/NiagaraDataInterfaceDataChannelTemplate_Consume.ush" 3559
"../../../Engine/Plugins/FX/Niagara/Shaders/Private/DataChannel/NiagaraDataInterfaceDataChannelTemplateWriteCommon.ush" 3560
"../../../Engine/Plugins/FX/Niagara/Shaders/Private/DataChannel/NiagaraDataInterfaceDataChannelTemplate_Append.ush" 3561
"../../../Engine/Plugins/FX/Niagara/Shaders/Private/NiagaraDataInterfaceDebugDraw.ush" 3562
"../../../Engine/Plugins/FX/Niagara/Shaders/Private/NiagaraDataInterfaceDebugDrawTemplate.ush" 3563
"../../../Engine/Plugins/FX/Niagara/Shaders/Private/NiagaraDataInterfaceDynamicMeshTemplate.ush" 3564
"../../../Engine/Plugins/FX/Niagara/Shaders/Private/NiagaraDataInterfaceEmitterPropertiesTemplate.ush" 3565
"../../../Engine/Plugins/FX/Niagara/Shaders/Private/NiagaraDataInterfaceExportTemplate.ush" 3566
"../../../Engine/Plugins/FX/Niagara/Shaders/Private/NiagaraDataInterfaceGBufferTemplate.ush" 3567
"../../../Engine/Plugins/Experimental/ChaosNiagara/Shaders/NiagaraDataInterfaceGeometryCollection.ush" 3568
"../../../Engine/Plugins/FX/Niagara/Shaders/Private/NiagaraTransformUtils.ush" 3569
"../../../Engine/Plugins/Runtime/HairStrands/Shaders/Private/NiagaraStrandsExternalForce.ush" 3570
"../../../Engine/Plugins/Runtime/HairStrands/Shaders/Private/NiagaraHookeSpringMaterial.ush" 3571
"../../../Engine/Plugins/Runtime/HairStrands/Shaders/Private/NiagaraAngularSpringMaterial.ush" 3572
"../../../Engine/Plugins/Runtime/HairStrands/Shaders/Private/NiagaraConstantVolumeMaterial.ush" 3573
"../../../Engine/Plugins/Runtime/HairStrands/Shaders/Private/NiagaraCosseratRodMaterial.ush" 3574
"../../../Engine/Plugins/Runtime/HairStrands/Shaders/Private/NiagaraStaticCollisionConstraint.ush" 3575
"../../../Engine/Plugins/Runtime/HairStrands/Shaders/Private/NiagaraDataInterfaceHairStrands.ush" 3576
"../../../Engine/Plugins/Runtime/HairStrands/Shaders/Private/NiagaraDataInterfaceHairStrandsTemplate.ush" 3577
"../../../Engine/Plugins/FX/Niagara/Shaders/Private/NiagaraDataInterfaceIntRenderTarget2D.ush" 3578
"../../../Engine/Plugins/FX/Niagara/Shaders/Private/NiagaraDataInterfaceLandscape.ush" 3579
"../../../Engine/Plugins/FX/Niagara/Shaders/Private/NiagaraDataInterfaceMemoryBufferTemplate.ush" 3580
"../../../Engine/Plugins/FX/Niagara/Shaders/Private/NiagaraDataInterfaceMeshRendererInfoTemplate.ush" 3581
"../../../Engine/Plugins/FX/Niagara/Shaders/Private/NiagaraDataInterfaceOcclusion.ush" 3582
"../../../Engine/Plugins/FX/Niagara/Shaders/Private/NiagaraDataInterfacePhysicsAsset.ush" 3583
"../../../Engine/Plugins/Experimental/ChaosNiagara/Shaders/NiagaraDataInterfacePhysicsField.ush" 3584
"../../../Engine/Plugins/FX/Niagara/Shaders/Private/NiagaraDataInterfacePlatformSetTemplate.ush" 3585
"../../../Engine/Plugins/Runtime/HairStrands/Shaders/Private/NiagaraDataInterfaceVelocityGrid.ush" 3586
"../../../Engine/Plugins/Runtime/HairStrands/Shaders/Private/NiagaraDataInterfaceVelocityGridTemplate.ush" 3587
"../../../Engine/Plugins/Runtime/HairStrands/Shaders/Private/NiagaraDataInterfacePressureGrid.ush" 3588
"../../../Engine/Plugins/Runtime/HairStrands/Shaders/Private/NiagaraDataInterfacePressureGridTemplate.ush" 3589
"../../../Engine/Plugins/FX/Niagara/Shaders/Private/NiagaraDataInterfaceRenderTarget2DTemplate.ush" 3590
"../../../Engine/Plugins/FX/Niagara/Shaders/Private/NiagaraDataInterfaceRenderTarget2DArrayTemplate.ush" 3591
"../../../Engine/Plugins/FX/Niagara/Shaders/Private/NiagaraDataInterfaceRenderTargetCubeTemplate.ush" 3592
"../../../Engine/Plugins/FX/Niagara/Shaders/Private/NiagaraDataInterfaceRenderTargetVolumeTemplate.ush" 3593
"../../../Engine/Plugins/FX/Niagara/Shaders/Private/NiagaraDataInterfaceRigidMeshCollisionQuery.ush" 3594
"../../../Engine/Plugins/FX/Niagara/Shaders/Private/NiagaraDistanceFieldQueries.ush" 3595
"../../../Engine/Plugins/FX/Niagara/Shaders/Private/NiagaraDataInterfaceSceneCapture2DTemplate.ush" 3596
"../../../Engine/Plugins/FX/Niagara/Shaders/Private/NiagaraDataInterfaceSimCacheReaderTemplate.ush" 3597
"../../../Engine/Plugins/FX/Niagara/Shaders/Private/NiagaraDataInterfaceSimpleCounterTemplate.ush" 3598
"../../../Engine/Plugins/FX/Niagara/Shaders/Private/NiagaraDataInterfaceSkeletalMesh.ush" 3599
"../../../Engine/Plugins/FX/Niagara/Shaders/Private/NiagaraBaryCentricUtils.ush" 3600
"../../../Engine/Plugins/FX/Niagara/Shaders/Private/NiagaraDataInterfaceSkeletalMeshTemplate.ush" 3601
"../../../Engine/Plugins/FX/Niagara/Shaders/Private/NiagaraDataInterfaceSocketReaderTemplate.ush" 3602
"../../../Engine/Plugins/FX/Niagara/Shaders/Private/NiagaraDataInterfaceSparseVolumeTextureTemplate.ush" 3603
"../../../Engine/Plugins/FX/Niagara/Shaders/Private/NiagaraDataInterfaceSplineTemplate.ush" 3604
"../../../Engine/Plugins/FX/Niagara/Shaders/Private/NiagaraDataInterfaceSpriteRendererInfoTemplate.ush" 3605
"../../../Engine/Plugins/FX/Niagara/Shaders/Private/NiagaraDataInterfaceStaticMeshTemplate.ush" 3606
"../../../Engine/Plugins/FX/Niagara/Shaders/Private/NiagaraDataInterfaceTextureTemplate.ush" 3607
"../../../Engine/Plugins/FX/Niagara/Shaders/Private/NiagaraDataInterfaceVirtualTexture.ush" 3608
"../../../Engine/Plugins/FX/Niagara/Shaders/Private/NiagaraDataInterfaceVirtualTextureTemplate.ush" 3609
"../../../Engine/Plugins/FX/Niagara/Shaders/Private/NiagaraDataInterfaceVolumeCache.ush" 3610
"../../../Engine/Plugins/FX/Niagara/Shaders/Private/NiagaraDataInterfaceVolumeTextureTemplate.ush" 3611
"/NiagaraFluids/NDC_Grid3D_Gas" 3612
"../../Plugins/FX/NiagaraFluids/Content/NDC_Grid3D_Gas.uasset" 3613
"../../../Engine/Plugins/Interchange/Assets/Content/Functions/MX_SubsurfaceBSDF.uasset" 3614
"../../../Engine/Plugins/Interchange/Assets/Content/Functions/MX_SheenBSDF.uasset" 3615
"../../../Engine/Plugins/Interchange/Assets/Content/Functions/MX_MeasuredEDF.uasset" 3616
"../../../Engine/Plugins/Interchange/Assets/Content/Functions/MX_TranslucentBSDF.uasset" 3617
"../../../Engine/Plugins/Interchange/Assets/Content/Functions/MX_DielectricBSDF.uasset" 3618
"../../../Engine/Plugins/Interchange/Assets/Content/Functions/MX_BurleyDiffuseBSDF.uasset" 3619
"../../../Engine/Plugins/Interchange/Assets/Content/Functions/MX_GeneralizedSchlickBSDF.uasset" 3620
"../../../Engine/Plugins/Interchange/Assets/Content/Functions/MX_ConicalEDF.uasset" 3621
"../../../Engine/Plugins/Interchange/Assets/Content/Functions/MX_AnisotropicVDF.uasset" 3622
"../../../Engine/Plugins/Interchange/Assets/Content/Functions/MX_ThinFilmBSDF.uasset" 3623
"../../../Engine/Plugins/Interchange/Assets/Content/Functions/MX_UsdPreviewSurface.uasset" 3624
"../../../Engine/Plugins/Interchange/Runtime/Content/Pipelines/DefaultGLTFSceneAssetsPipeline.uasset" 3625
"C:/Program Files/Epic Games/Unreal Projects/HaloFloodFanGame01 5.5/Content/HaloEnhancedInputUserSettings.uasset" 3626
"../../../Engine/Plugins/Interchange/Assets/Content/Functions/MX_OrenNayarBSDF.uasset" 3627
"../../../Engine/Plugins/Interchange/Assets/Content/Functions/MX_UniformEDF.uasset" 3628
"../../../Engine/Plugins/Interchange/Assets/Content/Functions/MX_SurfaceUnlit.uasset" 3629
"../../../Engine/Plugins/Interchange/Runtime/Content/Pipelines/DefaultSceneAssetsPipeline.uasset" 3630
"../../../Engine/Plugins/Interchange/Runtime/Content/Pipelines/DefaultTexturePipeline.uasset" 3631
"../../../Engine/Plugins/Interchange/Runtime/Content/Pipelines/DefaultSceneLevelPipeline.uasset" 3632
"../../../Engine/Plugins/Interchange/Runtime/Content/Pipelines/DefaultAssetsPipeline.uasset" 3633
"../../../Engine/Plugins/Interchange/Runtime/Content/Pipelines/DefaultMaterialPipeline.uasset" 3634
"../../../Engine/Plugins/Interchange/Runtime/Content/Pipelines/DefaultMaterialXPipeline.uasset" 3635
"../../../Engine/Content/EngineSounds/Master.uasset" 3636
"../../../Engine/Plugins/Interchange/Assets/Content/Functions/MX_AbsorptionVDF.uasset" 3637
"../../../Engine/Content/EngineMaterials/FastBlueNoise_scalar_128x128x64.uasset" 3638
"../../../Engine/Content/EngineMaterials/EnergyConservation/SheenLegacy_Energy.uasset" 3639
"../../../Engine/Content/EngineMaterials/FastBlueNoise_vec2_128x128x64.uasset" 3640
"../../../Engine/Plugins/Interchange/Assets/Content/Functions/MX_ConductorBSDF.uasset" 3641
"../../../Engine/Plugins/Interchange/Runtime/Content/Pipelines/DefaultGLTFAssetsPipeline.uasset" 3642
"../../../Engine/Plugins/Animation/ControlRig/Content/Controls/ControlRigGizmoMaterial.uasset" 3643
"../../../Engine/Content/EngineDebugMaterials/DebugEditorMaterial.uasset" 3644
"../../../Engine/Plugins/Interchange/Runtime/Content/Pipelines/DefaultGLTFPipeline.uasset" 3645
"/ControlRig/Controls/ControlRigGizmoMaterial" 3646
"/InterchangeAssets/Functions/MX_AnisotropicVDF" 3647
"/InterchangeAssets/Functions/MX_AbsorptionVDF" 3648
"/InterchangeAssets/Functions/MX_MeasuredEDF" 3649
"/InterchangeAssets/Functions/MX_ConicalEDF" 3650
"/InterchangeAssets/Functions/MX_UniformEDF" 3651
"/InterchangeAssets/Functions/MX_ThinFilmBSDF" 3652
"/InterchangeAssets/Functions/MX_SheenBSDF" 3653
"/InterchangeAssets/Functions/MX_SubsurfaceBSDF" 3654
"/InterchangeAssets/Functions/MX_GeneralizedSchlickBSDF" 3655
"/InterchangeAssets/Functions/MX_ConductorBSDF" 3656
"/InterchangeAssets/Functions/MX_DielectricBSDF" 3657
"/InterchangeAssets/Functions/MX_TranslucentBSDF" 3658
"/InterchangeAssets/Functions/MX_BurleyDiffuseBSDF" 3659
"/InterchangeAssets/Functions/MX_OrenNayarBSDF" 3660
"/InterchangeAssets/Functions/MX_UsdPreviewSurface" 3661
"/InterchangeAssets/Functions/MX_SurfaceUnlit" 3662
"/Game/HaloEnhancedInputUserSettings" 3663
"/Interchange/Pipelines/DefaultGLTFSceneAssetsPipeline" 3664
"/Interchange/Pipelines/DefaultSceneLevelPipeline" 3665
"/Interchange/Pipelines/DefaultSceneAssetsPipeline" 3666
"/Interchange/Pipelines/DefaultTexturePipeline" 3667
"/Interchange/Pipelines/DefaultMaterialPipeline" 3668
"/Interchange/Pipelines/DefaultGLTFPipeline" 3669
"/Interchange/Pipelines/DefaultGLTFAssetsPipeline" 3670
"/Interchange/Pipelines/DefaultMaterialXPipeline" 3671
"/Interchange/Pipelines/DefaultAssetsPipeline" 3672
"/Engine/EngineSounds/Master" 3673
"/Engine/EngineMaterials/EnergyConservation/SheenLegacy_Energy" 3674
"/Engine/EngineMaterials/FastBlueNoise_vec2_128x128x64" 3675
"/Engine/EngineMaterials/FastBlueNoise_scalar_128x128x64" 3676
"/Engine/EngineDebugMaterials/DebugEditorMaterial" 3677
"../../../Engine/Plugins/Animation/DeformerGraph/Shaders/Private/DataInterfaceSkinnedMeshExec.ush" 3678
"../../../Engine/Plugins/Animation/DeformerGraph/Shaders/Private/DataInterfaceCloth.ush" 3679
"../../../Engine/Plugins/Animation/DeformerGraph/Shaders/Private/DataInterfaceSkinnedMesh.ush" 3680
"../../../Engine/Plugins/Animation/DeformerGraph/Shaders/Private/DataInterfaceSkeleton.ush" 3681
"../../../Engine/Plugins/Animation/DeformerGraph/Shaders/Private/DataInterfaceSkeletonCommon.ush" 3682
"../../../Engine/Plugins/Animation/DeformerGraph/Shaders/Private/DataInterfaceMorphTarget.ush" 3683
"../../../Engine/Plugins/Animation/DeformerGraph/Shaders/Private/DataInterfaceSkinnedMeshWrite.ush" 3684
"../../../Engine/Plugins/Animation/DeformerGraph/Shaders/Private/DataInterfaceRawBuffer.ush" 3685
"../../../Engine/Plugins/Runtime/ComputeFramework/Shaders/Private/BufferAlias.ush" 3686
"../../../Engine/Plugins/Animation/DeformerGraph/Shaders/Private/DataInterfaceHalfEdge.ush" 3687
"../../../Engine/Content/EngineResources/FilmGrains/Marcie_Grain_v3_128_M2_000.uasset" 3688
"../../../Engine/Content/EditorResources/BSPVertex.uasset" 3689
"../../../Engine/Content/EngineMaterials/DefaultBloomKernel.uasset" 3690
"C:/Program Files/Epic Games/Unreal Projects/HaloFloodFanGame01 5.5/DerivedDataCache/VT/TEXTURE_7C16439390E24F1F9468894FB4D4BC55_VTCHUNK02D4C3BCAD7DFA48AB32B8281FB06B8B83DB6275" 3691
"C:/Program Files/Epic Games/Unreal Projects/HaloFloodFanGame01 5.5/DerivedDataCache/VT/TEXTURE_7C16439390E24F1F9468894FB4D4BC55_VTCHUNK44B429B40BB45A070EB17C1259C28734996A2F49" 3692
"C:/Program Files/Epic Games/Unreal Projects/HaloFloodFanGame01 5.5/DerivedDataCache/VT/TEXTURE_7C16439390E24F1F9468894FB4D4BC55_VTCHUNK2A5F9F60441DA258D18B46D59C64D5BAD50E8EE3" 3693
"C:/Program Files/Epic Games/Unreal Projects/HaloFloodFanGame01 5.5/DerivedDataCache/VT/TEXTURE_7C16439390E24F1F9468894FB4D4BC55_VTCHUNK967C747FFC357A828288FA05D93CD5DCECDA891B" 3694
"C:/Program Files/Epic Games/Unreal Projects/HaloFloodFanGame01 5.5/DerivedDataCache/VT/TEXTURE_7C16439390E24F1F9468894FB4D4BC55_VTCHUNKC0393DE8C5B4673D99D1BECB92AA8C1F72FEB491" 3695
"/Engine/EditorResources/BSPVertex" 3696
"/Engine/EngineMaterials/DefaultBloomKernel" 3697
"/Engine/EngineResources/FilmGrains/Marcie_Grain_v3_128_M2_000" 3698
"../../../Engine/Plugins/NNE/NNEDenoiser/Content/NNE_oidn2-3-0_rt_hdr_alb_nrm__dyn__fp16_opset11_ForwardAlpha.uasset" 3699
"../../../Engine/Plugins/NNE/NNEDenoiser/Content/NNE_oidn2-3-0_rt_hdr_calb_cnrm_large__dyn__fp16_opset11_ForwardAlpha.uasset" 3700
"../../../Engine/Plugins/NNE/NNEDenoiser/Content/NNE_oidn2-3-0_rt_hdr_alb_nrm__dyn__fp16_opset11_DenoiseAlpha.uasset" 3701
"../../../Engine/Plugins/NNE/NNEDenoiser/Content/NNE_oidn2-3-0_rt_hdr_calb_cnrm_large__dyn__fp16_opset11_DenoiseAlpha.uasset" 3702
"/NNEDenoiser/NNE_oidn2-3-0_rt_hdr_alb_nrm__dyn__fp16_opset11_DenoiseAlpha" 3703
"/NNEDenoiser/NNE_oidn2-3-0_rt_hdr_alb_nrm__dyn__fp16_opset11_ForwardAlpha" 3704
"/NNEDenoiser/NNE_oidn2-3-0_rt_hdr_calb_cnrm_large__dyn__fp16_opset11_DenoiseAlpha" 3705
"../../../Engine/Plugins/NNE/NNEDenoiser/Content/NNE_oidn2-3-0_rt_hdr_alb_nrm_small__dyn__fp16_opset11_ForwardAlpha.uasset" 3706
"../../../Engine/Plugins/NNE/NNEDenoiser/Content/NNED_Oidn2-3_Fast_Alpha.uasset" 3707
"../../../Engine/Plugins/NNE/NNEDenoiser/Content/NNED_Oidn2-3_HighQuality.uasset" 3708
"../../../Engine/Plugins/NNE/NNEDenoiser/Content/NNE_oidn2-3-0_rt_hdr_alb_nrm_small__dyn__fp16_opset11_DenoiseAlpha.uasset" 3709
"../../../Engine/Plugins/NNE/NNEDenoiser/Content/NNED_Oidn2-3_Balanced_Alpha.uasset" 3710
"../../../Engine/Plugins/NNE/NNEDenoiser/Content/NNED_Oidn2-3_HighQuality_Alpha.uasset" 3711
"../../../Engine/Plugins/NNE/NNEDenoiser/Content/NNED_Oidn2-3_Fast.uasset" 3712
"../../../Engine/Plugins/NNE/NNEDenoiser/Content/NNEDTOM_Output_Default.uasset" 3713
"../../../Engine/Plugins/NNE/NNEDenoiser/Content/NNEDT_Oidn2-3_Balanced_Alpha.uasset" 3714
"../../../Engine/Plugins/NNE/NNEDenoiser/Content/NNED_Oidn2-3_Balanced.uasset" 3715
"../../../Engine/Plugins/NNE/NNEDenoiser/Content/NNEDT_Oidn2-3_Balanced.uasset" 3716
"../../../Engine/Plugins/NNE/NNEDenoiser/Content/NNEDTIM_ColorAlbedoNormal_Default.uasset" 3717
"../../../Engine/Plugins/NNE/NNEDenoiser/Content/NNEDOM_Output_Default.uasset" 3718
"../../../Engine/Plugins/NNE/NNEDenoiser/Content/NNEDTIM_ColorAlbedoNormal_Alpha.uasset" 3719
"../../../Engine/Plugins/NNE/NNEDenoiser/Content/NNEDTOM_Output_Alpha.uasset" 3720
"../../../Engine/Content/EngineSounds/Submixes/MasterEQEffectPreset.uasset" 3721
"../../../Engine/Plugins/NNE/NNEDenoiser/Content/NNEDOM_Output_Alpha.uasset" 3722
"../../../Engine/Plugins/NNE/NNEDenoiser/Content/NNEDIM_HighQuality_Default.uasset" 3723
"../../../Engine/Content/MobileResources/HUD/VirtualJoystick_Thumb.uasset" 3724
"../../../Engine/Content/EditorMaterials/PreviewShadowIndicator.uasset" 3725
"../../../Engine/Content/EngineMaterials/DefaultCalibrationColor.uasset" 3726
"../../../Engine/Plugins/NNE/NNEDenoiser/Content/NNEDIM_HighQuality_Alpha.uasset" 3727
"../../../Engine/Plugins/NNE/NNEDenoiser/Content/NNEDIM_ColorAlbedoNormal_Alpha.uasset" 3728
"../../../Engine/Plugins/NNE/NNEDenoiser/Content/NNEDIM_ColorAlbedoNormal_Default.uasset" 3729
"/NNEDenoiser/NNE_oidn2-3-0_rt_hdr_calb_cnrm_large__dyn__fp16_opset11_ForwardAlpha" 3730
"../../../Engine/Content/EngineSounds/Submixes/MasterReverbEffectPreset.uasset" 3731
"../../../Engine/Content/EngineMaterials/Substrate/GLints/dict_16_192_64_0p5_0p02_0047_0008.uasset" 3732
"../../../Engine/Content/EngineMaterials/DefaultCalibrationGrayscale.uasset" 3733
"../../../Engine/Content/MobileResources/HUD/VirtualJoystick_Background.uasset" 3734
"/Engine/EditorMaterials/PreviewShadowIndicator" 3735
"/Engine/EngineMaterials/Substrate/GLints/dict_16_192_64_0p5_0p02_0047_0008" 3736
"/Engine/EngineSounds/Submixes/MasterReverbEffectPreset" 3737
"/Engine/EngineSounds/Submixes/MasterEQEffectPreset" 3738
"/Engine/MobileResources/HUD/VirtualJoystick_Thumb" 3739
"/Engine/MobileResources/HUD/VirtualJoystick_Background" 3740
"/Engine/EngineMaterials/DefaultCalibrationColor" 3741
"/Engine/EngineMaterials/DefaultCalibrationGrayscale" 3742
"C:/Program Files/Epic Games/Unreal Projects/HaloFloodFanGame01 5.5/Content/S_Message.uasset" 3743
"C:/Program Files/Epic Games/Unreal Projects/HaloFloodFanGame01 5.5/Content/BP_HaloSaveGame.uasset" 3744
"../../../Engine/Content/EditorMaterials/Anchor.uasset" 3745
"C:/Program Files/Epic Games/Unreal Projects/HaloFloodFanGame01 5.5/Content/UI/Icons/ARCrosshair.uasset" 3746
"C:/Program Files/Epic Games/Unreal Projects/HaloFloodFanGame01 5.5/Intermediate/ORTOptimizerPass_Optimized606B1ACC456612EA8E90E0B4E4BBCACF.onnx" 3747
"C:/Program Files/Epic Games/Unreal Projects/HaloFloodFanGame01 5.5/Intermediate/ORTOptimizerPass_OptimizedDE0DE9BB48A5AC80D9DAEAB35D68ABD7.onnx" 3748
"C:/Program Files/Epic Games/Unreal Projects/HaloFloodFanGame01 5.5/Intermediate/ORTOptimizerPass_OptimizedC75886F94D6B3A8A547668A92D074111.onnx" 3749
"C:/Program Files/Epic Games/Unreal Projects/HaloFloodFanGame01 5.5/Intermediate/ORTOptimizerPass_Optimized6FDA1A9341A300280230EAA547BD6293.onnx" 3750
"C:/Program Files/Epic Games/Unreal Projects/HaloFloodFanGame01 5.5/Intermediate/ORTOptimizerPass_Optimized8E84B46E4DBAC400151C87BD5F5D29CA.onnx" 3751
"C:/Program Files/Epic Games/Unreal Projects/HaloFloodFanGame01 5.5/Intermediate/ORTOptimizerPass_Optimized5609ED4A4EBAE3F7E467D6B42421D6DE.onnx" 3752
"C:/Program Files/Epic Games/Unreal Projects/HaloFloodFanGame01 5.5/Intermediate/ORTOptimizerPass_Optimized099627CC417067BEEFC075AEFA7A06AB.onnx" 3753
"C:/Program Files/Epic Games/Unreal Projects/HaloFloodFanGame01 5.5/Intermediate/ORTOptimizerPass_Optimized9DC6685441FEEACEF2DA8F8579FC6968.onnx" 3754
"/NNEDenoiser/NNEDIM_ColorAlbedoNormal_Alpha" 3755
"/NNEDenoiser/NNEDIM_ColorAlbedoNormal_Default" 3756
"/NNEDenoiser/NNEDIM_HighQuality_Alpha" 3757
"/NNEDenoiser/NNEDIM_HighQuality_Default" 3758
"/NNEDenoiser/NNEDOM_Output_Alpha" 3759
"/NNEDenoiser/NNEDOM_Output_Default" 3760
"/NNEDenoiser/NNEDTIM_ColorAlbedoNormal_Alpha" 3761
"/NNEDenoiser/NNEDTIM_ColorAlbedoNormal_Default" 3762
"/NNEDenoiser/NNEDTOM_Output_Alpha" 3763
"/NNEDenoiser/NNEDTOM_Output_Default" 3764
"/NNEDenoiser/NNEDT_Oidn2-3_Balanced" 3765
"/NNEDenoiser/NNEDT_Oidn2-3_Balanced_Alpha" 3766
"/NNEDenoiser/NNED_Oidn2-3_Balanced" 3767
"/NNEDenoiser/NNED_Oidn2-3_Balanced_Alpha" 3768
"/NNEDenoiser/NNED_Oidn2-3_Fast" 3769
"/NNEDenoiser/NNED_Oidn2-3_Fast_Alpha" 3770
"/NNEDenoiser/NNED_Oidn2-3_HighQuality" 3771
"/NNEDenoiser/NNED_Oidn2-3_HighQuality_Alpha" 3772
"/NNEDenoiser/NNE_oidn2-3-0_rt_hdr_alb_nrm_small__dyn__fp16_opset11_DenoiseAlpha" 3773
"/NNEDenoiser/NNE_oidn2-3-0_rt_hdr_alb_nrm_small__dyn__fp16_opset11_ForwardAlpha" 3774
"/Engine/EditorMaterials/Anchor" 3775
"/Game/UI/Icons/ARCrosshair" 3776
"/Game/BP_HaloSaveGame" 3777
"/Game/S_Message" 3778
"../../../Engine/Content/EngineResources/AICON-Green.uasset" 3779
"../../../Engine/Content/EditorResources/Bad.uasset" 3780
"../../../Engine/Content/EngineMaterials/BlendFunc_DefBlend.uasset" 3781
"C:/Program Files/Epic Games/Unreal Projects/HaloFloodFanGame01 5.5/Content/textures/blood_1_opacity.uasset" 3782
"../../../Engine/Content/EngineResources/Bad.uasset" 3783
"../../../Engine/Content/Tutorial/Mobile/TutorialAssets/android_Icon.uasset" 3784
"../../../Engine/Content/EditorResources/BadBlueprintSprite.uasset" 3785
"C:/Program Files/Epic Games/Unreal Projects/HaloFloodFanGame01 5.5/Content/S_Spawnables.uasset" 3786
"../../../Engine/Plugins/Runtime/AudioWidgets/Content/AudioFader/AudioFader_Normal.uasset" 3787
"C:/Program Files/Epic Games/Unreal Projects/HaloFloodFanGame01 5.5/Content/BP_Skull.uasset" 3788
"../../../Engine/Content/EngineResources/Cursors/Arrow.uasset" 3789
"../../../Engine/Content/EditorResources/Ai_Spawnpoint.uasset" 3790
"../../../Engine/Content/MobileResources/HUD/AnalogHat.uasset" 3791
"C:/Program Files/Epic Games/Unreal Projects/HaloFloodFanGame01 5.5/Content/UI/Icons/BRCrosshair.uasset" 3792
"../../../Engine/Content/Maps/Entry_BuiltData.uasset" 3793
"C:/Program Files/Epic Games/Unreal Projects/HaloFloodFanGame01 5.5/Content/Tools/PCG_Foliage.uasset" 3794
"C:/Program Files/Epic Games/Unreal Projects/HaloFloodFanGame01 5.5/Content/BP_SpectateManager.uasset" 3795
"C:/Program Files/Epic Games/Unreal Projects/HaloFloodFanGame01 5.5/Content/LS_MainMenu.uasset" 3796
"../../../Engine/Content/EngineMaterials/PhysMat_Rubber.uasset" 3797
"C:/Program Files/Epic Games/Unreal Projects/HaloFloodFanGame01 5.5/Content/Levels/MainMenuLevel_BuiltData.uasset" 3798
"C:/Program Files/Epic Games/Unreal Projects/HaloFloodFanGame01 5.5/Content/TestLevelSequence.uasset" 3799
"C:/Program Files/Epic Games/Unreal Projects/HaloFloodFanGame01 5.5/Content/UI/Icons/SniperCrosshair.uasset" 3800
"../../../Engine/Content/EngineResources/AICON-Red.uasset" 3801
"C:/Program Files/Epic Games/Unreal Projects/HaloFloodFanGame01 5.5/Content/Characters/Elite/v4/elite_body_PhysicsAsset.uasset" 3802
"C:/Program Files/Epic Games/Unreal Projects/HaloFloodFanGame01 5.5/Content/Sounds/SciFiBattleScape.uasset" 3803
"C:/Program Files/Epic Games/Unreal Projects/HaloFloodFanGame01 5.5/Content/Landscape/PM_Concrete.uasset" 3804
"C:/Program Files/Epic Games/Unreal Projects/HaloFloodFanGame01 5.5/Content/Landscape/VirtualTextures/VT_LandscapeMat.uasset" 3805
"C:/Program Files/Epic Games/Unreal Projects/HaloFloodFanGame01 5.5/Content/Landscape/VirtualTextures/VT_LandscapeHeight.uasset" 3806
"C:/Program Files/Epic Games/Unreal Projects/HaloFloodFanGame01 5.5/Content/BP_HoverComponent.uasset" 3807
"C:/Program Files/Epic Games/Unreal Projects/HaloFloodFanGame01 5.5/Content/Landscape/PM_Gravel.uasset" 3808
"C:/Program Files/Epic Games/Unreal Projects/HaloFloodFanGame01 5.5/Content/Landscape/PM_Grass.uasset" 3809
"C:/Program Files/Epic Games/Unreal Projects/HaloFloodFanGame01 5.5/Content/Landscape/PM_Dirt.uasset" 3810
"C:/Program Files/Epic Games/Unreal Projects/HaloFloodFanGame01 5.5/Intermediate/ORTOptimizerPass_OptimizedF46B215A47341D3AAF580AA3697698F2.onnx" 3811
"C:/Program Files/Epic Games/Unreal Projects/HaloFloodFanGame01 5.5/Intermediate/ORTOptimizerPass_Optimized4CBD9B834B2E837923E0CD86CFBB98A3.onnx" 3812
"C:/Program Files/Epic Games/Unreal Projects/HaloFloodFanGame01 5.5/Intermediate/ORTOptimizerPass_Optimized6EDAB2AD436EF4D9C774048838EDDBF2.onnx" 3813
"C:/Program Files/Epic Games/Unreal Projects/HaloFloodFanGame01 5.5/Intermediate/ORTOptimizerPass_OptimizedD2D0A6D3473A58DFE36894BB1EA52AF3.onnx" 3814
"/Game/Landscape/VirtualTextures/VT_LandscapeMat" 3815
"/Game/Landscape/PM_Concrete" 3816
"/Game/Characters/Elite/v4/elite_body_PhysicsAsset" 3817
"/Game/Sounds/SciFiBattleScape" 3818
"/Game/Landscape/PM_Grass" 3819
"/Game/TestLevelSequence" 3820
"/Game/BP_SpectateManager" 3821
"/Game/Tools/PCG_Foliage" 3822
"/Engine/EngineMaterials/PhysMat_Rubber" 3823
"/Game/Levels/MainMenuLevel_BuiltData" 3824
"/Game/LS_MainMenu" 3825
"/Engine/Maps/Entry_BuiltData" 3826
"/Game/UI/Icons/BRCrosshair" 3827
"/Engine/EngineResources/AICON-Red" 3828
"/Engine/EditorResources/Ai_Spawnpoint" 3829
"/Game/S_Spawnables" 3830
"/Engine/MobileResources/HUD/AnalogHat" 3831
"/Engine/EditorResources/BadBlueprintSprite" 3832
"/Engine/EngineResources/Cursors/Arrow" 3833
"/Game/BP_Skull" 3834
"/AudioWidgets/AudioFader/AudioFader_Normal" 3835
"/Engine/Tutorial/Mobile/TutorialAssets/android_Icon" 3836
"/Engine/EditorResources/Bad" 3837
"/Game/textures/blood_1_opacity" 3838
"/Engine/EngineResources/Bad" 3839
"/Engine/EngineResources/AICON-Green" 3840
"/Game/UI/Icons/SniperCrosshair" 3841
"/Engine/EngineMaterials/BlendFunc_DefBlend" 3842
"/Game/Landscape/PM_Dirt" 3843
"/Game/Landscape/VirtualTextures/VT_LandscapeHeight" 3844
"/Game/Landscape/PM_Gravel" 3845
"/Game/BP_HoverComponent" 3846
"C:/Program Files/Epic Games/Unreal Projects/HaloFloodFanGame01 5.5/Content/Sounds/766842__241378__trees-rustling.uasset" 3847
"C:/Program Files/Epic Games/Unreal Projects/HaloFloodFanGame01 5.5/Content/FirstPerson/Input/Actions/IA_Move.uasset" 3848
"C:/Program Files/Epic Games/Unreal Projects/HaloFloodFanGame01 5.5/Content/FirstPerson/Input/Actions/IA_ShootSecondary.uasset" 3849
"C:/Program Files/Epic Games/Unreal Projects/HaloFloodFanGame01 5.5/Content/BP_DecalBase.uasset" 3850
"C:/Program Files/Epic Games/Unreal Projects/HaloFloodFanGame01 5.5/Content/Weapons/SPNKRRocketLauncher/RocketLauncherCrosshair.uasset" 3851
"../../../Engine/Content/MapTemplates/Sky/T_Sky_Stars.uasset" 3852
"C:/Program Files/Epic Games/Unreal Projects/HaloFloodFanGame01 5.5/Content/EditorTools/RT_IconGenerator.uasset" 3853
"C:/Program Files/Epic Games/Unreal Projects/HaloFloodFanGame01 5.5/Content/S_RandomBackground01.uasset" 3854
"../../../Engine/Content/EngineSky/M_SimpleSkyDome.uasset" 3855
"C:/Program Files/Epic Games/Unreal Projects/HaloFloodFanGame01 5.5/Content/Core/Weapons/AT_FiringSound.uasset" 3856
"../../../Engine/Content/MapTemplates/daylight.uasset" 3857
"C:/Program Files/Epic Games/Unreal Projects/HaloFloodFanGame01 5.5/Content/FirstPerson/Input/Actions/IA_Shoot.uasset" 3858
"../../../Engine/Content/VREditor/Devices/Vive/UE4_Logo.uasset" 3859
"C:/Program Files/Epic Games/Unreal Projects/HaloFloodFanGame01 5.5/Content/FirstPerson/Input/Actions/Spectator/IA_SwitchSpectatorMode.uasset" 3860
"C:/Program Files/Epic Games/Unreal Projects/HaloFloodFanGame01 5.5/Content/FirstPerson/Input/Actions/Spectator/IA_CycleView.uasset" 3861
"../../../Engine/Content/Maps/Templates/Thumbnails/Basic.uasset" 3862
"C:/Program Files/Epic Games/Unreal Projects/HaloFloodFanGame01 5.5/Content/FirstPerson/Input/Actions/Spectator/IA_SwitchPerspective.uasset" 3863
"../../../Engine/Content/Tutorial/BlueprintTutorials/TutorialAssets/BlueprintMacroLibrary_64x.uasset" 3864
"/Engine/Tutorial/BlueprintTutorials/TutorialAssets/BlueprintMacroLibrary_64x" 3865
"C:/Program Files/Epic Games/Unreal Projects/HaloFloodFanGame01 5.5/Content/UI/Icons/SMGCrosshair.uasset" 3866
"/Engine/Maps/Templates/Thumbnails/Basic" 3867
"C:/Program Files/Epic Games/Unreal Projects/HaloFloodFanGame01 5.5/Content/Vehicle/UNSCTurretRampCurve.uasset" 3868
"/Game/FirstPerson/Input/Actions/Spectator/IA_SwitchSpectatorMode" 3869
"/Game/FirstPerson/Input/Actions/Spectator/IA_SwitchPerspective" 3870
"/Game/FirstPerson/Input/Actions/Spectator/IA_CycleView" 3871
"/Engine/VREditor/Devices/Vive/UE4_Logo" 3872
"/Game/Core/Weapons/AT_FiringSound" 3873
"/Game/Weapons/SPNKRRocketLauncher/RocketLauncherCrosshair" 3874
"/Engine/MapTemplates/Sky/T_Sky_Stars" 3875
"/Game/FirstPerson/Input/Actions/IA_Shoot" 3876
"/Game/FirstPerson/Input/Actions/IA_Move" 3877
"/Game/FirstPerson/Input/Actions/IA_ShootSecondary" 3878
"/Game/Sounds/766842__241378__trees-rustling" 3879
"/Engine/EngineSky/M_SimpleSkyDome" 3880
"/Game/BP_DecalBase" 3881
"C:/Program Files/Epic Games/Unreal Projects/HaloFloodFanGame01 5.5/Content/UI/Icons/DMRCrosshair.uasset" 3882
"C:/Program Files/Epic Games/Unreal Projects/HaloFloodFanGame01 5.5/Content/Core/BP_AR_CameraShake.uasset" 3883
"C:/Program Files/Epic Games/Unreal Projects/HaloFloodFanGame01 5.5/Content/CitySampleVehicles/Input/Vehicle/IA_VH_Throttle.uasset" 3884
"C:/Program Files/Epic Games/Unreal Projects/HaloFloodFanGame01 5.5/Content/CitySampleVehicles/Input/Vehicle/IA_VH_Brake.uasset" 3885
"C:/Program Files/Epic Games/Unreal Projects/HaloFloodFanGame01 5.5/Content/GunFireFeedback.uasset" 3886
"/Engine/MapTemplates/daylight" 3887
"C:/Program Files/Epic Games/Unreal Projects/HaloFloodFanGame01 5.5/Content/CitySampleVehicles/Input/Vehicle/IA_VH_Steering.uasset" 3888
"C:/Program Files/Epic Games/Unreal Projects/HaloFloodFanGame01 5.5/Content/Landscape/PM_Asphalt.uasset" 3889
"/Game/S_RandomBackground01" 3890
"/Game/EditorTools/RT_IconGenerator" 3891
"/Game/Levels/TestMap_BuiltData" 3892
"C:/Program Files/Epic Games/Unreal Projects/HaloFloodFanGame01 5.5/Content/UI/Icons/ShotgunCrosshair.uasset" 3893
"/Game/CitySampleVehicles/Input/Vehicle/IA_VH_Brake" 3894
"/Game/CitySampleVehicles/Input/Vehicle/IA_VH_Throttle" 3895
"/Game/CitySampleVehicles/Input/Vehicle/IA_VH_Steering" 3896
"/Game/UI/Icons/DMRCrosshair" 3897
"/Game/GunFireFeedback" 3898
"C:/Program Files/Epic Games/Unreal Projects/HaloFloodFanGame01 5.5/Content/AI/BP_SmartObjectBase.uasset" 3899
"C:/Program Files/Epic Games/Unreal Projects/HaloFloodFanGame01 5.5/Content/ExplosionFeedbackAttenuation.uasset" 3900
"../../../Engine/Plugins/Runtime/AudioWidgets/Content/AudioKnobSmall/AudioKnobSmall_KnobLayer02.uasset" 3901
"/Game/Core/BP_AR_CameraShake" 3902
"/Game/Vehicle/UNSCTurretRampCurve" 3903
"/Game/UI/Icons/SMGCrosshair" 3904
"/Game/UI/Icons/ShotgunCrosshair" 3905
"/Game/Landscape/PM_Asphalt" 3906
"C:/Program Files/Epic Games/Unreal Projects/HaloFloodFanGame01 5.5/Content/Core/Characters/AT_VoiceNormal.uasset" 3907
"C:/Program Files/Epic Games/Unreal Projects/HaloFloodFanGame01 5.5/Content/AT_ShieldSounds.uasset" 3908
"C:/Program Files/Epic Games/Unreal Projects/HaloFloodFanGame01 5.5/Content/FirstPerson/Blueprints/MeleeCurve.uasset" 3909
"C:/Program Files/Epic Games/Unreal Projects/HaloFloodFanGame01 5.5/Content/ExplosionFeedback.uasset" 3910
"C:/Program Files/Epic Games/Unreal Projects/HaloFloodFanGame01 5.5/Content/AT_BulletImpact.uasset" 3911
"C:/Program Files/Epic Games/Unreal Projects/HaloFloodFanGame01 5.5/Content/DropPodZVelCurve.uasset" 3912
"C:/Program Files/Epic Games/Unreal Projects/HaloFloodFanGame01 5.5/Content/FirstPerson/Input/Actions/IA_ToggleCommandMode.uasset" 3913
"C:/Program Files/Epic Games/Unreal Projects/HaloFloodFanGame01 5.5/Content/Core/BP_DropPodCameraShake.uasset" 3914
"/Game/Core/BP_DropPodCameraShake" 3915
"C:/Program Files/Epic Games/Unreal Projects/HaloFloodFanGame01 5.5/Content/FirstPerson/Input/Actions/IA_GiveCommand.uasset" 3916
"C:/Program Files/Epic Games/Unreal Projects/HaloFloodFanGame01 5.5/Content/ExplosionShake.uasset" 3917
"/Game/ExplosionFeedback" 3918
"C:/Program Files/Epic Games/Unreal Projects/HaloFloodFanGame01 5.5/Content/CitySampleVehicles/Input/Vehicle/IA_VH_Exit.uasset" 3919
"C:/Program Files/Epic Games/Unreal Projects/HaloFloodFanGame01 5.5/Content/Sounds/413489__euphrosyyn__drone-a_female_is_actually_a_high_energy_sci_fi_generator.uasset" 3920
"C:/Program Files/Epic Games/Unreal Projects/HaloFloodFanGame01 5.5/Content/FirstPerson/Input/Actions/IA_Jump.uasset" 3921
"/Game/Core/Characters/AT_VoiceNormal" 3922
"/Game/FirstPerson/Blueprints/MeleeCurve" 3923
"/Game/AT_ShieldSounds" 3924
"/Game/ExplosionFeedbackAttenuation" 3925
"/Game/AT_BulletImpact" 3926
"/AudioWidgets/AudioKnobSmall/AudioKnobSmall_KnobLayer02" 3927
"/Game/FirstPerson/Input/Actions/IA_ToggleCommandMode" 3928
"/Game/DropPodZVelCurve" 3929
"/Game/AI/BP_SmartObjectBase" 3930
"C:/Program Files/Epic Games/Unreal Projects/HaloFloodFanGame01 5.5/Content/Grenades/PM_PlasmaGrenade.uasset" 3931
"C:/Program Files/Epic Games/Unreal Projects/HaloFloodFanGame01 5.5/Content/UI/Icons/Arrow.uasset" 3932
"../../../Engine/Content/VREditor/Sounds/UI/Camera_Shutter.uasset" 3933
"C:/Program Files/Epic Games/Unreal Projects/HaloFloodFanGame01 5.5/Content/Vehicles/Ghost/M_Ghost.uasset" 3934
"../../../Engine/Content/Functions/Engine_MaterialFunctions01/ImageAdjustment/Contrast_Preserve_Color.uasset" 3935
"C:/Program Files/Epic Games/Unreal Projects/HaloFloodFanGame01 5.5/Content/FirstPerson/Input/Actions/IA_OpenChat.uasset" 3936
"C:/Program Files/Epic Games/Unreal Projects/HaloFloodFanGame01 5.5/Content/FirstPerson/Input/Actions/IA_OpenGameInfo.uasset" 3937
"../../../Engine/Content/VREditor/Sounds/VR_click3.uasset" 3938
"C:/Program Files/Epic Games/Unreal Projects/HaloFloodFanGame01 5.5/Content/UI/Icons/ButtonLeft.uasset" 3939
"C:/Program Files/Epic Games/Unreal Projects/HaloFloodFanGame01 5.5/Content/FirstPerson/Input/Actions/Spectator/IA_OpenLoadoutMenu.uasset" 3940
"C:/Program Files/Epic Games/Unreal Projects/HaloFloodFanGame01 5.5/Content/FirstPerson/Input/Actions/IA_OpenPauseMenu.uasset" 3941
"C:/Program Files/Epic Games/Unreal Projects/HaloFloodFanGame01 5.5/Content/UI/Icons/ButtonMiddle.uasset" 3942
"/Game/CitySampleVehicles/Input/Vehicle/IA_VH_Exit" 3943
"/Game/Sounds/413489__euphrosyyn__drone-a_female_is_actually_a_high_energy_sci_fi_generator" 3944
"../../../Engine/Content/Functions/Engine_MaterialFunctions01/Gradient/LinearGradient.uasset" 3945
"/Game/ExplosionShake" 3946
"/Engine/Functions/Engine_MaterialFunctions01/ImageAdjustment/Contrast_Preserve_Color" 3947
"/Game/Vehicles/Ghost/M_Ghost" 3948
"../../../Engine/Content/Functions/Engine_MaterialFunctions02/ExampleContent/Textures/LowResBlurredNoise.uasset" 3949
"/Game/Grenades/PM_PlasmaGrenade" 3950
"/Engine/VREditor/Sounds/UI/Camera_Shutter" 3951
"/Game/UI/Icons/Arrow" 3952
"/Game/UI/Icons/ButtonMiddle" 3953
"/Game/FirstPerson/Input/Actions/Spectator/IA_OpenLoadoutMenu" 3954
"/Game/UI/Icons/ButtonLeft" 3955
"/Game/FirstPerson/Input/Actions/IA_OpenChat" 3956
"/Engine/VREditor/Sounds/VR_click3" 3957
"/Game/FirstPerson/Input/Actions/IA_OpenPauseMenu" 3958
"C:/Program Files/Epic Games/Unreal Projects/HaloFloodFanGame01 5.5/Content/Objects/Halo/Inside.uasset" 3959
"/Game/FirstPerson/Input/Actions/IA_OpenGameInfo" 3960
"/Game/FirstPerson/Input/Actions/IA_GiveCommand" 3961
"C:/Program Files/Epic Games/Unreal Projects/HaloFloodFanGame01 5.5/Content/Characters/Elite/v4/elite_body_Skeleton.uasset" 3962
"C:/Program Files/Epic Games/Unreal Projects/HaloFloodFanGame01 5.5/Content/HaloSkySphere.uasset" 3963
"C:/Program Files/Epic Games/Unreal Projects/HaloFloodFanGame01 5.5/Content/Core/Weapons/HitscanFalloffCurve.uasset" 3964
"../../../Engine/Content/Functions/Engine_MaterialFunctions01/WorldPositionOffset/SimpleGrassWind.uasset" 3965
"/Game/FirstPerson/Input/Actions/IA_Jump" 3966
"/Engine/Functions/Engine_MaterialFunctions02/ExampleContent/Textures/LowResBlurredNoise" 3967
"/Game/Objects/Halo/Inside" 3968
"/Game/HaloSkySphere" 3969
"/Engine/Functions/Engine_MaterialFunctions01/Gradient/LinearGradient" 3970
"/Game/Characters/Elite/v4/elite_body_Skeleton" 3971
"/Game/Core/Weapons/HitscanFalloffCurve" 3972
"/Engine/Functions/Engine_MaterialFunctions01/WorldPositionOffset/SimpleGrassWind" 3973
"C:/Program Files/Epic Games/Unreal Projects/HaloFloodFanGame01 5.5/Content/StarterContent/Textures/T_MacroVariation.uasset" 3974
"C:/Program Files/Epic Games/Unreal Projects/HaloFloodFanGame01 5.5/Content/StarterContent/Textures/T_Concrete_Tiles_Variation_M.uasset" 3975
"/Game/StarterContent/Textures/T_MacroVariation" 3976
"/Game/StarterContent/Textures/T_Concrete_Tiles_Variation_M" 3977
"C:/Program Files/Epic Games/Unreal Projects/HaloFloodFanGame01 5.5/Content/StarterContent/Textures/T_Concrete_Tiles_M.uasset" 3978
"/Game/StarterContent/Textures/T_Concrete_Tiles_M" 3979
"C:/Program Files/Epic Games/Unreal Projects/HaloFloodFanGame01 5.5/Content/FPS_Weapon_Bundle/Weapons/Meshes/G67_Grenade/SK_G67_X_Skeleton.uasset" 3980
"C:/Program Files/Epic Games/Unreal Projects/HaloFloodFanGame01 5.5/Content/Vehicles/Car/Car00_Skeleton.uasset" 3981
"C:/Program Files/Epic Games/Unreal Projects/HaloFloodFanGame01 5.5/Content/Objects/UNSC_Landmine/M_UNSCLandmine.uasset" 3982
"C:/Program Files/Epic Games/Unreal Projects/HaloFloodFanGame01 5.5/Content/Vehicles/Car/Car00_PhysicsAsset.uasset" 3983
"C:/Program Files/Epic Games/Unreal Projects/HaloFloodFanGame01 5.5/Content/StarterContent/Textures/T_Perlin_Noise_M.uasset" 3984
"/Game/FPS_Weapon_Bundle/Weapons/Meshes/G67_Grenade/SK_G67_X_Skeleton" 3985
"C:/Program Files/Epic Games/Unreal Projects/HaloFloodFanGame01 5.5/Content/StarterContent/Textures/T_Concrete_Tiles_N.uasset" 3986
"/Game/Objects/UNSC_Landmine/M_UNSCLandmine" 3987
"C:/Program Files/Epic Games/Unreal Projects/HaloFloodFanGame01 5.5/Content/Weapons/Carbine/CarbineCrosshair.uasset" 3988
"/Game/Vehicles/Car/Car00_PhysicsAsset" 3989
"/Game/Vehicles/Car/Car00_Skeleton" 3990
"/Game/Weapons/Carbine/CarbineCrosshair" 3991
"/Game/StarterContent/Textures/T_Perlin_Noise_M" 3992
"C:/Program Files/Epic Games/Unreal Projects/HaloFloodFanGame01 5.5/Content/FirstPerson/Input/Actions/IA_Melee.uasset" 3993
"C:/Program Files/Epic Games/Unreal Projects/HaloFloodFanGame01 5.5/Content/FPS_Weapon_Bundle/Weapons/Meshes/G67_Grenade/SK_G67_X_Physics.uasset" 3994
"/Game/StarterContent/Textures/T_Concrete_Tiles_N" 3995
"C:/Program Files/Epic Games/Unreal Projects/HaloFloodFanGame01 5.5/Content/FirstPerson/Input/Actions/IA_Interact.uasset" 3996
"C:/Program Files/Epic Games/Unreal Projects/HaloFloodFanGame01 5.5/Content/Characters/FPModel/M_Skin.uasset" 3997
"C:/Program Files/Epic Games/Unreal Projects/HaloFloodFanGame01 5.5/Content/Weapons/FuelRodCannon/FuelRodCannonCrosshair.uasset" 3998
"C:/Program Files/Epic Games/Unreal Projects/HaloFloodFanGame01 5.5/Content/FirstPerson/Input/Actions/IA_Look.uasset" 3999
"C:/Program Files/Epic Games/Unreal Projects/HaloFloodFanGame01 5.5/Content/StarterContent/Textures/T_Concrete_Poured_D.uasset" 4000
"C:/Program Files/Epic Games/Unreal Projects/HaloFloodFanGame01 5.5/Content/StarterContent/Textures/T_Water_N.uasset" 4001
"C:/Program Files/Epic Games/Unreal Projects/HaloFloodFanGame01 5.5/Content/StarterContent/Textures/T_Concrete_Poured_N.uasset" 4002
"C:/Program Files/Epic Games/Unreal Projects/HaloFloodFanGame01 5.5/Content/FirstPerson/Input/Actions/IA_SwitchWeapon.uasset" 4003
"C:/Program Files/Epic Games/Unreal Projects/HaloFloodFanGame01 5.5/Content/FirstPerson/Input/Actions/IA_Reload.uasset" 4004
"/Game/FirstPerson/Input/Actions/IA_Melee" 4005
"/Game/FirstPerson/Input/Actions/IA_Interact" 4006
"/Game/FirstPerson/Input/Actions/IA_Reload" 4007
"/Game/Characters/FPModel/M_Skin" 4008
"/Game/FirstPerson/Input/Actions/IA_SwitchWeapon" 4009
"C:/Program Files/Epic Games/Unreal Projects/HaloFloodFanGame01 5.5/Content/StarterContent/Textures/T_Concrete_Tiles_D.uasset" 4010
"/Game/Weapons/FuelRodCannon/FuelRodCannonCrosshair" 4011
"/Game/FirstPerson/Input/Actions/IA_Look" 4012
"C:/Program Files/Epic Games/Unreal Projects/HaloFloodFanGame01 5.5/Content/FirstPerson/Input/Actions/IA_SwitchGrenade.uasset" 4013
"/Game/StarterContent/Textures/T_Water_N" 4014
"C:/Program Files/Epic Games/Unreal Projects/HaloFloodFanGame01 5.5/Content/FirstPerson/Input/Actions/IA_Crouch.uasset" 4015
"C:/Program Files/Epic Games/Unreal Projects/HaloFloodFanGame01 5.5/Content/FirstPerson/Input/Actions/IA_Scope.uasset" 4016
"C:/Program Files/Epic Games/Unreal Projects/HaloFloodFanGame01 5.5/Content/FirstPerson/Input/Actions/IA_UseEquipment.uasset" 4017
"C:/Program Files/Epic Games/Unreal Projects/HaloFloodFanGame01 5.5/Content/FirstPerson/Input/Actions/IA_ToggleFlashlight.uasset" 4018
"C:/Program Files/Epic Games/Unreal Projects/HaloFloodFanGame01 5.5/Content/CurveDirectionalLight.uasset" 4019
"C:/Program Files/Epic Games/Unreal Projects/HaloFloodFanGame01 5.5/Content/StarterContent/Textures/T_CobbleStone_Pebble_M.uasset" 4020
"C:/Program Files/Epic Games/Unreal Projects/HaloFloodFanGame01 5.5/Content/M_Fog.uasset" 4021
"C:/Program Files/Epic Games/Unreal Projects/HaloFloodFanGame01 5.5/Content/FirstPerson/Input/Actions/IA_ThrowGrenade.uasset" 4022
"C:/Program Files/Epic Games/Unreal Projects/HaloFloodFanGame01 5.5/Content/StarterContent/Textures/T_CobbleStone_Pebble_N.uasset" 4023
"../../../Engine/Plugins/PCG/Content/SampleContent/SimpleForest/Materials/PCG_Rocks.uasset" 4024
"../../../Engine/Content/EngineMaterials/FogVolumeMaterial.uasset" 4025
"C:/Program Files/Epic Games/Unreal Projects/HaloFloodFanGame01 5.5/Content/CitySampleVehicles/vehicle08_Truck/Physics/FC_torque_curve__vehTruck_vehicle08.uasset" 4026
"C:/Program Files/Epic Games/Unreal Projects/HaloFloodFanGame01 5.5/Content/Vehicles/Car/BP_CarBackWheel.uasset" 4027
"C:/Program Files/Epic Games/Unreal Projects/HaloFloodFanGame01 5.5/Content/CitySampleVehicles/Input/Generic/IA_LC_LookDelta.uasset" 4028
"C:/Program Files/Epic Games/Unreal Projects/HaloFloodFanGame01 5.5/Content/CitySampleVehicles/Input/Vehicle/SteeringInputCurve.uasset" 4029
"C:/Program Files/Epic Games/Unreal Projects/HaloFloodFanGame01 5.5/Content/StarterContent/Textures/T_CobbleStone_Pebble_D.uasset" 4030
"C:/Program Files/Epic Games/Unreal Projects/HaloFloodFanGame01 5.5/Content/E_Weather.uasset" 4031
"C:/Program Files/Epic Games/Unreal Projects/HaloFloodFanGame01 5.5/Content/Burn_Mark_4.uasset" 4032
"/Game/FPS_Weapon_Bundle/Weapons/Meshes/G67_Grenade/SK_G67_X_Physics" 4033
"/Game/StarterContent/Textures/T_Concrete_Poured_N" 4034
"/Game/StarterContent/Textures/T_Concrete_Poured_D" 4035
"/Game/FirstPerson/Input/Actions/IA_ThrowGrenade" 4036
"/Game/FirstPerson/Input/Actions/IA_Crouch" 4037
"/Game/FirstPerson/Input/Actions/IA_SwitchGrenade" 4038
"/Game/CitySampleVehicles/Input/Vehicle/SteeringInputCurve" 4039
"/Game/M_Fog" 4040
"/Game/StarterContent/Textures/T_CobbleStone_Pebble_D" 4041
"/Game/StarterContent/Textures/T_CobbleStone_Pebble_M" 4042
"/Game/StarterContent/Textures/T_CobbleStone_Pebble_N" 4043
"/Engine/EngineMaterials/FogVolumeMaterial" 4044
"/Game/Burn_Mark_4" 4045
"/PCG/SampleContent/SimpleForest/Materials/PCG_Rocks" 4046
"/Game/CitySampleVehicles/Input/Generic/IA_LC_LookDelta" 4047
"/Game/Vehicles/Car/BP_CarBackWheel" 4048
"C:/Program Files/Epic Games/Unreal Projects/HaloFloodFanGame01 5.5/Content/Vehicles/Car/BP_CarFrontWheel.uasset" 4049
"C:/Program Files/Epic Games/Unreal Projects/HaloFloodFanGame01 5.5/Content/Vehicles/Ghost01/ghost_PhysicsAsset.uasset" 4050
"C:/Program Files/Epic Games/Unreal Projects/HaloFloodFanGame01 5.5/Content/Vehicles/Ghost01/ghost_Skeleton.uasset" 4051
"C:/Program Files/Epic Games/Unreal Projects/HaloFloodFanGame01 5.5/Content/FirstPerson/Input/Actions/IA_UsePDA.uasset" 4052
"C:/Program Files/Epic Games/Unreal Projects/HaloFloodFanGame01 5.5/Content/VermClone/S_RainyDay.uasset" 4053
"C:/Program Files/Epic Games/Unreal Projects/HaloFloodFanGame01 5.5/Content/UI/WBP_ChatLine.uasset" 4054
"../../../Engine/Plugins/FX/Niagara/Content/DefaultAssets/DefaultRIbbonMaterial.uasset" 4055
"../../../Engine/Plugins/FX/Niagara/Content/DefaultAssets/DefaultSpriteMaterial.uasset" 4056
"C:/Program Files/Epic Games/Unreal Projects/HaloFloodFanGame01 5.5/Content/Core/Weapons/BulletHole.uasset" 4057
"C:/Program Files/Epic Games/Unreal Projects/HaloFloodFanGame01 5.5/Content/Sounds/MissileLaunch.uasset" 4058
"C:/Program Files/Epic Games/Unreal Projects/HaloFloodFanGame01 5.5/Content/Core/Weapons/BulletHole_nrml.uasset" 4059
"C:/Program Files/Epic Games/Unreal Projects/HaloFloodFanGame01 5.5/Content/Core/Weapons/MS_GunVariance.uasset" 4060
"/Game/CitySampleVehicles/vehicle08_Truck/Physics/FC_torque_curve__vehTruck_vehicle08" 4061
"/Game/CurveDirectionalLight" 4062
"/Game/StarterContent/Textures/T_Concrete_Tiles_D" 4063
"/Game/E_Weather" 4064
"/Game/FirstPerson/Input/Actions/IA_ToggleFlashlight" 4065
"/Game/FirstPerson/Input/Actions/IA_Scope" 4066
"/Game/FirstPerson/Input/Actions/IA_UseEquipment" 4067
"/Game/Core/Weapons/MS_GunVariance" 4068
"/Game/Sounds/MissileLaunch" 4069
"/Niagara/DefaultAssets/DefaultSpriteMaterial" 4070
"/Niagara/DefaultAssets/DefaultRIbbonMaterial" 4071
"/Game/Core/Weapons/BulletHole" 4072
"/Game/Core/Weapons/BulletHole_nrml" 4073
"/Game/FirstPerson/Input/Actions/IA_UsePDA" 4074
"/Game/UI/WBP_ChatLine" 4075
"C:/Program Files/Epic Games/Unreal Projects/HaloFloodFanGame01 5.5/Content/Weapons/SPNKRRocketLauncher/SPNKRRocketLauncher_Skeleton.uasset" 4076
"C:/Program Files/Epic Games/Unreal Projects/HaloFloodFanGame01 5.5/Content/Weapons/SPNKRRocketLauncher/SPNKRRocketLauncher_PhysicsAsset.uasset" 4077
"C:/Program Files/Epic Games/Unreal Projects/HaloFloodFanGame01 5.5/Content/Weapons/BattleRifle/BR_PhysicsAsset.uasset" 4078
"C:/Program Files/Epic Games/Unreal Projects/HaloFloodFanGame01 5.5/Content/Weapons/BattleRifle/BR_Skeleton.uasset" 4079
"C:/Program Files/Epic Games/Unreal Projects/HaloFloodFanGame01 5.5/Content/AT_PodLaunch.uasset" 4080
"C:/Program Files/Epic Games/Unreal Projects/HaloFloodFanGame01 5.5/Content/Weapons/SMG/SMG_PhysicsAsset.uasset" 4081
"C:/Program Files/Epic Games/Unreal Projects/HaloFloodFanGame01 5.5/Content/StarterContent/Textures/T_Tech_Hex_Tile_N.uasset" 4082
"C:/Program Files/Epic Games/Unreal Projects/HaloFloodFanGame01 5.5/Content/Weapons/DMR/DMR_Skeleton.uasset" 4083
"C:/Program Files/Epic Games/Unreal Projects/HaloFloodFanGame01 5.5/Content/Weapons/SMG/SMG_Skeleton.uasset" 4084
"C:/Program Files/Epic Games/Unreal Projects/HaloFloodFanGame01 5.5/Content/Grenades/PM_FragGrenade.uasset" 4085
"C:/Program Files/Epic Games/Unreal Projects/HaloFloodFanGame01 5.5/Content/UI/Icons/PlasmaRifleCrosshair.uasset" 4086
"C:/Program Files/Epic Games/Unreal Projects/HaloFloodFanGame01 5.5/Content/UI/Icons/GhostCrosshair.uasset" 4087
"C:/Program Files/Epic Games/Unreal Projects/HaloFloodFanGame01 5.5/Content/Sounds/MS_DistanceCrossfade.uasset" 4088
"C:/Program Files/Epic Games/Unreal Projects/HaloFloodFanGame01 5.5/Content/Core/Weapons/S_Plasma_fire_01.uasset" 4089
"C:/Program Files/Epic Games/Unreal Projects/HaloFloodFanGame01 5.5/Content/Sounds/BlasterFar.uasset" 4090
"C:/Program Files/Epic Games/Unreal Projects/HaloFloodFanGame01 5.5/Content/Sounds/GhostHover.uasset" 4091
"C:/Program Files/Epic Games/Unreal Projects/HaloFloodFanGame01 5.5/Content/Weapons/DMR/DMR_PhysicsAsset.uasset" 4092
"C:/Program Files/Epic Games/Unreal Projects/HaloFloodFanGame01 5.5/Content/Weapons/AR/MarcusLehtoMA5B_PhysicsAsset.uasset" 4093
"../../../Engine/Plugins/FX/Niagara/Content/VectorFields/Assets/TilingCurl32.uasset" 4094
"/Game/Vehicles/Ghost01/ghost_Skeleton" 4095
"/Game/Vehicles/Ghost01/ghost_PhysicsAsset" 4096
"/Game/Vehicles/Car/BP_CarFrontWheel" 4097
"/Game/VermClone/S_RainyDay" 4098
"/Game/Weapons/AR/MarcusLehtoMA5B_PhysicsAsset" 4099
"/Game/Sounds/BlasterFar" 4100
"/Game/Core/Weapons/S_Plasma_fire_01" 4101
"/Game/Sounds/MS_DistanceCrossfade" 4102
"/Game/Core/Weapons/AT_90db" 4103
"/Niagara/VectorFields/Assets/TilingCurl32" 4104
"C:/Program Files/Epic Games/Unreal Projects/HaloFloodFanGame01 5.5/Content/Characters/InfectionForm/v2/infectionForm_Skeleton.uasset" 4105
"C:/Program Files/Epic Games/Unreal Projects/HaloFloodFanGame01 5.5/Content/Foley/EXPLOSION_Bang_04.uasset" 4106
"C:/Program Files/Epic Games/Unreal Projects/HaloFloodFanGame01 5.5/Content/Characters/InfectionForm/SKEL_InfectionForm.uasset" 4107
"C:/Program Files/Epic Games/Unreal Projects/HaloFloodFanGame01 5.5/Content/Vehicles/Wraith/wraith_Skeleton.uasset" 4108
"C:/Program Files/Epic Games/Unreal Projects/HaloFloodFanGame01 5.5/Content/UI/Icons/WraithCrosshair.uasset" 4109
"C:/Program Files/Epic Games/Unreal Projects/HaloFloodFanGame01 5.5/Content/Weapons/AR/MarcusLehtoMA5B_Skeleton.uasset" 4110
"C:/Program Files/Epic Games/Unreal Projects/HaloFloodFanGame01 5.5/Content/VermClone/Effects/DefaultSpriteMaterialLit.uasset" 4111
"C:/Program Files/Epic Games/Unreal Projects/HaloFloodFanGame01 5.5/Content/Vehicles/metalbarrelkick01.uasset" 4112
"/Game/UI/Icons/GhostCrosshair" 4113
"/Game/Sounds/GhostHover" 4114
"/Game/UI/Icons/PlasmaRifleCrosshair" 4115
"/Game/Weapons/DMR/DMR_PhysicsAsset" 4116
"/Game/Weapons/DMR/DMR_Skeleton" 4117
"/Game/Weapons/SMG/SMG_Skeleton" 4118
"/Game/Weapons/SMG/SMG_PhysicsAsset" 4119
"C:/Program Files/Epic Games/Unreal Projects/HaloFloodFanGame01 5.5/Content/Sounds/PlasmaGrenadeExplosionFar.uasset" 4120
"C:/Program Files/Epic Games/Unreal Projects/HaloFloodFanGame01 5.5/Content/Characters/InfectionForm/v2/infectionForm_PhysicsAsset.uasset" 4121
"/Engine/EngineSounds/SFX" 4122
"C:/Program Files/Epic Games/Unreal Projects/HaloFloodFanGame01 5.5/Content/Vehicles/Wraith/wraith_PhysicsAsset.uasset" 4123
"C:/Program Files/Epic Games/Unreal Projects/HaloFloodFanGame01 5.5/Content/Sounds/WraithHover.uasset" 4124
"../../../Engine/Content/EngineSounds/SFX.uasset" 4125
"../../../Engine/Content/EngineSounds/Normal_Attack.uasset" 4126
"../../../Engine/Content/EngineSounds/Special_Attack_PSM.uasset" 4127
"../../../Engine/Content/EngineSounds/Duck_Normal_Attack_MixMod.uasset" 4128
"/Game/AT_PodLaunch" 4129
"/Game/StarterContent/Textures/T_Tech_Hex_Tile_N" 4130
"/Game/Weapons/BattleRifle/BR_PhysicsAsset" 4131
"/Game/Weapons/BattleRifle/BR_Skeleton" 4132
"/Game/Grenades/PM_FragGrenade" 4133
"/Game/Weapons/SPNKRRocketLauncher/SPNKRRocketLauncher_Skeleton" 4134
"/Game/Weapons/SPNKRRocketLauncher/SPNKRRocketLauncher_PhysicsAsset" 4135
"/Game/Vehicles/metalbarrelkick01" 4136
"/Game/Foley/EXPLOSION_Bang_04" 4137
"/Game/Sounds/PlasmaGrenadeExplosionFar" 4138
"/Game/Vehicles/Wraith/wraith_PhysicsAsset" 4139
"/Game/Vehicles/Wraith/wraith_Skeleton" 4140
"/Game/UI/Icons/WraithCrosshair" 4141
"/Game/Sounds/WraithHover" 4142
"/Game/Characters/InfectionForm/v2/infectionForm_PhysicsAsset" 4143
"/Game/Characters/InfectionForm/v2/infectionForm_Skeleton" 4144
"C:/Program Files/Epic Games/Unreal Projects/HaloFloodFanGame01 5.5/Content/Vehicles/metalbarrelkick03.uasset" 4145
"C:/Program Files/Epic Games/Unreal Projects/HaloFloodFanGame01 5.5/Content/Vehicles/metalbarrelkick02.uasset" 4146
"../../../Engine/Plugins/FX/Niagara/Content/DefaultAssets/M_Gnomon_Alpha.uasset" 4147
"C:/Program Files/Epic Games/Unreal Projects/HaloFloodFanGame01 5.5/Content/Vehicles/metalbarrelkick04.uasset" 4148
"C:/Program Files/Epic Games/Unreal Projects/HaloFloodFanGame01 5.5/Content/Characters/Elite/v4/Elite_minor_chest_PhysicsAsset.uasset" 4149
"C:/Program Files/Epic Games/Unreal Projects/HaloFloodFanGame01 5.5/Content/UI/Icons/PlasmaPistolCrosshair.uasset" 4150
"C:/Program Files/Epic Games/Unreal Projects/HaloFloodFanGame01 5.5/Content/Characters/Elite/v4/Elite_minor_armguards_PhysicsAsset.uasset" 4151
"C:/Program Files/Epic Games/Unreal Projects/HaloFloodFanGame01 5.5/Content/Characters/Elite/v4/Elite_minor_helmet_PhysicsAsset.uasset" 4152
"C:/Program Files/Epic Games/Unreal Projects/HaloFloodFanGame01 5.5/Content/Characters/Elite/v4/Elite_minor_legguards_PhysicsAsset.uasset" 4153
"C:/Program Files/Epic Games/Unreal Projects/HaloFloodFanGame01 5.5/Content/Characters/Elite/v4/Elite_minor_armrings_PhysicsAsset.uasset" 4154
"C:/Program Files/Epic Games/Unreal Projects/HaloFloodFanGame01 5.5/Content/Characters/Elite/v4/Elite_minor_shoulders_PhysicsAsset.uasset" 4155
"C:/Program Files/Epic Games/Unreal Projects/HaloFloodFanGame01 5.5/Content/Characters/Elite/v4/Elite_minor_lowerlegguards_PhysicsAsset.uasset" 4156
"C:/Program Files/Epic Games/Unreal Projects/HaloFloodFanGame01 5.5/Content/Weapons/Shotgun/Shotgun_Skeleton.uasset" 4157
"C:/Program Files/Epic Games/Unreal Projects/HaloFloodFanGame01 5.5/Content/Weapons/Shotgun/Shotgun_PhysicsAsset.uasset" 4158
"C:/Program Files/Epic Games/Unreal Projects/HaloFloodFanGame01 5.5/Content/Characters/Grunt/PA_Grunt_ChestArmor.uasset" 4159
"C:/Program Files/Epic Games/Unreal Projects/HaloFloodFanGame01 5.5/Content/Characters/Grunt/SKEL_Grunt.uasset" 4160
"C:/Program Files/Epic Games/Unreal Projects/HaloFloodFanGame01 5.5/Content/Characters/Grunt/PA_Mask.uasset" 4161
"C:/Program Files/Epic Games/Unreal Projects/HaloFloodFanGame01 5.5/Content/Characters/Grunt/PA_Grunt.uasset" 4162
"C:/Program Files/Epic Games/Unreal Projects/HaloFloodFanGame01 5.5/Content/Characters/Grunt/PA_Grunt_Backpack.uasset" 4163
"../../../Engine/Content/Animation/DefaultAnimCurveCompressionSettings.uasset" 4164
"/Game/VermClone/Effects/DefaultSpriteMaterialLit" 4165
"/Game/Characters/InfectionForm/SKEL_InfectionForm" 4166
"/Game/Weapons/AR/MarcusLehtoMA5B_Skeleton" 4167
"/Engine/Animation/DefaultAnimCurveCompressionSettings" 4168
"/Game/Characters/Grunt/PA_Grunt" 4169
"C:/Program Files/Epic Games/Unreal Projects/HaloFloodFanGame01 5.5/Content/Weapons/SniperRifle/SR_Skeleton.uasset" 4170
"C:/Program Files/Epic Games/Unreal Projects/HaloFloodFanGame01 5.5/Content/Characters/FPModel2/Hands18_Skeleton.uasset" 4171
"C:/Program Files/Epic Games/Unreal Projects/HaloFloodFanGame01 5.5/Content/Characters/FPModel/SKEL_Hands.uasset" 4172
"C:/Program Files/Epic Games/Unreal Projects/HaloFloodFanGame01 5.5/Content/Sounds/Explosion01Far.uasset" 4173
"C:/Program Files/Epic Games/Unreal Projects/HaloFloodFanGame01 5.5/Content/Characters/Carrier/TEST/carrier_39_Skeleton.uasset" 4174
"C:/Program Files/Epic Games/Unreal Projects/HaloFloodFanGame01 5.5/Content/Sounds/Explosion01.uasset" 4175
"C:/Program Files/Epic Games/Unreal Projects/HaloFloodFanGame01 5.5/Content/Weapons/SniperRifle/SR_PhysicsAsset.uasset" 4176
"/Game/Characters/Grunt/PA_Grunt_Backpack" 4177
"/Game/Characters/Grunt/PA_Mask" 4178
"/Game/Characters/Grunt/PA_Grunt_ChestArmor" 4179
"/Game/Characters/Grunt/SKEL_Grunt" 4180
"/Game/Weapons/Shotgun/Shotgun_Skeleton" 4181
"/Game/Weapons/Shotgun/Shotgun_PhysicsAsset" 4182
"/Game/Characters/Elite/v4/Elite_minor_helmet_PhysicsAsset" 4183
"C:/Program Files/Epic Games/Unreal Projects/HaloFloodFanGame01 5.5/Content/Characters/Carrier/V2/PA_Carrier.uasset" 4184
"C:/Program Files/Epic Games/Unreal Projects/HaloFloodFanGame01 5.5/Content/Weapons/Glock/Glock_Skeleton.uasset" 4185
"C:/Program Files/Epic Games/Unreal Projects/HaloFloodFanGame01 5.5/Content/Weapons/Glock/Glock_Physics.uasset" 4186
"C:/Program Files/Epic Games/Unreal Projects/HaloFloodFanGame01 5.5/Content/Characters/Carrier/V2/SKEL_Carrier.uasset" 4187
"C:/Program Files/Epic Games/Unreal Projects/HaloFloodFanGame01 5.5/Content/AT_DropPodIdle.uasset" 4188
"/Game/Characters/Elite/v4/Elite_minor_shoulders_PhysicsAsset" 4189
"/Game/Characters/Elite/v4/Elite_minor_legguards_PhysicsAsset" 4190
"/Game/Characters/Elite/v4/Elite_minor_armrings_PhysicsAsset" 4191
"/Game/Characters/Elite/v4/Elite_minor_lowerlegguards_PhysicsAsset" 4192
"/Game/UI/Icons/PlasmaPistolCrosshair" 4193
"/Game/Characters/Elite/v4/Elite_minor_armguards_PhysicsAsset" 4194
"/Game/Characters/Elite/v4/Elite_minor_chest_PhysicsAsset" 4195
"/Niagara/DefaultAssets/M_Gnomon_Alpha" 4196
"/Game/Vehicles/metalbarrelkick02" 4197
"/Game/Vehicles/metalbarrelkick04" 4198
"/Game/Vehicles/metalbarrelkick03" 4199
"/Game/AT_DropPodIdle" 4200
"/Game/Weapons/Glock/Glock_Physics" 4201
"/Game/Weapons/Glock/Glock_Skeleton" 4202
"../../../Engine/Content/EngineSky/T_Sky_Blue.uasset" 4203
"C:/Program Files/Epic Games/Unreal Projects/HaloFloodFanGame01 5.5/Content/UI/GameInfo/WBP_InfoEntry.uasset" 4204
"C:/Program Files/Epic Games/Unreal Projects/HaloFloodFanGame01 5.5/Content/FirstPerson/Input/Actions/PDA/IA_PDA_Select.uasset" 4205
"C:/Program Files/Epic Games/Unreal Projects/HaloFloodFanGame01 5.5/Content/S_Planes_-_10_-_Takeoff_-_C_1.uasset" 4206
"C:/Program Files/Epic Games/Unreal Projects/HaloFloodFanGame01 5.5/Content/FirstPerson/Input/Actions/PDA/IA_PDA_Close.uasset" 4207
"C:/Program Files/Epic Games/Unreal Projects/HaloFloodFanGame01 5.5/Content/UI/Icons/TopDownIcon.uasset" 4208
"C:/Program Files/Epic Games/Unreal Projects/HaloFloodFanGame01 5.5/Content/FirstPerson/Input/Actions/PDA/IA_PDA_Navigate.uasset" 4209
"C:/Program Files/Epic Games/Unreal Projects/HaloFloodFanGame01 5.5/Content/UI/WBP_HaloTextBox.uasset" 4210
"C:/Program Files/Epic Games/Unreal Projects/HaloFloodFanGame01 5.5/Content/Vehicles/DropPod/DropPod_Skeleton.uasset" 4211
"C:/Program Files/Epic Games/Unreal Projects/HaloFloodFanGame01 5.5/Content/UI/Icons/Refresh.uasset" 4212
"/Game/Characters/Carrier/V2/PA_Carrier" 4213
"../../../Engine/Content/EngineSky/T_Sky_Stars.uasset" 4214
"/Game/Characters/Carrier/V2/SKEL_Carrier" 4215
"../../../Engine/Content/EngineSky/T_Sky_Clouds_M.uasset" 4216
"/Game/Characters/FPModel/SKEL_Hands" 4217
"C:/Program Files/Epic Games/Unreal Projects/HaloFloodFanGame01 5.5/Content/UI/WBP_SessionInfo.uasset" 4218
"C:/Program Files/Epic Games/Unreal Projects/HaloFloodFanGame01 5.5/Content/UI/WBP_CustomListEntry.uasset" 4219
"C:/Program Files/Epic Games/Unreal Projects/HaloFloodFanGame01 5.5/Content/UI/Icons/ButtonElement.uasset" 4220
"C:/Program Files/Epic Games/Unreal Projects/HaloFloodFanGame01 5.5/Content/UI/Icons/ButtonRight.uasset" 4221
"C:/Program Files/Epic Games/Unreal Projects/HaloFloodFanGame01 5.5/Content/Vehicles/DropPod/DropPod_PhysicsAsset.uasset" 4222
"/Game/Characters/Carrier/TEST/carrier_39_Skeleton" 4223
"C:/Program Files/Epic Games/Unreal Projects/HaloFloodFanGame01 5.5/Content/Objects/Halo/Halo_Export_Normal.uasset" 4224
"/Game/Sounds/Explosion01Far" 4225
"/Game/Sounds/Explosion01" 4226
"C:/Program Files/Epic Games/Unreal Projects/HaloFloodFanGame01 5.5/Content/Objects/Halo/Halo_Export_Diffuse.uasset" 4227
"C:/Program Files/Epic Games/Unreal Projects/HaloFloodFanGame01 5.5/Content/FPWeapon/Mesh/SK_FPGun_Skeleton.uasset" 4228
"/Game/Weapons/SniperRifle/SR_Skeleton" 4229
"/Game/Weapons/SniperRifle/SR_PhysicsAsset" 4230
"/Game/Characters/FPModel2/Hands18_Skeleton" 4231
"/Game/FPWeapon/Mesh/SK_FPGun_Skeleton" 4232
"/Game/Objects/Halo/Halo_Export_Diffuse" 4233
"/Game/Objects/Halo/Halo_Export_Normal" 4234
"/Game/UI/WBP_CustomListEntry" 4235
"/Game/UI/Icons/ButtonElement" 4236
"/Game/UI/Icons/ButtonRight" 4237
"/Game/UI/WBP_SessionInfo" 4238
"C:/Program Files/Epic Games/Unreal Projects/HaloFloodFanGame01 5.5/Content/FPWeapon/Mesh/SK_FPGun_Physics.uasset" 4239
"C:/Program Files/Epic Games/Unreal Projects/HaloFloodFanGame01 5.5/Content/Core/Weapons/ScopeOverlay.uasset" 4240
"C:/Program Files/Epic Games/Unreal Projects/HaloFloodFanGame01 5.5/Content/Fab/Megascans/3D/Sandstone_Boulder_vmkeejj/Medium/T_vmkeejj_2K_ORM.uasset" 4241
"C:/Program Files/Epic Games/Unreal Projects/HaloFloodFanGame01 5.5/Content/Characters/Elite/v3/Elite_Normal.uasset" 4242
"C:/Program Files/Epic Games/Unreal Projects/HaloFloodFanGame01 5.5/Content/Fab/Megascans/3D/Sandstone_Boulder_vmkeejj/Medium/T_vmkeejj_2K_B.uasset" 4243
"C:/Program Files/Epic Games/Unreal Projects/HaloFloodFanGame01 5.5/Content/UI/Icons/bullet2.uasset" 4244
"C:/Program Files/Epic Games/Unreal Projects/HaloFloodFanGame01 5.5/Content/StarterContent/Textures/T_Smoke_Tiled_D.uasset" 4245
"/Game/UI/Icons/Refresh" 4246
"/Game/UI/WBP_HaloTextBox" 4247
"/Engine/EngineSky/T_Sky_Blue" 4248
"/Engine/EngineSky/T_Sky_Clouds_M" 4249
"/Engine/EngineSky/T_Sky_Stars" 4250
"/Game/UI/GameInfo/WBP_InfoEntry" 4251
"/Game/UI/Icons/TopDownIcon" 4252
"/Game/FirstPerson/Input/Actions/PDA/IA_PDA_Close" 4253
"C:/Program Files/Epic Games/Unreal Projects/HaloFloodFanGame01 5.5/Content/StarterContent/Textures/T_Ground_Grass_D.uasset" 4254
"C:/Program Files/Epic Games/Unreal Projects/HaloFloodFanGame01 5.5/Content/Fab/Megascans/3D/Sandstone_Boulder_vmkeejj/Medium/T_vmkeejj_2K_N.uasset" 4255
"/Game/FirstPerson/Input/Actions/PDA/IA_PDA_Navigate" 4256
"/Game/FirstPerson/Input/Actions/PDA/IA_PDA_Select" 4257
"/Game/Vehicles/DropPod/DropPod_Skeleton" 4258
"/Game/Vehicles/DropPod/DropPod_PhysicsAsset" 4259
"/Game/S_Planes_-_10_-_Takeoff_-_C_1" 4260
"C:/Program Files/Epic Games/Unreal Projects/HaloFloodFanGame01 5.5/Content/StarterContent/Textures/T_Ground_Gravel_N.uasset" 4261
"/Game/StarterContent/Textures/T_Ground_Grass_D" 4262
"/Game/StarterContent/Textures/T_Smoke_Tiled_D" 4263
"/Game/Characters/Elite/v3/Elite_Normal" 4264
"/Game/Fab/Megascans/3D/Sandstone_Boulder_vmkeejj/Medium/T_vmkeejj_2K_B" 4265
"/Game/Fab/Megascans/3D/Sandstone_Boulder_vmkeejj/Medium/T_vmkeejj_2K_N" 4266
"/Game/Fab/Megascans/3D/Sandstone_Boulder_vmkeejj/Medium/T_vmkeejj_2K_ORM" 4267
"/Game/Core/Weapons/ScopeOverlay" 4268
"/Game/UI/Icons/bullet2" 4269
"/Game/FPWeapon/Mesh/SK_FPGun_Physics" 4270
"C:/Program Files/Epic Games/Unreal Projects/HaloFloodFanGame01 5.5/Content/StarterContent/Textures/T_Smoke_SubUV.uasset" 4271
"C:/Program Files/Epic Games/Unreal Projects/HaloFloodFanGame01 5.5/Content/Fab/Megascans/Surfaces/Road_Asphalt_rh0ribp0/Medium/T_rh0ribp0_2K_B.uasset" 4272
"C:/Program Files/Epic Games/Unreal Projects/HaloFloodFanGame01 5.5/Content/StarterContent/Textures/T_Rock_Basalt_N.uasset" 4273
"C:/Program Files/Epic Games/Unreal Projects/HaloFloodFanGame01 5.5/Content/StarterContent/Textures/T_Ground_Grass_N.uasset" 4274
"C:/Program Files/Epic Games/Unreal Projects/HaloFloodFanGame01 5.5/Content/StarterContent/Textures/T_Rock_Basalt_D.uasset" 4275
"C:/Program Files/Epic Games/Unreal Projects/HaloFloodFanGame01 5.5/Content/Fab/Megascans/3D/Huge_Sandstone_Cliff_vmobfiw/Medium/T_vmobfiw_2K_B.uasset" 4276
"C:/Program Files/Epic Games/Unreal Projects/HaloFloodFanGame01 5.5/Content/StarterContent/Textures/T_Ground_Gravel_D.uasset" 4277
"/Game/Fab/Megascans/Surfaces/Road_Asphalt_rh0ribp0/Medium/T_rh0ribp0_2K_B" 4278
"/Game/StarterContent/Textures/T_Ground_Gravel_N" 4279
"/Game/StarterContent/Textures/T_Smoke_SubUV" 4280
"/Game/Fab/Megascans/3D/Huge_Sandstone_Cliff_vmobfiw/Medium/T_vmobfiw_2K_B" 4281
"/Game/StarterContent/Textures/T_Rock_Basalt_N" 4282
"/Game/StarterContent/Textures/T_Ground_Grass_N" 4283
"/Game/StarterContent/Textures/T_Rock_Basalt_D" 4284
"/Game/StarterContent/Textures/T_Ground_Gravel_D" 4285
"C:/Program Files/Epic Games/Unreal Projects/HaloFloodFanGame01 5.5/Content/seamlessclothtexture01.uasset" 4286
"C:/Program Files/Epic Games/Unreal Projects/HaloFloodFanGame01 5.5/Content/Fab/Megascans/3D/Huge_Sandstone_Cliff_vmobfiw/Medium/T_vmobfiw_2K_N.uasset" 4287
"C:/Program Files/Epic Games/Unreal Projects/HaloFloodFanGame01 5.5/Content/FPS_Weapon_Bundle/Weapons/Textures/G67_Grenade/T_G67_ALB.uasset" 4288
"C:/Program Files/Epic Games/Unreal Projects/HaloFloodFanGame01 5.5/Content/FPS_Weapon_Bundle/Weapons/Textures/G67_Grenade/T_G67_NRM.uasset" 4289
"C:/Program Files/Epic Games/Unreal Projects/HaloFloodFanGame01 5.5/Content/FPS_Weapon_Bundle/Weapons/Textures/G67_Grenade/T_G67_M_MSK.uasset" 4290
"C:/Program Files/Epic Games/Unreal Projects/HaloFloodFanGame01 5.5/Content/Fab/Megascans/Surfaces/Road_Asphalt_rh0ribp0/Medium/T_rh0ribp0_2K_N.uasset" 4291
"C:/Program Files/Epic Games/Unreal Projects/HaloFloodFanGame01 5.5/Content/Weapons/Carbine/Carbine_PhysicsAsset.uasset" 4292
"C:/Program Files/Epic Games/Unreal Projects/HaloFloodFanGame01 5.5/Content/Fab/Megascans/3D/Massive_Sandstone_Cliff_vmodcha/Medium/T_vmodcha_2K_N.uasset" 4293
"C:/Program Files/Epic Games/Unreal Projects/HaloFloodFanGame01 5.5/Content/Fab/Megascans/3D/Massive_Sandstone_Cliff_vmnmbjp/Medium/T_vmnmbjp_2K_B.uasset" 4294
"C:/Program Files/Epic Games/Unreal Projects/HaloFloodFanGame01 5.5/Content/Fab/Megascans/3D/Massive_Sandstone_Cliff_vmodcha/Medium/T_vmodcha_2K_B.uasset" 4295
"C:/Program Files/Epic Games/Unreal Projects/HaloFloodFanGame01 5.5/Content/Weapons/Carbine/Carbine_Skeleton.uasset" 4296
"C:/Program Files/Epic Games/Unreal Projects/HaloFloodFanGame01 5.5/Content/Fab/Megascans/3D/Huge_Sandstone_Cliff_vmobfiw/Medium/T_vmobfiw_2K_ORM.uasset" 4297
"C:/Program Files/Epic Games/Unreal Projects/HaloFloodFanGame01 5.5/Content/Weapons/FuelRodCannon/FuelRodCannon_Skeleton.uasset" 4298
"C:/Program Files/Epic Games/Unreal Projects/HaloFloodFanGame01 5.5/Content/Weapons/FuelRodCannon/FuelRodCannon_PhysicsAsset.uasset" 4299
"C:/Program Files/Epic Games/Unreal Projects/HaloFloodFanGame01 5.5/Content/UI/Icons/PlateIcon.uasset" 4300
"C:/Program Files/Epic Games/Unreal Projects/HaloFloodFanGame01 5.5/Content/Fab/Megascans/3D/Massive_Sandstone_Cliff_vmodcha/Medium/T_vmodcha_2K_ORM.uasset" 4301
"C:/Program Files/Epic Games/Unreal Projects/HaloFloodFanGame01 5.5/Content/Vehicles/Turret/Turret_PhysicsAsset.uasset" 4302
"C:/Program Files/Epic Games/Unreal Projects/HaloFloodFanGame01 5.5/Content/Vehicles/Turret/Turret_Skeleton.uasset" 4303
"C:/Program Files/Epic Games/Unreal Projects/HaloFloodFanGame01 5.5/Content/UI/Icons/CycleIcon.uasset" 4304
"C:/Program Files/Epic Games/Unreal Projects/HaloFloodFanGame01 5.5/Content/water_caustics.uasset" 4305
"C:/Program Files/Epic Games/Unreal Projects/HaloFloodFanGame01 5.5/Content/Fab/Megascans/3D/Massive_Sandstone_Cliff_vmnmbjp/Medium/T_vmnmbjp_2K_N.uasset" 4306
"C:/Program Files/Epic Games/Unreal Projects/HaloFloodFanGame01 5.5/Content/Fab/Megascans/3D/Massive_Sandstone_Cliff_vmpcfio/Medium/T_vmpcfio_2K_B.uasset" 4307
"C:/Program Files/Epic Games/Unreal Projects/HaloFloodFanGame01 5.5/Content/Fab/Megascans/3D/Massive_Sandstone_Cliff_vmpcfio/Medium/T_vmpcfio_2K_ORM.uasset" 4308
"C:/Program Files/Epic Games/Unreal Projects/HaloFloodFanGame01 5.5/Content/Sounds/PM_SFG_VOL1_WEAPON_8_2_GUN_GUNSHOT_FUTURISTIC.uasset" 4309
"C:/Program Files/Epic Games/Unreal Projects/HaloFloodFanGame01 5.5/Content/Fab/Megascans/3D/Massive_Sandstone_Cliff_vmnmbjp/Medium/T_vmnmbjp_2K_ORM.uasset" 4310
"/Game/Weapons/Carbine/Carbine_PhysicsAsset" 4311
"C:/Program Files/Epic Games/Unreal Projects/HaloFloodFanGame01 5.5/Content/Fab/Megascans/3D/Massive_Sandstone_Cliff_vmpcfio/Medium/T_vmpcfio_2K_N.uasset" 4312
"C:/Program Files/Epic Games/Unreal Projects/HaloFloodFanGame01 5.5/Content/UI/WBP_NotificationLine.uasset" 4313
"C:/Program Files/Epic Games/Unreal Projects/HaloFloodFanGame01 5.5/Content/Sounds/CANNON_Plasma_Shot_Tonal_High_10.uasset" 4314
"C:/Program Files/Epic Games/Unreal Projects/HaloFloodFanGame01 5.5/Content/UI/Icons/HUD4.uasset" 4315
"C:/Program Files/Epic Games/Unreal Projects/HaloFloodFanGame01 5.5/Content/Body_impacts/S_Body_hit_01.uasset" 4316
"/Game/water_caustics" 4317
"/Game/Fab/Megascans/3D/Massive_Sandstone_Cliff_vmnmbjp/Medium/T_vmnmbjp_2K_ORM" 4318
"/Game/Weapons/FuelRodCannon/FuelRodCannon_Skeleton" 4319
"/Game/Weapons/FuelRodCannon/FuelRodCannon_PhysicsAsset" 4320
"C:/Program Files/Epic Games/Unreal Projects/HaloFloodFanGame01 5.5/Content/StarterContent/Textures/T_Concrete_Panels_D.uasset" 4321
"/Game/UI/Icons/CycleIcon" 4322
"/Game/Fab/Megascans/3D/Massive_Sandstone_Cliff_vmnmbjp/Medium/T_vmnmbjp_2K_B" 4323
"C:/Program Files/Epic Games/Unreal Projects/HaloFloodFanGame01 5.5/Content/UI/Icons/Grenade.uasset" 4324
"/Game/Fab/Megascans/3D/Massive_Sandstone_Cliff_vmnmbjp/Medium/T_vmnmbjp_2K_N" 4325
"/Game/FPS_Weapon_Bundle/Weapons/Textures/G67_Grenade/T_G67_ALB" 4326
"/Game/FPS_Weapon_Bundle/Weapons/Textures/G67_Grenade/T_G67_M_MSK" 4327
"/Game/Fab/Megascans/3D/Massive_Sandstone_Cliff_vmpcfio/Medium/T_vmpcfio_2K_ORM" 4328
"/Game/FPS_Weapon_Bundle/Weapons/Textures/G67_Grenade/T_G67_NRM" 4329
"/Game/seamlessclothtexture01" 4330
"/Game/Fab/Megascans/3D/Massive_Sandstone_Cliff_vmodcha/Medium/T_vmodcha_2K_B" 4331
"/Game/Fab/Megascans/3D/Massive_Sandstone_Cliff_vmodcha/Medium/T_vmodcha_2K_N" 4332
"/Game/Fab/Megascans/3D/Massive_Sandstone_Cliff_vmodcha/Medium/T_vmodcha_2K_ORM" 4333
"/Game/Fab/Megascans/3D/Massive_Sandstone_Cliff_vmpcfio/Medium/T_vmpcfio_2K_B" 4334
"/Game/Sounds/PM_SFG_VOL1_WEAPON_8_2_GUN_GUNSHOT_FUTURISTIC" 4335
"/Game/Fab/Megascans/3D/Huge_Sandstone_Cliff_vmobfiw/Medium/T_vmobfiw_2K_ORM" 4336
"/Game/Fab/Megascans/3D/Huge_Sandstone_Cliff_vmobfiw/Medium/T_vmobfiw_2K_N" 4337
"/Game/Weapons/Carbine/Carbine_Skeleton" 4338
"/Game/Fab/Megascans/Surfaces/Road_Asphalt_rh0ribp0/Medium/T_rh0ribp0_2K_N" 4339
"/Game/UI/Icons/PlateIcon" 4340
"/Game/Vehicles/Turret/Turret_PhysicsAsset" 4341
"/Game/Vehicles/Turret/Turret_Skeleton" 4342
"/Game/Body_impacts/S_Body_hit_01" 4343
"/Game/UI/Icons/Grenade" 4344
"/Game/Sounds/CANNON_Plasma_Shot_Tonal_High_10" 4345
"/Game/StarterContent/Textures/T_Concrete_Panels_D" 4346
"/Game/Fab/Megascans/3D/Massive_Sandstone_Cliff_vmpcfio/Medium/T_vmpcfio_2K_N" 4347
"/Game/UI/WBP_NotificationLine" 4348
"C:/Program Files/Epic Games/Unreal Projects/HaloFloodFanGame01 5.5/Content/Body_impacts/S_Body_hit_02.uasset" 4349
"C:/Program Files/Epic Games/Unreal Projects/HaloFloodFanGame01 5.5/Content/UI/Icons/BoostIcon.uasset" 4350
"C:/Program Files/Epic Games/Unreal Projects/HaloFloodFanGame01 5.5/Content/CitySampleVehicles/Input/Generic/IA_LC_Look.uasset" 4351
"C:/Program Files/Epic Games/Unreal Projects/HaloFloodFanGame01 5.5/Content/Fab/Megascans/3D/Huge_Sandstone_Cliff_vmjecjd/Medium/T_vmjecjd_2K_B.uasset" 4352
"C:/Program Files/Epic Games/Unreal Projects/HaloFloodFanGame01 5.5/Content/Fab/Megascans/3D/Huge_Sandstone_Cliff_vmjecjd/Medium/T_vmjecjd_2K_N.uasset" 4353
"C:/Program Files/Epic Games/Unreal Projects/HaloFloodFanGame01 5.5/Content/UI/Icons/HealthBarFull_Fill01.uasset" 4354
"C:/Program Files/Epic Games/Unreal Projects/HaloFloodFanGame01 5.5/Content/Fab/Megascans/3D/Huge_Sandstone_Cliff_vmjecjd/Medium/T_vmjecjd_2K_ORM.uasset" 4355
"../../../Engine/Content/EngineMeshes/SkeletalCube_Skeleton.uasset" 4356
"C:/Program Files/Epic Games/Unreal Projects/HaloFloodFanGame01 5.5/Content/UI/Icons/HealthBarFull_Outline01.uasset" 4357
"C:/Program Files/Epic Games/Unreal Projects/HaloFloodFanGame01 5.5/Content/AI/BTTask_ClearBehaviorTree.uasset" 4358
"C:/Program Files/Epic Games/Unreal Projects/HaloFloodFanGame01 5.5/Content/Vehicles/Car/EngineIdle.uasset" 4359
"C:/Program Files/Epic Games/Unreal Projects/HaloFloodFanGame01 5.5/Content/Burn_Mark_3.uasset" 4360
"C:/Program Files/Epic Games/Unreal Projects/HaloFloodFanGame01 5.5/Content/Vehicles/Car/EngineLoop.uasset" 4361
"../../../Engine/Content/Functions/Engine_MaterialFunctions02/WorldPositionOffset/ObjectPivotPoint.uasset" 4362
"C:/Program Files/Epic Games/Unreal Projects/HaloFloodFanGame01 5.5/Content/StarterContent/Textures/T_Bush_D.uasset" 4363
"C:/Program Files/Epic Games/Unreal Projects/HaloFloodFanGame01 5.5/Content/textures/bs_6_opacity.uasset" 4364
"C:/Program Files/Epic Games/Unreal Projects/HaloFloodFanGame01 5.5/Content/StarterContent/Textures/T_Bush_N.uasset" 4365
"C:/Program Files/Epic Games/Unreal Projects/HaloFloodFanGame01 5.5/Content/Objects/Flare/Flare_LP_Mat.uasset" 4366
"C:/Program Files/Epic Games/Unreal Projects/HaloFloodFanGame01 5.5/Content/textures/bs_6_color.uasset" 4367
"C:/Program Files/Epic Games/Unreal Projects/HaloFloodFanGame01 5.5/Content/textures/Bs_6_normalmap.uasset" 4368
"../../../Engine/Plugins/Interchange/Assets/Content/Functions/MF_PhongToMetalRoughness.uasset" 4369
"C:/Program Files/Epic Games/Unreal Projects/HaloFloodFanGame01 5.5/Content/Weapons/SPNKRRocketLauncher/SPNKR_GR_SPNKR_Emissive.uasset" 4370
"C:/Program Files/Epic Games/Unreal Projects/HaloFloodFanGame01 5.5/Content/Weapons/SPNKRRocketLauncher/SPNKR_GR_SPNKR_OcclusionRoughnessMetallic.uasset" 4371
"C:/Program Files/Epic Games/Unreal Projects/HaloFloodFanGame01 5.5/Content/Weapons/SPNKRRocketLauncher/SPNKR_GR_SPNKR_BaseColor.uasset" 4372
"C:/Program Files/Epic Games/Unreal Projects/HaloFloodFanGame01 5.5/Content/CitySampleVehicles/Input/Vehicle/IA_VH_Handbrake.uasset" 4373
"/Game/UI/Icons/HUD4" 4374
"/Game/Weapons/SPNKRRocketLauncher/SPNKR_GR_SPNKR_BaseColor" 4375
"/InterchangeAssets/Functions/MF_PhongToMetalRoughness" 4376
"/Game/Weapons/SPNKRRocketLauncher/SPNKR_GR_SPNKR_OcclusionRoughnessMetallic" 4377
"/Game/Weapons/SPNKRRocketLauncher/SPNKR_GR_SPNKR_Emissive" 4378
"/Game/Objects/Flare/Flare_LP_Mat" 4379
"/Engine/Functions/Engine_MaterialFunctions02/WorldPositionOffset/ObjectPivotPoint" 4380
"/Game/textures/bs_6_opacity" 4381
"C:/Program Files/Epic Games/Unreal Projects/HaloFloodFanGame01 5.5/Content/Vehicles/Banshee/banshee_PhysicsAsset.uasset" 4382
"C:/Program Files/Epic Games/Unreal Projects/HaloFloodFanGame01 5.5/Content/Vehicles/Banshee/banshee_Skeleton.uasset" 4383
"C:/Program Files/Epic Games/Unreal Projects/HaloFloodFanGame01 5.5/Content/Weapons/BattleRifle/DefaultMaterial_roughness.uasset" 4384
"C:/Program Files/Epic Games/Unreal Projects/HaloFloodFanGame01 5.5/Content/Weapons/BattleRifle/DefaultMaterial_AO.uasset" 4385
"C:/Program Files/Epic Games/Unreal Projects/HaloFloodFanGame01 5.5/Content/Weapons/BattleRifle/DefaultMaterial_albedo.uasset" 4386
"C:/Program Files/Epic Games/Unreal Projects/HaloFloodFanGame01 5.5/Content/Weapons/SPNKRRocketLauncher/SPNKR_GR_SPNKR_Normal.uasset" 4387
"C:/Program Files/Epic Games/Unreal Projects/HaloFloodFanGame01 5.5/Content/Weapons/BattleRifle/DefaultMaterial_normal.uasset" 4388
"/Game/textures/bs_6_color" 4389
"/Game/textures/Bs_6_normalmap" 4390
"/Game/StarterContent/Textures/T_Bush_D" 4391
"/Game/StarterContent/Textures/T_Bush_N" 4392
"/Game/Vehicles/Car/EngineIdle" 4393
"/Game/Vehicles/Car/EngineLoop" 4394
"/Game/Burn_Mark_3" 4395
"/Game/AI/BTTask_ClearBehaviorTree" 4396
"/Game/CitySampleVehicles/Input/Vehicle/IA_VH_Handbrake" 4397
"/Game/CitySampleVehicles/Input/Generic/IA_LC_Look" 4398
"/Engine/EngineMeshes/SkeletalCube_Skeleton" 4399
"/Game/UI/Icons/HealthBarFull_Fill01" 4400
"/Game/UI/Icons/BoostIcon" 4401
"/Game/UI/Icons/HealthBarFull_Outline01" 4402
"/Game/Fab/Megascans/3D/Huge_Sandstone_Cliff_vmjecjd/Medium/T_vmjecjd_2K_ORM" 4403
"/Game/Fab/Megascans/3D/Huge_Sandstone_Cliff_vmjecjd/Medium/T_vmjecjd_2K_B" 4404
"/Game/Fab/Megascans/3D/Huge_Sandstone_Cliff_vmjecjd/Medium/T_vmjecjd_2K_N" 4405
"/Game/Body_impacts/S_Body_hit_02" 4406
"/Game/Weapons/BattleRifle/DefaultMaterial_AO" 4407
"/Game/Weapons/BattleRifle/DefaultMaterial_albedo" 4408
"/Game/Weapons/BattleRifle/DefaultMaterial_roughness" 4409
"/Game/Weapons/BattleRifle/DefaultMaterial_normal" 4410
"/Game/Vehicles/Banshee/banshee_PhysicsAsset" 4411
"/Game/Vehicles/Banshee/banshee_Skeleton" 4412
"/Game/Weapons/SPNKRRocketLauncher/SPNKR_GR_SPNKR_Normal" 4413
"C:/Program Files/Epic Games/Unreal Projects/HaloFloodFanGame01 5.5/Content/Weapons/DMR/DMR_Ready_DMR_Gun_Shader_Normal.uasset" 4414
"C:/Program Files/Epic Games/Unreal Projects/HaloFloodFanGame01 5.5/Content/Weapons/DMR/DMR_Ready_DMR_Gun_Shader_BaseColor.uasset" 4415
"C:/Program Files/Epic Games/Unreal Projects/HaloFloodFanGame01 5.5/Content/Weapons/DMR/DMR_Ready_DMR_Gun_Shader_AO.uasset" 4416
"C:/Program Files/Epic Games/Unreal Projects/HaloFloodFanGame01 5.5/Content/Weapons/DMR/DMR_Ready_DMR_Gun_Shader_Metallic.uasset" 4417
"C:/Program Files/Epic Games/Unreal Projects/HaloFloodFanGame01 5.5/Content/Weapons/BattleRifle/DefaultMaterial_metallic.uasset" 4418
"C:/Program Files/Epic Games/Unreal Projects/HaloFloodFanGame01 5.5/Content/Weapons/PlasmaRifle/plasmarifle00_Skeleton.uasset" 4419
"C:/Program Files/Epic Games/Unreal Projects/HaloFloodFanGame01 5.5/Content/Core/Materials/flare_blurred.uasset" 4420
"C:/Program Files/Epic Games/Unreal Projects/HaloFloodFanGame01 5.5/Content/Projectiles/M_PlasmaSpriteCircle.uasset" 4421
"../../../Engine/Content/Functions/Engine_MaterialFunctions01/Gradient/RadialGradient.uasset" 4422
"C:/Program Files/Epic Games/Unreal Projects/HaloFloodFanGame01 5.5/Content/StarterContent/Textures/T_Fire_Tiled_D.uasset" 4423
"C:/Program Files/Epic Games/Unreal Projects/HaloFloodFanGame01 5.5/Content/StarterContent/Textures/T_Fire_SubUV.uasset" 4424
"C:/Program Files/Epic Games/Unreal Projects/HaloFloodFanGame01 5.5/Content/AI/BTTask_ClearFocus.uasset" 4425
"C:/Program Files/Epic Games/Unreal Projects/HaloFloodFanGame01 5.5/Content/AI/BTTask_Roadkill.uasset" 4426
"C:/Program Files/Epic Games/Unreal Projects/HaloFloodFanGame01 5.5/Content/Weapons/AR/MA5B_Weapon_NRM.uasset" 4427
"C:/Program Files/Epic Games/Unreal Projects/HaloFloodFanGame01 5.5/Content/AI/BTTask_SetRandomPoint.uasset" 4428
"C:/Program Files/Epic Games/Unreal Projects/HaloFloodFanGame01 5.5/Content/Weapons/AR/MA5B_Weapon_DFF.uasset" 4429
"C:/Program Files/Epic Games/Unreal Projects/HaloFloodFanGame01 5.5/Content/Weapons/AR/MA5B_Screen_DFF.uasset" 4430
"C:/Program Files/Epic Games/Unreal Projects/HaloFloodFanGame01 5.5/Content/AI/BTDecorator_RandomChance.uasset" 4431
"C:/Program Files/Epic Games/Unreal Projects/HaloFloodFanGame01 5.5/Content/AI/BTService_AttemptMelee.uasset" 4432
"C:/Program Files/Epic Games/Unreal Projects/HaloFloodFanGame01 5.5/Content/VermClone/InfFormV3/Exploded/FloodSkinBit.uasset" 4433
"C:/Program Files/Epic Games/Unreal Projects/HaloFloodFanGame01 5.5/Content/Weapons/DMR/DMR_Ready_DMR_Gun_Shader_Roughness.uasset" 4434
"C:/Program Files/Epic Games/Unreal Projects/HaloFloodFanGame01 5.5/Content/Weapons/PlasmaRifle/plasmarifle00_PhysicsAsset.uasset" 4435
"C:/Program Files/Epic Games/Unreal Projects/HaloFloodFanGame01 5.5/Content/Characters/InfectionForm/T_InfectionForm_Export_Normal.uasset" 4436
"../../../Engine/Plugins/FX/Niagara/Content/DefaultAssets/M_Gnomon.uasset" 4437
"C:/Program Files/Epic Games/Unreal Projects/HaloFloodFanGame01 5.5/Content/Characters/InfectionForm/T_InfectionForm_Export_Emissive.uasset" 4438
"C:/Program Files/Epic Games/Unreal Projects/HaloFloodFanGame01 5.5/Content/Characters/InfectionForm/T_InfectionForm_Export_Diffuse.uasset" 4439
"C:/Program Files/Epic Games/Unreal Projects/HaloFloodFanGame01 5.5/Content/Characters/InfectionForm/v2/InfectionForm_Export_Diffuse_01.uasset" 4440
"C:/Program Files/Epic Games/Unreal Projects/HaloFloodFanGame01 5.5/Content/Weapons/PlasmaPistol/plasmapistol00_Skeleton.uasset" 4441
"C:/Program Files/Epic Games/Unreal Projects/HaloFloodFanGame01 5.5/Content/Weapons/PlasmaPistol/plasmapistol00_PhysicsAsset.uasset" 4442
"C:/Program Files/Epic Games/Unreal Projects/HaloFloodFanGame01 5.5/Content/AI/BTTask_ThrowGrenade.uasset" 4443
"C:/Program Files/Epic Games/Unreal Projects/HaloFloodFanGame01 5.5/Content/AI/BTService_FireWeapon.uasset" 4444
"C:/Program Files/Epic Games/Unreal Projects/HaloFloodFanGame01 5.5/Content/AI/BTTask_Melee.uasset" 4445
"C:/Program Files/Epic Games/Unreal Projects/HaloFloodFanGame01 5.5/DerivedDataCache/VT/TEXTURE_7C16439390E24F1F9468894FB4D4BC55_VTCHUNK8E1D7EBE2B8FD31D078545A4CBA7AAEF384C3478" 4446
"/Game/Characters/InfectionForm/T_InfectionForm_Export_Diffuse" 4447
"/Game/Characters/InfectionForm/T_InfectionForm_Export_Normal" 4448
"/Game/Characters/InfectionForm/T_InfectionForm_Export_Emissive" 4449
"C:/Program Files/Epic Games/Unreal Projects/HaloFloodFanGame01 5.5/DerivedDataCache/VT/TEXTURE_7C16439390E24F1F9468894FB4D4BC55_VTCHUNKB151C7496AD341C3416FE324DC422B96EC15A8B3" 4450
"/Game/VermClone/InfFormV3/Exploded/FloodSkinBit" 4451
"/Game/AI/BTService_FireWeapon" 4452
"/Game/AI/BTTask_ThrowGrenade" 4453
"/Game/AI/BTService_AttemptMelee" 4454
"/Game/Weapons/AR/MA5B_Weapon_DFF" 4455
"/Game/AI/BTTask_Melee" 4456
"/Game/Weapons/AR/MA5B_Weapon_NRM" 4457
"/Game/Weapons/PlasmaPistol/plasmapistol00_PhysicsAsset" 4458
"C:/Program Files/Epic Games/Unreal Projects/HaloFloodFanGame01 5.5/DerivedDataCache/VT/TEXTURE_7C16439390E24F1F9468894FB4D4BC55_VTCHUNKA08271300D5A1FFE965238D930904734AB0F36EC" 4459
"/Game/Weapons/AR/MA5B_Screen_DFF" 4460
"/Game/AI/BTTask_Roadkill" 4461
"/Game/AI/BTTask_SetRandomPoint" 4462
"/Game/AI/BTTask_ClearFocus" 4463
"/Game/AI/BTDecorator_RandomChance" 4464
"/Game/Weapons/PlasmaPistol/plasmapistol00_Skeleton" 4465
"/Game/StarterContent/Textures/T_Fire_SubUV" 4466
"/Game/StarterContent/Textures/T_Fire_Tiled_D" 4467
"C:/Program Files/Epic Games/Unreal Projects/HaloFloodFanGame01 5.5/DerivedDataCache/VT/TEXTURE_7C16439390E24F1F9468894FB4D4BC55_VTCHUNK16BF190C652612EEEEA9DF625AA4715F06E22D6C" 4468
"C:/Program Files/Epic Games/Unreal Projects/HaloFloodFanGame01 5.5/DerivedDataCache/VT/TEXTURE_7C16439390E24F1F9468894FB4D4BC55_VTCHUNK893FA108E0D03FA3F514C7C9A564EE5CC2C1DFE4" 4469
"/Engine/Functions/Engine_MaterialFunctions01/Gradient/RadialGradient" 4470
"/Game/Core/Materials/flare_blurred" 4471
"/Game/Projectiles/M_PlasmaSpriteCircle" 4472
"/Game/Weapons/PlasmaRifle/plasmarifle00_PhysicsAsset" 4473
"/Game/Weapons/PlasmaRifle/plasmarifle00_Skeleton" 4474
"/Game/Weapons/DMR/DMR_Ready_DMR_Gun_Shader_Normal" 4475
"/Niagara/DefaultAssets/M_Gnomon" 4476
"/Game/Weapons/DMR/DMR_Ready_DMR_Gun_Shader_AO" 4477
"/Game/Weapons/DMR/DMR_Ready_DMR_Gun_Shader_Roughness" 4478
"/Game/Characters/InfectionForm/v2/InfectionForm_Export_Diffuse_01" 4479
"/Game/Weapons/DMR/DMR_Ready_DMR_Gun_Shader_BaseColor" 4480
"/Game/Weapons/DMR/DMR_Ready_DMR_Gun_Shader_Metallic" 4481
"/Game/Weapons/BattleRifle/DefaultMaterial_metallic" 4482
"C:/Program Files/Epic Games/Unreal Projects/HaloFloodFanGame01 5.5/Content/Characters/Grunt/Grunt_HighPoly_Normal.uasset" 4483
"C:/Program Files/Epic Games/Unreal Projects/HaloFloodFanGame01 5.5/Content/AI/E_Emotion.uasset" 4484
"C:/Program Files/Epic Games/Unreal Projects/HaloFloodFanGame01 5.5/Content/AI/BT_InteractWithObject.uasset" 4485
"../../../Engine/Content/Animation/DefaultAnimBoneCompressionSettings.uasset" 4486
"C:/Program Files/Epic Games/Unreal Projects/HaloFloodFanGame01 5.5/Content/Weapons/SniperRifle/Sniper_Normal.uasset" 4487
"C:/Program Files/Epic Games/Unreal Projects/HaloFloodFanGame01 5.5/Content/Weapons/SniperRifle/Sniper_Metallic.uasset" 4488
"C:/Program Files/Epic Games/Unreal Projects/HaloFloodFanGame01 5.5/Content/Weapons/SniperRifle/Sniper_Roughness.uasset" 4489
"C:/Program Files/Epic Games/Unreal Projects/HaloFloodFanGame01 5.5/Content/Weapons/SniperRifle/Sniper_Emissive.uasset" 4490
"../../../Engine/Content/Tutorial/BlueprintTutorials/TutorialAssets/BlueprintInterface_64x.uasset" 4491
"C:/Program Files/Epic Games/Unreal Projects/HaloFloodFanGame01 5.5/Content/Weapons/SniperRifle/Sniper_Diffuse.uasset" 4492
"C:/Program Files/Epic Games/Unreal Projects/HaloFloodFanGame01 5.5/Content/UI/Icons/KeyboardKeyIcon.uasset" 4493
"C:/Program Files/Epic Games/Unreal Projects/HaloFloodFanGame01 5.5/Content/FPWeapon/Materials/MaterialLayers/ML_Screen.uasset" 4494
"../../../Engine/Plugins/Fab/Content/Textures/Standard/T_DefaultNormal.uasset" 4495
"../../../Engine/Plugins/Fab/Content/Textures/Standard/T_DefaultDisplacement.uasset" 4496
"C:/Program Files/Epic Games/Unreal Projects/HaloFloodFanGame01 5.5/Content/EditorTools/Thumbnail.uasset" 4497
"C:/Program Files/Epic Games/Unreal Projects/HaloFloodFanGame01 5.5/Content/FPWeapon/Textures/T_FPGun_N.uasset" 4498
"C:/Program Files/Epic Games/Unreal Projects/HaloFloodFanGame01 5.5/Content/FPWeapon/Materials/MaterialLayers/ML_Plastic_Shiny_Beige.uasset" 4499
"C:/Program Files/Epic Games/Unreal Projects/HaloFloodFanGame01 5.5/Content/EditorTools/Thumbnail9.uasset" 4500
"../../../Engine/Plugins/Fab/Content/MaterialFunctions/QMF_AOAdjustments.uasset" 4501
"../../../Engine/Plugins/Fab/Content/MaterialFunctions/QMF_RoughnessAdjustments.uasset" 4502
"../../../Engine/Plugins/Fab/Content/MaterialFunctions/QMF_AlbedoAdjustments.uasset" 4503
"../../../Engine/Plugins/Fab/Content/MaterialFunctions/QMF_NormalAdjustments.uasset" 4504
"../../../Engine/Plugins/Fab/Content/Textures/Standard/T_DefaultColor.uasset" 4505
"C:/Program Files/Epic Games/Unreal Projects/HaloFloodFanGame01 5.5/Content/BlackAlder/Textures/Impostor/Field/Field_01/T_Impostor_Normal_Field_01_Winter.uasset" 4506
"C:/Program Files/Epic Games/Unreal Projects/HaloFloodFanGame01 5.5/Content/BlackAlder/Textures/Impostor/Field/Field_01/T_Impostor_BaseColor_Field_01_Summer.uasset" 4507
"C:/Program Files/Epic Games/Unreal Projects/HaloFloodFanGame01 5.5/Content/BlackAlder/Textures/Impostor/Field/Field_01/T_Impostor_BaseColor_Field_01_Winter.uasset" 4508
"../../../Engine/Plugins/Fab/Content/Textures/Standard/T_DefaultMasks.uasset" 4509
"C:/Program Files/Epic Games/Unreal Projects/HaloFloodFanGame01 5.5/Content/BlackAlder/Textures/Impostor/Field/Field_01/T_Impostor_Normal_Field_01_Summer.uasset" 4510
"C:/Program Files/Epic Games/Unreal Projects/HaloFloodFanGame01 5.5/Content/BlackAlder/Textures/TwoSided/Summer/T_BlackAlder_TwoSided_Summer_Mask.uasset" 4511
"C:/Program Files/Epic Games/Unreal Projects/HaloFloodFanGame01 5.5/Content/FPWeapon/Textures/T_FPGun_M.uasset" 4512
"C:/Program Files/Epic Games/Unreal Projects/HaloFloodFanGame01 5.5/Content/BlackAlder/Textures/TwoSided/Summer/T_BlackAlder_TwoSided_Summer_Normal.uasset" 4513
"../../../Engine/Content/Functions/MaterialLayerFunctions/MatLayerBlend_Simple.uasset" 4514
"C:/Program Files/Epic Games/Unreal Projects/HaloFloodFanGame01 5.5/DerivedDataCache/VT/TEXTURE_7C16439390E24F1F9468894FB4D4BC55_VTCHUNK6F8DCADD60242DB98BC9D478B0A13DFC70FB61CE" 4515
"/Game/BlackAlder/Textures/TwoSided/Summer/T_BlackAlder_TwoSided_Summer_Normal" 4516
"/Game/BlackAlder/Textures/TwoSided/Summer/T_BlackAlder_TwoSided_Summer_Mask" 4517
"/Game/BlackAlder/Textures/Impostor/Field/Field_01/T_Impostor_Normal_Field_01_Summer" 4518
"/Game/BlackAlder/Textures/Impostor/Field/Field_01/T_Impostor_Normal_Field_01_Winter" 4519
"/Game/BlackAlder/Textures/Impostor/Field/Field_01/T_Impostor_BaseColor_Field_01_Winter" 4520
"/Game/BlackAlder/Textures/Impostor/Field/Field_01/T_Impostor_BaseColor_Field_01_Summer" 4521
"/Fab/Textures/Standard/T_DefaultColor" 4522
"/Fab/MaterialFunctions/QMF_AOAdjustments" 4523
"/Fab/MaterialFunctions/QMF_AlbedoAdjustments" 4524
"/Fab/MaterialFunctions/QMF_NormalAdjustments" 4525
"/Fab/MaterialFunctions/QMF_RoughnessAdjustments" 4526
"/Fab/Textures/Standard/T_DefaultMasks" 4527
"/Fab/Textures/Standard/T_DefaultNormal" 4528
"/Fab/Textures/Standard/T_DefaultDisplacement" 4529
"/Game/FPWeapon/Materials/MaterialLayers/ML_Plastic_Shiny_Beige" 4530
"/Game/FPWeapon/Textures/T_FPGun_M" 4531
"/Engine/Functions/MaterialLayerFunctions/MatLayerBlend_Simple" 4532
"/Game/FPWeapon/Materials/MaterialLayers/ML_Screen" 4533
"/Game/FPWeapon/Textures/T_FPGun_N" 4534
"/Game/EditorTools/Thumbnail" 4535
"/Game/EditorTools/Thumbnail9" 4536
"/Game/UI/Icons/KeyboardKeyIcon" 4537
"/Engine/Tutorial/BlueprintTutorials/TutorialAssets/BlueprintInterface_64x" 4538
"/Game/AI/E_Emotion" 4539
"/Game/Weapons/SniperRifle/Sniper_Roughness" 4540
"/Game/Weapons/SniperRifle/Sniper_Metallic" 4541
"/Game/Weapons/SniperRifle/Sniper_Diffuse" 4542
"/Game/Weapons/SniperRifle/Sniper_Emissive" 4543
"/Game/Weapons/SniperRifle/Sniper_Normal" 4544
"/Game/Characters/Grunt/Grunt_HighPoly_Normal" 4545
"/Engine/Animation/DefaultAnimBoneCompressionSettings" 4546
"/Game/AI/BT_InteractWithObject" 4547
"../../../Engine/Content/EngineMaterials/DefaultDiffuse_TC_Masks.uasset" 4548
"../../../Engine/Content/EngineMaterials/BlendFunc_DefBase.uasset" 4549
"../../../Engine/Content/MaterialTemplates/Textures/T_Noise01.uasset" 4550
"../../../Engine/Content/Functions/Engine_MaterialFunctions02/ExampleContent/PivotPainter2/test2_rgb_PivotPos_a_ParentIndexInt_UV_2.uasset" 4551
"../../../Engine/Content/Functions/Engine_MaterialFunctions02/ExampleContent/PivotPainter2/SimpExPivPos.uasset" 4552
"C:/Program Files/Epic Games/Unreal Projects/HaloFloodFanGame01 5.5/Content/BlackAlder/Textures/TwoSided/Winter/T_BlackAlder_TwoSided_Winter_Albedo.uasset" 4553
"../../../Engine/Content/Functions/Engine_MaterialFunctions02/ExampleContent/PivotPainter2/PP2_rgb_XVect_a_XExtent.uasset" 4554
"C:/Program Files/Epic Games/Unreal Projects/HaloFloodFanGame01 5.5/Content/BlackAlder/Textures/TwoSided/Summer/T_BlackAlder_TwoSided_Summer_Albedo.uasset" 4555
"C:/Program Files/Epic Games/Unreal Projects/HaloFloodFanGame01 5.5/Content/BlackAlder/Textures/TwoSided/Winter/T_BlackAlder_TwoSided_Winter_Mask.uasset" 4556
"../../../Engine/Content/EngineMaterials/DefaultNormal.uasset" 4557
"../../../Engine/Content/Functions/Engine_MaterialFunctions02/ExampleContent/Textures/WindTurblenceVectorAndGustMagnitude.uasset" 4558
"C:/Program Files/Epic Games/Unreal Projects/HaloFloodFanGame01 5.5/Content/BlackAlder/Textures/TwoSided/Winter/T_BlackAlder_TwoSided_Winter_Normal.uasset" 4559
"C:/Program Files/Epic Games/Unreal Projects/HaloFloodFanGame01 5.5/Content/MSPresets/MS_Foliage_Material/MaterialFunctions/Textures/T_WindNoise.uasset" 4560
"../../../Engine/Content/MaterialTemplates/LayerBlends/T_DefaultMaskTexture.uasset" 4561
"../../../Engine/Content/EngineMaterials/T_Default_Normal.uasset" 4562
"C:/Program Files/Epic Games/Unreal Projects/HaloFloodFanGame01 5.5/Content/BlackAlder/Textures/Decoration/T_BlackAlder_Decoration_Normal.uasset" 4563
"C:/Program Files/Epic Games/Unreal Projects/HaloFloodFanGame01 5.5/Content/BlackAlder/Textures/Decoration/T_BlackAlder_Decoration_Albedo.uasset" 4564
"C:/Program Files/Epic Games/Unreal Projects/HaloFloodFanGame01 5.5/Content/BlackAlder/Textures/Decoration/T_BlackAlder_Decoration_Mask.uasset" 4565
"C:/Program Files/Epic Games/Unreal Projects/HaloFloodFanGame01 5.5/Content/BlackAlder/Textures/Trunk/Trunk_01/T_BlackAlder_Trunk_01_Albedo.uasset" 4566
"C:/Program Files/Epic Games/Unreal Projects/HaloFloodFanGame01 5.5/Content/BlackAlder/Textures/Tileable/T_BlackAlder_Tileable_Mask.uasset" 4567
"C:/Program Files/Epic Games/Unreal Projects/HaloFloodFanGame01 5.5/Content/BlackAlder/Textures/Trunk/Trunk_01/T_BlackAlder_Trunk_01_Normal.uasset" 4568
"C:/Program Files/Epic Games/Unreal Projects/HaloFloodFanGame01 5.5/Content/BlackAlder/Textures/Tileable/T_BlackAlder_Tileable_Albedo.uasset" 4569
"C:/Program Files/Epic Games/Unreal Projects/HaloFloodFanGame01 5.5/Content/BlackAlder/Textures/Tileable/T_BlackAlder_Tileable_Normal.uasset" 4570
"C:/Program Files/Epic Games/Unreal Projects/HaloFloodFanGame01 5.5/Content/FPS_Weapon_Bundle/Weapons/Textures/KA74U/T_KA74U_M_MSK.uasset" 4571
"C:/Program Files/Epic Games/Unreal Projects/HaloFloodFanGame01 5.5/Content/FPS_Weapon_Bundle/Weapons/Textures/KA74U/T_KA74U_ALB.uasset" 4572
"C:/Program Files/Epic Games/Unreal Projects/HaloFloodFanGame01 5.5/Content/FPS_Weapon_Bundle/Weapons/Textures/Patterns/T_Stripes__Pattern.uasset" 4573
"C:/Program Files/Epic Games/Unreal Projects/HaloFloodFanGame01 5.5/Content/FPS_Weapon_Bundle/Weapons/Textures/KA74U/T_KA74U_NRM.uasset" 4574
"C:/Program Files/Epic Games/Unreal Projects/HaloFloodFanGame01 5.5/Content/BlackAlder/Textures/Trunk/Trunk_01/T_BlackAlder_Trunk_01_Mask.uasset" 4575
"../../../Engine/Content/Functions/Engine_MaterialFunctions02/ExampleContent/Textures/water_d.uasset" 4576
"../../../Engine/Content/Functions/Engine_MaterialFunctions02/Utility/BlendAngleCorrectedNormals.uasset" 4577
"C:/Program Files/Epic Games/Unreal Projects/HaloFloodFanGame01 5.5/Content/Weapons/Carbine/Carbine_Emissive.uasset" 4578
"C:/Program Files/Epic Games/Unreal Projects/HaloFloodFanGame01 5.5/Content/Weapons/Carbine/Carbine_Roughness.uasset" 4579
"/Game/Weapons/Carbine/Carbine_Roughness" 4580
"/Game/Weapons/Carbine/Carbine_Emissive" 4581
"/Engine/Functions/Engine_MaterialFunctions02/Utility/BlendAngleCorrectedNormals" 4582
"/Engine/Functions/Engine_MaterialFunctions02/ExampleContent/Textures/water_d" 4583
"/Game/FPS_Weapon_Bundle/Weapons/Textures/KA74U/T_KA74U_ALB" 4584
"/Game/FPS_Weapon_Bundle/Weapons/Textures/KA74U/T_KA74U_M_MSK" 4585
"/Game/FPS_Weapon_Bundle/Weapons/Textures/KA74U/T_KA74U_NRM" 4586
"/Game/FPS_Weapon_Bundle/Weapons/Textures/Patterns/T_Stripes__Pattern" 4587
"/Game/BlackAlder/Textures/Trunk/Trunk_01/T_BlackAlder_Trunk_01_Mask" 4588
"/Game/BlackAlder/Textures/Trunk/Trunk_01/T_BlackAlder_Trunk_01_Albedo" 4589
"/Game/BlackAlder/Textures/Trunk/Trunk_01/T_BlackAlder_Trunk_01_Normal" 4590
"/Game/BlackAlder/Textures/Tileable/T_BlackAlder_Tileable_Mask" 4591
"/Game/BlackAlder/Textures/Tileable/T_BlackAlder_Tileable_Normal" 4592
"/Game/BlackAlder/Textures/Tileable/T_BlackAlder_Tileable_Albedo" 4593
"C:/Program Files/Epic Games/Unreal Projects/HaloFloodFanGame01 5.5/DerivedDataCache/VT/TEXTURE_7C16439390E24F1F9468894FB4D4BC55_VTCHUNK9FF2B09F0DB1715EF30ABB5A1DE6401ACC642B3A" 4594
"/Game/BlackAlder/Textures/Decoration/T_BlackAlder_Decoration_Albedo" 4595
"/Game/BlackAlder/Textures/Decoration/T_BlackAlder_Decoration_Mask" 4596
"/Engine/EngineMaterials/T_Default_Normal" 4597
"/Engine/MaterialTemplates/LayerBlends/T_DefaultMaskTexture" 4598
"/Game/BlackAlder/Textures/Decoration/T_BlackAlder_Decoration_Normal" 4599
"/Game/MSPresets/MS_Foliage_Material/MaterialFunctions/Textures/T_WindNoise" 4600
"/Engine/EngineMaterials/DefaultNormal" 4601
"/Engine/Functions/Engine_MaterialFunctions02/ExampleContent/PivotPainter2/PP2_rgb_XVect_a_XExtent" 4602
"/Engine/Functions/Engine_MaterialFunctions02/ExampleContent/Textures/WindTurblenceVectorAndGustMagnitude" 4603
"/Engine/Functions/Engine_MaterialFunctions02/ExampleContent/PivotPainter2/SimpExPivPos" 4604
"/Engine/Functions/Engine_MaterialFunctions02/ExampleContent/PivotPainter2/test2_rgb_PivotPos_a_ParentIndexInt_UV_2" 4605
"/Engine/EngineMaterials/BlendFunc_DefBase" 4606
"/Engine/MaterialTemplates/Textures/T_Noise01" 4607
"/Engine/EngineMaterials/DefaultDiffuse_TC_Masks" 4608
"/Game/BlackAlder/Textures/TwoSided/Summer/T_BlackAlder_TwoSided_Summer_Albedo" 4609
"/Game/BlackAlder/Textures/TwoSided/Winter/T_BlackAlder_TwoSided_Winter_Normal" 4610
"/Game/BlackAlder/Textures/TwoSided/Winter/T_BlackAlder_TwoSided_Winter_Mask" 4611
"/Game/BlackAlder/Textures/TwoSided/Winter/T_BlackAlder_TwoSided_Winter_Albedo" 4612
"C:/Program Files/Epic Games/Unreal Projects/HaloFloodFanGame01 5.5/Content/Weapons/FuelRodCannon/gun_material_Base_Color_yellow.uasset" 4613
"C:/Program Files/Epic Games/Unreal Projects/HaloFloodFanGame01 5.5/Content/Weapons/Carbine/Carbine_Base_Color.uasset" 4614
"C:/Program Files/Epic Games/Unreal Projects/HaloFloodFanGame01 5.5/Content/Weapons/FuelRodCannon/gun_material_Roughness.uasset" 4615
"C:/Program Files/Epic Games/Unreal Projects/HaloFloodFanGame01 5.5/Content/Weapons/FuelRodCannon/gun_material_Emission.uasset" 4616
"C:/Program Files/Epic Games/Unreal Projects/HaloFloodFanGame01 5.5/Content/UI/Icons/unarmedCrosshair01.uasset" 4617
"C:/Program Files/Epic Games/Unreal Projects/HaloFloodFanGame01 5.5/Content/UI/Icons/ShieldBarFull_Outline.uasset" 4618
"C:/Program Files/Epic Games/Unreal Projects/HaloFloodFanGame01 5.5/Content/UI/Icons/Compass_Points.uasset" 4619
"C:/Program Files/Epic Games/Unreal Projects/HaloFloodFanGame01 5.5/Content/UI/Icons/Compass_Marker.uasset" 4620
"C:/Program Files/Epic Games/Unreal Projects/HaloFloodFanGame01 5.5/Content/Weapons/Carbine/Carbine_Normal_OpenGL.uasset" 4621
"C:/Program Files/Epic Games/Unreal Projects/HaloFloodFanGame01 5.5/Content/Weapons/FuelRodCannon/gun_material_Normal_DirectX.uasset" 4622
"C:/Program Files/Epic Games/Unreal Projects/HaloFloodFanGame01 5.5/Content/Weapons/PlasmaRifle/None_Emissive.uasset" 4623
"C:/Program Files/Epic Games/Unreal Projects/HaloFloodFanGame01 5.5/Content/Vehicles/Phantom/phantom_PhysicsAsset.uasset" 4624
"C:/Program Files/Epic Games/Unreal Projects/HaloFloodFanGame01 5.5/Content/Vehicles/Phantom/phantom_Skeleton.uasset" 4625
"C:/Program Files/Epic Games/Unreal Projects/HaloFloodFanGame01 5.5/Content/Weapons/PlasmaRifle/None_Roughness.uasset" 4626
"../../../Engine/Content/Functions/Engine_MaterialFunctions02/Math/Pi.uasset" 4627
"C:/Program Files/Epic Games/Unreal Projects/HaloFloodFanGame01 5.5/Content/StarterContent/Textures/T_Water_M.uasset" 4628
"C:/Program Files/Epic Games/Unreal Projects/HaloFloodFanGame01 5.5/Content/Weapons/PlasmaRifle/None_Normal_OpenGL.uasset" 4629
"C:/Program Files/Epic Games/Unreal Projects/HaloFloodFanGame01 5.5/Content/Weapons/PlasmaRifle/None_Base_Color.uasset" 4630
"C:/Program Files/Epic Games/Unreal Projects/HaloFloodFanGame01 5.5/Content/Weapons/PlasmaPistol/None_Normal_OpenGL.uasset" 4631
"C:/Program Files/Epic Games/Unreal Projects/HaloFloodFanGame01 5.5/Content/Weapons/PlasmaPistol/None_Base_Color.uasset" 4632
"C:/Program Files/Epic Games/Unreal Projects/HaloFloodFanGame01 5.5/Content/Weapons/PlasmaPistol/None_Roughness.uasset" 4633
"C:/Program Files/Epic Games/Unreal Projects/HaloFloodFanGame01 5.5/Content/Weapons/PlasmaPistol/None_Metallic.uasset" 4634
"C:/Program Files/Epic Games/Unreal Projects/HaloFloodFanGame01 5.5/Content/Weapons/PlasmaPistol/None_Mixed_AO.uasset" 4635
"C:/Program Files/Epic Games/Unreal Projects/HaloFloodFanGame01 5.5/Content/Weapons/PlasmaPistol/None_Emissive.uasset" 4636
"C:/Program Files/Epic Games/Unreal Projects/HaloFloodFanGame01 5.5/Content/Characters/Carrier/V2/T_Carrier_Emissive.uasset" 4637
"C:/Program Files/Epic Games/Unreal Projects/HaloFloodFanGame01 5.5/Content/Characters/Carrier/V2/T_Carrier_Diffuse.uasset" 4638
"C:/Program Files/Epic Games/Unreal Projects/HaloFloodFanGame01 5.5/Content/FPS_Weapon_Bundle/Weapons/Meshes/SMG11/SK_SMG11_Y_Physics.uasset" 4639
"C:/Program Files/Epic Games/Unreal Projects/HaloFloodFanGame01 5.5/Content/FPS_Weapon_Bundle/Weapons/Meshes/SMG11/SK_SMG11_Y_Skeleton.uasset" 4640
"C:/Program Files/Epic Games/Unreal Projects/HaloFloodFanGame01 5.5/Content/Characters/Carrier/V2/T_Carrier_Normal.uasset" 4641
"C:/Program Files/Epic Games/Unreal Projects/HaloFloodFanGame01 5.5/Content/FPWeapon/Materials/MaterialLayers/T_ML_Aluminum01_N.uasset" 4642
"C:/Program Files/Epic Games/Unreal Projects/HaloFloodFanGame01 5.5/Content/FPWeapon/Materials/MaterialLayers/T_ML_Aluminum01.uasset" 4643
"C:/Program Files/Epic Games/Unreal Projects/HaloFloodFanGame01 5.5/DerivedDataCache/VT/TEXTURE_7C16439390E24F1F9468894FB4D4BC55_VTCHUNK094408D72E15513520F5F473AB0882D9786B25E9" 4644
"C:/Program Files/Epic Games/Unreal Projects/HaloFloodFanGame01 5.5/Content/Weapons/PlasmaRifle/None_Metallic.uasset" 4645
"C:/Program Files/Epic Games/Unreal Projects/HaloFloodFanGame01 5.5/DerivedDataCache/VT/TEXTURE_7C16439390E24F1F9468894FB4D4BC55_VTCHUNK5D5F2AD32FE3F9408A14FF7A7FD63DBA6803BF97" 4646
"/Game/FPWeapon/Materials/MaterialLayers/T_ML_Aluminum01" 4647
"/Game/FPWeapon/Materials/MaterialLayers/T_ML_Aluminum01_N" 4648
"/Game/FPS_Weapon_Bundle/Weapons/Meshes/SMG11/SK_SMG11_Y_Skeleton" 4649
"/Game/FPS_Weapon_Bundle/Weapons/Meshes/SMG11/SK_SMG11_Y_Physics" 4650
"/Game/Characters/Carrier/V2/T_Carrier_Normal" 4651
"/Game/Characters/Carrier/V2/T_Carrier_Diffuse" 4652
"/Game/Characters/Carrier/V2/T_Carrier_Emissive" 4653
"/Game/Weapons/PlasmaPistol/None_Emissive" 4654
"/Game/Weapons/PlasmaPistol/None_Normal_OpenGL" 4655
"/Game/Weapons/PlasmaPistol/None_Metallic" 4656
"/Game/Weapons/PlasmaPistol/None_Mixed_AO" 4657
"/Game/Weapons/PlasmaPistol/None_Roughness" 4658
"/Game/Weapons/PlasmaPistol/None_Base_Color" 4659
"/Game/Weapons/PlasmaRifle/None_Normal_OpenGL" 4660
"/Game/Weapons/PlasmaRifle/None_Base_Color" 4661
"/Game/Weapons/PlasmaRifle/None_Metallic" 4662
"/Game/Weapons/PlasmaRifle/None_Roughness" 4663
"/Game/Weapons/PlasmaRifle/None_Emissive" 4664
"/Game/Vehicles/Phantom/phantom_PhysicsAsset" 4665
"/Game/Vehicles/Phantom/phantom_Skeleton" 4666
"/Engine/Functions/Engine_MaterialFunctions02/Math/Pi" 4667
"/Game/StarterContent/Textures/T_Water_M" 4668
"/Game/UI/Icons/Compass_Points" 4669
"/Game/UI/Icons/Compass_Marker" 4670
"/Game/UI/Icons/unarmedCrosshair01" 4671
"/Game/UI/Icons/ShieldBarFull_Outline" 4672
"/Game/Weapons/FuelRodCannon/gun_material_Normal_DirectX" 4673
"/Game/Weapons/FuelRodCannon/gun_material_Roughness" 4674
"/Game/Weapons/FuelRodCannon/gun_material_Base_Color_yellow" 4675
"/Game/Weapons/FuelRodCannon/gun_material_Emission" 4676
"/Game/Weapons/Carbine/Carbine_Normal_OpenGL" 4677
"/Game/Weapons/Carbine/Carbine_Base_Color" 4678
"C:/Program Files/Epic Games/Unreal Projects/HaloFloodFanGame01 5.5/Content/FPWeapon/Materials/MaterialLayers/T_ML_Rubber_Blue_01_N.uasset" 4679
"C:/Program Files/Epic Games/Unreal Projects/HaloFloodFanGame01 5.5/Content/FPWeapon/Materials/MaterialLayers/T_ML_Rubber_Blue_01_D.uasset" 4680
"/Game/FPWeapon/Materials/MaterialLayers/T_ML_Rubber_Blue_01_N" 4681
"/Game/FPWeapon/Materials/MaterialLayers/T_ML_Rubber_Blue_01_D" 4682
"C:/Program Files/Epic Games/Unreal Projects/HaloFloodFanGame01 5.5/Content/StepSounds/S_Step_Concrete_02.uasset" 4683
"C:/Program Files/Epic Games/Unreal Projects/HaloFloodFanGame01 5.5/Content/AI/BTTask_Despawn.uasset" 4684
"C:/Program Files/Epic Games/Unreal Projects/HaloFloodFanGame01 5.5/Content/StepSounds/S_Step_Concrete_03.uasset" 4685
"C:/Program Files/Epic Games/Unreal Projects/HaloFloodFanGame01 5.5/Content/StepSounds/S_Step_Concrete_04.uasset" 4686
"C:/Program Files/Epic Games/Unreal Projects/HaloFloodFanGame01 5.5/Content/FPS_Weapon_Bundle/Weapons/Textures/Ammunition/T_9mm_M_MSK.uasset" 4687
"C:/Program Files/Epic Games/Unreal Projects/HaloFloodFanGame01 5.5/Content/FPS_Weapon_Bundle/Weapons/Textures/SMG11/T_SMG11_Rem_NRM.uasset" 4688
"C:/Program Files/Epic Games/Unreal Projects/HaloFloodFanGame01 5.5/Content/FPS_Weapon_Bundle/Weapons/Textures/Ammunition/T_9mm_ALB.uasset" 4689
"C:/Program Files/Epic Games/Unreal Projects/HaloFloodFanGame01 5.5/Content/FPS_Weapon_Bundle/Weapons/Textures/SMG11/T_SMG11_Rem_M_MSK.uasset" 4690
"C:/Program Files/Epic Games/Unreal Projects/HaloFloodFanGame01 5.5/Content/FPS_Weapon_Bundle/Weapons/Textures/Ammunition/T_9mm_NRM.uasset" 4691
"C:/Program Files/Epic Games/Unreal Projects/HaloFloodFanGame01 5.5/Content/FPS_Weapon_Bundle/Weapons/Textures/SMG11/T_SMG11_Rem_ALB.uasset" 4692
"C:/Program Files/Epic Games/Unreal Projects/HaloFloodFanGame01 5.5/Content/FPS_Weapon_Bundle/Weapons/Textures/SMG11/T_SMG11_NRM.uasset" 4693
"C:/Program Files/Epic Games/Unreal Projects/HaloFloodFanGame01 5.5/Content/UI/Icons/ShieldBarFull_Fill01.uasset" 4694
"C:/Program Files/Epic Games/Unreal Projects/HaloFloodFanGame01 5.5/Content/MSPresets/MS_Foliage_Material/MaterialParameterCollection/MPC_GlobalFoliageActor.uasset" 4695
"C:/Program Files/Epic Games/Unreal Projects/HaloFloodFanGame01 5.5/Content/MSPresets/MS_Foliage_Material/MaterialFunctions/Impostor/UnitVectorToHemiOctahedra.uasset" 4696
"C:/Program Files/Epic Games/Unreal Projects/HaloFloodFanGame01 5.5/Content/FPS_Weapon_Bundle/Weapons/Textures/SMG11/T_SMG11_ALB.uasset" 4697
"../../../Engine/Content/Functions/Engine_MaterialFunctions01/Vectors/UnitVectorToOctahedron.uasset" 4698
"C:/Program Files/Epic Games/Unreal Projects/HaloFloodFanGame01 5.5/Content/MSPresets/MS_Foliage_Material/MaterialFunctions/Impostor/GenerateTreeMask.uasset" 4699
"C:/Program Files/Epic Games/Unreal Projects/HaloFloodFanGame01 5.5/Content/MSPresets/MS_Foliage_Material/MaterialFunctions/Foliage/MF_Roughness.uasset" 4700
"C:/Program Files/Epic Games/Unreal Projects/HaloFloodFanGame01 5.5/Content/MSPresets/MS_Foliage_Material/MaterialFunctions/Impostor/OverrideMobile.uasset" 4701
"C:/Program Files/Epic Games/Unreal Projects/HaloFloodFanGame01 5.5/Content/MSPresets/MS_Foliage_Material/MaterialFunctions/Foliage/MF_BarkDetailer.uasset" 4702
"../../../Engine/Content/Functions/Engine_MaterialFunctions02/Math/InverseTransformMatrix.uasset" 4703
"C:/Program Files/Epic Games/Unreal Projects/HaloFloodFanGame01 5.5/Content/MSPresets/MS_Foliage_Material/MaterialFunctions/Foliage/MF_generateSpecular.uasset" 4704
"C:/Program Files/Epic Games/Unreal Projects/HaloFloodFanGame01 5.5/Content/MSPresets/MS_Foliage_Material/MaterialFunctions/Impostor/HemiOctahedronToUnitVector.uasset" 4705
"../../../Engine/Content/Functions/Engine_MaterialFunctions01/Vectors/OctahedronToUnitVector.uasset" 4706
"C:/Program Files/Epic Games/Unreal Projects/HaloFloodFanGame01 5.5/Content/MSPresets/MS_Foliage_Material/MaterialFunctions/Foliage/MF_GenerateBranchMask.uasset" 4707
"../../../Engine/Content/Functions/Engine_MaterialFunctions02/WorldPositionOffset/ComponentPivotLocation.uasset" 4708
"/Engine/Functions/Engine_MaterialFunctions01/Vectors/OctahedronToUnitVector" 4709
"/Game/MSPresets/MS_Foliage_Material/MaterialFunctions/Impostor/HemiOctahedronToUnitVector" 4710
"/Engine/Functions/Engine_MaterialFunctions02/Math/InverseTransformMatrix" 4711
"C:/Program Files/Epic Games/Unreal Projects/HaloFloodFanGame01 5.5/Content/FPS_Weapon_Bundle/Weapons/Textures/SMG11/T_SMG11_M_MSK.uasset" 4712
"../../../Engine/Content/Functions/Engine_MaterialFunctions02/Math/TimeWithSpeedVariable.uasset" 4713
"../../../Engine/Content/Functions/Engine_MaterialFunctions02/PivotPainter2/ms_PivotPainter2_DecodePostion.uasset" 4714
"../../../Engine/Content/Functions/Engine_MaterialFunctions02/PivotPainter2/ms_PivotPainter2_Decode8BitAlphaAxisExtent.uasset" 4715
"/Engine/Functions/Engine_MaterialFunctions02/WorldPositionOffset/ComponentPivotLocation" 4716
"/Game/MSPresets/MS_Foliage_Material/MaterialFunctions/Foliage/MF_GenerateBranchMask" 4717
"/Game/MSPresets/MS_Foliage_Material/MaterialFunctions/Foliage/MF_generateSpecular" 4718
"../../../Engine/Content/Functions/Engine_MaterialFunctions02/FixRotateAboutAxisNormals.uasset" 4719
"../../../Engine/Content/Functions/Engine_MaterialFunctions02/ms_PivotPainter2_UnpackIntegerAsFloat.uasset" 4720
"/Game/MSPresets/MS_Foliage_Material/MaterialFunctions/Foliage/MF_Roughness" 4721
"/Game/MSPresets/MS_Foliage_Material/MaterialFunctions/Foliage/MF_BarkDetailer" 4722
"/Game/MSPresets/MS_Foliage_Material/MaterialFunctions/Impostor/OverrideMobile" 4723
"/Engine/Functions/Engine_MaterialFunctions01/Vectors/UnitVectorToOctahedron" 4724
"/Game/MSPresets/MS_Foliage_Material/MaterialFunctions/Impostor/UnitVectorToHemiOctahedra" 4725
"/Game/MSPresets/MS_Foliage_Material/MaterialFunctions/Impostor/GenerateTreeMask" 4726
"/Game/UI/Icons/ShieldBarFull_Fill01" 4727
"/Game/MSPresets/MS_Foliage_Material/MaterialParameterCollection/MPC_GlobalFoliageActor" 4728
"/Game/FPS_Weapon_Bundle/Weapons/Textures/SMG11/T_SMG11_ALB" 4729
"/Game/FPS_Weapon_Bundle/Weapons/Textures/SMG11/T_SMG11_NRM" 4730
"C:/Program Files/Epic Games/Unreal Projects/HaloFloodFanGame01 5.5/DerivedDataCache/VT/TEXTURE_7C16439390E24F1F9468894FB4D4BC55_VTCHUNK17596C36E38EEBD64E2BA621CBB83DB6DEF2984D" 4731
"/Game/FPS_Weapon_Bundle/Weapons/Textures/SMG11/T_SMG11_Rem_ALB" 4732
"/Game/FPS_Weapon_Bundle/Weapons/Textures/SMG11/T_SMG11_Rem_M_MSK" 4733
"/Game/FPS_Weapon_Bundle/Weapons/Textures/SMG11/T_SMG11_Rem_NRM" 4734
"/Game/FPS_Weapon_Bundle/Weapons/Textures/Ammunition/T_9mm_NRM" 4735
"/Game/FPS_Weapon_Bundle/Weapons/Textures/Ammunition/T_9mm_M_MSK" 4736
"/Game/FPS_Weapon_Bundle/Weapons/Textures/Ammunition/T_9mm_ALB" 4737
"/Game/StepSounds/S_Step_Concrete_04" 4738
"/Game/StepSounds/S_Step_Concrete_03" 4739
"/Game/StepSounds/S_Step_Concrete_02" 4740
"/Game/AI/BTTask_Despawn" 4741
"/Engine/Functions/Engine_MaterialFunctions02/PivotPainter2/ms_PivotPainter2_DecodePostion" 4742
"/Engine/Functions/Engine_MaterialFunctions02/Math/TimeWithSpeedVariable" 4743
"/Engine/Functions/Engine_MaterialFunctions02/ms_PivotPainter2_UnpackIntegerAsFloat" 4744
"/Game/FPS_Weapon_Bundle/Weapons/Textures/SMG11/T_SMG11_M_MSK" 4745
"/Engine/Functions/Engine_MaterialFunctions02/FixRotateAboutAxisNormals" 4746
"../../../Engine/Content/EngineSounds/Music.uasset" 4747
"../../../Engine/Content/Functions/Engine_MaterialFunctions01/Texturing/ComputeMipLevel.uasset" 4748
"../../../Engine/Content/Functions/Engine_MaterialFunctions02/ExampleContent/Textures/DebugNumberPeriod.uasset" 4749
"C:/Program Files/Epic Games/Unreal Projects/HaloFloodFanGame01 5.5/Content/BP_SensitivityModifier.uasset" 4750
"../../../Engine/Content/Functions/Engine_MaterialFunctions02/ExampleContent/DebugNumberStrip.uasset" 4751
"../../../Engine/Content/Functions/Engine_MaterialFunctions02/PivotPainter2/ms_PivotPainter2_DecodeAxisVector.uasset" 4752
"C:/Program Files/Epic Games/Unreal Projects/HaloFloodFanGame01 5.5/Content/Characters/Elite/Materials/M_EliteArmor.uasset" 4753
"/Engine/Functions/Engine_MaterialFunctions02/PivotPainter2/ms_PivotPainter2_Decode8BitAlphaAxisExtent" 4754
"../../../Engine/Content/Functions/Engine_MaterialFunctions02/Math/CreateThirdOrthogonalVector.uasset" 4755
"../../../Engine/Content/EngineSounds/Voice.uasset" 4756
"C:/Program Files/Epic Games/Unreal Projects/HaloFloodFanGame01 5.5/Content/MSPresets/MS_Foliage_Material/MaterialFunctions/Impostor/FrameBlendWeights.uasset" 4757
"../../../Engine/Content/Functions/Engine_MaterialFunctions02/Utility/DitherTemporalAA.uasset" 4758
"../../../Engine/Content/Functions/Engine_MaterialFunctions02/PivotPainter2/2dArrayLookupByIndex.uasset" 4759
"C:/Program Files/Epic Games/Unreal Projects/HaloFloodFanGame01 5.5/Content/MSPresets/MS_Foliage_Material/MaterialFunctions/Impostor/TriangulatedWireframe.uasset" 4760
"../../../Engine/Content/Functions/Engine_MaterialFunctions01/Texturing/TextureCropping.uasset" 4761
"C:/Program Files/Epic Games/Unreal Projects/HaloFloodFanGame01 5.5/Content/MSPresets/MS_Foliage_Material/MaterialFunctions/Foliage/MF_adjustNormal.uasset" 4762
"/Engine/Functions/Engine_MaterialFunctions01/Texturing/TextureCropping" 4763
"C:/Program Files/Epic Games/Unreal Projects/HaloFloodFanGame01 5.5/Content/Characters/Elite/Materials/M_EmissiveLight.uasset" 4764
"/Engine/Functions/Engine_MaterialFunctions02/PivotPainter2/2dArrayLookupByIndex" 4765
"../../../Engine/Content/Functions/Engine_MaterialFunctions02/PivotPainter2/ms_PivotPainter2_CalculateMeshElementIndex.uasset" 4766
"/Game/MSPresets/MS_Foliage_Material/MaterialFunctions/Impostor/FrameBlendWeights" 4767
"/Engine/Functions/Engine_MaterialFunctions02/Utility/DitherTemporalAA" 4768
"/Engine/Functions/Engine_MaterialFunctions02/Math/CreateThirdOrthogonalVector" 4769
"/Game/Characters/Elite/Materials/M_EliteArmor" 4770
"../../../Engine/Content/EngineMaterials/PPM_DefaultCalibrationGrayscale.uasset" 4771
"../../../Engine/Plugins/Interchange/Assets/Content/Functions/MX_Surface.uasset" 4772
"/Engine/EngineSounds/Voice" 4773
"/Engine/EngineSounds/Music" 4774
"/Game/BP_SensitivityModifier" 4775
"C:/Program Files/Epic Games/Unreal Projects/HaloFloodFanGame01 5.5/Content/UI/M_HUDBloom.uasset" 4776
"../../../Engine/Content/MobileResources/HUD/DefaultVirtualJoysticks.uasset" 4777
"../../../Engine/Content/EngineMaterials/Substrate/GLints2/AGlintTex2dArray2.uasset" 4778
"../../../Engine/Content/EngineMaterials/Substrate/Volume/SubstrateSimpleVolumeEnvLUT3D.uasset" 4779
"../../../Engine/Content/EditorMaterials/PreviewShadowIndicatorMaterial.uasset" 4780
"../../../Engine/Content/EngineMaterials/Substrate/Volume/SubstrateSimpleVolumeLUT3D.uasset" 4781
"C:/Program Files/Epic Games/Unreal Projects/HaloFloodFanGame01 5.5/Content/Levels/DA_Murmur.uasset" 4782
"../../../Engine/Content/EngineMaterials/Substrate/GLints/AGlintTex2dArray.uasset" 4783
"C:/Program Files/Epic Games/Unreal Projects/HaloFloodFanGame01 5.5/Content/MSPresets/MS_Foliage_Material/MaterialFunctions/Impostor/TriangleInterpolator.uasset" 4784
"C:/Program Files/Epic Games/Unreal Projects/HaloFloodFanGame01 5.5/Content/Core/GenericMaterials/M_GenericMasterMaterial.uasset" 4785
"C:/Program Files/Epic Games/Unreal Projects/HaloFloodFanGame01 5.5/Content/M_TVSlideshow.uasset" 4786
"/Engine/Functions/Engine_MaterialFunctions02/ExampleContent/Textures/DebugNumberPeriod" 4787
"/Engine/Functions/Engine_MaterialFunctions01/Texturing/ComputeMipLevel" 4788
"C:/Program Files/Epic Games/Unreal Projects/HaloFloodFanGame01 5.5/Content/BP_SputnikSkull.uasset" 4789
"../../../Engine/Content/EngineMaterials/PPM_DefaultCalibrationColor.uasset" 4790
"/Engine/Functions/Engine_MaterialFunctions02/ExampleContent/DebugNumberStrip" 4791
"/Engine/Functions/Engine_MaterialFunctions02/PivotPainter2/ms_PivotPainter2_DecodeAxisVector" 4792
"/Game/BP_SputnikSkull" 4793
"C:/Program Files/Epic Games/Unreal Projects/HaloFloodFanGame01 5.5/Content/WBP_Ping.uasset" 4794
"C:/Program Files/Epic Games/Unreal Projects/HaloFloodFanGame01 5.5/Content/M_BuildPreview.uasset" 4795
"C:/Program Files/Epic Games/Unreal Projects/HaloFloodFanGame01 5.5/Content/UI/WBP_ReqItem.uasset" 4796
"C:/Program Files/Epic Games/Unreal Projects/HaloFloodFanGame01 5.5/Content/UI/WBP_CommandMarker.uasset" 4797
"C:/Program Files/Epic Games/Unreal Projects/HaloFloodFanGame01 5.5/Content/AI/BTTask_GetRandomPointAroundKey.uasset" 4798
"C:/Program Files/Epic Games/Unreal Projects/HaloFloodFanGame01 5.5/Content/AI/BTTask_SetHasSmartObject.uasset" 4799
"C:/Program Files/Epic Games/Unreal Projects/HaloFloodFanGame01 5.5/Content/AI/BTTask_FindPlayer.uasset" 4800
"/Game/M_TVSlideshow" 4801
"C:/Program Files/Epic Games/Unreal Projects/HaloFloodFanGame01 5.5/Content/AI/BTService_IsEnemyAlive.uasset" 4802
"C:/Program Files/Epic Games/Unreal Projects/HaloFloodFanGame01 5.5/Content/AI/BTService_SetFocus.uasset" 4803
"/Engine/EngineMaterials/Substrate/Volume/SubstrateSimpleVolumeLUT3D" 4804
"C:/Program Files/Epic Games/Unreal Projects/HaloFloodFanGame01 5.5/Content/Levels/LayerInfos/Gravel_LayerInfo.uasset" 4805
"C:/Program Files/Epic Games/Unreal Projects/HaloFloodFanGame01 5.5/Content/Levels/LayerInfos/Grass_LayerInfo.uasset" 4806
"C:/Program Files/Epic Games/Unreal Projects/HaloFloodFanGame01 5.5/Content/AI/BTTask_SetFocus.uasset" 4807
"C:/Program Files/Epic Games/Unreal Projects/HaloFloodFanGame01 5.5/Content/Levels/LayerInfos/Concrete_LayerInfo_1.uasset" 4808
"../../../Engine/Content/EngineMaterials/Substrate/Volume/SubstrateSimpleVolumeLUT2D.uasset" 4809
"/Engine/EngineMaterials/Substrate/Volume/SubstrateSimpleVolumeEnvLUT3D" 4810
"../../../Engine/Content/EngineMaterials/Substrate/Volume/SubstrateSimpleVolumeEnvLUT2D.uasset" 4811
"/Engine/MobileResources/HUD/DefaultVirtualJoysticks" 4812
"/Engine/EngineMaterials/PPM_DefaultCalibrationColor" 4813
"/Engine/EngineMaterials/PPM_DefaultCalibrationGrayscale" 4814
"/Game/Levels/DA_Murmur" 4815
"/InterchangeAssets/Functions/MX_Surface" 4816
"../../../Engine/Content/Functions/MaterialLayerFunctions/MatLayerBlend_OverrideOpacity.uasset" 4817
"/Game/UI/M_HUDBloom" 4818
"/Game/Core/GenericMaterials/M_GenericMasterMaterial" 4819
"/Engine/Functions/Engine_MaterialFunctions02/PivotPainter2/ms_PivotPainter2_CalculateMeshElementIndex" 4820
"/Game/MSPresets/MS_Foliage_Material/MaterialFunctions/Impostor/TriangleInterpolator" 4821
"/Game/MSPresets/MS_Foliage_Material/MaterialFunctions/Impostor/TriangulatedWireframe" 4822
"/Game/Characters/Elite/Materials/M_EmissiveLight" 4823
"/Engine/EditorMaterials/PreviewShadowIndicatorMaterial" 4824
"/Game/MSPresets/MS_Foliage_Material/MaterialFunctions/Foliage/MF_adjustNormal" 4825
"/Engine/EngineMaterials/Substrate/GLints/AGlintTex2dArray" 4826
"../../../Engine/Content/EngineMaterials/Substrate/GLints/dict_16_192_64_0p5_0p02_0000_0000.uasset" 4827
"../../../Engine/Content/EngineMaterials/Substrate/GLints/dict_16_192_64_0p5_0p02_0000_0001.uasset" 4828
"../../../Engine/Content/EngineMaterials/Substrate/GLints/dict_16_192_64_0p5_0p02_0000_0002.uasset" 4829
"../../../Engine/Content/EngineMaterials/Substrate/GLints/dict_16_192_64_0p5_0p02_0000_0003.uasset" 4830
"../../../Engine/Content/EngineMaterials/Substrate/GLints/dict_16_192_64_0p5_0p02_0000_0004.uasset" 4831
"../../../Engine/Content/EngineMaterials/Substrate/GLints/dict_16_192_64_0p5_0p02_0000_0005.uasset" 4832
"../../../Engine/Content/EngineMaterials/Substrate/GLints/dict_16_192_64_0p5_0p02_0000_0006.uasset" 4833
"../../../Engine/Content/EngineMaterials/Substrate/GLints/dict_16_192_64_0p5_0p02_0000_0007.uasset" 4834
"../../../Engine/Content/EngineMaterials/Substrate/GLints/dict_16_192_64_0p5_0p02_0000_0008.uasset" 4835
"../../../Engine/Content/EngineMaterials/Substrate/GLints/dict_16_192_64_0p5_0p02_0000_0009.uasset" 4836
"../../../Engine/Content/EngineMaterials/Substrate/GLints/dict_16_192_64_0p5_0p02_0000_0010.uasset" 4837
"../../../Engine/Content/EngineMaterials/Substrate/GLints/dict_16_192_64_0p5_0p02_0000_0011.uasset" 4838
"../../../Engine/Content/EngineMaterials/Substrate/GLints/dict_16_192_64_0p5_0p02_0000_0012.uasset" 4839
"../../../Engine/Content/EngineMaterials/Substrate/GLints/dict_16_192_64_0p5_0p02_0000_0013.uasset" 4840
"../../../Engine/Content/EngineMaterials/Substrate/GLints/dict_16_192_64_0p5_0p02_0000_0014.uasset" 4841
"../../../Engine/Content/EngineMaterials/Substrate/GLints/dict_16_192_64_0p5_0p02_0000_0015.uasset" 4842
"../../../Engine/Content/EngineMaterials/Substrate/GLints/dict_16_192_64_0p5_0p02_0001_0000.uasset" 4843
"../../../Engine/Content/EngineMaterials/Substrate/GLints/dict_16_192_64_0p5_0p02_0001_0001.uasset" 4844
"../../../Engine/Content/EngineMaterials/Substrate/GLints/dict_16_192_64_0p5_0p02_0001_0002.uasset" 4845
"../../../Engine/Content/EngineMaterials/Substrate/GLints/dict_16_192_64_0p5_0p02_0001_0003.uasset" 4846
"../../../Engine/Content/EngineMaterials/Substrate/GLints/dict_16_192_64_0p5_0p02_0001_0004.uasset" 4847
"../../../Engine/Content/EngineMaterials/Substrate/GLints/dict_16_192_64_0p5_0p02_0001_0005.uasset" 4848
"../../../Engine/Content/EngineMaterials/Substrate/GLints/dict_16_192_64_0p5_0p02_0001_0006.uasset" 4849
"../../../Engine/Content/EngineMaterials/Substrate/GLints/dict_16_192_64_0p5_0p02_0001_0007.uasset" 4850
"../../../Engine/Content/EngineMaterials/Substrate/GLints/dict_16_192_64_0p5_0p02_0001_0008.uasset" 4851
"../../../Engine/Content/EngineMaterials/Substrate/GLints/dict_16_192_64_0p5_0p02_0001_0009.uasset" 4852
"../../../Engine/Content/EngineMaterials/Substrate/GLints/dict_16_192_64_0p5_0p02_0001_0010.uasset" 4853
"../../../Engine/Content/EngineMaterials/Substrate/GLints/dict_16_192_64_0p5_0p02_0001_0011.uasset" 4854
"../../../Engine/Content/EngineMaterials/Substrate/GLints/dict_16_192_64_0p5_0p02_0001_0012.uasset" 4855
"../../../Engine/Content/EngineMaterials/Substrate/GLints/dict_16_192_64_0p5_0p02_0001_0013.uasset" 4856
"../../../Engine/Content/EngineMaterials/Substrate/GLints/dict_16_192_64_0p5_0p02_0001_0014.uasset" 4857
"../../../Engine/Content/EngineMaterials/Substrate/GLints/dict_16_192_64_0p5_0p02_0001_0015.uasset" 4858
"../../../Engine/Content/EngineMaterials/Substrate/GLints/dict_16_192_64_0p5_0p02_0002_0000.uasset" 4859
"../../../Engine/Content/EngineMaterials/Substrate/GLints/dict_16_192_64_0p5_0p02_0002_0001.uasset" 4860
"../../../Engine/Content/EngineMaterials/Substrate/GLints/dict_16_192_64_0p5_0p02_0002_0002.uasset" 4861
"../../../Engine/Content/EngineMaterials/Substrate/GLints/dict_16_192_64_0p5_0p02_0002_0003.uasset" 4862
"../../../Engine/Content/EngineMaterials/Substrate/GLints/dict_16_192_64_0p5_0p02_0002_0004.uasset" 4863
"../../../Engine/Content/EngineMaterials/Substrate/GLints/dict_16_192_64_0p5_0p02_0002_0005.uasset" 4864
"../../../Engine/Content/EngineMaterials/Substrate/GLints/dict_16_192_64_0p5_0p02_0002_0006.uasset" 4865
"../../../Engine/Content/EngineMaterials/Substrate/GLints/dict_16_192_64_0p5_0p02_0002_0007.uasset" 4866
"../../../Engine/Content/EngineMaterials/Substrate/GLints/dict_16_192_64_0p5_0p02_0002_0008.uasset" 4867
"../../../Engine/Content/EngineMaterials/Substrate/GLints/dict_16_192_64_0p5_0p02_0002_0009.uasset" 4868
"../../../Engine/Content/EngineMaterials/Substrate/GLints/dict_16_192_64_0p5_0p02_0002_0010.uasset" 4869
"../../../Engine/Content/EngineMaterials/Substrate/GLints/dict_16_192_64_0p5_0p02_0002_0011.uasset" 4870
"../../../Engine/Content/EngineMaterials/Substrate/GLints/dict_16_192_64_0p5_0p02_0002_0012.uasset" 4871
"../../../Engine/Content/EngineMaterials/Substrate/GLints/dict_16_192_64_0p5_0p02_0002_0013.uasset" 4872
"../../../Engine/Content/EngineMaterials/Substrate/GLints/dict_16_192_64_0p5_0p02_0002_0014.uasset" 4873
"../../../Engine/Content/EngineMaterials/Substrate/GLints/dict_16_192_64_0p5_0p02_0002_0015.uasset" 4874
"../../../Engine/Content/EngineMaterials/Substrate/GLints/dict_16_192_64_0p5_0p02_0003_0000.uasset" 4875
"../../../Engine/Content/EngineMaterials/Substrate/GLints/dict_16_192_64_0p5_0p02_0003_0001.uasset" 4876
"../../../Engine/Content/EngineMaterials/Substrate/GLints/dict_16_192_64_0p5_0p02_0003_0002.uasset" 4877
"../../../Engine/Content/EngineMaterials/Substrate/GLints/dict_16_192_64_0p5_0p02_0003_0003.uasset" 4878
"../../../Engine/Content/EngineMaterials/Substrate/GLints/dict_16_192_64_0p5_0p02_0003_0004.uasset" 4879
"../../../Engine/Content/EngineMaterials/Substrate/GLints/dict_16_192_64_0p5_0p02_0003_0005.uasset" 4880
"../../../Engine/Content/EngineMaterials/Substrate/GLints/dict_16_192_64_0p5_0p02_0003_0006.uasset" 4881
"../../../Engine/Content/EngineMaterials/Substrate/GLints/dict_16_192_64_0p5_0p02_0003_0007.uasset" 4882
"../../../Engine/Content/EngineMaterials/Substrate/GLints/dict_16_192_64_0p5_0p02_0003_0008.uasset" 4883
"../../../Engine/Content/EngineMaterials/Substrate/GLints/dict_16_192_64_0p5_0p02_0003_0009.uasset" 4884
"../../../Engine/Content/EngineMaterials/Substrate/GLints/dict_16_192_64_0p5_0p02_0003_0010.uasset" 4885
"../../../Engine/Content/EngineMaterials/Substrate/GLints/dict_16_192_64_0p5_0p02_0003_0011.uasset" 4886
"../../../Engine/Content/EngineMaterials/Substrate/GLints/dict_16_192_64_0p5_0p02_0003_0012.uasset" 4887
"../../../Engine/Content/EngineMaterials/Substrate/GLints/dict_16_192_64_0p5_0p02_0003_0013.uasset" 4888
"../../../Engine/Content/EngineMaterials/Substrate/GLints/dict_16_192_64_0p5_0p02_0003_0014.uasset" 4889
"../../../Engine/Content/EngineMaterials/Substrate/GLints/dict_16_192_64_0p5_0p02_0003_0015.uasset" 4890
"../../../Engine/Content/EngineMaterials/Substrate/GLints/dict_16_192_64_0p5_0p02_0004_0000.uasset" 4891
"../../../Engine/Content/EngineMaterials/Substrate/GLints/dict_16_192_64_0p5_0p02_0004_0001.uasset" 4892
"../../../Engine/Content/EngineMaterials/Substrate/GLints/dict_16_192_64_0p5_0p02_0004_0002.uasset" 4893
"../../../Engine/Content/EngineMaterials/Substrate/GLints/dict_16_192_64_0p5_0p02_0004_0003.uasset" 4894
"../../../Engine/Content/EngineMaterials/Substrate/GLints/dict_16_192_64_0p5_0p02_0004_0004.uasset" 4895
"../../../Engine/Content/EngineMaterials/Substrate/GLints/dict_16_192_64_0p5_0p02_0004_0005.uasset" 4896
"../../../Engine/Content/EngineMaterials/Substrate/GLints/dict_16_192_64_0p5_0p02_0004_0006.uasset" 4897
"../../../Engine/Content/EngineMaterials/Substrate/GLints/dict_16_192_64_0p5_0p02_0004_0007.uasset" 4898
"../../../Engine/Content/EngineMaterials/Substrate/GLints/dict_16_192_64_0p5_0p02_0004_0008.uasset" 4899
"../../../Engine/Content/EngineMaterials/Substrate/GLints/dict_16_192_64_0p5_0p02_0004_0009.uasset" 4900
"../../../Engine/Content/EngineMaterials/Substrate/GLints/dict_16_192_64_0p5_0p02_0004_0010.uasset" 4901
"../../../Engine/Content/EngineMaterials/Substrate/GLints/dict_16_192_64_0p5_0p02_0004_0011.uasset" 4902
"../../../Engine/Content/EngineMaterials/Substrate/GLints/dict_16_192_64_0p5_0p02_0004_0012.uasset" 4903
"../../../Engine/Content/EngineMaterials/Substrate/GLints/dict_16_192_64_0p5_0p02_0004_0013.uasset" 4904
"../../../Engine/Content/EngineMaterials/Substrate/GLints/dict_16_192_64_0p5_0p02_0004_0014.uasset" 4905
"../../../Engine/Content/EngineMaterials/Substrate/GLints/dict_16_192_64_0p5_0p02_0004_0015.uasset" 4906
"../../../Engine/Content/EngineMaterials/Substrate/GLints/dict_16_192_64_0p5_0p02_0005_0000.uasset" 4907
"../../../Engine/Content/EngineMaterials/Substrate/GLints/dict_16_192_64_0p5_0p02_0005_0001.uasset" 4908
"../../../Engine/Content/EngineMaterials/Substrate/GLints/dict_16_192_64_0p5_0p02_0005_0002.uasset" 4909
"../../../Engine/Content/EngineMaterials/Substrate/GLints/dict_16_192_64_0p5_0p02_0005_0003.uasset" 4910
"../../../Engine/Content/EngineMaterials/Substrate/GLints/dict_16_192_64_0p5_0p02_0005_0004.uasset" 4911
"../../../Engine/Content/EngineMaterials/Substrate/GLints/dict_16_192_64_0p5_0p02_0005_0005.uasset" 4912
"../../../Engine/Content/EngineMaterials/Substrate/GLints/dict_16_192_64_0p5_0p02_0005_0006.uasset" 4913
"C:/Program Files/Epic Games/Unreal Projects/HaloFloodFanGame01 5.5/DerivedDataCache/VT/TEXTURE_7C16439390E24F1F9468894FB4D4BC55_VTCHUNK2525FEE014EF08106A216479E8FF0273EF1661BA" 4914
"../../../Engine/Content/EngineMaterials/Substrate/GLints/dict_16_192_64_0p5_0p02_0005_0007.uasset" 4915
"../../../Engine/Content/EngineMaterials/Substrate/GLints/dict_16_192_64_0p5_0p02_0005_0008.uasset" 4916
"C:/Program Files/Epic Games/Unreal Projects/HaloFloodFanGame01 5.5/DerivedDataCache/VT/TEXTURE_7C16439390E24F1F9468894FB4D4BC55_VTCHUNK1CC986ED5DA7CBA4BEBACC8A84442D5E81C96E34" 4917
"../../../Engine/Content/EngineMaterials/Substrate/GLints/dict_16_192_64_0p5_0p02_0005_0009.uasset" 4918
"../../../Engine/Content/EngineMaterials/Substrate/GLints/dict_16_192_64_0p5_0p02_0005_0010.uasset" 4919
"../../../Engine/Content/EngineMaterials/Substrate/GLints/dict_16_192_64_0p5_0p02_0005_0011.uasset" 4920
"C:/Program Files/Epic Games/Unreal Projects/HaloFloodFanGame01 5.5/DerivedDataCache/VT/TEXTURE_7C16439390E24F1F9468894FB4D4BC55_VTCHUNKB95AABC91D9BF470180F1A7FD0C18E40AE5ED750" 4921
"C:/Program Files/Epic Games/Unreal Projects/HaloFloodFanGame01 5.5/DerivedDataCache/VT/TEXTURE_7C16439390E24F1F9468894FB4D4BC55_VTCHUNKA0B52DA6328B056AEC7809706AC449837E931154" 4922
"../../../Engine/Content/EngineMaterials/Substrate/GLints/dict_16_192_64_0p5_0p02_0005_0012.uasset" 4923
"../../../Engine/Content/EngineMaterials/Substrate/GLints/dict_16_192_64_0p5_0p02_0005_0013.uasset" 4924
"C:/Program Files/Epic Games/Unreal Projects/HaloFloodFanGame01 5.5/DerivedDataCache/VT/TEXTURE_7C16439390E24F1F9468894FB4D4BC55_VTCHUNKBFD534D1838530050C3647850075730BA9B42679" 4925
"C:/Program Files/Epic Games/Unreal Projects/HaloFloodFanGame01 5.5/DerivedDataCache/VT/TEXTURE_7C16439390E24F1F9468894FB4D4BC55_VTCHUNKB282C28DFB68C04F04B7910239838DF26FC7C82D" 4926
"C:/Program Files/Epic Games/Unreal Projects/HaloFloodFanGame01 5.5/DerivedDataCache/VT/TEXTURE_7C16439390E24F1F9468894FB4D4BC55_VTCHUNK7CC1EF13E59809CBB1DD82EAE9D80DC1AA198C0B" 4927
"C:/Program Files/Epic Games/Unreal Projects/HaloFloodFanGame01 5.5/DerivedDataCache/VT/TEXTURE_7C16439390E24F1F9468894FB4D4BC55_VTCHUNKAFE59A520799BE9A0A9E3828CB2BE6791F34B9E2" 4928
"C:/Program Files/Epic Games/Unreal Projects/HaloFloodFanGame01 5.5/DerivedDataCache/VT/TEXTURE_7C16439390E24F1F9468894FB4D4BC55_VTCHUNKB1F008B44BA57BCFFF765181C299C24424CEFAE6" 4929
"../../../Engine/Content/EngineMaterials/Substrate/GLints/dict_16_192_64_0p5_0p02_0005_0014.uasset" 4930
"../../../Engine/Content/EngineMaterials/Substrate/GLints/dict_16_192_64_0p5_0p02_0005_0015.uasset" 4931
"C:/Program Files/Epic Games/Unreal Projects/HaloFloodFanGame01 5.5/DerivedDataCache/VT/TEXTURE_7C16439390E24F1F9468894FB4D4BC55_VTCHUNKBA1A6543F902CB1BE97E9CB0CC3B412E14399517" 4932
"../../../Engine/Content/EngineMaterials/Substrate/GLints/dict_16_192_64_0p5_0p02_0006_0000.uasset" 4933
"../../../Engine/Content/EngineMaterials/Substrate/GLints/dict_16_192_64_0p5_0p02_0006_0001.uasset" 4934
"C:/Program Files/Epic Games/Unreal Projects/HaloFloodFanGame01 5.5/DerivedDataCache/VT/TEXTURE_7C16439390E24F1F9468894FB4D4BC55_VTCHUNK20D749E96D9EFA04E00C7FADB8C5F07372EE0027" 4935
"C:/Program Files/Epic Games/Unreal Projects/HaloFloodFanGame01 5.5/DerivedDataCache/VT/TEXTURE_7C16439390E24F1F9468894FB4D4BC55_VTCHUNK4620D9C939321FF6344E27CD239C0E5198D81A3D" 4936
"../../../Engine/Content/EngineMaterials/Substrate/GLints/dict_16_192_64_0p5_0p02_0006_0002.uasset" 4937
"../../../Engine/Content/EngineMaterials/Substrate/GLints/dict_16_192_64_0p5_0p02_0006_0003.uasset" 4938
"../../../Engine/Content/EngineMaterials/Substrate/GLints/dict_16_192_64_0p5_0p02_0006_0004.uasset" 4939
"../../../Engine/Content/EngineMaterials/Substrate/GLints/dict_16_192_64_0p5_0p02_0006_0005.uasset" 4940
"../../../Engine/Content/EngineMaterials/Substrate/GLints/dict_16_192_64_0p5_0p02_0006_0006.uasset" 4941
"../../../Engine/Content/EngineMaterials/Substrate/GLints/dict_16_192_64_0p5_0p02_0006_0007.uasset" 4942
"../../../Engine/Content/EngineMaterials/Substrate/GLints/dict_16_192_64_0p5_0p02_0006_0008.uasset" 4943
"../../../Engine/Content/EngineMaterials/Substrate/GLints/dict_16_192_64_0p5_0p02_0006_0009.uasset" 4944
"C:/Program Files/Epic Games/Unreal Projects/HaloFloodFanGame01 5.5/DerivedDataCache/VT/TEXTURE_7C16439390E24F1F9468894FB4D4BC55_VTCHUNKC860E6582175F4015B479FEA8C954D51059EA223" 4945
"../../../Engine/Content/EngineMaterials/Substrate/GLints/dict_16_192_64_0p5_0p02_0006_0010.uasset" 4946
"../../../Engine/Content/EngineMaterials/Substrate/GLints/dict_16_192_64_0p5_0p02_0006_0011.uasset" 4947
"../../../Engine/Content/EngineMaterials/Substrate/GLints/dict_16_192_64_0p5_0p02_0006_0012.uasset" 4948
"../../../Engine/Content/EngineMaterials/Substrate/GLints/dict_16_192_64_0p5_0p02_0006_0013.uasset" 4949
"../../../Engine/Content/EngineMaterials/Substrate/GLints/dict_16_192_64_0p5_0p02_0006_0014.uasset" 4950
"../../../Engine/Content/EngineMaterials/Substrate/GLints/dict_16_192_64_0p5_0p02_0006_0015.uasset" 4951
"../../../Engine/Content/EngineMaterials/Substrate/GLints/dict_16_192_64_0p5_0p02_0007_0000.uasset" 4952
"../../../Engine/Content/EngineMaterials/Substrate/GLints/dict_16_192_64_0p5_0p02_0007_0001.uasset" 4953
"../../../Engine/Content/EngineMaterials/Substrate/GLints/dict_16_192_64_0p5_0p02_0007_0002.uasset" 4954
"../../../Engine/Content/EngineMaterials/Substrate/GLints/dict_16_192_64_0p5_0p02_0007_0003.uasset" 4955
"../../../Engine/Content/EngineMaterials/Substrate/GLints/dict_16_192_64_0p5_0p02_0007_0004.uasset" 4956
"../../../Engine/Content/EngineMaterials/Substrate/GLints/dict_16_192_64_0p5_0p02_0007_0005.uasset" 4957
"../../../Engine/Content/EngineMaterials/Substrate/GLints/dict_16_192_64_0p5_0p02_0007_0006.uasset" 4958
"../../../Engine/Content/EngineMaterials/Substrate/GLints/dict_16_192_64_0p5_0p02_0007_0007.uasset" 4959
"../../../Engine/Content/EngineMaterials/Substrate/GLints/dict_16_192_64_0p5_0p02_0007_0008.uasset" 4960
"../../../Engine/Content/EngineMaterials/Substrate/GLints/dict_16_192_64_0p5_0p02_0007_0009.uasset" 4961
"../../../Engine/Content/EngineMaterials/Substrate/GLints/dict_16_192_64_0p5_0p02_0007_0010.uasset" 4962
"../../../Engine/Content/EngineMaterials/Substrate/GLints/dict_16_192_64_0p5_0p02_0007_0011.uasset" 4963
"../../../Engine/Content/EngineMaterials/Substrate/GLints/dict_16_192_64_0p5_0p02_0007_0012.uasset" 4964
"../../../Engine/Content/EngineMaterials/Substrate/GLints/dict_16_192_64_0p5_0p02_0007_0013.uasset" 4965
"../../../Engine/Content/EngineMaterials/Substrate/GLints/dict_16_192_64_0p5_0p02_0007_0014.uasset" 4966
"../../../Engine/Content/EngineMaterials/Substrate/GLints/dict_16_192_64_0p5_0p02_0007_0015.uasset" 4967
"../../../Engine/Content/EngineMaterials/Substrate/GLints/dict_16_192_64_0p5_0p02_0008_0000.uasset" 4968
"../../../Engine/Content/EngineMaterials/Substrate/GLints/dict_16_192_64_0p5_0p02_0008_0001.uasset" 4969
"../../../Engine/Content/EngineMaterials/Substrate/GLints/dict_16_192_64_0p5_0p02_0008_0002.uasset" 4970
"../../../Engine/Content/EngineMaterials/Substrate/GLints/dict_16_192_64_0p5_0p02_0008_0003.uasset" 4971
"../../../Engine/Content/EngineMaterials/Substrate/GLints/dict_16_192_64_0p5_0p02_0008_0004.uasset" 4972
"../../../Engine/Content/EngineMaterials/Substrate/GLints/dict_16_192_64_0p5_0p02_0008_0005.uasset" 4973
"../../../Engine/Content/EngineMaterials/Substrate/GLints/dict_16_192_64_0p5_0p02_0008_0006.uasset" 4974
"../../../Engine/Content/EngineMaterials/Substrate/GLints/dict_16_192_64_0p5_0p02_0008_0007.uasset" 4975
"../../../Engine/Content/EngineMaterials/Substrate/GLints/dict_16_192_64_0p5_0p02_0008_0008.uasset" 4976
"../../../Engine/Content/EngineMaterials/Substrate/GLints/dict_16_192_64_0p5_0p02_0008_0009.uasset" 4977
"../../../Engine/Content/EngineMaterials/Substrate/GLints/dict_16_192_64_0p5_0p02_0008_0010.uasset" 4978
"../../../Engine/Content/EngineMaterials/Substrate/GLints/dict_16_192_64_0p5_0p02_0008_0011.uasset" 4979
"../../../Engine/Content/EngineMaterials/Substrate/GLints/dict_16_192_64_0p5_0p02_0008_0012.uasset" 4980
"../../../Engine/Content/EngineMaterials/Substrate/GLints/dict_16_192_64_0p5_0p02_0008_0013.uasset" 4981
"../../../Engine/Content/EngineMaterials/Substrate/GLints/dict_16_192_64_0p5_0p02_0008_0014.uasset" 4982
"../../../Engine/Content/EngineMaterials/Substrate/GLints/dict_16_192_64_0p5_0p02_0008_0015.uasset" 4983
"../../../Engine/Content/EngineMaterials/Substrate/GLints/dict_16_192_64_0p5_0p02_0009_0000.uasset" 4984
"../../../Engine/Content/EngineMaterials/Substrate/GLints/dict_16_192_64_0p5_0p02_0009_0001.uasset" 4985
"../../../Engine/Content/EngineMaterials/Substrate/GLints/dict_16_192_64_0p5_0p02_0009_0002.uasset" 4986
"../../../Engine/Content/EngineMaterials/Substrate/GLints/dict_16_192_64_0p5_0p02_0009_0003.uasset" 4987
"../../../Engine/Content/EngineMaterials/Substrate/GLints/dict_16_192_64_0p5_0p02_0009_0004.uasset" 4988
"../../../Engine/Content/EngineMaterials/Substrate/GLints/dict_16_192_64_0p5_0p02_0009_0005.uasset" 4989
"../../../Engine/Content/EngineMaterials/Substrate/GLints/dict_16_192_64_0p5_0p02_0009_0006.uasset" 4990
"../../../Engine/Content/EngineMaterials/Substrate/GLints/dict_16_192_64_0p5_0p02_0009_0007.uasset" 4991
"../../../Engine/Content/EngineMaterials/Substrate/GLints/dict_16_192_64_0p5_0p02_0009_0008.uasset" 4992
"../../../Engine/Content/EngineMaterials/Substrate/GLints/dict_16_192_64_0p5_0p02_0009_0009.uasset" 4993
"../../../Engine/Content/EngineMaterials/Substrate/GLints/dict_16_192_64_0p5_0p02_0009_0010.uasset" 4994
"../../../Engine/Content/EngineMaterials/Substrate/GLints/dict_16_192_64_0p5_0p02_0009_0011.uasset" 4995
"../../../Engine/Content/EngineMaterials/Substrate/GLints/dict_16_192_64_0p5_0p02_0009_0012.uasset" 4996
"../../../Engine/Content/EngineMaterials/Substrate/GLints/dict_16_192_64_0p5_0p02_0009_0013.uasset" 4997
"../../../Engine/Content/EngineMaterials/Substrate/GLints/dict_16_192_64_0p5_0p02_0009_0014.uasset" 4998
"../../../Engine/Content/EngineMaterials/Substrate/GLints/dict_16_192_64_0p5_0p02_0009_0015.uasset" 4999
"../../../Engine/Content/EngineMaterials/Substrate/GLints/dict_16_192_64_0p5_0p02_0010_0000.uasset" 5000
"../../../Engine/Content/EngineMaterials/Substrate/GLints/dict_16_192_64_0p5_0p02_0010_0001.uasset" 5001
"../../../Engine/Content/EngineMaterials/Substrate/GLints/dict_16_192_64_0p5_0p02_0010_0002.uasset" 5002
"../../../Engine/Content/EngineMaterials/Substrate/GLints/dict_16_192_64_0p5_0p02_0010_0003.uasset" 5003
"../../../Engine/Content/EngineMaterials/Substrate/GLints/dict_16_192_64_0p5_0p02_0010_0004.uasset" 5004
"../../../Engine/Content/EngineMaterials/Substrate/GLints/dict_16_192_64_0p5_0p02_0010_0005.uasset" 5005
"../../../Engine/Content/EngineMaterials/Substrate/GLints/dict_16_192_64_0p5_0p02_0010_0006.uasset" 5006
"../../../Engine/Content/EngineMaterials/Substrate/GLints/dict_16_192_64_0p5_0p02_0010_0007.uasset" 5007
"../../../Engine/Content/EngineMaterials/Substrate/GLints/dict_16_192_64_0p5_0p02_0010_0008.uasset" 5008
"../../../Engine/Content/EngineMaterials/Substrate/GLints/dict_16_192_64_0p5_0p02_0010_0009.uasset" 5009
"../../../Engine/Content/EngineMaterials/Substrate/GLints/dict_16_192_64_0p5_0p02_0010_0010.uasset" 5010
"../../../Engine/Content/EngineMaterials/Substrate/GLints/dict_16_192_64_0p5_0p02_0010_0011.uasset" 5011
"../../../Engine/Content/EngineMaterials/Substrate/GLints/dict_16_192_64_0p5_0p02_0010_0012.uasset" 5012
"../../../Engine/Content/EngineMaterials/Substrate/GLints/dict_16_192_64_0p5_0p02_0010_0013.uasset" 5013
"../../../Engine/Content/EngineMaterials/Substrate/GLints/dict_16_192_64_0p5_0p02_0010_0014.uasset" 5014
"../../../Engine/Content/EngineMaterials/Substrate/GLints/dict_16_192_64_0p5_0p02_0010_0015.uasset" 5015
"../../../Engine/Content/EngineMaterials/Substrate/GLints/dict_16_192_64_0p5_0p02_0011_0000.uasset" 5016
"../../../Engine/Content/EngineMaterials/Substrate/GLints/dict_16_192_64_0p5_0p02_0011_0001.uasset" 5017
"../../../Engine/Content/EngineMaterials/Substrate/GLints/dict_16_192_64_0p5_0p02_0011_0002.uasset" 5018
"../../../Engine/Content/EngineMaterials/Substrate/GLints/dict_16_192_64_0p5_0p02_0011_0003.uasset" 5019
"../../../Engine/Content/EngineMaterials/Substrate/GLints/dict_16_192_64_0p5_0p02_0011_0004.uasset" 5020
"../../../Engine/Content/EngineMaterials/Substrate/GLints/dict_16_192_64_0p5_0p02_0011_0005.uasset" 5021
"../../../Engine/Content/EngineMaterials/Substrate/GLints/dict_16_192_64_0p5_0p02_0011_0006.uasset" 5022
"../../../Engine/Content/EngineMaterials/Substrate/GLints/dict_16_192_64_0p5_0p02_0011_0007.uasset" 5023
"../../../Engine/Content/EngineMaterials/Substrate/GLints/dict_16_192_64_0p5_0p02_0011_0008.uasset" 5024
"../../../Engine/Content/EngineMaterials/Substrate/GLints/dict_16_192_64_0p5_0p02_0011_0009.uasset" 5025
"../../../Engine/Content/EngineMaterials/Substrate/GLints/dict_16_192_64_0p5_0p02_0011_0010.uasset" 5026
"../../../Engine/Content/EngineMaterials/Substrate/GLints/dict_16_192_64_0p5_0p02_0011_0011.uasset" 5027
"../../../Engine/Content/EngineMaterials/Substrate/GLints/dict_16_192_64_0p5_0p02_0011_0012.uasset" 5028
"../../../Engine/Content/EngineMaterials/Substrate/GLints/dict_16_192_64_0p5_0p02_0011_0013.uasset" 5029
"../../../Engine/Content/EngineMaterials/Substrate/GLints/dict_16_192_64_0p5_0p02_0011_0014.uasset" 5030
"../../../Engine/Content/EngineMaterials/Substrate/GLints/dict_16_192_64_0p5_0p02_0011_0015.uasset" 5031
"../../../Engine/Content/EngineMaterials/Substrate/GLints/dict_16_192_64_0p5_0p02_0012_0000.uasset" 5032
"../../../Engine/Content/EngineMaterials/Substrate/GLints/dict_16_192_64_0p5_0p02_0012_0001.uasset" 5033
"../../../Engine/Content/EngineMaterials/Substrate/GLints/dict_16_192_64_0p5_0p02_0012_0002.uasset" 5034
"../../../Engine/Content/EngineMaterials/Substrate/GLints/dict_16_192_64_0p5_0p02_0012_0003.uasset" 5035
"../../../Engine/Content/EngineMaterials/Substrate/GLints/dict_16_192_64_0p5_0p02_0012_0004.uasset" 5036
"../../../Engine/Content/EngineMaterials/Substrate/GLints/dict_16_192_64_0p5_0p02_0012_0005.uasset" 5037
"../../../Engine/Content/EngineMaterials/Substrate/GLints/dict_16_192_64_0p5_0p02_0012_0006.uasset" 5038
"../../../Engine/Content/EngineMaterials/Substrate/GLints/dict_16_192_64_0p5_0p02_0012_0007.uasset" 5039
"../../../Engine/Content/EngineMaterials/Substrate/GLints/dict_16_192_64_0p5_0p02_0012_0008.uasset" 5040
"../../../Engine/Content/EngineMaterials/Substrate/GLints/dict_16_192_64_0p5_0p02_0012_0009.uasset" 5041
"../../../Engine/Content/EngineMaterials/Substrate/GLints/dict_16_192_64_0p5_0p02_0012_0010.uasset" 5042
"../../../Engine/Content/EngineMaterials/Substrate/GLints/dict_16_192_64_0p5_0p02_0012_0011.uasset" 5043
"../../../Engine/Content/EngineMaterials/Substrate/GLints/dict_16_192_64_0p5_0p02_0012_0012.uasset" 5044
"../../../Engine/Content/EngineMaterials/Substrate/GLints/dict_16_192_64_0p5_0p02_0012_0013.uasset" 5045
"../../../Engine/Content/EngineMaterials/Substrate/GLints/dict_16_192_64_0p5_0p02_0012_0014.uasset" 5046
"../../../Engine/Content/EngineMaterials/Substrate/GLints/dict_16_192_64_0p5_0p02_0012_0015.uasset" 5047
"../../../Engine/Content/EngineMaterials/Substrate/GLints/dict_16_192_64_0p5_0p02_0013_0000.uasset" 5048
"../../../Engine/Content/EngineMaterials/Substrate/GLints/dict_16_192_64_0p5_0p02_0013_0001.uasset" 5049
"../../../Engine/Content/EngineMaterials/Substrate/GLints/dict_16_192_64_0p5_0p02_0013_0002.uasset" 5050
"../../../Engine/Content/EngineMaterials/Substrate/GLints/dict_16_192_64_0p5_0p02_0013_0003.uasset" 5051
"../../../Engine/Content/EngineMaterials/Substrate/GLints/dict_16_192_64_0p5_0p02_0013_0004.uasset" 5052
"../../../Engine/Content/EngineMaterials/Substrate/GLints/dict_16_192_64_0p5_0p02_0013_0005.uasset" 5053
"../../../Engine/Content/EngineMaterials/Substrate/GLints/dict_16_192_64_0p5_0p02_0013_0006.uasset" 5054
"../../../Engine/Content/EngineMaterials/Substrate/GLints/dict_16_192_64_0p5_0p02_0013_0007.uasset" 5055
"../../../Engine/Content/EngineMaterials/Substrate/GLints/dict_16_192_64_0p5_0p02_0013_0008.uasset" 5056
"../../../Engine/Content/EngineMaterials/Substrate/GLints/dict_16_192_64_0p5_0p02_0013_0009.uasset" 5057
"../../../Engine/Content/EngineMaterials/Substrate/GLints/dict_16_192_64_0p5_0p02_0013_0010.uasset" 5058
"../../../Engine/Content/EngineMaterials/Substrate/GLints/dict_16_192_64_0p5_0p02_0013_0011.uasset" 5059
"../../../Engine/Content/EngineMaterials/Substrate/GLints/dict_16_192_64_0p5_0p02_0013_0012.uasset" 5060
"../../../Engine/Content/EngineMaterials/Substrate/GLints/dict_16_192_64_0p5_0p02_0013_0013.uasset" 5061
"../../../Engine/Content/EngineMaterials/Substrate/GLints/dict_16_192_64_0p5_0p02_0013_0014.uasset" 5062
"../../../Engine/Content/EngineMaterials/Substrate/GLints/dict_16_192_64_0p5_0p02_0013_0015.uasset" 5063
"../../../Engine/Content/EngineMaterials/Substrate/GLints/dict_16_192_64_0p5_0p02_0014_0000.uasset" 5064
"../../../Engine/Content/EngineMaterials/Substrate/GLints/dict_16_192_64_0p5_0p02_0014_0001.uasset" 5065
"../../../Engine/Content/EngineMaterials/Substrate/GLints/dict_16_192_64_0p5_0p02_0014_0002.uasset" 5066
"../../../Engine/Content/EngineMaterials/Substrate/GLints/dict_16_192_64_0p5_0p02_0014_0003.uasset" 5067
"../../../Engine/Content/EngineMaterials/Substrate/GLints/dict_16_192_64_0p5_0p02_0014_0004.uasset" 5068
"../../../Engine/Content/EngineMaterials/Substrate/GLints/dict_16_192_64_0p5_0p02_0014_0005.uasset" 5069
"../../../Engine/Content/EngineMaterials/Substrate/GLints/dict_16_192_64_0p5_0p02_0014_0006.uasset" 5070
"../../../Engine/Content/EngineMaterials/Substrate/GLints/dict_16_192_64_0p5_0p02_0014_0007.uasset" 5071
"../../../Engine/Content/EngineMaterials/Substrate/GLints/dict_16_192_64_0p5_0p02_0014_0008.uasset" 5072
"../../../Engine/Content/EngineMaterials/Substrate/GLints/dict_16_192_64_0p5_0p02_0014_0009.uasset" 5073
"../../../Engine/Content/EngineMaterials/Substrate/GLints/dict_16_192_64_0p5_0p02_0014_0010.uasset" 5074
"../../../Engine/Content/EngineMaterials/Substrate/GLints/dict_16_192_64_0p5_0p02_0014_0011.uasset" 5075
"../../../Engine/Content/EngineMaterials/Substrate/GLints/dict_16_192_64_0p5_0p02_0014_0012.uasset" 5076
"../../../Engine/Content/EngineMaterials/Substrate/GLints/dict_16_192_64_0p5_0p02_0014_0013.uasset" 5077
"../../../Engine/Content/EngineMaterials/Substrate/GLints/dict_16_192_64_0p5_0p02_0014_0014.uasset" 5078
"../../../Engine/Content/EngineMaterials/Substrate/GLints/dict_16_192_64_0p5_0p02_0014_0015.uasset" 5079
"../../../Engine/Content/EngineMaterials/Substrate/GLints/dict_16_192_64_0p5_0p02_0015_0000.uasset" 5080
"../../../Engine/Content/EngineMaterials/Substrate/GLints/dict_16_192_64_0p5_0p02_0015_0001.uasset" 5081
"../../../Engine/Content/EngineMaterials/Substrate/GLints/dict_16_192_64_0p5_0p02_0015_0002.uasset" 5082
"../../../Engine/Content/EngineMaterials/Substrate/GLints/dict_16_192_64_0p5_0p02_0015_0003.uasset" 5083
"../../../Engine/Content/EngineMaterials/Substrate/GLints/dict_16_192_64_0p5_0p02_0015_0004.uasset" 5084
"../../../Engine/Content/EngineMaterials/Substrate/GLints/dict_16_192_64_0p5_0p02_0015_0005.uasset" 5085
"../../../Engine/Content/EngineMaterials/Substrate/GLints/dict_16_192_64_0p5_0p02_0015_0006.uasset" 5086
"../../../Engine/Content/EngineMaterials/Substrate/GLints/dict_16_192_64_0p5_0p02_0015_0007.uasset" 5087
"../../../Engine/Content/EngineMaterials/Substrate/GLints/dict_16_192_64_0p5_0p02_0015_0008.uasset" 5088
"../../../Engine/Content/EngineMaterials/Substrate/GLints/dict_16_192_64_0p5_0p02_0015_0009.uasset" 5089
"../../../Engine/Content/EngineMaterials/Substrate/GLints/dict_16_192_64_0p5_0p02_0015_0010.uasset" 5090
"../../../Engine/Content/EngineMaterials/Substrate/GLints/dict_16_192_64_0p5_0p02_0015_0011.uasset" 5091
"../../../Engine/Content/EngineMaterials/Substrate/GLints/dict_16_192_64_0p5_0p02_0015_0012.uasset" 5092
"../../../Engine/Content/EngineMaterials/Substrate/GLints/dict_16_192_64_0p5_0p02_0015_0013.uasset" 5093
"../../../Engine/Content/EngineMaterials/Substrate/GLints/dict_16_192_64_0p5_0p02_0015_0014.uasset" 5094
"../../../Engine/Content/EngineMaterials/Substrate/GLints/dict_16_192_64_0p5_0p02_0015_0015.uasset" 5095
"../../../Engine/Content/EngineMaterials/Substrate/GLints/dict_16_192_64_0p5_0p02_0016_0000.uasset" 5096
"../../../Engine/Content/EngineMaterials/Substrate/GLints/dict_16_192_64_0p5_0p02_0016_0001.uasset" 5097
"../../../Engine/Content/EngineMaterials/Substrate/GLints/dict_16_192_64_0p5_0p02_0016_0002.uasset" 5098
"../../../Engine/Content/EngineMaterials/Substrate/GLints/dict_16_192_64_0p5_0p02_0016_0003.uasset" 5099
"../../../Engine/Content/EngineMaterials/Substrate/GLints/dict_16_192_64_0p5_0p02_0016_0004.uasset" 5100
"../../../Engine/Content/EngineMaterials/Substrate/GLints/dict_16_192_64_0p5_0p02_0016_0005.uasset" 5101
"../../../Engine/Content/EngineMaterials/Substrate/GLints/dict_16_192_64_0p5_0p02_0016_0006.uasset" 5102
"../../../Engine/Content/EngineMaterials/Substrate/GLints/dict_16_192_64_0p5_0p02_0016_0007.uasset" 5103
"../../../Engine/Content/EngineMaterials/Substrate/GLints/dict_16_192_64_0p5_0p02_0016_0008.uasset" 5104
"../../../Engine/Content/EngineMaterials/Substrate/GLints/dict_16_192_64_0p5_0p02_0016_0009.uasset" 5105
"../../../Engine/Content/EngineMaterials/Substrate/GLints/dict_16_192_64_0p5_0p02_0016_0010.uasset" 5106
"../../../Engine/Content/EngineMaterials/Substrate/GLints/dict_16_192_64_0p5_0p02_0016_0011.uasset" 5107
"../../../Engine/Content/EngineMaterials/Substrate/GLints/dict_16_192_64_0p5_0p02_0016_0012.uasset" 5108
"../../../Engine/Content/EngineMaterials/Substrate/GLints/dict_16_192_64_0p5_0p02_0016_0013.uasset" 5109
"../../../Engine/Content/EngineMaterials/Substrate/GLints/dict_16_192_64_0p5_0p02_0016_0014.uasset" 5110
"../../../Engine/Content/EngineMaterials/Substrate/GLints/dict_16_192_64_0p5_0p02_0016_0015.uasset" 5111
"../../../Engine/Content/EngineMaterials/Substrate/GLints/dict_16_192_64_0p5_0p02_0017_0000.uasset" 5112
"../../../Engine/Content/EngineMaterials/Substrate/GLints/dict_16_192_64_0p5_0p02_0017_0001.uasset" 5113
"../../../Engine/Content/EngineMaterials/Substrate/GLints/dict_16_192_64_0p5_0p02_0017_0002.uasset" 5114
"../../../Engine/Content/EngineMaterials/Substrate/GLints/dict_16_192_64_0p5_0p02_0017_0003.uasset" 5115
"../../../Engine/Content/EngineMaterials/Substrate/GLints/dict_16_192_64_0p5_0p02_0017_0004.uasset" 5116
"../../../Engine/Content/EngineMaterials/Substrate/GLints/dict_16_192_64_0p5_0p02_0017_0005.uasset" 5117
"../../../Engine/Content/EngineMaterials/Substrate/GLints/dict_16_192_64_0p5_0p02_0017_0006.uasset" 5118
"../../../Engine/Content/EngineMaterials/Substrate/GLints/dict_16_192_64_0p5_0p02_0017_0007.uasset" 5119
"../../../Engine/Content/EngineMaterials/Substrate/GLints/dict_16_192_64_0p5_0p02_0017_0008.uasset" 5120
"../../../Engine/Content/EngineMaterials/Substrate/GLints/dict_16_192_64_0p5_0p02_0017_0009.uasset" 5121
"../../../Engine/Content/EngineMaterials/Substrate/GLints/dict_16_192_64_0p5_0p02_0017_0010.uasset" 5122
"../../../Engine/Content/EngineMaterials/Substrate/GLints/dict_16_192_64_0p5_0p02_0017_0011.uasset" 5123
"../../../Engine/Content/EngineMaterials/Substrate/GLints/dict_16_192_64_0p5_0p02_0017_0012.uasset" 5124
"../../../Engine/Content/EngineMaterials/Substrate/GLints/dict_16_192_64_0p5_0p02_0017_0013.uasset" 5125
"../../../Engine/Content/EngineMaterials/Substrate/GLints/dict_16_192_64_0p5_0p02_0017_0014.uasset" 5126
"../../../Engine/Content/EngineMaterials/Substrate/GLints/dict_16_192_64_0p5_0p02_0017_0015.uasset" 5127
"../../../Engine/Content/EngineMaterials/Substrate/GLints/dict_16_192_64_0p5_0p02_0018_0000.uasset" 5128
"../../../Engine/Content/EngineMaterials/Substrate/GLints/dict_16_192_64_0p5_0p02_0018_0001.uasset" 5129
"../../../Engine/Content/EngineMaterials/Substrate/GLints/dict_16_192_64_0p5_0p02_0018_0002.uasset" 5130
"../../../Engine/Content/EngineMaterials/Substrate/GLints/dict_16_192_64_0p5_0p02_0018_0003.uasset" 5131
"../../../Engine/Content/EngineMaterials/Substrate/GLints/dict_16_192_64_0p5_0p02_0018_0004.uasset" 5132
"../../../Engine/Content/EngineMaterials/Substrate/GLints/dict_16_192_64_0p5_0p02_0018_0005.uasset" 5133
"../../../Engine/Content/EngineMaterials/Substrate/GLints/dict_16_192_64_0p5_0p02_0018_0006.uasset" 5134
"../../../Engine/Content/EngineMaterials/Substrate/GLints/dict_16_192_64_0p5_0p02_0018_0007.uasset" 5135
"../../../Engine/Content/EngineMaterials/Substrate/GLints/dict_16_192_64_0p5_0p02_0018_0008.uasset" 5136
"../../../Engine/Content/EngineMaterials/Substrate/GLints/dict_16_192_64_0p5_0p02_0018_0009.uasset" 5137
"../../../Engine/Content/EngineMaterials/Substrate/GLints/dict_16_192_64_0p5_0p02_0018_0010.uasset" 5138
"../../../Engine/Content/EngineMaterials/Substrate/GLints/dict_16_192_64_0p5_0p02_0018_0011.uasset" 5139
"../../../Engine/Content/EngineMaterials/Substrate/GLints/dict_16_192_64_0p5_0p02_0018_0012.uasset" 5140
"../../../Engine/Content/EngineMaterials/Substrate/GLints/dict_16_192_64_0p5_0p02_0018_0013.uasset" 5141
"../../../Engine/Content/EngineMaterials/Substrate/GLints/dict_16_192_64_0p5_0p02_0018_0014.uasset" 5142
"../../../Engine/Content/EngineMaterials/Substrate/GLints/dict_16_192_64_0p5_0p02_0018_0015.uasset" 5143
"../../../Engine/Content/EngineMaterials/Substrate/GLints/dict_16_192_64_0p5_0p02_0019_0000.uasset" 5144
"../../../Engine/Content/EngineMaterials/Substrate/GLints/dict_16_192_64_0p5_0p02_0019_0001.uasset" 5145
"../../../Engine/Content/EngineMaterials/Substrate/GLints/dict_16_192_64_0p5_0p02_0019_0002.uasset" 5146
"../../../Engine/Content/EngineMaterials/Substrate/GLints/dict_16_192_64_0p5_0p02_0019_0003.uasset" 5147
"../../../Engine/Content/EngineMaterials/Substrate/GLints/dict_16_192_64_0p5_0p02_0019_0004.uasset" 5148
"../../../Engine/Content/EngineMaterials/Substrate/GLints/dict_16_192_64_0p5_0p02_0019_0005.uasset" 5149
"../../../Engine/Content/EngineMaterials/Substrate/GLints/dict_16_192_64_0p5_0p02_0019_0006.uasset" 5150
"../../../Engine/Content/EngineMaterials/Substrate/GLints/dict_16_192_64_0p5_0p02_0019_0007.uasset" 5151
"../../../Engine/Content/EngineMaterials/Substrate/GLints/dict_16_192_64_0p5_0p02_0019_0008.uasset" 5152
"../../../Engine/Content/EngineMaterials/Substrate/GLints/dict_16_192_64_0p5_0p02_0019_0009.uasset" 5153
"../../../Engine/Content/EngineMaterials/Substrate/GLints/dict_16_192_64_0p5_0p02_0019_0010.uasset" 5154
"../../../Engine/Content/EngineMaterials/Substrate/GLints/dict_16_192_64_0p5_0p02_0019_0011.uasset" 5155
"../../../Engine/Content/EngineMaterials/Substrate/GLints/dict_16_192_64_0p5_0p02_0019_0012.uasset" 5156
"../../../Engine/Content/EngineMaterials/Substrate/GLints/dict_16_192_64_0p5_0p02_0019_0013.uasset" 5157
"../../../Engine/Content/EngineMaterials/Substrate/GLints/dict_16_192_64_0p5_0p02_0019_0014.uasset" 5158
"../../../Engine/Content/EngineMaterials/Substrate/GLints/dict_16_192_64_0p5_0p02_0019_0015.uasset" 5159
"../../../Engine/Content/EngineMaterials/Substrate/GLints/dict_16_192_64_0p5_0p02_0020_0000.uasset" 5160
"../../../Engine/Content/EngineMaterials/Substrate/GLints/dict_16_192_64_0p5_0p02_0020_0001.uasset" 5161
"../../../Engine/Content/EngineMaterials/Substrate/GLints/dict_16_192_64_0p5_0p02_0020_0002.uasset" 5162
"../../../Engine/Content/EngineMaterials/Substrate/GLints/dict_16_192_64_0p5_0p02_0020_0003.uasset" 5163
"../../../Engine/Content/EngineMaterials/Substrate/GLints/dict_16_192_64_0p5_0p02_0020_0004.uasset" 5164
"../../../Engine/Content/EngineMaterials/Substrate/GLints/dict_16_192_64_0p5_0p02_0020_0005.uasset" 5165
"../../../Engine/Content/EngineMaterials/Substrate/GLints/dict_16_192_64_0p5_0p02_0020_0006.uasset" 5166
"../../../Engine/Content/EngineMaterials/Substrate/GLints/dict_16_192_64_0p5_0p02_0020_0007.uasset" 5167
"../../../Engine/Content/EngineMaterials/Substrate/GLints/dict_16_192_64_0p5_0p02_0020_0008.uasset" 5168
"../../../Engine/Content/EngineMaterials/Substrate/GLints/dict_16_192_64_0p5_0p02_0020_0009.uasset" 5169
"../../../Engine/Content/EngineMaterials/Substrate/GLints/dict_16_192_64_0p5_0p02_0020_0010.uasset" 5170
"../../../Engine/Content/EngineMaterials/Substrate/GLints/dict_16_192_64_0p5_0p02_0020_0011.uasset" 5171
"../../../Engine/Content/EngineMaterials/Substrate/GLints/dict_16_192_64_0p5_0p02_0020_0012.uasset" 5172
"../../../Engine/Content/EngineMaterials/Substrate/GLints/dict_16_192_64_0p5_0p02_0020_0013.uasset" 5173
"../../../Engine/Content/EngineMaterials/Substrate/GLints/dict_16_192_64_0p5_0p02_0020_0014.uasset" 5174
"../../../Engine/Content/EngineMaterials/Substrate/GLints/dict_16_192_64_0p5_0p02_0020_0015.uasset" 5175
"../../../Engine/Content/EngineMaterials/Substrate/GLints/dict_16_192_64_0p5_0p02_0021_0000.uasset" 5176
"../../../Engine/Content/EngineMaterials/Substrate/GLints/dict_16_192_64_0p5_0p02_0021_0001.uasset" 5177
"../../../Engine/Content/EngineMaterials/Substrate/GLints/dict_16_192_64_0p5_0p02_0021_0002.uasset" 5178
"../../../Engine/Content/EngineMaterials/Substrate/GLints/dict_16_192_64_0p5_0p02_0021_0003.uasset" 5179
"../../../Engine/Content/EngineMaterials/Substrate/GLints/dict_16_192_64_0p5_0p02_0021_0004.uasset" 5180
"../../../Engine/Content/EngineMaterials/Substrate/GLints/dict_16_192_64_0p5_0p02_0021_0005.uasset" 5181
"../../../Engine/Content/EngineMaterials/Substrate/GLints/dict_16_192_64_0p5_0p02_0021_0006.uasset" 5182
"../../../Engine/Content/EngineMaterials/Substrate/GLints/dict_16_192_64_0p5_0p02_0021_0007.uasset" 5183
"../../../Engine/Content/EngineMaterials/Substrate/GLints/dict_16_192_64_0p5_0p02_0021_0008.uasset" 5184
"../../../Engine/Content/EngineMaterials/Substrate/GLints/dict_16_192_64_0p5_0p02_0021_0009.uasset" 5185
"../../../Engine/Content/EngineMaterials/Substrate/GLints/dict_16_192_64_0p5_0p02_0021_0010.uasset" 5186
"../../../Engine/Content/EngineMaterials/Substrate/GLints/dict_16_192_64_0p5_0p02_0021_0011.uasset" 5187
"../../../Engine/Content/EngineMaterials/Substrate/GLints/dict_16_192_64_0p5_0p02_0021_0012.uasset" 5188
"../../../Engine/Content/EngineMaterials/Substrate/GLints/dict_16_192_64_0p5_0p02_0021_0013.uasset" 5189
"../../../Engine/Content/EngineMaterials/Substrate/GLints/dict_16_192_64_0p5_0p02_0021_0014.uasset" 5190
"../../../Engine/Content/EngineMaterials/Substrate/GLints/dict_16_192_64_0p5_0p02_0021_0015.uasset" 5191
"../../../Engine/Content/EngineMaterials/Substrate/GLints/dict_16_192_64_0p5_0p02_0022_0000.uasset" 5192
"../../../Engine/Content/EngineMaterials/Substrate/GLints/dict_16_192_64_0p5_0p02_0022_0001.uasset" 5193
"../../../Engine/Content/EngineMaterials/Substrate/GLints/dict_16_192_64_0p5_0p02_0022_0002.uasset" 5194
"../../../Engine/Content/EngineMaterials/Substrate/GLints/dict_16_192_64_0p5_0p02_0022_0003.uasset" 5195
"../../../Engine/Content/EngineMaterials/Substrate/GLints/dict_16_192_64_0p5_0p02_0022_0004.uasset" 5196
"../../../Engine/Content/EngineMaterials/Substrate/GLints/dict_16_192_64_0p5_0p02_0022_0005.uasset" 5197
"../../../Engine/Content/EngineMaterials/Substrate/GLints/dict_16_192_64_0p5_0p02_0022_0006.uasset" 5198
"../../../Engine/Content/EngineMaterials/Substrate/GLints/dict_16_192_64_0p5_0p02_0022_0007.uasset" 5199
"../../../Engine/Content/EngineMaterials/Substrate/GLints/dict_16_192_64_0p5_0p02_0022_0008.uasset" 5200
"../../../Engine/Content/EngineMaterials/Substrate/GLints/dict_16_192_64_0p5_0p02_0022_0009.uasset" 5201
"../../../Engine/Content/EngineMaterials/Substrate/GLints/dict_16_192_64_0p5_0p02_0022_0010.uasset" 5202
"../../../Engine/Content/EngineMaterials/Substrate/GLints/dict_16_192_64_0p5_0p02_0022_0011.uasset" 5203
"../../../Engine/Content/EngineMaterials/Substrate/GLints/dict_16_192_64_0p5_0p02_0022_0012.uasset" 5204
"../../../Engine/Content/EngineMaterials/Substrate/GLints/dict_16_192_64_0p5_0p02_0022_0013.uasset" 5205
"../../../Engine/Content/EngineMaterials/Substrate/GLints/dict_16_192_64_0p5_0p02_0022_0014.uasset" 5206
"../../../Engine/Content/EngineMaterials/Substrate/GLints/dict_16_192_64_0p5_0p02_0022_0015.uasset" 5207
"../../../Engine/Content/EngineMaterials/Substrate/GLints/dict_16_192_64_0p5_0p02_0023_0000.uasset" 5208
"../../../Engine/Content/EngineMaterials/Substrate/GLints/dict_16_192_64_0p5_0p02_0023_0001.uasset" 5209
"../../../Engine/Content/EngineMaterials/Substrate/GLints/dict_16_192_64_0p5_0p02_0023_0002.uasset" 5210
"../../../Engine/Content/EngineMaterials/Substrate/GLints/dict_16_192_64_0p5_0p02_0023_0003.uasset" 5211
"../../../Engine/Content/EngineMaterials/Substrate/GLints/dict_16_192_64_0p5_0p02_0023_0004.uasset" 5212
"../../../Engine/Content/EngineMaterials/Substrate/GLints/dict_16_192_64_0p5_0p02_0023_0005.uasset" 5213
"../../../Engine/Content/EngineMaterials/Substrate/GLints/dict_16_192_64_0p5_0p02_0023_0006.uasset" 5214
"../../../Engine/Content/EngineMaterials/Substrate/GLints/dict_16_192_64_0p5_0p02_0023_0007.uasset" 5215
"../../../Engine/Content/EngineMaterials/Substrate/GLints/dict_16_192_64_0p5_0p02_0023_0008.uasset" 5216
"../../../Engine/Content/EngineMaterials/Substrate/GLints/dict_16_192_64_0p5_0p02_0023_0009.uasset" 5217
"../../../Engine/Content/EngineMaterials/Substrate/GLints/dict_16_192_64_0p5_0p02_0023_0010.uasset" 5218
"../../../Engine/Content/EngineMaterials/Substrate/GLints/dict_16_192_64_0p5_0p02_0023_0011.uasset" 5219
"../../../Engine/Content/EngineMaterials/Substrate/GLints/dict_16_192_64_0p5_0p02_0023_0012.uasset" 5220
"../../../Engine/Content/EngineMaterials/Substrate/GLints/dict_16_192_64_0p5_0p02_0023_0013.uasset" 5221
"../../../Engine/Content/EngineMaterials/Substrate/GLints/dict_16_192_64_0p5_0p02_0023_0014.uasset" 5222
"../../../Engine/Content/EngineMaterials/Substrate/GLints/dict_16_192_64_0p5_0p02_0023_0015.uasset" 5223
"../../../Engine/Content/EngineMaterials/Substrate/GLints/dict_16_192_64_0p5_0p02_0024_0000.uasset" 5224
"../../../Engine/Content/EngineMaterials/Substrate/GLints/dict_16_192_64_0p5_0p02_0024_0001.uasset" 5225
"../../../Engine/Content/EngineMaterials/Substrate/GLints/dict_16_192_64_0p5_0p02_0024_0002.uasset" 5226
"../../../Engine/Content/EngineMaterials/Substrate/GLints/dict_16_192_64_0p5_0p02_0024_0003.uasset" 5227
"../../../Engine/Content/EngineMaterials/Substrate/GLints/dict_16_192_64_0p5_0p02_0024_0004.uasset" 5228
"../../../Engine/Content/EngineMaterials/Substrate/GLints/dict_16_192_64_0p5_0p02_0024_0005.uasset" 5229
"../../../Engine/Content/EngineMaterials/Substrate/GLints/dict_16_192_64_0p5_0p02_0024_0006.uasset" 5230
"../../../Engine/Content/EngineMaterials/Substrate/GLints/dict_16_192_64_0p5_0p02_0024_0007.uasset" 5231
"../../../Engine/Content/EngineMaterials/Substrate/GLints/dict_16_192_64_0p5_0p02_0024_0008.uasset" 5232
"../../../Engine/Content/EngineMaterials/Substrate/GLints/dict_16_192_64_0p5_0p02_0024_0009.uasset" 5233
"../../../Engine/Content/EngineMaterials/Substrate/GLints/dict_16_192_64_0p5_0p02_0024_0010.uasset" 5234
"../../../Engine/Content/EngineMaterials/Substrate/GLints/dict_16_192_64_0p5_0p02_0024_0011.uasset" 5235
"../../../Engine/Content/EngineMaterials/Substrate/GLints/dict_16_192_64_0p5_0p02_0024_0012.uasset" 5236
"../../../Engine/Content/EngineMaterials/Substrate/GLints/dict_16_192_64_0p5_0p02_0024_0013.uasset" 5237
"../../../Engine/Content/EngineMaterials/Substrate/GLints/dict_16_192_64_0p5_0p02_0024_0014.uasset" 5238
"../../../Engine/Content/EngineMaterials/Substrate/GLints/dict_16_192_64_0p5_0p02_0024_0015.uasset" 5239
"../../../Engine/Content/EngineMaterials/Substrate/GLints/dict_16_192_64_0p5_0p02_0025_0000.uasset" 5240
"../../../Engine/Content/EngineMaterials/Substrate/GLints/dict_16_192_64_0p5_0p02_0025_0001.uasset" 5241
"../../../Engine/Content/EngineMaterials/Substrate/GLints/dict_16_192_64_0p5_0p02_0025_0002.uasset" 5242
"../../../Engine/Content/EngineMaterials/Substrate/GLints/dict_16_192_64_0p5_0p02_0025_0003.uasset" 5243
"../../../Engine/Content/EngineMaterials/Substrate/GLints/dict_16_192_64_0p5_0p02_0025_0004.uasset" 5244
"../../../Engine/Content/EngineMaterials/Substrate/GLints/dict_16_192_64_0p5_0p02_0025_0005.uasset" 5245
"../../../Engine/Content/EngineMaterials/Substrate/GLints/dict_16_192_64_0p5_0p02_0025_0006.uasset" 5246
"../../../Engine/Content/EngineMaterials/Substrate/GLints/dict_16_192_64_0p5_0p02_0025_0007.uasset" 5247
"../../../Engine/Content/EngineMaterials/Substrate/GLints/dict_16_192_64_0p5_0p02_0025_0008.uasset" 5248
"../../../Engine/Content/EngineMaterials/Substrate/GLints/dict_16_192_64_0p5_0p02_0025_0009.uasset" 5249
"../../../Engine/Content/EngineMaterials/Substrate/GLints/dict_16_192_64_0p5_0p02_0025_0010.uasset" 5250
"../../../Engine/Content/EngineMaterials/Substrate/GLints/dict_16_192_64_0p5_0p02_0025_0011.uasset" 5251
"../../../Engine/Content/EngineMaterials/Substrate/GLints/dict_16_192_64_0p5_0p02_0025_0012.uasset" 5252
"../../../Engine/Content/EngineMaterials/Substrate/GLints/dict_16_192_64_0p5_0p02_0025_0013.uasset" 5253
"../../../Engine/Content/EngineMaterials/Substrate/GLints/dict_16_192_64_0p5_0p02_0025_0014.uasset" 5254
"../../../Engine/Content/EngineMaterials/Substrate/GLints/dict_16_192_64_0p5_0p02_0025_0015.uasset" 5255
"../../../Engine/Content/EngineMaterials/Substrate/GLints/dict_16_192_64_0p5_0p02_0026_0000.uasset" 5256
"../../../Engine/Content/EngineMaterials/Substrate/GLints/dict_16_192_64_0p5_0p02_0026_0001.uasset" 5257
"../../../Engine/Content/EngineMaterials/Substrate/GLints/dict_16_192_64_0p5_0p02_0026_0002.uasset" 5258
"../../../Engine/Content/EngineMaterials/Substrate/GLints/dict_16_192_64_0p5_0p02_0026_0003.uasset" 5259
"../../../Engine/Content/EngineMaterials/Substrate/GLints/dict_16_192_64_0p5_0p02_0026_0004.uasset" 5260
"../../../Engine/Content/EngineMaterials/Substrate/GLints/dict_16_192_64_0p5_0p02_0026_0005.uasset" 5261
"../../../Engine/Content/EngineMaterials/Substrate/GLints/dict_16_192_64_0p5_0p02_0026_0006.uasset" 5262
"../../../Engine/Content/EngineMaterials/Substrate/GLints/dict_16_192_64_0p5_0p02_0026_0007.uasset" 5263
"../../../Engine/Content/EngineMaterials/Substrate/GLints/dict_16_192_64_0p5_0p02_0026_0008.uasset" 5264
"../../../Engine/Content/EngineMaterials/Substrate/GLints/dict_16_192_64_0p5_0p02_0026_0009.uasset" 5265
"../../../Engine/Content/EngineMaterials/Substrate/GLints/dict_16_192_64_0p5_0p02_0026_0010.uasset" 5266
"../../../Engine/Content/EngineMaterials/Substrate/GLints/dict_16_192_64_0p5_0p02_0026_0011.uasset" 5267
"../../../Engine/Content/EngineMaterials/Substrate/GLints/dict_16_192_64_0p5_0p02_0026_0012.uasset" 5268
"../../../Engine/Content/EngineMaterials/Substrate/GLints/dict_16_192_64_0p5_0p02_0026_0013.uasset" 5269
"../../../Engine/Content/EngineMaterials/Substrate/GLints/dict_16_192_64_0p5_0p02_0026_0014.uasset" 5270
"../../../Engine/Content/EngineMaterials/Substrate/GLints/dict_16_192_64_0p5_0p02_0026_0015.uasset" 5271
"../../../Engine/Content/EngineMaterials/Substrate/GLints/dict_16_192_64_0p5_0p02_0027_0000.uasset" 5272
"../../../Engine/Content/EngineMaterials/Substrate/GLints/dict_16_192_64_0p5_0p02_0027_0001.uasset" 5273
"../../../Engine/Content/EngineMaterials/Substrate/GLints/dict_16_192_64_0p5_0p02_0027_0002.uasset" 5274
"../../../Engine/Content/EngineMaterials/Substrate/GLints/dict_16_192_64_0p5_0p02_0027_0003.uasset" 5275
"../../../Engine/Content/EngineMaterials/Substrate/GLints/dict_16_192_64_0p5_0p02_0027_0004.uasset" 5276
"../../../Engine/Content/EngineMaterials/Substrate/GLints/dict_16_192_64_0p5_0p02_0027_0005.uasset" 5277
"../../../Engine/Content/EngineMaterials/Substrate/GLints/dict_16_192_64_0p5_0p02_0027_0006.uasset" 5278
"../../../Engine/Content/EngineMaterials/Substrate/GLints/dict_16_192_64_0p5_0p02_0027_0007.uasset" 5279
"../../../Engine/Content/EngineMaterials/Substrate/GLints/dict_16_192_64_0p5_0p02_0027_0008.uasset" 5280
"../../../Engine/Content/EngineMaterials/Substrate/GLints/dict_16_192_64_0p5_0p02_0027_0009.uasset" 5281
"../../../Engine/Content/EngineMaterials/Substrate/GLints/dict_16_192_64_0p5_0p02_0027_0010.uasset" 5282
"../../../Engine/Content/EngineMaterials/Substrate/GLints/dict_16_192_64_0p5_0p02_0027_0011.uasset" 5283
"../../../Engine/Content/EngineMaterials/Substrate/GLints/dict_16_192_64_0p5_0p02_0027_0012.uasset" 5284
"../../../Engine/Content/EngineMaterials/Substrate/GLints/dict_16_192_64_0p5_0p02_0027_0013.uasset" 5285
"../../../Engine/Content/EngineMaterials/Substrate/GLints/dict_16_192_64_0p5_0p02_0027_0014.uasset" 5286
"../../../Engine/Content/EngineMaterials/Substrate/GLints/dict_16_192_64_0p5_0p02_0027_0015.uasset" 5287
"../../../Engine/Content/EngineMaterials/Substrate/GLints/dict_16_192_64_0p5_0p02_0028_0000.uasset" 5288
"../../../Engine/Content/EngineMaterials/Substrate/GLints/dict_16_192_64_0p5_0p02_0028_0001.uasset" 5289
"../../../Engine/Content/EngineMaterials/Substrate/GLints/dict_16_192_64_0p5_0p02_0028_0002.uasset" 5290
"../../../Engine/Content/EngineMaterials/Substrate/GLints/dict_16_192_64_0p5_0p02_0028_0003.uasset" 5291
"../../../Engine/Content/EngineMaterials/Substrate/GLints/dict_16_192_64_0p5_0p02_0028_0004.uasset" 5292
"../../../Engine/Content/EngineMaterials/Substrate/GLints/dict_16_192_64_0p5_0p02_0028_0005.uasset" 5293
"../../../Engine/Content/EngineMaterials/Substrate/GLints/dict_16_192_64_0p5_0p02_0028_0006.uasset" 5294
"../../../Engine/Content/EngineMaterials/Substrate/GLints/dict_16_192_64_0p5_0p02_0028_0007.uasset" 5295
"../../../Engine/Content/EngineMaterials/Substrate/GLints/dict_16_192_64_0p5_0p02_0028_0008.uasset" 5296
"../../../Engine/Content/EngineMaterials/Substrate/GLints/dict_16_192_64_0p5_0p02_0028_0009.uasset" 5297
"../../../Engine/Content/EngineMaterials/Substrate/GLints/dict_16_192_64_0p5_0p02_0028_0010.uasset" 5298
"../../../Engine/Content/EngineMaterials/Substrate/GLints/dict_16_192_64_0p5_0p02_0028_0011.uasset" 5299
"../../../Engine/Content/EngineMaterials/Substrate/GLints/dict_16_192_64_0p5_0p02_0028_0012.uasset" 5300
"../../../Engine/Content/EngineMaterials/Substrate/GLints/dict_16_192_64_0p5_0p02_0028_0013.uasset" 5301
"../../../Engine/Content/EngineMaterials/Substrate/GLints/dict_16_192_64_0p5_0p02_0028_0014.uasset" 5302
"../../../Engine/Content/EngineMaterials/Substrate/GLints/dict_16_192_64_0p5_0p02_0028_0015.uasset" 5303
"../../../Engine/Content/EngineMaterials/Substrate/GLints/dict_16_192_64_0p5_0p02_0029_0000.uasset" 5304
"../../../Engine/Content/EngineMaterials/Substrate/GLints/dict_16_192_64_0p5_0p02_0029_0001.uasset" 5305
"../../../Engine/Content/EngineMaterials/Substrate/GLints/dict_16_192_64_0p5_0p02_0029_0002.uasset" 5306
"../../../Engine/Content/EngineMaterials/Substrate/GLints/dict_16_192_64_0p5_0p02_0029_0003.uasset" 5307
"../../../Engine/Content/EngineMaterials/Substrate/GLints/dict_16_192_64_0p5_0p02_0029_0004.uasset" 5308
"../../../Engine/Content/EngineMaterials/Substrate/GLints/dict_16_192_64_0p5_0p02_0029_0005.uasset" 5309
"../../../Engine/Content/EngineMaterials/Substrate/GLints/dict_16_192_64_0p5_0p02_0029_0006.uasset" 5310
"../../../Engine/Content/EngineMaterials/Substrate/GLints/dict_16_192_64_0p5_0p02_0029_0007.uasset" 5311
"../../../Engine/Content/EngineMaterials/Substrate/GLints/dict_16_192_64_0p5_0p02_0029_0008.uasset" 5312
"../../../Engine/Content/EngineMaterials/Substrate/GLints/dict_16_192_64_0p5_0p02_0029_0009.uasset" 5313
"../../../Engine/Content/EngineMaterials/Substrate/GLints/dict_16_192_64_0p5_0p02_0029_0010.uasset" 5314
"../../../Engine/Content/EngineMaterials/Substrate/GLints/dict_16_192_64_0p5_0p02_0029_0011.uasset" 5315
"../../../Engine/Content/EngineMaterials/Substrate/GLints/dict_16_192_64_0p5_0p02_0029_0012.uasset" 5316
"../../../Engine/Content/EngineMaterials/Substrate/GLints/dict_16_192_64_0p5_0p02_0029_0013.uasset" 5317
"../../../Engine/Content/EngineMaterials/Substrate/GLints/dict_16_192_64_0p5_0p02_0029_0014.uasset" 5318
"../../../Engine/Content/EngineMaterials/Substrate/GLints/dict_16_192_64_0p5_0p02_0029_0015.uasset" 5319
"../../../Engine/Content/EngineMaterials/Substrate/GLints/dict_16_192_64_0p5_0p02_0030_0000.uasset" 5320
"../../../Engine/Content/EngineMaterials/Substrate/GLints/dict_16_192_64_0p5_0p02_0030_0001.uasset" 5321
"../../../Engine/Content/EngineMaterials/Substrate/GLints/dict_16_192_64_0p5_0p02_0030_0002.uasset" 5322
"../../../Engine/Content/EngineMaterials/Substrate/GLints/dict_16_192_64_0p5_0p02_0030_0003.uasset" 5323
"../../../Engine/Content/EngineMaterials/Substrate/GLints/dict_16_192_64_0p5_0p02_0030_0004.uasset" 5324
"../../../Engine/Content/EngineMaterials/Substrate/GLints/dict_16_192_64_0p5_0p02_0030_0005.uasset" 5325
"../../../Engine/Content/EngineMaterials/Substrate/GLints/dict_16_192_64_0p5_0p02_0030_0006.uasset" 5326
"../../../Engine/Content/EngineMaterials/Substrate/GLints/dict_16_192_64_0p5_0p02_0030_0007.uasset" 5327
"../../../Engine/Content/EngineMaterials/Substrate/GLints/dict_16_192_64_0p5_0p02_0030_0008.uasset" 5328
"../../../Engine/Content/EngineMaterials/Substrate/GLints/dict_16_192_64_0p5_0p02_0030_0009.uasset" 5329
"../../../Engine/Content/EngineMaterials/Substrate/GLints/dict_16_192_64_0p5_0p02_0030_0010.uasset" 5330
"../../../Engine/Content/EngineMaterials/Substrate/GLints/dict_16_192_64_0p5_0p02_0030_0011.uasset" 5331
"../../../Engine/Content/EngineMaterials/Substrate/GLints/dict_16_192_64_0p5_0p02_0030_0012.uasset" 5332
"../../../Engine/Content/EngineMaterials/Substrate/GLints/dict_16_192_64_0p5_0p02_0030_0013.uasset" 5333
"../../../Engine/Content/EngineMaterials/Substrate/GLints/dict_16_192_64_0p5_0p02_0030_0014.uasset" 5334
"../../../Engine/Content/EngineMaterials/Substrate/GLints/dict_16_192_64_0p5_0p02_0030_0015.uasset" 5335
"../../../Engine/Content/EngineMaterials/Substrate/GLints/dict_16_192_64_0p5_0p02_0031_0000.uasset" 5336
"../../../Engine/Content/EngineMaterials/Substrate/GLints/dict_16_192_64_0p5_0p02_0031_0001.uasset" 5337
"../../../Engine/Content/EngineMaterials/Substrate/GLints/dict_16_192_64_0p5_0p02_0031_0002.uasset" 5338
"../../../Engine/Content/EngineMaterials/Substrate/GLints/dict_16_192_64_0p5_0p02_0031_0003.uasset" 5339
"../../../Engine/Content/EngineMaterials/Substrate/GLints/dict_16_192_64_0p5_0p02_0031_0004.uasset" 5340
"../../../Engine/Content/EngineMaterials/Substrate/GLints/dict_16_192_64_0p5_0p02_0031_0005.uasset" 5341
"../../../Engine/Content/EngineMaterials/Substrate/GLints/dict_16_192_64_0p5_0p02_0031_0006.uasset" 5342
"../../../Engine/Content/EngineMaterials/Substrate/GLints/dict_16_192_64_0p5_0p02_0031_0007.uasset" 5343
"../../../Engine/Content/EngineMaterials/Substrate/GLints/dict_16_192_64_0p5_0p02_0031_0008.uasset" 5344
"../../../Engine/Content/EngineMaterials/Substrate/GLints/dict_16_192_64_0p5_0p02_0031_0009.uasset" 5345
"../../../Engine/Content/EngineMaterials/Substrate/GLints/dict_16_192_64_0p5_0p02_0031_0010.uasset" 5346
"../../../Engine/Content/EngineMaterials/Substrate/GLints/dict_16_192_64_0p5_0p02_0031_0011.uasset" 5347
"../../../Engine/Content/EngineMaterials/Substrate/GLints/dict_16_192_64_0p5_0p02_0031_0012.uasset" 5348
"../../../Engine/Content/EngineMaterials/Substrate/GLints/dict_16_192_64_0p5_0p02_0031_0013.uasset" 5349
"../../../Engine/Content/EngineMaterials/Substrate/GLints/dict_16_192_64_0p5_0p02_0031_0014.uasset" 5350
"../../../Engine/Content/EngineMaterials/Substrate/GLints/dict_16_192_64_0p5_0p02_0031_0015.uasset" 5351
"../../../Engine/Content/EngineMaterials/Substrate/GLints/dict_16_192_64_0p5_0p02_0032_0000.uasset" 5352
"../../../Engine/Content/EngineMaterials/Substrate/GLints/dict_16_192_64_0p5_0p02_0032_0001.uasset" 5353
"../../../Engine/Content/EngineMaterials/Substrate/GLints/dict_16_192_64_0p5_0p02_0032_0002.uasset" 5354
"../../../Engine/Content/EngineMaterials/Substrate/GLints/dict_16_192_64_0p5_0p02_0032_0003.uasset" 5355
"../../../Engine/Content/EngineMaterials/Substrate/GLints/dict_16_192_64_0p5_0p02_0032_0004.uasset" 5356
"../../../Engine/Content/EngineMaterials/Substrate/GLints/dict_16_192_64_0p5_0p02_0032_0005.uasset" 5357
"../../../Engine/Content/EngineMaterials/Substrate/GLints/dict_16_192_64_0p5_0p02_0032_0006.uasset" 5358
"../../../Engine/Content/EngineMaterials/Substrate/GLints/dict_16_192_64_0p5_0p02_0032_0007.uasset" 5359
"../../../Engine/Content/EngineMaterials/Substrate/GLints/dict_16_192_64_0p5_0p02_0032_0008.uasset" 5360
"../../../Engine/Content/EngineMaterials/Substrate/GLints/dict_16_192_64_0p5_0p02_0032_0009.uasset" 5361
"../../../Engine/Content/EngineMaterials/Substrate/GLints/dict_16_192_64_0p5_0p02_0032_0010.uasset" 5362
"../../../Engine/Content/EngineMaterials/Substrate/GLints/dict_16_192_64_0p5_0p02_0032_0011.uasset" 5363
"../../../Engine/Content/EngineMaterials/Substrate/GLints/dict_16_192_64_0p5_0p02_0032_0012.uasset" 5364
"../../../Engine/Content/EngineMaterials/Substrate/GLints/dict_16_192_64_0p5_0p02_0032_0013.uasset" 5365
"../../../Engine/Content/EngineMaterials/Substrate/GLints/dict_16_192_64_0p5_0p02_0032_0014.uasset" 5366
"../../../Engine/Content/EngineMaterials/Substrate/GLints/dict_16_192_64_0p5_0p02_0032_0015.uasset" 5367
"../../../Engine/Content/EngineMaterials/Substrate/GLints/dict_16_192_64_0p5_0p02_0033_0000.uasset" 5368
"../../../Engine/Content/EngineMaterials/Substrate/GLints/dict_16_192_64_0p5_0p02_0033_0001.uasset" 5369
"../../../Engine/Content/EngineMaterials/Substrate/GLints/dict_16_192_64_0p5_0p02_0033_0002.uasset" 5370
"../../../Engine/Content/EngineMaterials/Substrate/GLints/dict_16_192_64_0p5_0p02_0033_0003.uasset" 5371
"../../../Engine/Content/EngineMaterials/Substrate/GLints/dict_16_192_64_0p5_0p02_0033_0004.uasset" 5372
"../../../Engine/Content/EngineMaterials/Substrate/GLints/dict_16_192_64_0p5_0p02_0033_0005.uasset" 5373
"../../../Engine/Content/EngineMaterials/Substrate/GLints/dict_16_192_64_0p5_0p02_0033_0006.uasset" 5374
"../../../Engine/Content/EngineMaterials/Substrate/GLints/dict_16_192_64_0p5_0p02_0033_0007.uasset" 5375
"../../../Engine/Content/EngineMaterials/Substrate/GLints/dict_16_192_64_0p5_0p02_0033_0008.uasset" 5376
"../../../Engine/Content/EngineMaterials/Substrate/GLints/dict_16_192_64_0p5_0p02_0033_0009.uasset" 5377
"../../../Engine/Content/EngineMaterials/Substrate/GLints/dict_16_192_64_0p5_0p02_0033_0010.uasset" 5378
"../../../Engine/Content/EngineMaterials/Substrate/GLints/dict_16_192_64_0p5_0p02_0033_0011.uasset" 5379
"../../../Engine/Content/EngineMaterials/Substrate/GLints/dict_16_192_64_0p5_0p02_0033_0012.uasset" 5380
"../../../Engine/Content/EngineMaterials/Substrate/GLints/dict_16_192_64_0p5_0p02_0033_0013.uasset" 5381
"../../../Engine/Content/EngineMaterials/Substrate/GLints/dict_16_192_64_0p5_0p02_0033_0014.uasset" 5382
"../../../Engine/Content/EngineMaterials/Substrate/GLints/dict_16_192_64_0p5_0p02_0033_0015.uasset" 5383
"../../../Engine/Content/EngineMaterials/Substrate/GLints/dict_16_192_64_0p5_0p02_0034_0000.uasset" 5384
"../../../Engine/Content/EngineMaterials/Substrate/GLints/dict_16_192_64_0p5_0p02_0034_0001.uasset" 5385
"../../../Engine/Content/EngineMaterials/Substrate/GLints/dict_16_192_64_0p5_0p02_0034_0002.uasset" 5386
"../../../Engine/Content/EngineMaterials/Substrate/GLints/dict_16_192_64_0p5_0p02_0034_0003.uasset" 5387
"../../../Engine/Content/EngineMaterials/Substrate/GLints/dict_16_192_64_0p5_0p02_0034_0004.uasset" 5388
"../../../Engine/Content/EngineMaterials/Substrate/GLints/dict_16_192_64_0p5_0p02_0034_0005.uasset" 5389
"../../../Engine/Content/EngineMaterials/Substrate/GLints/dict_16_192_64_0p5_0p02_0034_0006.uasset" 5390
"../../../Engine/Content/EngineMaterials/Substrate/GLints/dict_16_192_64_0p5_0p02_0034_0007.uasset" 5391
"../../../Engine/Content/EngineMaterials/Substrate/GLints/dict_16_192_64_0p5_0p02_0034_0008.uasset" 5392
"../../../Engine/Content/EngineMaterials/Substrate/GLints/dict_16_192_64_0p5_0p02_0034_0009.uasset" 5393
"../../../Engine/Content/EngineMaterials/Substrate/GLints/dict_16_192_64_0p5_0p02_0034_0010.uasset" 5394
"../../../Engine/Content/EngineMaterials/Substrate/GLints/dict_16_192_64_0p5_0p02_0034_0011.uasset" 5395
"../../../Engine/Content/EngineMaterials/Substrate/GLints/dict_16_192_64_0p5_0p02_0034_0012.uasset" 5396
"../../../Engine/Content/EngineMaterials/Substrate/GLints/dict_16_192_64_0p5_0p02_0034_0013.uasset" 5397
"../../../Engine/Content/EngineMaterials/Substrate/GLints/dict_16_192_64_0p5_0p02_0034_0014.uasset" 5398
"../../../Engine/Content/EngineMaterials/Substrate/GLints/dict_16_192_64_0p5_0p02_0034_0015.uasset" 5399
"../../../Engine/Content/EngineMaterials/Substrate/GLints/dict_16_192_64_0p5_0p02_0035_0000.uasset" 5400
"../../../Engine/Content/EngineMaterials/Substrate/GLints/dict_16_192_64_0p5_0p02_0035_0001.uasset" 5401
"../../../Engine/Content/EngineMaterials/Substrate/GLints/dict_16_192_64_0p5_0p02_0035_0002.uasset" 5402
"../../../Engine/Content/EngineMaterials/Substrate/GLints/dict_16_192_64_0p5_0p02_0035_0003.uasset" 5403
"../../../Engine/Content/EngineMaterials/Substrate/GLints/dict_16_192_64_0p5_0p02_0035_0004.uasset" 5404
"../../../Engine/Content/EngineMaterials/Substrate/GLints/dict_16_192_64_0p5_0p02_0035_0005.uasset" 5405
"../../../Engine/Content/EngineMaterials/Substrate/GLints/dict_16_192_64_0p5_0p02_0035_0006.uasset" 5406
"../../../Engine/Content/EngineMaterials/Substrate/GLints/dict_16_192_64_0p5_0p02_0035_0007.uasset" 5407
"../../../Engine/Content/EngineMaterials/Substrate/GLints/dict_16_192_64_0p5_0p02_0035_0008.uasset" 5408
"../../../Engine/Content/EngineMaterials/Substrate/GLints/dict_16_192_64_0p5_0p02_0035_0009.uasset" 5409
"../../../Engine/Content/EngineMaterials/Substrate/GLints/dict_16_192_64_0p5_0p02_0035_0010.uasset" 5410
"../../../Engine/Content/EngineMaterials/Substrate/GLints/dict_16_192_64_0p5_0p02_0035_0011.uasset" 5411
"../../../Engine/Content/EngineMaterials/Substrate/GLints/dict_16_192_64_0p5_0p02_0035_0012.uasset" 5412
"../../../Engine/Content/EngineMaterials/Substrate/GLints/dict_16_192_64_0p5_0p02_0035_0013.uasset" 5413
"../../../Engine/Content/EngineMaterials/Substrate/GLints/dict_16_192_64_0p5_0p02_0035_0014.uasset" 5414
"../../../Engine/Content/EngineMaterials/Substrate/GLints/dict_16_192_64_0p5_0p02_0035_0015.uasset" 5415
"../../../Engine/Content/EngineMaterials/Substrate/GLints/dict_16_192_64_0p5_0p02_0036_0000.uasset" 5416
"../../../Engine/Content/EngineMaterials/Substrate/GLints/dict_16_192_64_0p5_0p02_0036_0001.uasset" 5417
"../../../Engine/Content/EngineMaterials/Substrate/GLints/dict_16_192_64_0p5_0p02_0036_0002.uasset" 5418
"../../../Engine/Content/EngineMaterials/Substrate/GLints/dict_16_192_64_0p5_0p02_0036_0003.uasset" 5419
"../../../Engine/Content/EngineMaterials/Substrate/GLints/dict_16_192_64_0p5_0p02_0036_0004.uasset" 5420
"../../../Engine/Content/EngineMaterials/Substrate/GLints/dict_16_192_64_0p5_0p02_0036_0005.uasset" 5421
"../../../Engine/Content/EngineMaterials/Substrate/GLints/dict_16_192_64_0p5_0p02_0036_0006.uasset" 5422
"../../../Engine/Content/EngineMaterials/Substrate/GLints/dict_16_192_64_0p5_0p02_0036_0007.uasset" 5423
"../../../Engine/Content/EngineMaterials/Substrate/GLints/dict_16_192_64_0p5_0p02_0036_0008.uasset" 5424
"../../../Engine/Content/EngineMaterials/Substrate/GLints/dict_16_192_64_0p5_0p02_0036_0009.uasset" 5425
"../../../Engine/Content/EngineMaterials/Substrate/GLints/dict_16_192_64_0p5_0p02_0036_0010.uasset" 5426
"../../../Engine/Content/EngineMaterials/Substrate/GLints/dict_16_192_64_0p5_0p02_0036_0011.uasset" 5427
"../../../Engine/Content/EngineMaterials/Substrate/GLints/dict_16_192_64_0p5_0p02_0036_0012.uasset" 5428
"../../../Engine/Content/EngineMaterials/Substrate/GLints/dict_16_192_64_0p5_0p02_0036_0013.uasset" 5429
"../../../Engine/Content/EngineMaterials/Substrate/GLints/dict_16_192_64_0p5_0p02_0036_0014.uasset" 5430
"../../../Engine/Content/EngineMaterials/Substrate/GLints/dict_16_192_64_0p5_0p02_0036_0015.uasset" 5431
"../../../Engine/Content/EngineMaterials/Substrate/GLints/dict_16_192_64_0p5_0p02_0037_0000.uasset" 5432
"../../../Engine/Content/EngineMaterials/Substrate/GLints/dict_16_192_64_0p5_0p02_0037_0001.uasset" 5433
"../../../Engine/Content/EngineMaterials/Substrate/GLints/dict_16_192_64_0p5_0p02_0037_0002.uasset" 5434
"../../../Engine/Content/EngineMaterials/Substrate/GLints/dict_16_192_64_0p5_0p02_0037_0003.uasset" 5435
"../../../Engine/Content/EngineMaterials/Substrate/GLints/dict_16_192_64_0p5_0p02_0037_0004.uasset" 5436
"../../../Engine/Content/EngineMaterials/Substrate/GLints/dict_16_192_64_0p5_0p02_0037_0005.uasset" 5437
"../../../Engine/Content/EngineMaterials/Substrate/GLints/dict_16_192_64_0p5_0p02_0037_0006.uasset" 5438
"../../../Engine/Content/EngineMaterials/Substrate/GLints/dict_16_192_64_0p5_0p02_0037_0007.uasset" 5439
"../../../Engine/Content/EngineMaterials/Substrate/GLints/dict_16_192_64_0p5_0p02_0037_0008.uasset" 5440
"../../../Engine/Content/EngineMaterials/Substrate/GLints/dict_16_192_64_0p5_0p02_0037_0009.uasset" 5441
"../../../Engine/Content/EngineMaterials/Substrate/GLints/dict_16_192_64_0p5_0p02_0037_0010.uasset" 5442
"../../../Engine/Content/EngineMaterials/Substrate/GLints/dict_16_192_64_0p5_0p02_0037_0011.uasset" 5443
"../../../Engine/Content/EngineMaterials/Substrate/GLints/dict_16_192_64_0p5_0p02_0037_0012.uasset" 5444
"../../../Engine/Content/EngineMaterials/Substrate/GLints/dict_16_192_64_0p5_0p02_0037_0013.uasset" 5445
"../../../Engine/Content/EngineMaterials/Substrate/GLints/dict_16_192_64_0p5_0p02_0037_0014.uasset" 5446
"../../../Engine/Content/EngineMaterials/Substrate/GLints/dict_16_192_64_0p5_0p02_0037_0015.uasset" 5447
"../../../Engine/Content/EngineMaterials/Substrate/GLints/dict_16_192_64_0p5_0p02_0038_0000.uasset" 5448
"../../../Engine/Content/EngineMaterials/Substrate/GLints/dict_16_192_64_0p5_0p02_0038_0001.uasset" 5449
"../../../Engine/Content/EngineMaterials/Substrate/GLints/dict_16_192_64_0p5_0p02_0038_0002.uasset" 5450
"../../../Engine/Content/EngineMaterials/Substrate/GLints/dict_16_192_64_0p5_0p02_0038_0003.uasset" 5451
"../../../Engine/Content/EngineMaterials/Substrate/GLints/dict_16_192_64_0p5_0p02_0038_0004.uasset" 5452
"../../../Engine/Content/EngineMaterials/Substrate/GLints/dict_16_192_64_0p5_0p02_0038_0005.uasset" 5453
"../../../Engine/Content/EngineMaterials/Substrate/GLints/dict_16_192_64_0p5_0p02_0038_0006.uasset" 5454
"../../../Engine/Content/EngineMaterials/Substrate/GLints/dict_16_192_64_0p5_0p02_0038_0007.uasset" 5455
"../../../Engine/Content/EngineMaterials/Substrate/GLints/dict_16_192_64_0p5_0p02_0038_0008.uasset" 5456
"../../../Engine/Content/EngineMaterials/Substrate/GLints/dict_16_192_64_0p5_0p02_0038_0009.uasset" 5457
"../../../Engine/Content/EngineMaterials/Substrate/GLints/dict_16_192_64_0p5_0p02_0038_0010.uasset" 5458
"../../../Engine/Content/EngineMaterials/Substrate/GLints/dict_16_192_64_0p5_0p02_0038_0011.uasset" 5459
"../../../Engine/Content/EngineMaterials/Substrate/GLints/dict_16_192_64_0p5_0p02_0038_0012.uasset" 5460
"../../../Engine/Content/EngineMaterials/Substrate/GLints/dict_16_192_64_0p5_0p02_0038_0013.uasset" 5461
"../../../Engine/Content/EngineMaterials/Substrate/GLints/dict_16_192_64_0p5_0p02_0038_0014.uasset" 5462
"../../../Engine/Content/EngineMaterials/Substrate/GLints/dict_16_192_64_0p5_0p02_0038_0015.uasset" 5463
"../../../Engine/Content/EngineMaterials/Substrate/GLints/dict_16_192_64_0p5_0p02_0039_0000.uasset" 5464
"../../../Engine/Content/EngineMaterials/Substrate/GLints/dict_16_192_64_0p5_0p02_0039_0001.uasset" 5465
"../../../Engine/Content/EngineMaterials/Substrate/GLints/dict_16_192_64_0p5_0p02_0039_0002.uasset" 5466
"../../../Engine/Content/EngineMaterials/Substrate/GLints/dict_16_192_64_0p5_0p02_0039_0003.uasset" 5467
"../../../Engine/Content/EngineMaterials/Substrate/GLints/dict_16_192_64_0p5_0p02_0039_0004.uasset" 5468
"../../../Engine/Content/EngineMaterials/Substrate/GLints/dict_16_192_64_0p5_0p02_0039_0005.uasset" 5469
"../../../Engine/Content/EngineMaterials/Substrate/GLints/dict_16_192_64_0p5_0p02_0039_0006.uasset" 5470
"../../../Engine/Content/EngineMaterials/Substrate/GLints/dict_16_192_64_0p5_0p02_0039_0007.uasset" 5471
"../../../Engine/Content/EngineMaterials/Substrate/GLints/dict_16_192_64_0p5_0p02_0039_0008.uasset" 5472
"../../../Engine/Content/EngineMaterials/Substrate/GLints/dict_16_192_64_0p5_0p02_0039_0009.uasset" 5473
"../../../Engine/Content/EngineMaterials/Substrate/GLints/dict_16_192_64_0p5_0p02_0039_0010.uasset" 5474
"../../../Engine/Content/EngineMaterials/Substrate/GLints/dict_16_192_64_0p5_0p02_0039_0011.uasset" 5475
"../../../Engine/Content/EngineMaterials/Substrate/GLints/dict_16_192_64_0p5_0p02_0039_0012.uasset" 5476
"../../../Engine/Content/EngineMaterials/Substrate/GLints/dict_16_192_64_0p5_0p02_0039_0013.uasset" 5477
"../../../Engine/Content/EngineMaterials/Substrate/GLints/dict_16_192_64_0p5_0p02_0039_0014.uasset" 5478
"../../../Engine/Content/EngineMaterials/Substrate/GLints/dict_16_192_64_0p5_0p02_0039_0015.uasset" 5479
"../../../Engine/Content/EngineMaterials/Substrate/GLints/dict_16_192_64_0p5_0p02_0040_0000.uasset" 5480
"../../../Engine/Content/EngineMaterials/Substrate/GLints/dict_16_192_64_0p5_0p02_0040_0001.uasset" 5481
"../../../Engine/Content/EngineMaterials/Substrate/GLints/dict_16_192_64_0p5_0p02_0040_0002.uasset" 5482
"../../../Engine/Content/EngineMaterials/Substrate/GLints/dict_16_192_64_0p5_0p02_0040_0003.uasset" 5483
"../../../Engine/Content/EngineMaterials/Substrate/GLints/dict_16_192_64_0p5_0p02_0040_0004.uasset" 5484
"../../../Engine/Content/EngineMaterials/Substrate/GLints/dict_16_192_64_0p5_0p02_0040_0005.uasset" 5485
"../../../Engine/Content/EngineMaterials/Substrate/GLints/dict_16_192_64_0p5_0p02_0040_0006.uasset" 5486
"../../../Engine/Content/EngineMaterials/Substrate/GLints/dict_16_192_64_0p5_0p02_0040_0007.uasset" 5487
"../../../Engine/Content/EngineMaterials/Substrate/GLints/dict_16_192_64_0p5_0p02_0040_0008.uasset" 5488
"../../../Engine/Content/EngineMaterials/Substrate/GLints/dict_16_192_64_0p5_0p02_0040_0009.uasset" 5489
"../../../Engine/Content/EngineMaterials/Substrate/GLints/dict_16_192_64_0p5_0p02_0040_0010.uasset" 5490
"../../../Engine/Content/EngineMaterials/Substrate/GLints/dict_16_192_64_0p5_0p02_0040_0011.uasset" 5491
"../../../Engine/Content/EngineMaterials/Substrate/GLints/dict_16_192_64_0p5_0p02_0040_0012.uasset" 5492
"../../../Engine/Content/EngineMaterials/Substrate/GLints/dict_16_192_64_0p5_0p02_0040_0013.uasset" 5493
"../../../Engine/Content/EngineMaterials/Substrate/GLints/dict_16_192_64_0p5_0p02_0040_0014.uasset" 5494
"../../../Engine/Content/EngineMaterials/Substrate/GLints/dict_16_192_64_0p5_0p02_0040_0015.uasset" 5495
"../../../Engine/Content/EngineMaterials/Substrate/GLints/dict_16_192_64_0p5_0p02_0041_0000.uasset" 5496
"../../../Engine/Content/EngineMaterials/Substrate/GLints/dict_16_192_64_0p5_0p02_0041_0001.uasset" 5497
"../../../Engine/Content/EngineMaterials/Substrate/GLints/dict_16_192_64_0p5_0p02_0041_0002.uasset" 5498
"../../../Engine/Content/EngineMaterials/Substrate/GLints/dict_16_192_64_0p5_0p02_0041_0003.uasset" 5499
"../../../Engine/Content/EngineMaterials/Substrate/GLints/dict_16_192_64_0p5_0p02_0041_0004.uasset" 5500
"../../../Engine/Content/EngineMaterials/Substrate/GLints/dict_16_192_64_0p5_0p02_0041_0005.uasset" 5501
"../../../Engine/Content/EngineMaterials/Substrate/GLints/dict_16_192_64_0p5_0p02_0041_0006.uasset" 5502
"../../../Engine/Content/EngineMaterials/Substrate/GLints/dict_16_192_64_0p5_0p02_0041_0007.uasset" 5503
"../../../Engine/Content/EngineMaterials/Substrate/GLints/dict_16_192_64_0p5_0p02_0041_0008.uasset" 5504
"../../../Engine/Content/EngineMaterials/Substrate/GLints/dict_16_192_64_0p5_0p02_0041_0009.uasset" 5505
"../../../Engine/Content/EngineMaterials/Substrate/GLints/dict_16_192_64_0p5_0p02_0041_0010.uasset" 5506
"../../../Engine/Content/EngineMaterials/Substrate/GLints/dict_16_192_64_0p5_0p02_0041_0011.uasset" 5507
"../../../Engine/Content/EngineMaterials/Substrate/GLints/dict_16_192_64_0p5_0p02_0041_0012.uasset" 5508
"../../../Engine/Content/EngineMaterials/Substrate/GLints/dict_16_192_64_0p5_0p02_0041_0013.uasset" 5509
"../../../Engine/Content/EngineMaterials/Substrate/GLints/dict_16_192_64_0p5_0p02_0041_0014.uasset" 5510
"../../../Engine/Content/EngineMaterials/Substrate/GLints/dict_16_192_64_0p5_0p02_0041_0015.uasset" 5511
"../../../Engine/Content/EngineMaterials/Substrate/GLints/dict_16_192_64_0p5_0p02_0042_0000.uasset" 5512
"../../../Engine/Content/EngineMaterials/Substrate/GLints/dict_16_192_64_0p5_0p02_0042_0001.uasset" 5513
"../../../Engine/Content/EngineMaterials/Substrate/GLints/dict_16_192_64_0p5_0p02_0042_0002.uasset" 5514
"../../../Engine/Content/EngineMaterials/Substrate/GLints/dict_16_192_64_0p5_0p02_0042_0003.uasset" 5515
"../../../Engine/Content/EngineMaterials/Substrate/GLints/dict_16_192_64_0p5_0p02_0042_0004.uasset" 5516
"../../../Engine/Content/EngineMaterials/Substrate/GLints/dict_16_192_64_0p5_0p02_0042_0005.uasset" 5517
"../../../Engine/Content/EngineMaterials/Substrate/GLints/dict_16_192_64_0p5_0p02_0042_0006.uasset" 5518
"../../../Engine/Content/EngineMaterials/Substrate/GLints/dict_16_192_64_0p5_0p02_0042_0007.uasset" 5519
"../../../Engine/Content/EngineMaterials/Substrate/GLints/dict_16_192_64_0p5_0p02_0042_0008.uasset" 5520
"../../../Engine/Content/EngineMaterials/Substrate/GLints/dict_16_192_64_0p5_0p02_0042_0009.uasset" 5521
"../../../Engine/Content/EngineMaterials/Substrate/GLints/dict_16_192_64_0p5_0p02_0042_0010.uasset" 5522
"../../../Engine/Content/EngineMaterials/Substrate/GLints/dict_16_192_64_0p5_0p02_0042_0011.uasset" 5523
"../../../Engine/Content/EngineMaterials/Substrate/GLints/dict_16_192_64_0p5_0p02_0042_0012.uasset" 5524
"../../../Engine/Content/EngineMaterials/Substrate/GLints/dict_16_192_64_0p5_0p02_0042_0013.uasset" 5525
"../../../Engine/Content/EngineMaterials/Substrate/GLints/dict_16_192_64_0p5_0p02_0042_0014.uasset" 5526
"../../../Engine/Content/EngineMaterials/Substrate/GLints/dict_16_192_64_0p5_0p02_0042_0015.uasset" 5527
"../../../Engine/Content/EngineMaterials/Substrate/GLints/dict_16_192_64_0p5_0p02_0043_0000.uasset" 5528
"../../../Engine/Content/EngineMaterials/Substrate/GLints/dict_16_192_64_0p5_0p02_0043_0001.uasset" 5529
"../../../Engine/Content/EngineMaterials/Substrate/GLints/dict_16_192_64_0p5_0p02_0043_0002.uasset" 5530
"../../../Engine/Content/EngineMaterials/Substrate/GLints/dict_16_192_64_0p5_0p02_0043_0003.uasset" 5531
"../../../Engine/Content/EngineMaterials/Substrate/GLints/dict_16_192_64_0p5_0p02_0043_0004.uasset" 5532
"../../../Engine/Content/EngineMaterials/Substrate/GLints/dict_16_192_64_0p5_0p02_0043_0005.uasset" 5533
"../../../Engine/Content/EngineMaterials/Substrate/GLints/dict_16_192_64_0p5_0p02_0043_0006.uasset" 5534
"../../../Engine/Content/EngineMaterials/Substrate/GLints/dict_16_192_64_0p5_0p02_0043_0007.uasset" 5535
"../../../Engine/Content/EngineMaterials/Substrate/GLints/dict_16_192_64_0p5_0p02_0043_0008.uasset" 5536
"../../../Engine/Content/EngineMaterials/Substrate/GLints/dict_16_192_64_0p5_0p02_0043_0009.uasset" 5537
"../../../Engine/Content/EngineMaterials/Substrate/GLints/dict_16_192_64_0p5_0p02_0043_0010.uasset" 5538
"../../../Engine/Content/EngineMaterials/Substrate/GLints/dict_16_192_64_0p5_0p02_0043_0011.uasset" 5539
"../../../Engine/Content/EngineMaterials/Substrate/GLints/dict_16_192_64_0p5_0p02_0043_0012.uasset" 5540
"../../../Engine/Content/EngineMaterials/Substrate/GLints/dict_16_192_64_0p5_0p02_0043_0013.uasset" 5541
"../../../Engine/Content/EngineMaterials/Substrate/GLints/dict_16_192_64_0p5_0p02_0043_0014.uasset" 5542
"../../../Engine/Content/EngineMaterials/Substrate/GLints/dict_16_192_64_0p5_0p02_0043_0015.uasset" 5543
"../../../Engine/Content/EngineMaterials/Substrate/GLints/dict_16_192_64_0p5_0p02_0044_0000.uasset" 5544
"../../../Engine/Content/EngineMaterials/Substrate/GLints/dict_16_192_64_0p5_0p02_0044_0001.uasset" 5545
"../../../Engine/Content/EngineMaterials/Substrate/GLints/dict_16_192_64_0p5_0p02_0044_0002.uasset" 5546
"../../../Engine/Content/EngineMaterials/Substrate/GLints/dict_16_192_64_0p5_0p02_0044_0003.uasset" 5547
"../../../Engine/Content/EngineMaterials/Substrate/GLints/dict_16_192_64_0p5_0p02_0044_0004.uasset" 5548
"../../../Engine/Content/EngineMaterials/Substrate/GLints/dict_16_192_64_0p5_0p02_0044_0005.uasset" 5549
"../../../Engine/Content/EngineMaterials/Substrate/GLints/dict_16_192_64_0p5_0p02_0044_0006.uasset" 5550
"../../../Engine/Content/EngineMaterials/Substrate/GLints/dict_16_192_64_0p5_0p02_0044_0007.uasset" 5551
"../../../Engine/Content/EngineMaterials/Substrate/GLints/dict_16_192_64_0p5_0p02_0044_0008.uasset" 5552
"../../../Engine/Content/EngineMaterials/Substrate/GLints/dict_16_192_64_0p5_0p02_0044_0009.uasset" 5553
"../../../Engine/Content/EngineMaterials/Substrate/GLints/dict_16_192_64_0p5_0p02_0044_0010.uasset" 5554
"../../../Engine/Content/EngineMaterials/Substrate/GLints/dict_16_192_64_0p5_0p02_0044_0011.uasset" 5555
"../../../Engine/Content/EngineMaterials/Substrate/GLints/dict_16_192_64_0p5_0p02_0044_0012.uasset" 5556
"../../../Engine/Content/EngineMaterials/Substrate/GLints/dict_16_192_64_0p5_0p02_0044_0013.uasset" 5557
"../../../Engine/Content/EngineMaterials/Substrate/GLints/dict_16_192_64_0p5_0p02_0044_0014.uasset" 5558
"../../../Engine/Content/EngineMaterials/Substrate/GLints/dict_16_192_64_0p5_0p02_0044_0015.uasset" 5559
"../../../Engine/Content/EngineMaterials/Substrate/GLints/dict_16_192_64_0p5_0p02_0045_0000.uasset" 5560
"../../../Engine/Content/EngineMaterials/Substrate/GLints/dict_16_192_64_0p5_0p02_0045_0001.uasset" 5561
"../../../Engine/Content/EngineMaterials/Substrate/GLints/dict_16_192_64_0p5_0p02_0045_0002.uasset" 5562
"../../../Engine/Content/EngineMaterials/Substrate/GLints/dict_16_192_64_0p5_0p02_0045_0003.uasset" 5563
"../../../Engine/Content/EngineMaterials/Substrate/GLints/dict_16_192_64_0p5_0p02_0045_0004.uasset" 5564
"../../../Engine/Content/EngineMaterials/Substrate/GLints/dict_16_192_64_0p5_0p02_0045_0005.uasset" 5565
"../../../Engine/Content/EngineMaterials/Substrate/GLints/dict_16_192_64_0p5_0p02_0045_0006.uasset" 5566
"../../../Engine/Content/EngineMaterials/Substrate/GLints/dict_16_192_64_0p5_0p02_0045_0007.uasset" 5567
"../../../Engine/Content/EngineMaterials/Substrate/GLints/dict_16_192_64_0p5_0p02_0045_0008.uasset" 5568
"../../../Engine/Content/EngineMaterials/Substrate/GLints/dict_16_192_64_0p5_0p02_0045_0009.uasset" 5569
"../../../Engine/Content/EngineMaterials/Substrate/GLints/dict_16_192_64_0p5_0p02_0045_0010.uasset" 5570
"../../../Engine/Content/EngineMaterials/Substrate/GLints/dict_16_192_64_0p5_0p02_0045_0011.uasset" 5571
"../../../Engine/Content/EngineMaterials/Substrate/GLints/dict_16_192_64_0p5_0p02_0045_0012.uasset" 5572
"../../../Engine/Content/EngineMaterials/Substrate/GLints/dict_16_192_64_0p5_0p02_0045_0013.uasset" 5573
"../../../Engine/Content/EngineMaterials/Substrate/GLints/dict_16_192_64_0p5_0p02_0045_0014.uasset" 5574
"../../../Engine/Content/EngineMaterials/Substrate/GLints/dict_16_192_64_0p5_0p02_0045_0015.uasset" 5575
"../../../Engine/Content/EngineMaterials/Substrate/GLints/dict_16_192_64_0p5_0p02_0046_0000.uasset" 5576
"../../../Engine/Content/EngineMaterials/Substrate/GLints/dict_16_192_64_0p5_0p02_0046_0001.uasset" 5577
"../../../Engine/Content/EngineMaterials/Substrate/GLints/dict_16_192_64_0p5_0p02_0046_0002.uasset" 5578
"../../../Engine/Content/EngineMaterials/Substrate/GLints/dict_16_192_64_0p5_0p02_0046_0003.uasset" 5579
"../../../Engine/Content/EngineMaterials/Substrate/GLints/dict_16_192_64_0p5_0p02_0046_0004.uasset" 5580
"../../../Engine/Content/EngineMaterials/Substrate/GLints/dict_16_192_64_0p5_0p02_0046_0005.uasset" 5581
"../../../Engine/Content/EngineMaterials/Substrate/GLints/dict_16_192_64_0p5_0p02_0046_0006.uasset" 5582
"../../../Engine/Content/EngineMaterials/Substrate/GLints/dict_16_192_64_0p5_0p02_0046_0007.uasset" 5583
"../../../Engine/Content/EngineMaterials/Substrate/GLints/dict_16_192_64_0p5_0p02_0046_0008.uasset" 5584
"../../../Engine/Content/EngineMaterials/Substrate/GLints/dict_16_192_64_0p5_0p02_0046_0009.uasset" 5585
"../../../Engine/Content/EngineMaterials/Substrate/GLints/dict_16_192_64_0p5_0p02_0046_0010.uasset" 5586
"../../../Engine/Content/EngineMaterials/Substrate/GLints/dict_16_192_64_0p5_0p02_0046_0011.uasset" 5587
"../../../Engine/Content/EngineMaterials/Substrate/GLints/dict_16_192_64_0p5_0p02_0046_0012.uasset" 5588
"../../../Engine/Content/EngineMaterials/Substrate/GLints/dict_16_192_64_0p5_0p02_0046_0013.uasset" 5589
"../../../Engine/Content/EngineMaterials/Substrate/GLints/dict_16_192_64_0p5_0p02_0046_0014.uasset" 5590
"../../../Engine/Content/EngineMaterials/Substrate/GLints/dict_16_192_64_0p5_0p02_0046_0015.uasset" 5591
"../../../Engine/Content/EngineMaterials/Substrate/GLints/dict_16_192_64_0p5_0p02_0047_0000.uasset" 5592
"../../../Engine/Content/EngineMaterials/Substrate/GLints/dict_16_192_64_0p5_0p02_0047_0001.uasset" 5593
"../../../Engine/Content/EngineMaterials/Substrate/GLints/dict_16_192_64_0p5_0p02_0047_0002.uasset" 5594
"../../../Engine/Content/EngineMaterials/Substrate/GLints/dict_16_192_64_0p5_0p02_0047_0003.uasset" 5595
"../../../Engine/Content/EngineMaterials/Substrate/GLints/dict_16_192_64_0p5_0p02_0047_0004.uasset" 5596
"../../../Engine/Content/EngineMaterials/Substrate/GLints/dict_16_192_64_0p5_0p02_0047_0005.uasset" 5597
"../../../Engine/Content/EngineMaterials/Substrate/GLints/dict_16_192_64_0p5_0p02_0047_0006.uasset" 5598
"../../../Engine/Content/EngineMaterials/Substrate/GLints/dict_16_192_64_0p5_0p02_0047_0007.uasset" 5599
"../../../Engine/Content/EngineMaterials/Substrate/GLints/dict_16_192_64_0p5_0p02_0047_0009.uasset" 5600
"../../../Engine/Content/EngineMaterials/Substrate/GLints/dict_16_192_64_0p5_0p02_0047_0010.uasset" 5601
"../../../Engine/Content/EngineMaterials/Substrate/GLints/dict_16_192_64_0p5_0p02_0047_0011.uasset" 5602
"../../../Engine/Content/EngineMaterials/Substrate/GLints/dict_16_192_64_0p5_0p02_0047_0012.uasset" 5603
"../../../Engine/Content/EngineMaterials/Substrate/GLints/dict_16_192_64_0p5_0p02_0047_0013.uasset" 5604
"../../../Engine/Content/EngineMaterials/Substrate/GLints/dict_16_192_64_0p5_0p02_0047_0014.uasset" 5605
"../../../Engine/Content/EngineMaterials/Substrate/GLints/dict_16_192_64_0p5_0p02_0047_0015.uasset" 5606
"../../../Engine/Content/EngineMaterials/Substrate/GLints/dict_16_192_64_0p5_0p02_0048_0000.uasset" 5607
"../../../Engine/Content/EngineMaterials/Substrate/GLints/dict_16_192_64_0p5_0p02_0048_0001.uasset" 5608
"../../../Engine/Content/EngineMaterials/Substrate/GLints/dict_16_192_64_0p5_0p02_0048_0002.uasset" 5609
"../../../Engine/Content/EngineMaterials/Substrate/GLints/dict_16_192_64_0p5_0p02_0048_0003.uasset" 5610
"../../../Engine/Content/EngineMaterials/Substrate/GLints/dict_16_192_64_0p5_0p02_0048_0004.uasset" 5611
"../../../Engine/Content/EngineMaterials/Substrate/GLints/dict_16_192_64_0p5_0p02_0048_0005.uasset" 5612
"../../../Engine/Content/EngineMaterials/Substrate/GLints/dict_16_192_64_0p5_0p02_0048_0006.uasset" 5613
"../../../Engine/Content/EngineMaterials/Substrate/GLints/dict_16_192_64_0p5_0p02_0048_0007.uasset" 5614
"../../../Engine/Content/EngineMaterials/Substrate/GLints/dict_16_192_64_0p5_0p02_0048_0008.uasset" 5615
"../../../Engine/Content/EngineMaterials/Substrate/GLints/dict_16_192_64_0p5_0p02_0048_0009.uasset" 5616
"../../../Engine/Content/EngineMaterials/Substrate/GLints/dict_16_192_64_0p5_0p02_0048_0010.uasset" 5617
"../../../Engine/Content/EngineMaterials/Substrate/GLints/dict_16_192_64_0p5_0p02_0048_0011.uasset" 5618
"../../../Engine/Content/EngineMaterials/Substrate/GLints/dict_16_192_64_0p5_0p02_0048_0012.uasset" 5619
"../../../Engine/Content/EngineMaterials/Substrate/GLints/dict_16_192_64_0p5_0p02_0048_0013.uasset" 5620
"../../../Engine/Content/EngineMaterials/Substrate/GLints/dict_16_192_64_0p5_0p02_0048_0014.uasset" 5621
"../../../Engine/Content/EngineMaterials/Substrate/GLints/dict_16_192_64_0p5_0p02_0048_0015.uasset" 5622
"../../../Engine/Content/EngineMaterials/Substrate/GLints/dict_16_192_64_0p5_0p02_0049_0000.uasset" 5623
"../../../Engine/Content/EngineMaterials/Substrate/GLints/dict_16_192_64_0p5_0p02_0049_0001.uasset" 5624
"../../../Engine/Content/EngineMaterials/Substrate/GLints/dict_16_192_64_0p5_0p02_0049_0002.uasset" 5625
"../../../Engine/Content/EngineMaterials/Substrate/GLints/dict_16_192_64_0p5_0p02_0049_0003.uasset" 5626
"../../../Engine/Content/EngineMaterials/Substrate/GLints/dict_16_192_64_0p5_0p02_0049_0004.uasset" 5627
"../../../Engine/Content/EngineMaterials/Substrate/GLints/dict_16_192_64_0p5_0p02_0049_0005.uasset" 5628
"../../../Engine/Content/EngineMaterials/Substrate/GLints/dict_16_192_64_0p5_0p02_0049_0006.uasset" 5629
"../../../Engine/Content/EngineMaterials/Substrate/GLints/dict_16_192_64_0p5_0p02_0049_0007.uasset" 5630
"../../../Engine/Content/EngineMaterials/Substrate/GLints/dict_16_192_64_0p5_0p02_0049_0008.uasset" 5631
"../../../Engine/Content/EngineMaterials/Substrate/GLints/dict_16_192_64_0p5_0p02_0049_0009.uasset" 5632
"../../../Engine/Content/EngineMaterials/Substrate/GLints/dict_16_192_64_0p5_0p02_0049_0010.uasset" 5633
"../../../Engine/Content/EngineMaterials/Substrate/GLints/dict_16_192_64_0p5_0p02_0049_0011.uasset" 5634
"../../../Engine/Content/EngineMaterials/Substrate/GLints/dict_16_192_64_0p5_0p02_0049_0012.uasset" 5635
"../../../Engine/Content/EngineMaterials/Substrate/GLints/dict_16_192_64_0p5_0p02_0049_0013.uasset" 5636
"../../../Engine/Content/EngineMaterials/Substrate/GLints/dict_16_192_64_0p5_0p02_0049_0014.uasset" 5637
"../../../Engine/Content/EngineMaterials/Substrate/GLints/dict_16_192_64_0p5_0p02_0049_0015.uasset" 5638
"../../../Engine/Content/EngineMaterials/Substrate/GLints/dict_16_192_64_0p5_0p02_0050_0000.uasset" 5639
"../../../Engine/Content/EngineMaterials/Substrate/GLints/dict_16_192_64_0p5_0p02_0050_0001.uasset" 5640
"../../../Engine/Content/EngineMaterials/Substrate/GLints/dict_16_192_64_0p5_0p02_0050_0002.uasset" 5641
"../../../Engine/Content/EngineMaterials/Substrate/GLints/dict_16_192_64_0p5_0p02_0050_0003.uasset" 5642
"../../../Engine/Content/EngineMaterials/Substrate/GLints/dict_16_192_64_0p5_0p02_0050_0004.uasset" 5643
"../../../Engine/Content/EngineMaterials/Substrate/GLints/dict_16_192_64_0p5_0p02_0050_0005.uasset" 5644
"../../../Engine/Content/EngineMaterials/Substrate/GLints/dict_16_192_64_0p5_0p02_0050_0006.uasset" 5645
"../../../Engine/Content/EngineMaterials/Substrate/GLints/dict_16_192_64_0p5_0p02_0050_0007.uasset" 5646
"../../../Engine/Content/EngineMaterials/Substrate/GLints/dict_16_192_64_0p5_0p02_0050_0008.uasset" 5647
"../../../Engine/Content/EngineMaterials/Substrate/GLints/dict_16_192_64_0p5_0p02_0050_0009.uasset" 5648
"../../../Engine/Content/EngineMaterials/Substrate/GLints/dict_16_192_64_0p5_0p02_0050_0010.uasset" 5649
"../../../Engine/Content/EngineMaterials/Substrate/GLints/dict_16_192_64_0p5_0p02_0050_0011.uasset" 5650
"../../../Engine/Content/EngineMaterials/Substrate/GLints/dict_16_192_64_0p5_0p02_0050_0012.uasset" 5651
"../../../Engine/Content/EngineMaterials/Substrate/GLints/dict_16_192_64_0p5_0p02_0050_0013.uasset" 5652
"../../../Engine/Content/EngineMaterials/Substrate/GLints/dict_16_192_64_0p5_0p02_0050_0014.uasset" 5653
"../../../Engine/Content/EngineMaterials/Substrate/GLints/dict_16_192_64_0p5_0p02_0050_0015.uasset" 5654
"../../../Engine/Content/EngineMaterials/Substrate/GLints/dict_16_192_64_0p5_0p02_0051_0000.uasset" 5655
"../../../Engine/Content/EngineMaterials/Substrate/GLints/dict_16_192_64_0p5_0p02_0051_0001.uasset" 5656
"../../../Engine/Content/EngineMaterials/Substrate/GLints/dict_16_192_64_0p5_0p02_0051_0002.uasset" 5657
"../../../Engine/Content/EngineMaterials/Substrate/GLints/dict_16_192_64_0p5_0p02_0051_0003.uasset" 5658
"../../../Engine/Content/EngineMaterials/Substrate/GLints/dict_16_192_64_0p5_0p02_0051_0004.uasset" 5659
"../../../Engine/Content/EngineMaterials/Substrate/GLints/dict_16_192_64_0p5_0p02_0051_0005.uasset" 5660
"../../../Engine/Content/EngineMaterials/Substrate/GLints/dict_16_192_64_0p5_0p02_0051_0006.uasset" 5661
"../../../Engine/Content/EngineMaterials/Substrate/GLints/dict_16_192_64_0p5_0p02_0051_0007.uasset" 5662
"../../../Engine/Content/EngineMaterials/Substrate/GLints/dict_16_192_64_0p5_0p02_0051_0008.uasset" 5663
"../../../Engine/Content/EngineMaterials/Substrate/GLints/dict_16_192_64_0p5_0p02_0051_0009.uasset" 5664
"../../../Engine/Content/EngineMaterials/Substrate/GLints/dict_16_192_64_0p5_0p02_0051_0010.uasset" 5665
"../../../Engine/Content/EngineMaterials/Substrate/GLints/dict_16_192_64_0p5_0p02_0051_0011.uasset" 5666
"../../../Engine/Content/EngineMaterials/Substrate/GLints/dict_16_192_64_0p5_0p02_0051_0012.uasset" 5667
"../../../Engine/Content/EngineMaterials/Substrate/GLints/dict_16_192_64_0p5_0p02_0051_0013.uasset" 5668
"../../../Engine/Content/EngineMaterials/Substrate/GLints/dict_16_192_64_0p5_0p02_0051_0014.uasset" 5669
"../../../Engine/Content/EngineMaterials/Substrate/GLints/dict_16_192_64_0p5_0p02_0051_0015.uasset" 5670
"../../../Engine/Content/EngineMaterials/Substrate/GLints/dict_16_192_64_0p5_0p02_0052_0000.uasset" 5671
"../../../Engine/Content/EngineMaterials/Substrate/GLints/dict_16_192_64_0p5_0p02_0052_0001.uasset" 5672
"../../../Engine/Content/EngineMaterials/Substrate/GLints/dict_16_192_64_0p5_0p02_0052_0002.uasset" 5673
"../../../Engine/Content/EngineMaterials/Substrate/GLints/dict_16_192_64_0p5_0p02_0052_0003.uasset" 5674
"../../../Engine/Content/EngineMaterials/Substrate/GLints/dict_16_192_64_0p5_0p02_0052_0004.uasset" 5675
"../../../Engine/Content/EngineMaterials/Substrate/GLints/dict_16_192_64_0p5_0p02_0052_0005.uasset" 5676
"../../../Engine/Content/EngineMaterials/Substrate/GLints/dict_16_192_64_0p5_0p02_0052_0006.uasset" 5677
"../../../Engine/Content/EngineMaterials/Substrate/GLints/dict_16_192_64_0p5_0p02_0052_0007.uasset" 5678
"../../../Engine/Content/EngineMaterials/Substrate/GLints/dict_16_192_64_0p5_0p02_0052_0008.uasset" 5679
"../../../Engine/Content/EngineMaterials/Substrate/GLints/dict_16_192_64_0p5_0p02_0052_0009.uasset" 5680
"../../../Engine/Content/EngineMaterials/Substrate/GLints/dict_16_192_64_0p5_0p02_0052_0010.uasset" 5681
"../../../Engine/Content/EngineMaterials/Substrate/GLints/dict_16_192_64_0p5_0p02_0052_0011.uasset" 5682
"../../../Engine/Content/EngineMaterials/Substrate/GLints/dict_16_192_64_0p5_0p02_0052_0012.uasset" 5683
"../../../Engine/Content/EngineMaterials/Substrate/GLints/dict_16_192_64_0p5_0p02_0052_0013.uasset" 5684
"../../../Engine/Content/EngineMaterials/Substrate/GLints/dict_16_192_64_0p5_0p02_0052_0014.uasset" 5685
"../../../Engine/Content/EngineMaterials/Substrate/GLints/dict_16_192_64_0p5_0p02_0052_0015.uasset" 5686
"../../../Engine/Content/EngineMaterials/Substrate/GLints/dict_16_192_64_0p5_0p02_0053_0000.uasset" 5687
"../../../Engine/Content/EngineMaterials/Substrate/GLints/dict_16_192_64_0p5_0p02_0053_0001.uasset" 5688
"../../../Engine/Content/EngineMaterials/Substrate/GLints/dict_16_192_64_0p5_0p02_0053_0002.uasset" 5689
"../../../Engine/Content/EngineMaterials/Substrate/GLints/dict_16_192_64_0p5_0p02_0053_0003.uasset" 5690
"../../../Engine/Content/EngineMaterials/Substrate/GLints/dict_16_192_64_0p5_0p02_0053_0004.uasset" 5691
"../../../Engine/Content/EngineMaterials/Substrate/GLints/dict_16_192_64_0p5_0p02_0053_0005.uasset" 5692
"../../../Engine/Content/EngineMaterials/Substrate/GLints/dict_16_192_64_0p5_0p02_0053_0006.uasset" 5693
"../../../Engine/Content/EngineMaterials/Substrate/GLints/dict_16_192_64_0p5_0p02_0053_0007.uasset" 5694
"../../../Engine/Content/EngineMaterials/Substrate/GLints/dict_16_192_64_0p5_0p02_0053_0008.uasset" 5695
"../../../Engine/Content/EngineMaterials/Substrate/GLints/dict_16_192_64_0p5_0p02_0053_0009.uasset" 5696
"../../../Engine/Content/EngineMaterials/Substrate/GLints/dict_16_192_64_0p5_0p02_0053_0010.uasset" 5697
"../../../Engine/Content/EngineMaterials/Substrate/GLints/dict_16_192_64_0p5_0p02_0053_0011.uasset" 5698
"../../../Engine/Content/EngineMaterials/Substrate/GLints/dict_16_192_64_0p5_0p02_0053_0012.uasset" 5699
"../../../Engine/Content/EngineMaterials/Substrate/GLints/dict_16_192_64_0p5_0p02_0053_0013.uasset" 5700
"../../../Engine/Content/EngineMaterials/Substrate/GLints/dict_16_192_64_0p5_0p02_0053_0014.uasset" 5701
"../../../Engine/Content/EngineMaterials/Substrate/GLints/dict_16_192_64_0p5_0p02_0053_0015.uasset" 5702
"../../../Engine/Content/EngineMaterials/Substrate/GLints/dict_16_192_64_0p5_0p02_0054_0000.uasset" 5703
"../../../Engine/Content/EngineMaterials/Substrate/GLints/dict_16_192_64_0p5_0p02_0054_0001.uasset" 5704
"../../../Engine/Content/EngineMaterials/Substrate/GLints/dict_16_192_64_0p5_0p02_0054_0002.uasset" 5705
"../../../Engine/Content/EngineMaterials/Substrate/GLints/dict_16_192_64_0p5_0p02_0054_0003.uasset" 5706
"../../../Engine/Content/EngineMaterials/Substrate/GLints/dict_16_192_64_0p5_0p02_0054_0004.uasset" 5707
"../../../Engine/Content/EngineMaterials/Substrate/GLints/dict_16_192_64_0p5_0p02_0054_0005.uasset" 5708
"../../../Engine/Content/EngineMaterials/Substrate/GLints/dict_16_192_64_0p5_0p02_0054_0006.uasset" 5709
"../../../Engine/Content/EngineMaterials/Substrate/GLints/dict_16_192_64_0p5_0p02_0054_0007.uasset" 5710
"../../../Engine/Content/EngineMaterials/Substrate/GLints/dict_16_192_64_0p5_0p02_0054_0008.uasset" 5711
"../../../Engine/Content/EngineMaterials/Substrate/GLints/dict_16_192_64_0p5_0p02_0054_0009.uasset" 5712
"../../../Engine/Content/EngineMaterials/Substrate/GLints/dict_16_192_64_0p5_0p02_0054_0010.uasset" 5713
"../../../Engine/Content/EngineMaterials/Substrate/GLints/dict_16_192_64_0p5_0p02_0054_0011.uasset" 5714
"../../../Engine/Content/EngineMaterials/Substrate/GLints/dict_16_192_64_0p5_0p02_0054_0012.uasset" 5715
"../../../Engine/Content/EngineMaterials/Substrate/GLints/dict_16_192_64_0p5_0p02_0054_0013.uasset" 5716
"../../../Engine/Content/EngineMaterials/Substrate/GLints/dict_16_192_64_0p5_0p02_0054_0014.uasset" 5717
"../../../Engine/Content/EngineMaterials/Substrate/GLints/dict_16_192_64_0p5_0p02_0054_0015.uasset" 5718
"../../../Engine/Content/EngineMaterials/Substrate/GLints/dict_16_192_64_0p5_0p02_0055_0000.uasset" 5719
"../../../Engine/Content/EngineMaterials/Substrate/GLints/dict_16_192_64_0p5_0p02_0055_0001.uasset" 5720
"../../../Engine/Content/EngineMaterials/Substrate/GLints/dict_16_192_64_0p5_0p02_0055_0002.uasset" 5721
"../../../Engine/Content/EngineMaterials/Substrate/GLints/dict_16_192_64_0p5_0p02_0055_0003.uasset" 5722
"../../../Engine/Content/EngineMaterials/Substrate/GLints/dict_16_192_64_0p5_0p02_0055_0004.uasset" 5723
"../../../Engine/Content/EngineMaterials/Substrate/GLints/dict_16_192_64_0p5_0p02_0055_0005.uasset" 5724
"../../../Engine/Content/EngineMaterials/Substrate/GLints/dict_16_192_64_0p5_0p02_0055_0006.uasset" 5725
"../../../Engine/Content/EngineMaterials/Substrate/GLints/dict_16_192_64_0p5_0p02_0055_0007.uasset" 5726
"../../../Engine/Content/EngineMaterials/Substrate/GLints/dict_16_192_64_0p5_0p02_0055_0008.uasset" 5727
"../../../Engine/Content/EngineMaterials/Substrate/GLints/dict_16_192_64_0p5_0p02_0055_0009.uasset" 5728
"../../../Engine/Content/EngineMaterials/Substrate/GLints/dict_16_192_64_0p5_0p02_0055_0010.uasset" 5729
"../../../Engine/Content/EngineMaterials/Substrate/GLints/dict_16_192_64_0p5_0p02_0055_0011.uasset" 5730
"../../../Engine/Content/EngineMaterials/Substrate/GLints/dict_16_192_64_0p5_0p02_0055_0012.uasset" 5731
"../../../Engine/Content/EngineMaterials/Substrate/GLints/dict_16_192_64_0p5_0p02_0055_0013.uasset" 5732
"../../../Engine/Content/EngineMaterials/Substrate/GLints/dict_16_192_64_0p5_0p02_0055_0014.uasset" 5733
"../../../Engine/Content/EngineMaterials/Substrate/GLints/dict_16_192_64_0p5_0p02_0055_0015.uasset" 5734
"../../../Engine/Content/EngineMaterials/Substrate/GLints/dict_16_192_64_0p5_0p02_0056_0000.uasset" 5735
"../../../Engine/Content/EngineMaterials/Substrate/GLints/dict_16_192_64_0p5_0p02_0056_0001.uasset" 5736
"../../../Engine/Content/EngineMaterials/Substrate/GLints/dict_16_192_64_0p5_0p02_0056_0002.uasset" 5737
"../../../Engine/Content/EngineMaterials/Substrate/GLints/dict_16_192_64_0p5_0p02_0056_0003.uasset" 5738
"../../../Engine/Content/EngineMaterials/Substrate/GLints/dict_16_192_64_0p5_0p02_0056_0004.uasset" 5739
"../../../Engine/Content/EngineMaterials/Substrate/GLints/dict_16_192_64_0p5_0p02_0056_0005.uasset" 5740
"../../../Engine/Content/EngineMaterials/Substrate/GLints/dict_16_192_64_0p5_0p02_0056_0006.uasset" 5741
"../../../Engine/Content/EngineMaterials/Substrate/GLints/dict_16_192_64_0p5_0p02_0056_0007.uasset" 5742
"../../../Engine/Content/EngineMaterials/Substrate/GLints/dict_16_192_64_0p5_0p02_0056_0008.uasset" 5743
"../../../Engine/Content/EngineMaterials/Substrate/GLints/dict_16_192_64_0p5_0p02_0056_0009.uasset" 5744
"../../../Engine/Content/EngineMaterials/Substrate/GLints/dict_16_192_64_0p5_0p02_0056_0010.uasset" 5745
"../../../Engine/Content/EngineMaterials/Substrate/GLints/dict_16_192_64_0p5_0p02_0056_0011.uasset" 5746
"../../../Engine/Content/EngineMaterials/Substrate/GLints/dict_16_192_64_0p5_0p02_0056_0012.uasset" 5747
"../../../Engine/Content/EngineMaterials/Substrate/GLints/dict_16_192_64_0p5_0p02_0056_0013.uasset" 5748
"../../../Engine/Content/EngineMaterials/Substrate/GLints/dict_16_192_64_0p5_0p02_0056_0014.uasset" 5749
"../../../Engine/Content/EngineMaterials/Substrate/GLints/dict_16_192_64_0p5_0p02_0056_0015.uasset" 5750
"../../../Engine/Content/EngineMaterials/Substrate/GLints/dict_16_192_64_0p5_0p02_0057_0000.uasset" 5751
"../../../Engine/Content/EngineMaterials/Substrate/GLints/dict_16_192_64_0p5_0p02_0057_0001.uasset" 5752
"../../../Engine/Content/EngineMaterials/Substrate/GLints/dict_16_192_64_0p5_0p02_0057_0002.uasset" 5753
"../../../Engine/Content/EngineMaterials/Substrate/GLints/dict_16_192_64_0p5_0p02_0057_0003.uasset" 5754
"../../../Engine/Content/EngineMaterials/Substrate/GLints/dict_16_192_64_0p5_0p02_0057_0004.uasset" 5755
"../../../Engine/Content/EngineMaterials/Substrate/GLints/dict_16_192_64_0p5_0p02_0057_0005.uasset" 5756
"../../../Engine/Content/EngineMaterials/Substrate/GLints/dict_16_192_64_0p5_0p02_0057_0006.uasset" 5757
"../../../Engine/Content/EngineMaterials/Substrate/GLints/dict_16_192_64_0p5_0p02_0057_0007.uasset" 5758
"../../../Engine/Content/EngineMaterials/Substrate/GLints/dict_16_192_64_0p5_0p02_0057_0008.uasset" 5759
"../../../Engine/Content/EngineMaterials/Substrate/GLints/dict_16_192_64_0p5_0p02_0057_0009.uasset" 5760
"../../../Engine/Content/EngineMaterials/Substrate/GLints/dict_16_192_64_0p5_0p02_0057_0010.uasset" 5761
"../../../Engine/Content/EngineMaterials/Substrate/GLints/dict_16_192_64_0p5_0p02_0057_0011.uasset" 5762
"../../../Engine/Content/EngineMaterials/Substrate/GLints/dict_16_192_64_0p5_0p02_0057_0012.uasset" 5763
"../../../Engine/Content/EngineMaterials/Substrate/GLints/dict_16_192_64_0p5_0p02_0057_0013.uasset" 5764
"../../../Engine/Content/EngineMaterials/Substrate/GLints/dict_16_192_64_0p5_0p02_0057_0014.uasset" 5765
"../../../Engine/Content/EngineMaterials/Substrate/GLints/dict_16_192_64_0p5_0p02_0057_0015.uasset" 5766
"../../../Engine/Content/EngineMaterials/Substrate/GLints/dict_16_192_64_0p5_0p02_0058_0000.uasset" 5767
"../../../Engine/Content/EngineMaterials/Substrate/GLints/dict_16_192_64_0p5_0p02_0058_0001.uasset" 5768
"../../../Engine/Content/EngineMaterials/Substrate/GLints/dict_16_192_64_0p5_0p02_0058_0002.uasset" 5769
"../../../Engine/Content/EngineMaterials/Substrate/GLints/dict_16_192_64_0p5_0p02_0058_0003.uasset" 5770
"../../../Engine/Content/EngineMaterials/Substrate/GLints/dict_16_192_64_0p5_0p02_0058_0004.uasset" 5771
"../../../Engine/Content/EngineMaterials/Substrate/GLints/dict_16_192_64_0p5_0p02_0058_0005.uasset" 5772
"../../../Engine/Content/EngineMaterials/Substrate/GLints/dict_16_192_64_0p5_0p02_0058_0006.uasset" 5773
"../../../Engine/Content/EngineMaterials/Substrate/GLints/dict_16_192_64_0p5_0p02_0058_0007.uasset" 5774
"../../../Engine/Content/EngineMaterials/Substrate/GLints/dict_16_192_64_0p5_0p02_0058_0008.uasset" 5775
"../../../Engine/Content/EngineMaterials/Substrate/GLints/dict_16_192_64_0p5_0p02_0058_0009.uasset" 5776
"../../../Engine/Content/EngineMaterials/Substrate/GLints/dict_16_192_64_0p5_0p02_0058_0010.uasset" 5777
"../../../Engine/Content/EngineMaterials/Substrate/GLints/dict_16_192_64_0p5_0p02_0058_0011.uasset" 5778
"../../../Engine/Content/EngineMaterials/Substrate/GLints/dict_16_192_64_0p5_0p02_0058_0012.uasset" 5779
"../../../Engine/Content/EngineMaterials/Substrate/GLints/dict_16_192_64_0p5_0p02_0058_0013.uasset" 5780
"../../../Engine/Content/EngineMaterials/Substrate/GLints/dict_16_192_64_0p5_0p02_0058_0014.uasset" 5781
"../../../Engine/Content/EngineMaterials/Substrate/GLints/dict_16_192_64_0p5_0p02_0058_0015.uasset" 5782
"../../../Engine/Content/EngineMaterials/Substrate/GLints/dict_16_192_64_0p5_0p02_0059_0000.uasset" 5783
"../../../Engine/Content/EngineMaterials/Substrate/GLints/dict_16_192_64_0p5_0p02_0059_0001.uasset" 5784
"../../../Engine/Content/EngineMaterials/Substrate/GLints/dict_16_192_64_0p5_0p02_0059_0002.uasset" 5785
"../../../Engine/Content/EngineMaterials/Substrate/GLints/dict_16_192_64_0p5_0p02_0059_0003.uasset" 5786
"../../../Engine/Content/EngineMaterials/Substrate/GLints/dict_16_192_64_0p5_0p02_0059_0004.uasset" 5787
"../../../Engine/Content/EngineMaterials/Substrate/GLints/dict_16_192_64_0p5_0p02_0059_0005.uasset" 5788
"../../../Engine/Content/EngineMaterials/Substrate/GLints/dict_16_192_64_0p5_0p02_0059_0006.uasset" 5789
"../../../Engine/Content/EngineMaterials/Substrate/GLints/dict_16_192_64_0p5_0p02_0059_0007.uasset" 5790
"../../../Engine/Content/EngineMaterials/Substrate/GLints/dict_16_192_64_0p5_0p02_0059_0008.uasset" 5791
"../../../Engine/Content/EngineMaterials/Substrate/GLints/dict_16_192_64_0p5_0p02_0059_0009.uasset" 5792
"../../../Engine/Content/EngineMaterials/Substrate/GLints/dict_16_192_64_0p5_0p02_0059_0010.uasset" 5793
"../../../Engine/Content/EngineMaterials/Substrate/GLints/dict_16_192_64_0p5_0p02_0059_0011.uasset" 5794
"../../../Engine/Content/EngineMaterials/Substrate/GLints/dict_16_192_64_0p5_0p02_0059_0012.uasset" 5795
"../../../Engine/Content/EngineMaterials/Substrate/GLints/dict_16_192_64_0p5_0p02_0059_0013.uasset" 5796
"../../../Engine/Content/EngineMaterials/Substrate/GLints/dict_16_192_64_0p5_0p02_0059_0014.uasset" 5797
"../../../Engine/Content/EngineMaterials/Substrate/GLints/dict_16_192_64_0p5_0p02_0059_0015.uasset" 5798
"../../../Engine/Content/EngineMaterials/Substrate/GLints/dict_16_192_64_0p5_0p02_0060_0000.uasset" 5799
"../../../Engine/Content/EngineMaterials/Substrate/GLints/dict_16_192_64_0p5_0p02_0060_0001.uasset" 5800
"../../../Engine/Content/EngineMaterials/Substrate/GLints/dict_16_192_64_0p5_0p02_0060_0002.uasset" 5801
"../../../Engine/Content/EngineMaterials/Substrate/GLints/dict_16_192_64_0p5_0p02_0060_0003.uasset" 5802
"../../../Engine/Content/EngineMaterials/Substrate/GLints/dict_16_192_64_0p5_0p02_0060_0004.uasset" 5803
"../../../Engine/Content/EngineMaterials/Substrate/GLints/dict_16_192_64_0p5_0p02_0060_0005.uasset" 5804
"../../../Engine/Content/EngineMaterials/Substrate/GLints/dict_16_192_64_0p5_0p02_0060_0006.uasset" 5805
"../../../Engine/Content/EngineMaterials/Substrate/GLints/dict_16_192_64_0p5_0p02_0060_0007.uasset" 5806
"../../../Engine/Content/EngineMaterials/Substrate/GLints/dict_16_192_64_0p5_0p02_0060_0008.uasset" 5807
"../../../Engine/Content/EngineMaterials/Substrate/GLints/dict_16_192_64_0p5_0p02_0060_0009.uasset" 5808
"../../../Engine/Content/EngineMaterials/Substrate/GLints/dict_16_192_64_0p5_0p02_0060_0010.uasset" 5809
"../../../Engine/Content/EngineMaterials/Substrate/GLints/dict_16_192_64_0p5_0p02_0060_0011.uasset" 5810
"../../../Engine/Content/EngineMaterials/Substrate/GLints/dict_16_192_64_0p5_0p02_0060_0012.uasset" 5811
"../../../Engine/Content/EngineMaterials/Substrate/GLints/dict_16_192_64_0p5_0p02_0060_0013.uasset" 5812
"../../../Engine/Content/EngineMaterials/Substrate/GLints/dict_16_192_64_0p5_0p02_0060_0014.uasset" 5813
"../../../Engine/Content/EngineMaterials/Substrate/GLints/dict_16_192_64_0p5_0p02_0060_0015.uasset" 5814
"../../../Engine/Content/EngineMaterials/Substrate/GLints/dict_16_192_64_0p5_0p02_0061_0000.uasset" 5815
"../../../Engine/Content/EngineMaterials/Substrate/GLints/dict_16_192_64_0p5_0p02_0061_0001.uasset" 5816
"../../../Engine/Content/EngineMaterials/Substrate/GLints/dict_16_192_64_0p5_0p02_0061_0002.uasset" 5817
"../../../Engine/Content/EngineMaterials/Substrate/GLints/dict_16_192_64_0p5_0p02_0061_0003.uasset" 5818
"../../../Engine/Content/EngineMaterials/Substrate/GLints/dict_16_192_64_0p5_0p02_0061_0004.uasset" 5819
"../../../Engine/Content/EngineMaterials/Substrate/GLints/dict_16_192_64_0p5_0p02_0061_0005.uasset" 5820
"../../../Engine/Content/EngineMaterials/Substrate/GLints/dict_16_192_64_0p5_0p02_0061_0006.uasset" 5821
"../../../Engine/Content/EngineMaterials/Substrate/GLints/dict_16_192_64_0p5_0p02_0061_0007.uasset" 5822
"../../../Engine/Content/EngineMaterials/Substrate/GLints/dict_16_192_64_0p5_0p02_0061_0008.uasset" 5823
"../../../Engine/Content/EngineMaterials/Substrate/GLints/dict_16_192_64_0p5_0p02_0061_0009.uasset" 5824
"../../../Engine/Content/EngineMaterials/Substrate/GLints/dict_16_192_64_0p5_0p02_0061_0010.uasset" 5825
"../../../Engine/Content/EngineMaterials/Substrate/GLints/dict_16_192_64_0p5_0p02_0061_0011.uasset" 5826
"../../../Engine/Content/EngineMaterials/Substrate/GLints/dict_16_192_64_0p5_0p02_0061_0012.uasset" 5827
"../../../Engine/Content/EngineMaterials/Substrate/GLints/dict_16_192_64_0p5_0p02_0061_0013.uasset" 5828
"../../../Engine/Content/EngineMaterials/Substrate/GLints/dict_16_192_64_0p5_0p02_0061_0014.uasset" 5829
"../../../Engine/Content/EngineMaterials/Substrate/GLints/dict_16_192_64_0p5_0p02_0061_0015.uasset" 5830
"../../../Engine/Content/EngineMaterials/Substrate/GLints/dict_16_192_64_0p5_0p02_0062_0000.uasset" 5831
"../../../Engine/Content/EngineMaterials/Substrate/GLints/dict_16_192_64_0p5_0p02_0062_0001.uasset" 5832
"../../../Engine/Content/EngineMaterials/Substrate/GLints/dict_16_192_64_0p5_0p02_0062_0002.uasset" 5833
"../../../Engine/Content/EngineMaterials/Substrate/GLints/dict_16_192_64_0p5_0p02_0062_0003.uasset" 5834
"../../../Engine/Content/EngineMaterials/Substrate/GLints/dict_16_192_64_0p5_0p02_0062_0004.uasset" 5835
"../../../Engine/Content/EngineMaterials/Substrate/GLints/dict_16_192_64_0p5_0p02_0062_0005.uasset" 5836
"../../../Engine/Content/EngineMaterials/Substrate/GLints/dict_16_192_64_0p5_0p02_0062_0006.uasset" 5837
"../../../Engine/Content/EngineMaterials/Substrate/GLints/dict_16_192_64_0p5_0p02_0062_0007.uasset" 5838
"../../../Engine/Content/EngineMaterials/Substrate/GLints/dict_16_192_64_0p5_0p02_0062_0008.uasset" 5839
"../../../Engine/Content/EngineMaterials/Substrate/GLints/dict_16_192_64_0p5_0p02_0062_0009.uasset" 5840
"../../../Engine/Content/EngineMaterials/Substrate/GLints/dict_16_192_64_0p5_0p02_0062_0010.uasset" 5841
"../../../Engine/Content/EngineMaterials/Substrate/GLints/dict_16_192_64_0p5_0p02_0062_0011.uasset" 5842
"../../../Engine/Content/EngineMaterials/Substrate/GLints/dict_16_192_64_0p5_0p02_0062_0012.uasset" 5843
"../../../Engine/Content/EngineMaterials/Substrate/GLints/dict_16_192_64_0p5_0p02_0062_0013.uasset" 5844
"../../../Engine/Content/EngineMaterials/Substrate/GLints/dict_16_192_64_0p5_0p02_0062_0014.uasset" 5845
"../../../Engine/Content/EngineMaterials/Substrate/GLints/dict_16_192_64_0p5_0p02_0062_0015.uasset" 5846
"../../../Engine/Content/EngineMaterials/Substrate/GLints/dict_16_192_64_0p5_0p02_0063_0000.uasset" 5847
"../../../Engine/Content/EngineMaterials/Substrate/GLints/dict_16_192_64_0p5_0p02_0063_0001.uasset" 5848
"../../../Engine/Content/EngineMaterials/Substrate/GLints/dict_16_192_64_0p5_0p02_0063_0002.uasset" 5849
"../../../Engine/Content/EngineMaterials/Substrate/GLints/dict_16_192_64_0p5_0p02_0063_0003.uasset" 5850
"../../../Engine/Content/EngineMaterials/Substrate/GLints/dict_16_192_64_0p5_0p02_0063_0004.uasset" 5851
"../../../Engine/Content/EngineMaterials/Substrate/GLints/dict_16_192_64_0p5_0p02_0063_0005.uasset" 5852
"../../../Engine/Content/EngineMaterials/Substrate/GLints/dict_16_192_64_0p5_0p02_0063_0006.uasset" 5853
"../../../Engine/Content/EngineMaterials/Substrate/GLints/dict_16_192_64_0p5_0p02_0063_0007.uasset" 5854
"../../../Engine/Content/EngineMaterials/Substrate/GLints/dict_16_192_64_0p5_0p02_0063_0008.uasset" 5855
"../../../Engine/Content/EngineMaterials/Substrate/GLints/dict_16_192_64_0p5_0p02_0063_0009.uasset" 5856
"../../../Engine/Content/EngineMaterials/Substrate/GLints/dict_16_192_64_0p5_0p02_0063_0010.uasset" 5857
"../../../Engine/Content/EngineMaterials/Substrate/GLints/dict_16_192_64_0p5_0p02_0063_0011.uasset" 5858
"../../../Engine/Content/EngineMaterials/Substrate/GLints/dict_16_192_64_0p5_0p02_0063_0012.uasset" 5859
"../../../Engine/Content/EngineMaterials/Substrate/GLints/dict_16_192_64_0p5_0p02_0063_0013.uasset" 5860
"../../../Engine/Content/EngineMaterials/Substrate/GLints/dict_16_192_64_0p5_0p02_0063_0014.uasset" 5861
"../../../Engine/Content/EngineMaterials/Substrate/GLints/dict_16_192_64_0p5_0p02_0063_0015.uasset" 5862
"/Engine/EngineMaterials/Substrate/Glints2/AGlintTex2dArray2" 5863
"../../../Engine/Content/EngineMaterials/Substrate/Glints2/dict_0000_0000.uasset" 5864
"../../../Engine/Content/EngineMaterials/Substrate/Glints2/dict_0000_0001.uasset" 5865
"../../../Engine/Content/EngineMaterials/Substrate/Glints2/dict_0000_0002.uasset" 5866
"../../../Engine/Content/EngineMaterials/Substrate/Glints2/dict_0000_0003.uasset" 5867
"../../../Engine/Content/EngineMaterials/Substrate/Glints2/dict_0000_0004.uasset" 5868
"../../../Engine/Content/EngineMaterials/Substrate/Glints2/dict_0000_0005.uasset" 5869
"../../../Engine/Content/EngineMaterials/Substrate/Glints2/dict_0000_0006.uasset" 5870
"../../../Engine/Content/EngineMaterials/Substrate/Glints2/dict_0000_0007.uasset" 5871
"../../../Engine/Content/EngineMaterials/Substrate/Glints2/dict_0000_0008.uasset" 5872
"../../../Engine/Content/EngineMaterials/Substrate/Glints2/dict_0000_0009.uasset" 5873
"../../../Engine/Content/EngineMaterials/Substrate/Glints2/dict_0000_0010.uasset" 5874
"../../../Engine/Content/EngineMaterials/Substrate/Glints2/dict_0000_0011.uasset" 5875
"../../../Engine/Content/EngineMaterials/Substrate/Glints2/dict_0000_0012.uasset" 5876
"../../../Engine/Content/EngineMaterials/Substrate/Glints2/dict_0000_0013.uasset" 5877
"../../../Engine/Content/EngineMaterials/Substrate/Glints2/dict_0000_0014.uasset" 5878
"../../../Engine/Content/EngineMaterials/Substrate/Glints2/dict_0000_0015.uasset" 5879
"../../../Engine/Content/EngineMaterials/Substrate/Glints2/dict_0000_0016.uasset" 5880
"../../../Engine/Content/EngineMaterials/Substrate/Glints2/dict_0000_0017.uasset" 5881
"../../../Engine/Content/EngineMaterials/Substrate/Glints2/dict_0000_0018.uasset" 5882
"../../../Engine/Content/EngineMaterials/Substrate/Glints2/dict_0000_0019.uasset" 5883
"../../../Engine/Content/EngineMaterials/Substrate/Glints2/dict_0000_0020.uasset" 5884
"../../../Engine/Content/EngineMaterials/Substrate/Glints2/dict_0000_0021.uasset" 5885
"../../../Engine/Content/EngineMaterials/Substrate/Glints2/dict_0000_0022.uasset" 5886
"../../../Engine/Content/EngineMaterials/Substrate/Glints2/dict_0000_0023.uasset" 5887
"../../../Engine/Content/EngineMaterials/Substrate/Glints2/dict_0000_0024.uasset" 5888
"../../../Engine/Content/EngineMaterials/Substrate/Glints2/dict_0000_0025.uasset" 5889
"../../../Engine/Content/EngineMaterials/Substrate/Glints2/dict_0000_0026.uasset" 5890
"../../../Engine/Content/EngineMaterials/Substrate/Glints2/dict_0000_0027.uasset" 5891
"../../../Engine/Content/EngineMaterials/Substrate/Glints2/dict_0000_0028.uasset" 5892
"../../../Engine/Content/EngineMaterials/Substrate/Glints2/dict_0000_0029.uasset" 5893
"../../../Engine/Content/EngineMaterials/Substrate/Glints2/dict_0000_0030.uasset" 5894
"../../../Engine/Content/EngineMaterials/Substrate/Glints2/dict_0000_0031.uasset" 5895
"../../../Engine/Content/EngineMaterials/Substrate/Glints2/dict_0000_0032.uasset" 5896
"../../../Engine/Content/EngineMaterials/Substrate/Glints2/dict_0000_0033.uasset" 5897
"../../../Engine/Content/EngineMaterials/Substrate/Glints2/dict_0000_0034.uasset" 5898
"../../../Engine/Content/EngineMaterials/Substrate/Glints2/dict_0000_0035.uasset" 5899
"../../../Engine/Content/EngineMaterials/Substrate/Glints2/dict_0000_0036.uasset" 5900
"../../../Engine/Content/EngineMaterials/Substrate/Glints2/dict_0000_0037.uasset" 5901
"../../../Engine/Content/EngineMaterials/Substrate/Glints2/dict_0000_0038.uasset" 5902
"../../../Engine/Content/EngineMaterials/Substrate/Glints2/dict_0000_0039.uasset" 5903
"../../../Engine/Content/EngineMaterials/Substrate/Glints2/dict_0000_0040.uasset" 5904
"../../../Engine/Content/EngineMaterials/Substrate/Glints2/dict_0000_0041.uasset" 5905
"../../../Engine/Content/EngineMaterials/Substrate/Glints2/dict_0000_0042.uasset" 5906
"../../../Engine/Content/EngineMaterials/Substrate/Glints2/dict_0000_0043.uasset" 5907
"../../../Engine/Content/EngineMaterials/Substrate/Glints2/dict_0000_0044.uasset" 5908
"../../../Engine/Content/EngineMaterials/Substrate/Glints2/dict_0000_0045.uasset" 5909
"../../../Engine/Content/EngineMaterials/Substrate/Glints2/dict_0000_0046.uasset" 5910
"../../../Engine/Content/EngineMaterials/Substrate/Glints2/dict_0000_0047.uasset" 5911
"../../../Engine/Content/EngineMaterials/Substrate/Glints2/dict_0000_0048.uasset" 5912
"../../../Engine/Content/EngineMaterials/Substrate/Glints2/dict_0000_0049.uasset" 5913
"../../../Engine/Content/EngineMaterials/Substrate/Glints2/dict_0000_0050.uasset" 5914
"../../../Engine/Content/EngineMaterials/Substrate/Glints2/dict_0000_0051.uasset" 5915
"../../../Engine/Content/EngineMaterials/Substrate/Glints2/dict_0000_0052.uasset" 5916
"../../../Engine/Content/EngineMaterials/Substrate/Glints2/dict_0000_0053.uasset" 5917
"../../../Engine/Content/EngineMaterials/Substrate/Glints2/dict_0000_0054.uasset" 5918
"../../../Engine/Content/EngineMaterials/Substrate/Glints2/dict_0000_0055.uasset" 5919
"../../../Engine/Content/EngineMaterials/Substrate/Glints2/dict_0000_0056.uasset" 5920
"../../../Engine/Content/EngineMaterials/Substrate/Glints2/dict_0000_0057.uasset" 5921
"../../../Engine/Content/EngineMaterials/Substrate/Glints2/dict_0000_0058.uasset" 5922
"../../../Engine/Content/EngineMaterials/Substrate/Glints2/dict_0000_0059.uasset" 5923
"../../../Engine/Content/EngineMaterials/Substrate/Glints2/dict_0000_0060.uasset" 5924
"../../../Engine/Content/EngineMaterials/Substrate/Glints2/dict_0000_0061.uasset" 5925
"../../../Engine/Content/EngineMaterials/Substrate/Glints2/dict_0000_0062.uasset" 5926
"../../../Engine/Content/EngineMaterials/Substrate/Glints2/dict_0000_0063.uasset" 5927
"../../../Engine/Content/EngineMaterials/Substrate/Glints2/dict_0000_0064.uasset" 5928
"../../../Engine/Content/EngineMaterials/Substrate/Glints2/dict_0000_0065.uasset" 5929
"../../../Engine/Content/EngineMaterials/Substrate/Glints2/dict_0000_0066.uasset" 5930
"../../../Engine/Content/EngineMaterials/Substrate/Glints2/dict_0000_0067.uasset" 5931
"../../../Engine/Content/EngineMaterials/Substrate/Glints2/dict_0000_0068.uasset" 5932
"../../../Engine/Content/EngineMaterials/Substrate/Glints2/dict_0000_0069.uasset" 5933
"../../../Engine/Content/EngineMaterials/Substrate/Glints2/dict_0000_0070.uasset" 5934
"../../../Engine/Content/EngineMaterials/Substrate/Glints2/dict_0000_0071.uasset" 5935
"../../../Engine/Content/EngineMaterials/Substrate/Glints2/dict_0000_0072.uasset" 5936
"../../../Engine/Content/EngineMaterials/Substrate/Glints2/dict_0000_0073.uasset" 5937
"../../../Engine/Content/EngineMaterials/Substrate/Glints2/dict_0000_0074.uasset" 5938
"../../../Engine/Content/EngineMaterials/Substrate/Glints2/dict_0000_0075.uasset" 5939
"../../../Engine/Content/EngineMaterials/Substrate/Glints2/dict_0000_0076.uasset" 5940
"../../../Engine/Content/EngineMaterials/Substrate/Glints2/dict_0000_0077.uasset" 5941
"../../../Engine/Content/EngineMaterials/Substrate/Glints2/dict_0000_0078.uasset" 5942
"../../../Engine/Content/EngineMaterials/Substrate/Glints2/dict_0000_0079.uasset" 5943
"../../../Engine/Content/EngineMaterials/Substrate/Glints2/dict_0000_0080.uasset" 5944
"../../../Engine/Content/EngineMaterials/Substrate/Glints2/dict_0000_0081.uasset" 5945
"../../../Engine/Content/EngineMaterials/Substrate/Glints2/dict_0000_0082.uasset" 5946
"../../../Engine/Content/EngineMaterials/Substrate/Glints2/dict_0000_0083.uasset" 5947
"../../../Engine/Content/EngineMaterials/Substrate/Glints2/dict_0000_0084.uasset" 5948
"../../../Engine/Content/EngineMaterials/Substrate/Glints2/dict_0000_0085.uasset" 5949
"../../../Engine/Content/EngineMaterials/Substrate/Glints2/dict_0000_0086.uasset" 5950
"../../../Engine/Content/EngineMaterials/Substrate/Glints2/dict_0000_0087.uasset" 5951
"../../../Engine/Content/EngineMaterials/Substrate/Glints2/dict_0000_0088.uasset" 5952
"../../../Engine/Content/EngineMaterials/Substrate/Glints2/dict_0000_0089.uasset" 5953
"../../../Engine/Content/EngineMaterials/Substrate/Glints2/dict_0000_0090.uasset" 5954
"../../../Engine/Content/EngineMaterials/Substrate/Glints2/dict_0000_0091.uasset" 5955
"../../../Engine/Content/EngineMaterials/Substrate/Glints2/dict_0000_0092.uasset" 5956
"../../../Engine/Content/EngineMaterials/Substrate/Glints2/dict_0000_0093.uasset" 5957
"../../../Engine/Content/EngineMaterials/Substrate/Glints2/dict_0000_0094.uasset" 5958
"../../../Engine/Content/EngineMaterials/Substrate/Glints2/dict_0000_0095.uasset" 5959
"../../../Engine/Content/EngineMaterials/Substrate/Glints2/dict_0000_0096.uasset" 5960
"../../../Engine/Content/EngineMaterials/Substrate/Glints2/dict_0000_0097.uasset" 5961
"../../../Engine/Content/EngineMaterials/Substrate/Glints2/dict_0000_0098.uasset" 5962
"../../../Engine/Content/EngineMaterials/Substrate/Glints2/dict_0000_0099.uasset" 5963
"../../../Engine/Content/EngineMaterials/Substrate/Glints2/dict_0000_0100.uasset" 5964
"../../../Engine/Content/EngineMaterials/Substrate/Glints2/dict_0000_0101.uasset" 5965
"../../../Engine/Content/EngineMaterials/Substrate/Glints2/dict_0000_0102.uasset" 5966
"../../../Engine/Content/EngineMaterials/Substrate/Glints2/dict_0000_0103.uasset" 5967
"../../../Engine/Content/EngineMaterials/Substrate/Glints2/dict_0000_0104.uasset" 5968
"../../../Engine/Content/EngineMaterials/Substrate/Glints2/dict_0000_0105.uasset" 5969
"../../../Engine/Content/EngineMaterials/Substrate/Glints2/dict_0000_0106.uasset" 5970
"../../../Engine/Content/EngineMaterials/Substrate/Glints2/dict_0000_0107.uasset" 5971
"../../../Engine/Content/EngineMaterials/Substrate/Glints2/dict_0000_0108.uasset" 5972
"../../../Engine/Content/EngineMaterials/Substrate/Glints2/dict_0000_0109.uasset" 5973
"../../../Engine/Content/EngineMaterials/Substrate/Glints2/dict_0000_0110.uasset" 5974
"../../../Engine/Content/EngineMaterials/Substrate/Glints2/dict_0000_0111.uasset" 5975
"../../../Engine/Content/EngineMaterials/Substrate/Glints2/dict_0000_0112.uasset" 5976
"../../../Engine/Content/EngineMaterials/Substrate/Glints2/dict_0000_0113.uasset" 5977
"../../../Engine/Content/EngineMaterials/Substrate/Glints2/dict_0000_0114.uasset" 5978
"../../../Engine/Content/EngineMaterials/Substrate/Glints2/dict_0000_0115.uasset" 5979
"../../../Engine/Content/EngineMaterials/Substrate/Glints2/dict_0000_0116.uasset" 5980
"../../../Engine/Content/EngineMaterials/Substrate/Glints2/dict_0000_0117.uasset" 5981
"../../../Engine/Content/EngineMaterials/Substrate/Glints2/dict_0000_0118.uasset" 5982
"../../../Engine/Content/EngineMaterials/Substrate/Glints2/dict_0000_0119.uasset" 5983
"../../../Engine/Content/EngineMaterials/Substrate/Glints2/dict_0000_0120.uasset" 5984
"../../../Engine/Content/EngineMaterials/Substrate/Glints2/dict_0000_0121.uasset" 5985
"../../../Engine/Content/EngineMaterials/Substrate/Glints2/dict_0000_0122.uasset" 5986
"../../../Engine/Content/EngineMaterials/Substrate/Glints2/dict_0000_0123.uasset" 5987
"../../../Engine/Content/EngineMaterials/Substrate/Glints2/dict_0000_0124.uasset" 5988
"../../../Engine/Content/EngineMaterials/Substrate/Glints2/dict_0000_0125.uasset" 5989
"../../../Engine/Content/EngineMaterials/Substrate/Glints2/dict_0000_0126.uasset" 5990
"../../../Engine/Content/EngineMaterials/Substrate/Glints2/dict_0000_0127.uasset" 5991
"../../../Engine/Content/EngineMaterials/Substrate/Glints2/dict_0000_0128.uasset" 5992
"../../../Engine/Content/EngineMaterials/Substrate/Glints2/dict_0000_0129.uasset" 5993
"../../../Engine/Content/EngineMaterials/Substrate/Glints2/dict_0000_0130.uasset" 5994
"../../../Engine/Content/EngineMaterials/Substrate/Glints2/dict_0000_0131.uasset" 5995
"../../../Engine/Content/EngineMaterials/Substrate/Glints2/dict_0000_0132.uasset" 5996
"../../../Engine/Content/EngineMaterials/Substrate/Glints2/dict_0000_0133.uasset" 5997
"../../../Engine/Content/EngineMaterials/Substrate/Glints2/dict_0000_0134.uasset" 5998
"../../../Engine/Content/EngineMaterials/Substrate/Glints2/dict_0000_0135.uasset" 5999
"../../../Engine/Content/EngineMaterials/Substrate/Glints2/dict_0000_0136.uasset" 6000
"../../../Engine/Content/EngineMaterials/Substrate/Glints2/dict_0000_0137.uasset" 6001
"../../../Engine/Content/EngineMaterials/Substrate/Glints2/dict_0000_0138.uasset" 6002
"../../../Engine/Content/EngineMaterials/Substrate/Glints2/dict_0000_0139.uasset" 6003
"../../../Engine/Content/EngineMaterials/Substrate/Glints2/dict_0000_0140.uasset" 6004
"../../../Engine/Content/EngineMaterials/Substrate/Glints2/dict_0000_0141.uasset" 6005
"../../../Engine/Content/EngineMaterials/Substrate/Glints2/dict_0000_0142.uasset" 6006
"../../../Engine/Content/EngineMaterials/Substrate/Glints2/dict_0000_0143.uasset" 6007
"../../../Engine/Content/EngineMaterials/Substrate/Glints2/dict_0000_0144.uasset" 6008
"../../../Engine/Content/EngineMaterials/Substrate/Glints2/dict_0000_0145.uasset" 6009
"../../../Engine/Content/EngineMaterials/Substrate/Glints2/dict_0000_0146.uasset" 6010
"../../../Engine/Content/EngineMaterials/Substrate/Glints2/dict_0000_0147.uasset" 6011
"../../../Engine/Content/EngineMaterials/Substrate/Glints2/dict_0000_0148.uasset" 6012
"../../../Engine/Content/EngineMaterials/Substrate/Glints2/dict_0000_0149.uasset" 6013
"../../../Engine/Content/EngineMaterials/Substrate/Glints2/dict_0000_0150.uasset" 6014
"../../../Engine/Content/EngineMaterials/Substrate/Glints2/dict_0000_0151.uasset" 6015
"../../../Engine/Content/EngineMaterials/Substrate/Glints2/dict_0000_0152.uasset" 6016
"../../../Engine/Content/EngineMaterials/Substrate/Glints2/dict_0000_0153.uasset" 6017
"../../../Engine/Content/EngineMaterials/Substrate/Glints2/dict_0000_0154.uasset" 6018
"../../../Engine/Content/EngineMaterials/Substrate/Glints2/dict_0000_0155.uasset" 6019
"../../../Engine/Content/EngineMaterials/Substrate/Glints2/dict_0000_0156.uasset" 6020
"../../../Engine/Content/EngineMaterials/Substrate/Glints2/dict_0000_0157.uasset" 6021
"../../../Engine/Content/EngineMaterials/Substrate/Glints2/dict_0000_0158.uasset" 6022
"../../../Engine/Content/EngineMaterials/Substrate/Glints2/dict_0000_0159.uasset" 6023
"../../../Engine/Content/EngineMaterials/Substrate/Glints2/dict_0000_0160.uasset" 6024
"../../../Engine/Content/EngineMaterials/Substrate/Glints2/dict_0000_0161.uasset" 6025
"../../../Engine/Content/EngineMaterials/Substrate/Glints2/dict_0000_0162.uasset" 6026
"../../../Engine/Content/EngineMaterials/Substrate/Glints2/dict_0000_0163.uasset" 6027
"../../../Engine/Content/EngineMaterials/Substrate/Glints2/dict_0000_0164.uasset" 6028
"../../../Engine/Content/EngineMaterials/Substrate/Glints2/dict_0000_0165.uasset" 6029
"../../../Engine/Content/EngineMaterials/Substrate/Glints2/dict_0000_0166.uasset" 6030
"../../../Engine/Content/EngineMaterials/Substrate/Glints2/dict_0000_0167.uasset" 6031
"../../../Engine/Content/EngineMaterials/Substrate/Glints2/dict_0000_0168.uasset" 6032
"../../../Engine/Content/EngineMaterials/Substrate/Glints2/dict_0000_0169.uasset" 6033
"../../../Engine/Content/EngineMaterials/Substrate/Glints2/dict_0000_0170.uasset" 6034
"../../../Engine/Content/EngineMaterials/Substrate/Glints2/dict_0000_0171.uasset" 6035
"../../../Engine/Content/EngineMaterials/Substrate/Glints2/dict_0000_0172.uasset" 6036
"../../../Engine/Content/EngineMaterials/Substrate/Glints2/dict_0000_0173.uasset" 6037
"../../../Engine/Content/EngineMaterials/Substrate/Glints2/dict_0000_0174.uasset" 6038
"../../../Engine/Content/EngineMaterials/Substrate/Glints2/dict_0000_0175.uasset" 6039
"../../../Engine/Content/EngineMaterials/Substrate/Glints2/dict_0000_0176.uasset" 6040
"../../../Engine/Content/EngineMaterials/Substrate/Glints2/dict_0000_0177.uasset" 6041
"../../../Engine/Content/EngineMaterials/Substrate/Glints2/dict_0000_0178.uasset" 6042
"../../../Engine/Content/EngineMaterials/Substrate/Glints2/dict_0000_0179.uasset" 6043
"../../../Engine/Content/EngineMaterials/Substrate/Glints2/dict_0000_0180.uasset" 6044
"../../../Engine/Content/EngineMaterials/Substrate/Glints2/dict_0000_0181.uasset" 6045
"../../../Engine/Content/EngineMaterials/Substrate/Glints2/dict_0000_0182.uasset" 6046
"../../../Engine/Content/EngineMaterials/Substrate/Glints2/dict_0000_0183.uasset" 6047
"../../../Engine/Content/EngineMaterials/Substrate/Glints2/dict_0000_0184.uasset" 6048
"../../../Engine/Content/EngineMaterials/Substrate/Glints2/dict_0000_0185.uasset" 6049
"../../../Engine/Content/EngineMaterials/Substrate/Glints2/dict_0000_0186.uasset" 6050
"../../../Engine/Content/EngineMaterials/Substrate/Glints2/dict_0000_0187.uasset" 6051
"../../../Engine/Content/EngineMaterials/Substrate/Glints2/dict_0000_0188.uasset" 6052
"../../../Engine/Content/EngineMaterials/Substrate/Glints2/dict_0000_0189.uasset" 6053
"../../../Engine/Content/EngineMaterials/Substrate/Glints2/dict_0000_0190.uasset" 6054
"../../../Engine/Content/EngineMaterials/Substrate/Glints2/dict_0000_0191.uasset" 6055
"../../../Engine/Content/EngineMaterials/Substrate/Glints2/dict_0000_0192.uasset" 6056
"../../../Engine/Content/EngineMaterials/Substrate/Glints2/dict_0000_0193.uasset" 6057
"../../../Engine/Content/EngineMaterials/Substrate/Glints2/dict_0000_0194.uasset" 6058
"../../../Engine/Content/EngineMaterials/Substrate/Glints2/dict_0000_0195.uasset" 6059
"../../../Engine/Content/EngineMaterials/Substrate/Glints2/dict_0000_0196.uasset" 6060
"../../../Engine/Content/EngineMaterials/Substrate/Glints2/dict_0000_0197.uasset" 6061
"../../../Engine/Content/EngineMaterials/Substrate/Glints2/dict_0000_0198.uasset" 6062
"../../../Engine/Content/EngineMaterials/Substrate/Glints2/dict_0000_0199.uasset" 6063
"../../../Engine/Content/EngineMaterials/Substrate/Glints2/dict_0000_0200.uasset" 6064
"../../../Engine/Content/EngineMaterials/Substrate/Glints2/dict_0000_0201.uasset" 6065
"../../../Engine/Content/EngineMaterials/Substrate/Glints2/dict_0000_0202.uasset" 6066
"../../../Engine/Content/EngineMaterials/Substrate/Glints2/dict_0000_0203.uasset" 6067
"../../../Engine/Content/EngineMaterials/Substrate/Glints2/dict_0000_0204.uasset" 6068
"../../../Engine/Content/EngineMaterials/Substrate/Glints2/dict_0000_0205.uasset" 6069
"../../../Engine/Content/EngineMaterials/Substrate/Glints2/dict_0000_0206.uasset" 6070
"../../../Engine/Content/EngineMaterials/Substrate/Glints2/dict_0000_0207.uasset" 6071
"../../../Engine/Content/EngineMaterials/Substrate/Glints2/dict_0000_0208.uasset" 6072
"../../../Engine/Content/EngineMaterials/Substrate/Glints2/dict_0000_0209.uasset" 6073
"../../../Engine/Content/EngineMaterials/Substrate/Glints2/dict_0000_0210.uasset" 6074
"../../../Engine/Content/EngineMaterials/Substrate/Glints2/dict_0000_0211.uasset" 6075
"../../../Engine/Content/EngineMaterials/Substrate/Glints2/dict_0000_0212.uasset" 6076
"../../../Engine/Content/EngineMaterials/Substrate/Glints2/dict_0000_0213.uasset" 6077
"../../../Engine/Content/EngineMaterials/Substrate/Glints2/dict_0000_0214.uasset" 6078
"../../../Engine/Content/EngineMaterials/Substrate/Glints2/dict_0000_0215.uasset" 6079
"../../../Engine/Content/EngineMaterials/Substrate/Glints2/dict_0000_0216.uasset" 6080
"../../../Engine/Content/EngineMaterials/Substrate/Glints2/dict_0000_0217.uasset" 6081
"../../../Engine/Content/EngineMaterials/Substrate/Glints2/dict_0000_0218.uasset" 6082
"../../../Engine/Content/EngineMaterials/Substrate/Glints2/dict_0000_0219.uasset" 6083
"../../../Engine/Content/EngineMaterials/Substrate/Glints2/dict_0000_0220.uasset" 6084
"../../../Engine/Content/EngineMaterials/Substrate/Glints2/dict_0000_0221.uasset" 6085
"../../../Engine/Content/EngineMaterials/Substrate/Glints2/dict_0000_0222.uasset" 6086
"../../../Engine/Content/EngineMaterials/Substrate/Glints2/dict_0000_0223.uasset" 6087
"../../../Engine/Content/EngineMaterials/Substrate/Glints2/dict_0000_0224.uasset" 6088
"../../../Engine/Content/EngineMaterials/Substrate/Glints2/dict_0000_0225.uasset" 6089
"../../../Engine/Content/EngineMaterials/Substrate/Glints2/dict_0000_0226.uasset" 6090
"../../../Engine/Content/EngineMaterials/Substrate/Glints2/dict_0000_0227.uasset" 6091
"../../../Engine/Content/EngineMaterials/Substrate/Glints2/dict_0000_0228.uasset" 6092
"../../../Engine/Content/EngineMaterials/Substrate/Glints2/dict_0000_0229.uasset" 6093
"../../../Engine/Content/EngineMaterials/Substrate/Glints2/dict_0000_0230.uasset" 6094
"../../../Engine/Content/EngineMaterials/Substrate/Glints2/dict_0000_0231.uasset" 6095
"../../../Engine/Content/EngineMaterials/Substrate/Glints2/dict_0000_0232.uasset" 6096
"../../../Engine/Content/EngineMaterials/Substrate/Glints2/dict_0000_0233.uasset" 6097
"../../../Engine/Content/EngineMaterials/Substrate/Glints2/dict_0000_0234.uasset" 6098
"../../../Engine/Content/EngineMaterials/Substrate/Glints2/dict_0000_0235.uasset" 6099
"../../../Engine/Content/EngineMaterials/Substrate/Glints2/dict_0000_0236.uasset" 6100
"../../../Engine/Content/EngineMaterials/Substrate/Glints2/dict_0000_0237.uasset" 6101
"../../../Engine/Content/EngineMaterials/Substrate/Glints2/dict_0000_0238.uasset" 6102
"../../../Engine/Content/EngineMaterials/Substrate/Glints2/dict_0000_0239.uasset" 6103
"../../../Engine/Content/EngineMaterials/Substrate/Glints2/dict_0000_0240.uasset" 6104
"../../../Engine/Content/EngineMaterials/Substrate/Glints2/dict_0000_0241.uasset" 6105
"../../../Engine/Content/EngineMaterials/Substrate/Glints2/dict_0000_0242.uasset" 6106
"../../../Engine/Content/EngineMaterials/Substrate/Glints2/dict_0000_0243.uasset" 6107
"../../../Engine/Content/EngineMaterials/Substrate/Glints2/dict_0000_0244.uasset" 6108
"../../../Engine/Content/EngineMaterials/Substrate/Glints2/dict_0000_0245.uasset" 6109
"../../../Engine/Content/EngineMaterials/Substrate/Glints2/dict_0000_0246.uasset" 6110
"../../../Engine/Content/EngineMaterials/Substrate/Glints2/dict_0000_0247.uasset" 6111
"../../../Engine/Content/EngineMaterials/Substrate/Glints2/dict_0000_0248.uasset" 6112
"../../../Engine/Content/EngineMaterials/Substrate/Glints2/dict_0000_0249.uasset" 6113
"../../../Engine/Content/EngineMaterials/Substrate/Glints2/dict_0000_0250.uasset" 6114
"../../../Engine/Content/EngineMaterials/Substrate/Glints2/dict_0000_0251.uasset" 6115
"../../../Engine/Content/EngineMaterials/Substrate/Glints2/dict_0000_0252.uasset" 6116
"../../../Engine/Content/EngineMaterials/Substrate/Glints2/dict_0000_0253.uasset" 6117
"../../../Engine/Content/EngineMaterials/Substrate/Glints2/dict_0000_0254.uasset" 6118
"../../../Engine/Content/EngineMaterials/Substrate/Glints2/dict_0000_0255.uasset" 6119
"../../../Engine/Content/EngineMaterials/Substrate/Glints2/dict_0001_0000.uasset" 6120
"../../../Engine/Content/EngineMaterials/Substrate/Glints2/dict_0001_0001.uasset" 6121
"../../../Engine/Content/EngineMaterials/Substrate/Glints2/dict_0001_0002.uasset" 6122
"../../../Engine/Content/EngineMaterials/Substrate/Glints2/dict_0001_0003.uasset" 6123
"../../../Engine/Content/EngineMaterials/Substrate/Glints2/dict_0001_0004.uasset" 6124
"../../../Engine/Content/EngineMaterials/Substrate/Glints2/dict_0001_0005.uasset" 6125
"../../../Engine/Content/EngineMaterials/Substrate/Glints2/dict_0001_0006.uasset" 6126
"../../../Engine/Content/EngineMaterials/Substrate/Glints2/dict_0001_0007.uasset" 6127
"../../../Engine/Content/EngineMaterials/Substrate/Glints2/dict_0001_0008.uasset" 6128
"../../../Engine/Content/EngineMaterials/Substrate/Glints2/dict_0001_0009.uasset" 6129
"../../../Engine/Content/EngineMaterials/Substrate/Glints2/dict_0001_0010.uasset" 6130
"../../../Engine/Content/EngineMaterials/Substrate/Glints2/dict_0001_0011.uasset" 6131
"../../../Engine/Content/EngineMaterials/Substrate/Glints2/dict_0001_0012.uasset" 6132
"../../../Engine/Content/EngineMaterials/Substrate/Glints2/dict_0001_0013.uasset" 6133
"../../../Engine/Content/EngineMaterials/Substrate/Glints2/dict_0001_0014.uasset" 6134
"../../../Engine/Content/EngineMaterials/Substrate/Glints2/dict_0001_0015.uasset" 6135
"../../../Engine/Content/EngineMaterials/Substrate/Glints2/dict_0001_0016.uasset" 6136
"../../../Engine/Content/EngineMaterials/Substrate/Glints2/dict_0001_0017.uasset" 6137
"../../../Engine/Content/EngineMaterials/Substrate/Glints2/dict_0001_0018.uasset" 6138
"../../../Engine/Content/EngineMaterials/Substrate/Glints2/dict_0001_0019.uasset" 6139
"../../../Engine/Content/EngineMaterials/Substrate/Glints2/dict_0001_0020.uasset" 6140
"../../../Engine/Content/EngineMaterials/Substrate/Glints2/dict_0001_0021.uasset" 6141
"../../../Engine/Content/EngineMaterials/Substrate/Glints2/dict_0001_0022.uasset" 6142
"../../../Engine/Content/EngineMaterials/Substrate/Glints2/dict_0001_0023.uasset" 6143
"../../../Engine/Content/EngineMaterials/Substrate/Glints2/dict_0001_0024.uasset" 6144
"../../../Engine/Content/EngineMaterials/Substrate/Glints2/dict_0001_0025.uasset" 6145
"../../../Engine/Content/EngineMaterials/Substrate/Glints2/dict_0001_0026.uasset" 6146
"../../../Engine/Content/EngineMaterials/Substrate/Glints2/dict_0001_0027.uasset" 6147
"../../../Engine/Content/EngineMaterials/Substrate/Glints2/dict_0001_0028.uasset" 6148
"../../../Engine/Content/EngineMaterials/Substrate/Glints2/dict_0001_0029.uasset" 6149
"../../../Engine/Content/EngineMaterials/Substrate/Glints2/dict_0001_0030.uasset" 6150
"../../../Engine/Content/EngineMaterials/Substrate/Glints2/dict_0001_0031.uasset" 6151
"../../../Engine/Content/EngineMaterials/Substrate/Glints2/dict_0001_0032.uasset" 6152
"../../../Engine/Content/EngineMaterials/Substrate/Glints2/dict_0001_0033.uasset" 6153
"../../../Engine/Content/EngineMaterials/Substrate/Glints2/dict_0001_0034.uasset" 6154
"../../../Engine/Content/EngineMaterials/Substrate/Glints2/dict_0001_0035.uasset" 6155
"../../../Engine/Content/EngineMaterials/Substrate/Glints2/dict_0001_0036.uasset" 6156
"../../../Engine/Content/EngineMaterials/Substrate/Glints2/dict_0001_0037.uasset" 6157
"../../../Engine/Content/EngineMaterials/Substrate/Glints2/dict_0001_0038.uasset" 6158
"../../../Engine/Content/EngineMaterials/Substrate/Glints2/dict_0001_0039.uasset" 6159
"../../../Engine/Content/EngineMaterials/Substrate/Glints2/dict_0001_0040.uasset" 6160
"../../../Engine/Content/EngineMaterials/Substrate/Glints2/dict_0001_0041.uasset" 6161
"../../../Engine/Content/EngineMaterials/Substrate/Glints2/dict_0001_0042.uasset" 6162
"../../../Engine/Content/EngineMaterials/Substrate/Glints2/dict_0001_0043.uasset" 6163
"../../../Engine/Content/EngineMaterials/Substrate/Glints2/dict_0001_0044.uasset" 6164
"../../../Engine/Content/EngineMaterials/Substrate/Glints2/dict_0001_0045.uasset" 6165
"../../../Engine/Content/EngineMaterials/Substrate/Glints2/dict_0001_0046.uasset" 6166
"../../../Engine/Content/EngineMaterials/Substrate/Glints2/dict_0001_0047.uasset" 6167
"../../../Engine/Content/EngineMaterials/Substrate/Glints2/dict_0001_0048.uasset" 6168
"../../../Engine/Content/EngineMaterials/Substrate/Glints2/dict_0001_0049.uasset" 6169
"../../../Engine/Content/EngineMaterials/Substrate/Glints2/dict_0001_0050.uasset" 6170
"../../../Engine/Content/EngineMaterials/Substrate/Glints2/dict_0001_0051.uasset" 6171
"../../../Engine/Content/EngineMaterials/Substrate/Glints2/dict_0001_0052.uasset" 6172
"../../../Engine/Content/EngineMaterials/Substrate/Glints2/dict_0001_0053.uasset" 6173
"../../../Engine/Content/EngineMaterials/Substrate/Glints2/dict_0001_0054.uasset" 6174
"../../../Engine/Content/EngineMaterials/Substrate/Glints2/dict_0001_0055.uasset" 6175
"../../../Engine/Content/EngineMaterials/Substrate/Glints2/dict_0001_0056.uasset" 6176
"../../../Engine/Content/EngineMaterials/Substrate/Glints2/dict_0001_0057.uasset" 6177
"../../../Engine/Content/EngineMaterials/Substrate/Glints2/dict_0001_0058.uasset" 6178
"../../../Engine/Content/EngineMaterials/Substrate/Glints2/dict_0001_0059.uasset" 6179
"../../../Engine/Content/EngineMaterials/Substrate/Glints2/dict_0001_0060.uasset" 6180
"../../../Engine/Content/EngineMaterials/Substrate/Glints2/dict_0001_0061.uasset" 6181
"../../../Engine/Content/EngineMaterials/Substrate/Glints2/dict_0001_0062.uasset" 6182
"../../../Engine/Content/EngineMaterials/Substrate/Glints2/dict_0001_0063.uasset" 6183
"../../../Engine/Content/EngineMaterials/Substrate/Glints2/dict_0001_0064.uasset" 6184
"../../../Engine/Content/EngineMaterials/Substrate/Glints2/dict_0001_0065.uasset" 6185
"../../../Engine/Content/EngineMaterials/Substrate/Glints2/dict_0001_0066.uasset" 6186
"../../../Engine/Content/EngineMaterials/Substrate/Glints2/dict_0001_0067.uasset" 6187
"../../../Engine/Content/EngineMaterials/Substrate/Glints2/dict_0001_0068.uasset" 6188
"../../../Engine/Content/EngineMaterials/Substrate/Glints2/dict_0001_0069.uasset" 6189
"../../../Engine/Content/EngineMaterials/Substrate/Glints2/dict_0001_0070.uasset" 6190
"../../../Engine/Content/EngineMaterials/Substrate/Glints2/dict_0001_0071.uasset" 6191
"../../../Engine/Content/EngineMaterials/Substrate/Glints2/dict_0001_0072.uasset" 6192
"../../../Engine/Content/EngineMaterials/Substrate/Glints2/dict_0001_0073.uasset" 6193
"../../../Engine/Content/EngineMaterials/Substrate/Glints2/dict_0001_0074.uasset" 6194
"../../../Engine/Content/EngineMaterials/Substrate/Glints2/dict_0001_0075.uasset" 6195
"../../../Engine/Content/EngineMaterials/Substrate/Glints2/dict_0001_0076.uasset" 6196
"../../../Engine/Content/EngineMaterials/Substrate/Glints2/dict_0001_0077.uasset" 6197
"../../../Engine/Content/EngineMaterials/Substrate/Glints2/dict_0001_0078.uasset" 6198
"../../../Engine/Content/EngineMaterials/Substrate/Glints2/dict_0001_0079.uasset" 6199
"../../../Engine/Content/EngineMaterials/Substrate/Glints2/dict_0001_0080.uasset" 6200
"../../../Engine/Content/EngineMaterials/Substrate/Glints2/dict_0001_0081.uasset" 6201
"../../../Engine/Content/EngineMaterials/Substrate/Glints2/dict_0001_0082.uasset" 6202
"../../../Engine/Content/EngineMaterials/Substrate/Glints2/dict_0001_0083.uasset" 6203
"../../../Engine/Content/EngineMaterials/Substrate/Glints2/dict_0001_0084.uasset" 6204
"../../../Engine/Content/EngineMaterials/Substrate/Glints2/dict_0001_0085.uasset" 6205
"../../../Engine/Content/EngineMaterials/Substrate/Glints2/dict_0001_0086.uasset" 6206
"../../../Engine/Content/EngineMaterials/Substrate/Glints2/dict_0001_0087.uasset" 6207
"../../../Engine/Content/EngineMaterials/Substrate/Glints2/dict_0001_0088.uasset" 6208
"../../../Engine/Content/EngineMaterials/Substrate/Glints2/dict_0001_0089.uasset" 6209
"../../../Engine/Content/EngineMaterials/Substrate/Glints2/dict_0001_0090.uasset" 6210
"../../../Engine/Content/EngineMaterials/Substrate/Glints2/dict_0001_0091.uasset" 6211
"../../../Engine/Content/EngineMaterials/Substrate/Glints2/dict_0001_0092.uasset" 6212
"../../../Engine/Content/EngineMaterials/Substrate/Glints2/dict_0001_0093.uasset" 6213
"../../../Engine/Content/EngineMaterials/Substrate/Glints2/dict_0001_0094.uasset" 6214
"../../../Engine/Content/EngineMaterials/Substrate/Glints2/dict_0001_0095.uasset" 6215
"../../../Engine/Content/EngineMaterials/Substrate/Glints2/dict_0001_0096.uasset" 6216
"../../../Engine/Content/EngineMaterials/Substrate/Glints2/dict_0001_0097.uasset" 6217
"../../../Engine/Content/EngineMaterials/Substrate/Glints2/dict_0001_0098.uasset" 6218
"../../../Engine/Content/EngineMaterials/Substrate/Glints2/dict_0001_0099.uasset" 6219
"../../../Engine/Content/EngineMaterials/Substrate/Glints2/dict_0001_0100.uasset" 6220
"../../../Engine/Content/EngineMaterials/Substrate/Glints2/dict_0001_0101.uasset" 6221
"../../../Engine/Content/EngineMaterials/Substrate/Glints2/dict_0001_0102.uasset" 6222
"../../../Engine/Content/EngineMaterials/Substrate/Glints2/dict_0001_0103.uasset" 6223
"../../../Engine/Content/EngineMaterials/Substrate/Glints2/dict_0001_0104.uasset" 6224
"../../../Engine/Content/EngineMaterials/Substrate/Glints2/dict_0001_0105.uasset" 6225
"../../../Engine/Content/EngineMaterials/Substrate/Glints2/dict_0001_0106.uasset" 6226
"../../../Engine/Content/EngineMaterials/Substrate/Glints2/dict_0001_0107.uasset" 6227
"../../../Engine/Content/EngineMaterials/Substrate/Glints2/dict_0001_0108.uasset" 6228
"../../../Engine/Content/EngineMaterials/Substrate/Glints2/dict_0001_0109.uasset" 6229
"../../../Engine/Content/EngineMaterials/Substrate/Glints2/dict_0001_0110.uasset" 6230
"../../../Engine/Content/EngineMaterials/Substrate/Glints2/dict_0001_0111.uasset" 6231
"../../../Engine/Content/EngineMaterials/Substrate/Glints2/dict_0001_0112.uasset" 6232
"../../../Engine/Content/EngineMaterials/Substrate/Glints2/dict_0001_0113.uasset" 6233
"../../../Engine/Content/EngineMaterials/Substrate/Glints2/dict_0001_0114.uasset" 6234
"../../../Engine/Content/EngineMaterials/Substrate/Glints2/dict_0001_0115.uasset" 6235
"../../../Engine/Content/EngineMaterials/Substrate/Glints2/dict_0001_0116.uasset" 6236
"../../../Engine/Content/EngineMaterials/Substrate/Glints2/dict_0001_0117.uasset" 6237
"../../../Engine/Content/EngineMaterials/Substrate/Glints2/dict_0001_0118.uasset" 6238
"../../../Engine/Content/EngineMaterials/Substrate/Glints2/dict_0001_0119.uasset" 6239
"../../../Engine/Content/EngineMaterials/Substrate/Glints2/dict_0001_0120.uasset" 6240
"../../../Engine/Content/EngineMaterials/Substrate/Glints2/dict_0001_0121.uasset" 6241
"../../../Engine/Content/EngineMaterials/Substrate/Glints2/dict_0001_0122.uasset" 6242
"../../../Engine/Content/EngineMaterials/Substrate/Glints2/dict_0001_0123.uasset" 6243
"../../../Engine/Content/EngineMaterials/Substrate/Glints2/dict_0001_0124.uasset" 6244
"../../../Engine/Content/EngineMaterials/Substrate/Glints2/dict_0001_0125.uasset" 6245
"../../../Engine/Content/EngineMaterials/Substrate/Glints2/dict_0001_0126.uasset" 6246
"../../../Engine/Content/EngineMaterials/Substrate/Glints2/dict_0001_0127.uasset" 6247
"../../../Engine/Content/EngineMaterials/Substrate/Glints2/dict_0001_0128.uasset" 6248
"../../../Engine/Content/EngineMaterials/Substrate/Glints2/dict_0001_0129.uasset" 6249
"../../../Engine/Content/EngineMaterials/Substrate/Glints2/dict_0001_0130.uasset" 6250
"../../../Engine/Content/EngineMaterials/Substrate/Glints2/dict_0001_0131.uasset" 6251
"../../../Engine/Content/EngineMaterials/Substrate/Glints2/dict_0001_0132.uasset" 6252
"../../../Engine/Content/EngineMaterials/Substrate/Glints2/dict_0001_0133.uasset" 6253
"../../../Engine/Content/EngineMaterials/Substrate/Glints2/dict_0001_0134.uasset" 6254
"../../../Engine/Content/EngineMaterials/Substrate/Glints2/dict_0001_0135.uasset" 6255
"../../../Engine/Content/EngineMaterials/Substrate/Glints2/dict_0001_0136.uasset" 6256
"../../../Engine/Content/EngineMaterials/Substrate/Glints2/dict_0001_0137.uasset" 6257
"../../../Engine/Content/EngineMaterials/Substrate/Glints2/dict_0001_0138.uasset" 6258
"../../../Engine/Content/EngineMaterials/Substrate/Glints2/dict_0001_0139.uasset" 6259
"../../../Engine/Content/EngineMaterials/Substrate/Glints2/dict_0001_0140.uasset" 6260
"../../../Engine/Content/EngineMaterials/Substrate/Glints2/dict_0001_0141.uasset" 6261
"../../../Engine/Content/EngineMaterials/Substrate/Glints2/dict_0001_0142.uasset" 6262
"../../../Engine/Content/EngineMaterials/Substrate/Glints2/dict_0001_0143.uasset" 6263
"../../../Engine/Content/EngineMaterials/Substrate/Glints2/dict_0001_0144.uasset" 6264
"../../../Engine/Content/EngineMaterials/Substrate/Glints2/dict_0001_0145.uasset" 6265
"../../../Engine/Content/EngineMaterials/Substrate/Glints2/dict_0001_0146.uasset" 6266
"../../../Engine/Content/EngineMaterials/Substrate/Glints2/dict_0001_0147.uasset" 6267
"../../../Engine/Content/EngineMaterials/Substrate/Glints2/dict_0001_0148.uasset" 6268
"../../../Engine/Content/EngineMaterials/Substrate/Glints2/dict_0001_0149.uasset" 6269
"../../../Engine/Content/EngineMaterials/Substrate/Glints2/dict_0001_0150.uasset" 6270
"../../../Engine/Content/EngineMaterials/Substrate/Glints2/dict_0001_0151.uasset" 6271
"../../../Engine/Content/EngineMaterials/Substrate/Glints2/dict_0001_0152.uasset" 6272
"../../../Engine/Content/EngineMaterials/Substrate/Glints2/dict_0001_0153.uasset" 6273
"../../../Engine/Content/EngineMaterials/Substrate/Glints2/dict_0001_0154.uasset" 6274
"../../../Engine/Content/EngineMaterials/Substrate/Glints2/dict_0001_0155.uasset" 6275
"../../../Engine/Content/EngineMaterials/Substrate/Glints2/dict_0001_0156.uasset" 6276
"../../../Engine/Content/EngineMaterials/Substrate/Glints2/dict_0001_0157.uasset" 6277
"../../../Engine/Content/EngineMaterials/Substrate/Glints2/dict_0001_0158.uasset" 6278
"../../../Engine/Content/EngineMaterials/Substrate/Glints2/dict_0001_0159.uasset" 6279
"../../../Engine/Content/EngineMaterials/Substrate/Glints2/dict_0001_0160.uasset" 6280
"../../../Engine/Content/EngineMaterials/Substrate/Glints2/dict_0001_0161.uasset" 6281
"../../../Engine/Content/EngineMaterials/Substrate/Glints2/dict_0001_0162.uasset" 6282
"../../../Engine/Content/EngineMaterials/Substrate/Glints2/dict_0001_0163.uasset" 6283
"../../../Engine/Content/EngineMaterials/Substrate/Glints2/dict_0001_0164.uasset" 6284
"../../../Engine/Content/EngineMaterials/Substrate/Glints2/dict_0001_0165.uasset" 6285
"../../../Engine/Content/EngineMaterials/Substrate/Glints2/dict_0001_0166.uasset" 6286
"../../../Engine/Content/EngineMaterials/Substrate/Glints2/dict_0001_0167.uasset" 6287
"../../../Engine/Content/EngineMaterials/Substrate/Glints2/dict_0001_0168.uasset" 6288
"../../../Engine/Content/EngineMaterials/Substrate/Glints2/dict_0001_0169.uasset" 6289
"../../../Engine/Content/EngineMaterials/Substrate/Glints2/dict_0001_0170.uasset" 6290
"../../../Engine/Content/EngineMaterials/Substrate/Glints2/dict_0001_0171.uasset" 6291
"../../../Engine/Content/EngineMaterials/Substrate/Glints2/dict_0001_0172.uasset" 6292
"../../../Engine/Content/EngineMaterials/Substrate/Glints2/dict_0001_0173.uasset" 6293
"../../../Engine/Content/EngineMaterials/Substrate/Glints2/dict_0001_0174.uasset" 6294
"../../../Engine/Content/EngineMaterials/Substrate/Glints2/dict_0001_0175.uasset" 6295
"../../../Engine/Content/EngineMaterials/Substrate/Glints2/dict_0001_0176.uasset" 6296
"../../../Engine/Content/EngineMaterials/Substrate/Glints2/dict_0001_0177.uasset" 6297
"../../../Engine/Content/EngineMaterials/Substrate/Glints2/dict_0001_0178.uasset" 6298
"../../../Engine/Content/EngineMaterials/Substrate/Glints2/dict_0001_0179.uasset" 6299
"../../../Engine/Content/EngineMaterials/Substrate/Glints2/dict_0001_0180.uasset" 6300
"../../../Engine/Content/EngineMaterials/Substrate/Glints2/dict_0001_0181.uasset" 6301
"../../../Engine/Content/EngineMaterials/Substrate/Glints2/dict_0001_0182.uasset" 6302
"../../../Engine/Content/EngineMaterials/Substrate/Glints2/dict_0001_0183.uasset" 6303
"../../../Engine/Content/EngineMaterials/Substrate/Glints2/dict_0001_0184.uasset" 6304
"../../../Engine/Content/EngineMaterials/Substrate/Glints2/dict_0001_0185.uasset" 6305
"../../../Engine/Content/EngineMaterials/Substrate/Glints2/dict_0001_0186.uasset" 6306
"../../../Engine/Content/EngineMaterials/Substrate/Glints2/dict_0001_0187.uasset" 6307
"../../../Engine/Content/EngineMaterials/Substrate/Glints2/dict_0001_0188.uasset" 6308
"../../../Engine/Content/EngineMaterials/Substrate/Glints2/dict_0001_0189.uasset" 6309
"../../../Engine/Content/EngineMaterials/Substrate/Glints2/dict_0001_0190.uasset" 6310
"../../../Engine/Content/EngineMaterials/Substrate/Glints2/dict_0001_0191.uasset" 6311
"../../../Engine/Content/EngineMaterials/Substrate/Glints2/dict_0001_0192.uasset" 6312
"../../../Engine/Content/EngineMaterials/Substrate/Glints2/dict_0001_0193.uasset" 6313
"../../../Engine/Content/EngineMaterials/Substrate/Glints2/dict_0001_0194.uasset" 6314
"../../../Engine/Content/EngineMaterials/Substrate/Glints2/dict_0001_0195.uasset" 6315
"../../../Engine/Content/EngineMaterials/Substrate/Glints2/dict_0001_0196.uasset" 6316
"../../../Engine/Content/EngineMaterials/Substrate/Glints2/dict_0001_0197.uasset" 6317
"../../../Engine/Content/EngineMaterials/Substrate/Glints2/dict_0001_0198.uasset" 6318
"../../../Engine/Content/EngineMaterials/Substrate/Glints2/dict_0001_0199.uasset" 6319
"../../../Engine/Content/EngineMaterials/Substrate/Glints2/dict_0001_0200.uasset" 6320
"../../../Engine/Content/EngineMaterials/Substrate/Glints2/dict_0001_0201.uasset" 6321
"../../../Engine/Content/EngineMaterials/Substrate/Glints2/dict_0001_0202.uasset" 6322
"../../../Engine/Content/EngineMaterials/Substrate/Glints2/dict_0001_0203.uasset" 6323
"../../../Engine/Content/EngineMaterials/Substrate/Glints2/dict_0001_0204.uasset" 6324
"../../../Engine/Content/EngineMaterials/Substrate/Glints2/dict_0001_0205.uasset" 6325
"../../../Engine/Content/EngineMaterials/Substrate/Glints2/dict_0001_0206.uasset" 6326
"../../../Engine/Content/EngineMaterials/Substrate/Glints2/dict_0001_0207.uasset" 6327
"../../../Engine/Content/EngineMaterials/Substrate/Glints2/dict_0001_0208.uasset" 6328
"../../../Engine/Content/EngineMaterials/Substrate/Glints2/dict_0001_0209.uasset" 6329
"../../../Engine/Content/EngineMaterials/Substrate/Glints2/dict_0001_0210.uasset" 6330
"../../../Engine/Content/EngineMaterials/Substrate/Glints2/dict_0001_0211.uasset" 6331
"../../../Engine/Content/EngineMaterials/Substrate/Glints2/dict_0001_0212.uasset" 6332
"../../../Engine/Content/EngineMaterials/Substrate/Glints2/dict_0001_0213.uasset" 6333
"../../../Engine/Content/EngineMaterials/Substrate/Glints2/dict_0001_0214.uasset" 6334
"../../../Engine/Content/EngineMaterials/Substrate/Glints2/dict_0001_0215.uasset" 6335
"../../../Engine/Content/EngineMaterials/Substrate/Glints2/dict_0001_0216.uasset" 6336
"../../../Engine/Content/EngineMaterials/Substrate/Glints2/dict_0001_0217.uasset" 6337
"../../../Engine/Content/EngineMaterials/Substrate/Glints2/dict_0001_0218.uasset" 6338
"../../../Engine/Content/EngineMaterials/Substrate/Glints2/dict_0001_0219.uasset" 6339
"../../../Engine/Content/EngineMaterials/Substrate/Glints2/dict_0001_0220.uasset" 6340
"../../../Engine/Content/EngineMaterials/Substrate/Glints2/dict_0001_0221.uasset" 6341
"../../../Engine/Content/EngineMaterials/Substrate/Glints2/dict_0001_0222.uasset" 6342
"../../../Engine/Content/EngineMaterials/Substrate/Glints2/dict_0001_0223.uasset" 6343
"../../../Engine/Content/EngineMaterials/Substrate/Glints2/dict_0001_0224.uasset" 6344
"../../../Engine/Content/EngineMaterials/Substrate/Glints2/dict_0001_0225.uasset" 6345
"../../../Engine/Content/EngineMaterials/Substrate/Glints2/dict_0001_0226.uasset" 6346
"../../../Engine/Content/EngineMaterials/Substrate/Glints2/dict_0001_0227.uasset" 6347
"../../../Engine/Content/EngineMaterials/Substrate/Glints2/dict_0001_0228.uasset" 6348
"../../../Engine/Content/EngineMaterials/Substrate/Glints2/dict_0001_0229.uasset" 6349
"../../../Engine/Content/EngineMaterials/Substrate/Glints2/dict_0001_0230.uasset" 6350
"../../../Engine/Content/EngineMaterials/Substrate/Glints2/dict_0001_0231.uasset" 6351
"../../../Engine/Content/EngineMaterials/Substrate/Glints2/dict_0001_0232.uasset" 6352
"../../../Engine/Content/EngineMaterials/Substrate/Glints2/dict_0001_0233.uasset" 6353
"../../../Engine/Content/EngineMaterials/Substrate/Glints2/dict_0001_0234.uasset" 6354
"../../../Engine/Content/EngineMaterials/Substrate/Glints2/dict_0001_0235.uasset" 6355
"../../../Engine/Content/EngineMaterials/Substrate/Glints2/dict_0001_0236.uasset" 6356
"../../../Engine/Content/EngineMaterials/Substrate/Glints2/dict_0001_0237.uasset" 6357
"../../../Engine/Content/EngineMaterials/Substrate/Glints2/dict_0001_0238.uasset" 6358
"../../../Engine/Content/EngineMaterials/Substrate/Glints2/dict_0001_0239.uasset" 6359
"../../../Engine/Content/EngineMaterials/Substrate/Glints2/dict_0001_0240.uasset" 6360
"../../../Engine/Content/EngineMaterials/Substrate/Glints2/dict_0001_0241.uasset" 6361
"../../../Engine/Content/EngineMaterials/Substrate/Glints2/dict_0001_0242.uasset" 6362
"../../../Engine/Content/EngineMaterials/Substrate/Glints2/dict_0001_0243.uasset" 6363
"../../../Engine/Content/EngineMaterials/Substrate/Glints2/dict_0001_0244.uasset" 6364
"../../../Engine/Content/EngineMaterials/Substrate/Glints2/dict_0001_0245.uasset" 6365
"../../../Engine/Content/EngineMaterials/Substrate/Glints2/dict_0001_0246.uasset" 6366
"../../../Engine/Content/EngineMaterials/Substrate/Glints2/dict_0001_0247.uasset" 6367
"../../../Engine/Content/EngineMaterials/Substrate/Glints2/dict_0001_0248.uasset" 6368
"../../../Engine/Content/EngineMaterials/Substrate/Glints2/dict_0001_0249.uasset" 6369
"../../../Engine/Content/EngineMaterials/Substrate/Glints2/dict_0001_0250.uasset" 6370
"../../../Engine/Content/EngineMaterials/Substrate/Glints2/dict_0001_0251.uasset" 6371
"../../../Engine/Content/EngineMaterials/Substrate/Glints2/dict_0001_0252.uasset" 6372
"../../../Engine/Content/EngineMaterials/Substrate/Glints2/dict_0001_0253.uasset" 6373
"../../../Engine/Content/EngineMaterials/Substrate/Glints2/dict_0001_0254.uasset" 6374
"../../../Engine/Content/EngineMaterials/Substrate/Glints2/dict_0001_0255.uasset" 6375
"../../../Engine/Content/EngineMaterials/Substrate/Glints2/dict_0002_0000.uasset" 6376
"../../../Engine/Content/EngineMaterials/Substrate/Glints2/dict_0002_0001.uasset" 6377
"../../../Engine/Content/EngineMaterials/Substrate/Glints2/dict_0002_0002.uasset" 6378
"../../../Engine/Content/EngineMaterials/Substrate/Glints2/dict_0002_0003.uasset" 6379
"../../../Engine/Content/EngineMaterials/Substrate/Glints2/dict_0002_0004.uasset" 6380
"../../../Engine/Content/EngineMaterials/Substrate/Glints2/dict_0002_0005.uasset" 6381
"../../../Engine/Content/EngineMaterials/Substrate/Glints2/dict_0002_0006.uasset" 6382
"../../../Engine/Content/EngineMaterials/Substrate/Glints2/dict_0002_0007.uasset" 6383
"../../../Engine/Content/EngineMaterials/Substrate/Glints2/dict_0002_0008.uasset" 6384
"../../../Engine/Content/EngineMaterials/Substrate/Glints2/dict_0002_0009.uasset" 6385
"../../../Engine/Content/EngineMaterials/Substrate/Glints2/dict_0002_0010.uasset" 6386
"../../../Engine/Content/EngineMaterials/Substrate/Glints2/dict_0002_0011.uasset" 6387
"../../../Engine/Content/EngineMaterials/Substrate/Glints2/dict_0002_0012.uasset" 6388
"../../../Engine/Content/EngineMaterials/Substrate/Glints2/dict_0002_0013.uasset" 6389
"../../../Engine/Content/EngineMaterials/Substrate/Glints2/dict_0002_0014.uasset" 6390
"../../../Engine/Content/EngineMaterials/Substrate/Glints2/dict_0002_0015.uasset" 6391
"../../../Engine/Content/EngineMaterials/Substrate/Glints2/dict_0002_0016.uasset" 6392
"../../../Engine/Content/EngineMaterials/Substrate/Glints2/dict_0002_0017.uasset" 6393
"../../../Engine/Content/EngineMaterials/Substrate/Glints2/dict_0002_0018.uasset" 6394
"../../../Engine/Content/EngineMaterials/Substrate/Glints2/dict_0002_0019.uasset" 6395
"../../../Engine/Content/EngineMaterials/Substrate/Glints2/dict_0002_0020.uasset" 6396
"../../../Engine/Content/EngineMaterials/Substrate/Glints2/dict_0002_0021.uasset" 6397
"../../../Engine/Content/EngineMaterials/Substrate/Glints2/dict_0002_0022.uasset" 6398
"../../../Engine/Content/EngineMaterials/Substrate/Glints2/dict_0002_0023.uasset" 6399
"../../../Engine/Content/EngineMaterials/Substrate/Glints2/dict_0002_0024.uasset" 6400
"../../../Engine/Content/EngineMaterials/Substrate/Glints2/dict_0002_0025.uasset" 6401
"../../../Engine/Content/EngineMaterials/Substrate/Glints2/dict_0002_0026.uasset" 6402
"../../../Engine/Content/EngineMaterials/Substrate/Glints2/dict_0002_0027.uasset" 6403
"../../../Engine/Content/EngineMaterials/Substrate/Glints2/dict_0002_0028.uasset" 6404
"../../../Engine/Content/EngineMaterials/Substrate/Glints2/dict_0002_0029.uasset" 6405
"../../../Engine/Content/EngineMaterials/Substrate/Glints2/dict_0002_0030.uasset" 6406
"../../../Engine/Content/EngineMaterials/Substrate/Glints2/dict_0002_0031.uasset" 6407
"../../../Engine/Content/EngineMaterials/Substrate/Glints2/dict_0002_0032.uasset" 6408
"../../../Engine/Content/EngineMaterials/Substrate/Glints2/dict_0002_0033.uasset" 6409
"../../../Engine/Content/EngineMaterials/Substrate/Glints2/dict_0002_0034.uasset" 6410
"../../../Engine/Content/EngineMaterials/Substrate/Glints2/dict_0002_0035.uasset" 6411
"../../../Engine/Content/EngineMaterials/Substrate/Glints2/dict_0002_0036.uasset" 6412
"../../../Engine/Content/EngineMaterials/Substrate/Glints2/dict_0002_0037.uasset" 6413
"../../../Engine/Content/EngineMaterials/Substrate/Glints2/dict_0002_0038.uasset" 6414
"../../../Engine/Content/EngineMaterials/Substrate/Glints2/dict_0002_0039.uasset" 6415
"../../../Engine/Content/EngineMaterials/Substrate/Glints2/dict_0002_0040.uasset" 6416
"../../../Engine/Content/EngineMaterials/Substrate/Glints2/dict_0002_0041.uasset" 6417
"../../../Engine/Content/EngineMaterials/Substrate/Glints2/dict_0002_0042.uasset" 6418
"../../../Engine/Content/EngineMaterials/Substrate/Glints2/dict_0002_0043.uasset" 6419
"../../../Engine/Content/EngineMaterials/Substrate/Glints2/dict_0002_0044.uasset" 6420
"../../../Engine/Content/EngineMaterials/Substrate/Glints2/dict_0002_0045.uasset" 6421
"../../../Engine/Content/EngineMaterials/Substrate/Glints2/dict_0002_0046.uasset" 6422
"../../../Engine/Content/EngineMaterials/Substrate/Glints2/dict_0002_0047.uasset" 6423
"../../../Engine/Content/EngineMaterials/Substrate/Glints2/dict_0002_0048.uasset" 6424
"../../../Engine/Content/EngineMaterials/Substrate/Glints2/dict_0002_0049.uasset" 6425
"../../../Engine/Content/EngineMaterials/Substrate/Glints2/dict_0002_0050.uasset" 6426
"../../../Engine/Content/EngineMaterials/Substrate/Glints2/dict_0002_0051.uasset" 6427
"../../../Engine/Content/EngineMaterials/Substrate/Glints2/dict_0002_0052.uasset" 6428
"../../../Engine/Content/EngineMaterials/Substrate/Glints2/dict_0002_0053.uasset" 6429
"../../../Engine/Content/EngineMaterials/Substrate/Glints2/dict_0002_0054.uasset" 6430
"../../../Engine/Content/EngineMaterials/Substrate/Glints2/dict_0002_0055.uasset" 6431
"../../../Engine/Content/EngineMaterials/Substrate/Glints2/dict_0002_0056.uasset" 6432
"../../../Engine/Content/EngineMaterials/Substrate/Glints2/dict_0002_0057.uasset" 6433
"../../../Engine/Content/EngineMaterials/Substrate/Glints2/dict_0002_0058.uasset" 6434
"../../../Engine/Content/EngineMaterials/Substrate/Glints2/dict_0002_0059.uasset" 6435
"../../../Engine/Content/EngineMaterials/Substrate/Glints2/dict_0002_0060.uasset" 6436
"../../../Engine/Content/EngineMaterials/Substrate/Glints2/dict_0002_0061.uasset" 6437
"../../../Engine/Content/EngineMaterials/Substrate/Glints2/dict_0002_0062.uasset" 6438
"../../../Engine/Content/EngineMaterials/Substrate/Glints2/dict_0002_0063.uasset" 6439
"../../../Engine/Content/EngineMaterials/Substrate/Glints2/dict_0002_0064.uasset" 6440
"../../../Engine/Content/EngineMaterials/Substrate/Glints2/dict_0002_0065.uasset" 6441
"../../../Engine/Content/EngineMaterials/Substrate/Glints2/dict_0002_0066.uasset" 6442
"../../../Engine/Content/EngineMaterials/Substrate/Glints2/dict_0002_0067.uasset" 6443
"../../../Engine/Content/EngineMaterials/Substrate/Glints2/dict_0002_0068.uasset" 6444
"../../../Engine/Content/EngineMaterials/Substrate/Glints2/dict_0002_0069.uasset" 6445
"../../../Engine/Content/EngineMaterials/Substrate/Glints2/dict_0002_0070.uasset" 6446
"../../../Engine/Content/EngineMaterials/Substrate/Glints2/dict_0002_0071.uasset" 6447
"../../../Engine/Content/EngineMaterials/Substrate/Glints2/dict_0002_0072.uasset" 6448
"../../../Engine/Content/EngineMaterials/Substrate/Glints2/dict_0002_0073.uasset" 6449
"../../../Engine/Content/EngineMaterials/Substrate/Glints2/dict_0002_0074.uasset" 6450
"../../../Engine/Content/EngineMaterials/Substrate/Glints2/dict_0002_0075.uasset" 6451
"../../../Engine/Content/EngineMaterials/Substrate/Glints2/dict_0002_0076.uasset" 6452
"../../../Engine/Content/EngineMaterials/Substrate/Glints2/dict_0002_0077.uasset" 6453
"../../../Engine/Content/EngineMaterials/Substrate/Glints2/dict_0002_0078.uasset" 6454
"../../../Engine/Content/EngineMaterials/Substrate/Glints2/dict_0002_0079.uasset" 6455
"../../../Engine/Content/EngineMaterials/Substrate/Glints2/dict_0002_0080.uasset" 6456
"../../../Engine/Content/EngineMaterials/Substrate/Glints2/dict_0002_0081.uasset" 6457
"../../../Engine/Content/EngineMaterials/Substrate/Glints2/dict_0002_0082.uasset" 6458
"../../../Engine/Content/EngineMaterials/Substrate/Glints2/dict_0002_0083.uasset" 6459
"../../../Engine/Content/EngineMaterials/Substrate/Glints2/dict_0002_0084.uasset" 6460
"../../../Engine/Content/EngineMaterials/Substrate/Glints2/dict_0002_0085.uasset" 6461
"../../../Engine/Content/EngineMaterials/Substrate/Glints2/dict_0002_0086.uasset" 6462
"../../../Engine/Content/EngineMaterials/Substrate/Glints2/dict_0002_0087.uasset" 6463
"../../../Engine/Content/EngineMaterials/Substrate/Glints2/dict_0002_0088.uasset" 6464
"../../../Engine/Content/EngineMaterials/Substrate/Glints2/dict_0002_0089.uasset" 6465
"../../../Engine/Content/EngineMaterials/Substrate/Glints2/dict_0002_0090.uasset" 6466
"../../../Engine/Content/EngineMaterials/Substrate/Glints2/dict_0002_0091.uasset" 6467
"../../../Engine/Content/EngineMaterials/Substrate/Glints2/dict_0002_0092.uasset" 6468
"../../../Engine/Content/EngineMaterials/Substrate/Glints2/dict_0002_0093.uasset" 6469
"../../../Engine/Content/EngineMaterials/Substrate/Glints2/dict_0002_0094.uasset" 6470
"../../../Engine/Content/EngineMaterials/Substrate/Glints2/dict_0002_0095.uasset" 6471
"../../../Engine/Content/EngineMaterials/Substrate/Glints2/dict_0002_0096.uasset" 6472
"../../../Engine/Content/EngineMaterials/Substrate/Glints2/dict_0002_0097.uasset" 6473
"../../../Engine/Content/EngineMaterials/Substrate/Glints2/dict_0002_0098.uasset" 6474
"../../../Engine/Content/EngineMaterials/Substrate/Glints2/dict_0002_0099.uasset" 6475
"../../../Engine/Content/EngineMaterials/Substrate/Glints2/dict_0002_0100.uasset" 6476
"../../../Engine/Content/EngineMaterials/Substrate/Glints2/dict_0002_0101.uasset" 6477
"../../../Engine/Content/EngineMaterials/Substrate/Glints2/dict_0002_0102.uasset" 6478
"../../../Engine/Content/EngineMaterials/Substrate/Glints2/dict_0002_0103.uasset" 6479
"../../../Engine/Content/EngineMaterials/Substrate/Glints2/dict_0002_0104.uasset" 6480
"../../../Engine/Content/EngineMaterials/Substrate/Glints2/dict_0002_0105.uasset" 6481
"../../../Engine/Content/EngineMaterials/Substrate/Glints2/dict_0002_0106.uasset" 6482
"../../../Engine/Content/EngineMaterials/Substrate/Glints2/dict_0002_0107.uasset" 6483
"../../../Engine/Content/EngineMaterials/Substrate/Glints2/dict_0002_0108.uasset" 6484
"../../../Engine/Content/EngineMaterials/Substrate/Glints2/dict_0002_0109.uasset" 6485
"../../../Engine/Content/EngineMaterials/Substrate/Glints2/dict_0002_0110.uasset" 6486
"../../../Engine/Content/EngineMaterials/Substrate/Glints2/dict_0002_0111.uasset" 6487
"../../../Engine/Content/EngineMaterials/Substrate/Glints2/dict_0002_0112.uasset" 6488
"../../../Engine/Content/EngineMaterials/Substrate/Glints2/dict_0002_0113.uasset" 6489
"../../../Engine/Content/EngineMaterials/Substrate/Glints2/dict_0002_0114.uasset" 6490
"../../../Engine/Content/EngineMaterials/Substrate/Glints2/dict_0002_0115.uasset" 6491
"../../../Engine/Content/EngineMaterials/Substrate/Glints2/dict_0002_0116.uasset" 6492
"../../../Engine/Content/EngineMaterials/Substrate/Glints2/dict_0002_0117.uasset" 6493
"../../../Engine/Content/EngineMaterials/Substrate/Glints2/dict_0002_0118.uasset" 6494
"../../../Engine/Content/EngineMaterials/Substrate/Glints2/dict_0002_0119.uasset" 6495
"../../../Engine/Content/EngineMaterials/Substrate/Glints2/dict_0002_0120.uasset" 6496
"../../../Engine/Content/EngineMaterials/Substrate/Glints2/dict_0002_0121.uasset" 6497
"../../../Engine/Content/EngineMaterials/Substrate/Glints2/dict_0002_0122.uasset" 6498
"../../../Engine/Content/EngineMaterials/Substrate/Glints2/dict_0002_0123.uasset" 6499
"../../../Engine/Content/EngineMaterials/Substrate/Glints2/dict_0002_0124.uasset" 6500
"../../../Engine/Content/EngineMaterials/Substrate/Glints2/dict_0002_0125.uasset" 6501
"../../../Engine/Content/EngineMaterials/Substrate/Glints2/dict_0002_0126.uasset" 6502
"../../../Engine/Content/EngineMaterials/Substrate/Glints2/dict_0002_0127.uasset" 6503
"../../../Engine/Content/EngineMaterials/Substrate/Glints2/dict_0002_0128.uasset" 6504
"../../../Engine/Content/EngineMaterials/Substrate/Glints2/dict_0002_0129.uasset" 6505
"../../../Engine/Content/EngineMaterials/Substrate/Glints2/dict_0002_0130.uasset" 6506
"../../../Engine/Content/EngineMaterials/Substrate/Glints2/dict_0002_0131.uasset" 6507
"../../../Engine/Content/EngineMaterials/Substrate/Glints2/dict_0002_0132.uasset" 6508
"../../../Engine/Content/EngineMaterials/Substrate/Glints2/dict_0002_0133.uasset" 6509
"../../../Engine/Content/EngineMaterials/Substrate/Glints2/dict_0002_0134.uasset" 6510
"../../../Engine/Content/EngineMaterials/Substrate/Glints2/dict_0002_0135.uasset" 6511
"../../../Engine/Content/EngineMaterials/Substrate/Glints2/dict_0002_0136.uasset" 6512
"../../../Engine/Content/EngineMaterials/Substrate/Glints2/dict_0002_0137.uasset" 6513
"../../../Engine/Content/EngineMaterials/Substrate/Glints2/dict_0002_0138.uasset" 6514
"../../../Engine/Content/EngineMaterials/Substrate/Glints2/dict_0002_0139.uasset" 6515
"../../../Engine/Content/EngineMaterials/Substrate/Glints2/dict_0002_0140.uasset" 6516
"../../../Engine/Content/EngineMaterials/Substrate/Glints2/dict_0002_0141.uasset" 6517
"../../../Engine/Content/EngineMaterials/Substrate/Glints2/dict_0002_0142.uasset" 6518
"../../../Engine/Content/EngineMaterials/Substrate/Glints2/dict_0002_0143.uasset" 6519
"../../../Engine/Content/EngineMaterials/Substrate/Glints2/dict_0002_0144.uasset" 6520
"../../../Engine/Content/EngineMaterials/Substrate/Glints2/dict_0002_0145.uasset" 6521
"../../../Engine/Content/EngineMaterials/Substrate/Glints2/dict_0002_0146.uasset" 6522
"../../../Engine/Content/EngineMaterials/Substrate/Glints2/dict_0002_0147.uasset" 6523
"../../../Engine/Content/EngineMaterials/Substrate/Glints2/dict_0002_0148.uasset" 6524
"../../../Engine/Content/EngineMaterials/Substrate/Glints2/dict_0002_0149.uasset" 6525
"../../../Engine/Content/EngineMaterials/Substrate/Glints2/dict_0002_0150.uasset" 6526
"../../../Engine/Content/EngineMaterials/Substrate/Glints2/dict_0002_0151.uasset" 6527
"../../../Engine/Content/EngineMaterials/Substrate/Glints2/dict_0002_0152.uasset" 6528
"../../../Engine/Content/EngineMaterials/Substrate/Glints2/dict_0002_0153.uasset" 6529
"../../../Engine/Content/EngineMaterials/Substrate/Glints2/dict_0002_0154.uasset" 6530
"../../../Engine/Content/EngineMaterials/Substrate/Glints2/dict_0002_0155.uasset" 6531
"../../../Engine/Content/EngineMaterials/Substrate/Glints2/dict_0002_0156.uasset" 6532
"../../../Engine/Content/EngineMaterials/Substrate/Glints2/dict_0002_0157.uasset" 6533
"../../../Engine/Content/EngineMaterials/Substrate/Glints2/dict_0002_0158.uasset" 6534
"../../../Engine/Content/EngineMaterials/Substrate/Glints2/dict_0002_0159.uasset" 6535
"../../../Engine/Content/EngineMaterials/Substrate/Glints2/dict_0002_0160.uasset" 6536
"../../../Engine/Content/EngineMaterials/Substrate/Glints2/dict_0002_0161.uasset" 6537
"../../../Engine/Content/EngineMaterials/Substrate/Glints2/dict_0002_0162.uasset" 6538
"../../../Engine/Content/EngineMaterials/Substrate/Glints2/dict_0002_0163.uasset" 6539
"../../../Engine/Content/EngineMaterials/Substrate/Glints2/dict_0002_0164.uasset" 6540
"../../../Engine/Content/EngineMaterials/Substrate/Glints2/dict_0002_0165.uasset" 6541
"../../../Engine/Content/EngineMaterials/Substrate/Glints2/dict_0002_0166.uasset" 6542
"../../../Engine/Content/EngineMaterials/Substrate/Glints2/dict_0002_0167.uasset" 6543
"../../../Engine/Content/EngineMaterials/Substrate/Glints2/dict_0002_0168.uasset" 6544
"../../../Engine/Content/EngineMaterials/Substrate/Glints2/dict_0002_0169.uasset" 6545
"../../../Engine/Content/EngineMaterials/Substrate/Glints2/dict_0002_0170.uasset" 6546
"../../../Engine/Content/EngineMaterials/Substrate/Glints2/dict_0002_0171.uasset" 6547
"../../../Engine/Content/EngineMaterials/Substrate/Glints2/dict_0002_0172.uasset" 6548
"../../../Engine/Content/EngineMaterials/Substrate/Glints2/dict_0002_0173.uasset" 6549
"../../../Engine/Content/EngineMaterials/Substrate/Glints2/dict_0002_0174.uasset" 6550
"../../../Engine/Content/EngineMaterials/Substrate/Glints2/dict_0002_0175.uasset" 6551
"../../../Engine/Content/EngineMaterials/Substrate/Glints2/dict_0002_0176.uasset" 6552
"../../../Engine/Content/EngineMaterials/Substrate/Glints2/dict_0002_0177.uasset" 6553
"../../../Engine/Content/EngineMaterials/Substrate/Glints2/dict_0002_0178.uasset" 6554
"../../../Engine/Content/EngineMaterials/Substrate/Glints2/dict_0002_0179.uasset" 6555
"../../../Engine/Content/EngineMaterials/Substrate/Glints2/dict_0002_0180.uasset" 6556
"../../../Engine/Content/EngineMaterials/Substrate/Glints2/dict_0002_0181.uasset" 6557
"../../../Engine/Content/EngineMaterials/Substrate/Glints2/dict_0002_0182.uasset" 6558
"../../../Engine/Content/EngineMaterials/Substrate/Glints2/dict_0002_0183.uasset" 6559
"../../../Engine/Content/EngineMaterials/Substrate/Glints2/dict_0002_0184.uasset" 6560
"../../../Engine/Content/EngineMaterials/Substrate/Glints2/dict_0002_0185.uasset" 6561
"../../../Engine/Content/EngineMaterials/Substrate/Glints2/dict_0002_0186.uasset" 6562
"../../../Engine/Content/EngineMaterials/Substrate/Glints2/dict_0002_0187.uasset" 6563
"../../../Engine/Content/EngineMaterials/Substrate/Glints2/dict_0002_0188.uasset" 6564
"../../../Engine/Content/EngineMaterials/Substrate/Glints2/dict_0002_0189.uasset" 6565
"../../../Engine/Content/EngineMaterials/Substrate/Glints2/dict_0002_0190.uasset" 6566
"../../../Engine/Content/EngineMaterials/Substrate/Glints2/dict_0002_0191.uasset" 6567
"../../../Engine/Content/EngineMaterials/Substrate/Glints2/dict_0002_0192.uasset" 6568
"../../../Engine/Content/EngineMaterials/Substrate/Glints2/dict_0002_0193.uasset" 6569
"../../../Engine/Content/EngineMaterials/Substrate/Glints2/dict_0002_0194.uasset" 6570
"../../../Engine/Content/EngineMaterials/Substrate/Glints2/dict_0002_0195.uasset" 6571
"../../../Engine/Content/EngineMaterials/Substrate/Glints2/dict_0002_0196.uasset" 6572
"../../../Engine/Content/EngineMaterials/Substrate/Glints2/dict_0002_0197.uasset" 6573
"../../../Engine/Content/EngineMaterials/Substrate/Glints2/dict_0002_0198.uasset" 6574
"../../../Engine/Content/EngineMaterials/Substrate/Glints2/dict_0002_0199.uasset" 6575
"../../../Engine/Content/EngineMaterials/Substrate/Glints2/dict_0002_0200.uasset" 6576
"../../../Engine/Content/EngineMaterials/Substrate/Glints2/dict_0002_0201.uasset" 6577
"../../../Engine/Content/EngineMaterials/Substrate/Glints2/dict_0002_0202.uasset" 6578
"../../../Engine/Content/EngineMaterials/Substrate/Glints2/dict_0002_0203.uasset" 6579
"../../../Engine/Content/EngineMaterials/Substrate/Glints2/dict_0002_0204.uasset" 6580
"../../../Engine/Content/EngineMaterials/Substrate/Glints2/dict_0002_0205.uasset" 6581
"../../../Engine/Content/EngineMaterials/Substrate/Glints2/dict_0002_0206.uasset" 6582
"../../../Engine/Content/EngineMaterials/Substrate/Glints2/dict_0002_0207.uasset" 6583
"../../../Engine/Content/EngineMaterials/Substrate/Glints2/dict_0002_0208.uasset" 6584
"../../../Engine/Content/EngineMaterials/Substrate/Glints2/dict_0002_0209.uasset" 6585
"../../../Engine/Content/EngineMaterials/Substrate/Glints2/dict_0002_0210.uasset" 6586
"../../../Engine/Content/EngineMaterials/Substrate/Glints2/dict_0002_0211.uasset" 6587
"../../../Engine/Content/EngineMaterials/Substrate/Glints2/dict_0002_0212.uasset" 6588
"../../../Engine/Content/EngineMaterials/Substrate/Glints2/dict_0002_0213.uasset" 6589
"../../../Engine/Content/EngineMaterials/Substrate/Glints2/dict_0002_0214.uasset" 6590
"../../../Engine/Content/EngineMaterials/Substrate/Glints2/dict_0002_0215.uasset" 6591
"../../../Engine/Content/EngineMaterials/Substrate/Glints2/dict_0002_0216.uasset" 6592
"../../../Engine/Content/EngineMaterials/Substrate/Glints2/dict_0002_0217.uasset" 6593
"../../../Engine/Content/EngineMaterials/Substrate/Glints2/dict_0002_0218.uasset" 6594
"../../../Engine/Content/EngineMaterials/Substrate/Glints2/dict_0002_0219.uasset" 6595
"../../../Engine/Content/EngineMaterials/Substrate/Glints2/dict_0002_0220.uasset" 6596
"../../../Engine/Content/EngineMaterials/Substrate/Glints2/dict_0002_0221.uasset" 6597
"../../../Engine/Content/EngineMaterials/Substrate/Glints2/dict_0002_0222.uasset" 6598
"../../../Engine/Content/EngineMaterials/Substrate/Glints2/dict_0002_0223.uasset" 6599
"../../../Engine/Content/EngineMaterials/Substrate/Glints2/dict_0002_0224.uasset" 6600
"../../../Engine/Content/EngineMaterials/Substrate/Glints2/dict_0002_0225.uasset" 6601
"../../../Engine/Content/EngineMaterials/Substrate/Glints2/dict_0002_0226.uasset" 6602
"../../../Engine/Content/EngineMaterials/Substrate/Glints2/dict_0002_0227.uasset" 6603
"../../../Engine/Content/EngineMaterials/Substrate/Glints2/dict_0002_0228.uasset" 6604
"../../../Engine/Content/EngineMaterials/Substrate/Glints2/dict_0002_0229.uasset" 6605
"../../../Engine/Content/EngineMaterials/Substrate/Glints2/dict_0002_0230.uasset" 6606
"../../../Engine/Content/EngineMaterials/Substrate/Glints2/dict_0002_0231.uasset" 6607
"../../../Engine/Content/EngineMaterials/Substrate/Glints2/dict_0002_0232.uasset" 6608
"../../../Engine/Content/EngineMaterials/Substrate/Glints2/dict_0002_0233.uasset" 6609
"../../../Engine/Content/EngineMaterials/Substrate/Glints2/dict_0002_0234.uasset" 6610
"../../../Engine/Content/EngineMaterials/Substrate/Glints2/dict_0002_0235.uasset" 6611
"../../../Engine/Content/EngineMaterials/Substrate/Glints2/dict_0002_0236.uasset" 6612
"../../../Engine/Content/EngineMaterials/Substrate/Glints2/dict_0002_0237.uasset" 6613
"../../../Engine/Content/EngineMaterials/Substrate/Glints2/dict_0002_0238.uasset" 6614
"../../../Engine/Content/EngineMaterials/Substrate/Glints2/dict_0002_0239.uasset" 6615
"../../../Engine/Content/EngineMaterials/Substrate/Glints2/dict_0002_0240.uasset" 6616
"../../../Engine/Content/EngineMaterials/Substrate/Glints2/dict_0002_0241.uasset" 6617
"../../../Engine/Content/EngineMaterials/Substrate/Glints2/dict_0002_0242.uasset" 6618
"../../../Engine/Content/EngineMaterials/Substrate/Glints2/dict_0002_0243.uasset" 6619
"../../../Engine/Content/EngineMaterials/Substrate/Glints2/dict_0002_0244.uasset" 6620
"../../../Engine/Content/EngineMaterials/Substrate/Glints2/dict_0002_0245.uasset" 6621
"../../../Engine/Content/EngineMaterials/Substrate/Glints2/dict_0002_0246.uasset" 6622
"../../../Engine/Content/EngineMaterials/Substrate/Glints2/dict_0002_0247.uasset" 6623
"../../../Engine/Content/EngineMaterials/Substrate/Glints2/dict_0002_0248.uasset" 6624
"../../../Engine/Content/EngineMaterials/Substrate/Glints2/dict_0002_0249.uasset" 6625
"../../../Engine/Content/EngineMaterials/Substrate/Glints2/dict_0002_0250.uasset" 6626
"../../../Engine/Content/EngineMaterials/Substrate/Glints2/dict_0002_0251.uasset" 6627
"../../../Engine/Content/EngineMaterials/Substrate/Glints2/dict_0002_0252.uasset" 6628
"../../../Engine/Content/EngineMaterials/Substrate/Glints2/dict_0002_0253.uasset" 6629
"../../../Engine/Content/EngineMaterials/Substrate/Glints2/dict_0002_0254.uasset" 6630
"../../../Engine/Content/EngineMaterials/Substrate/Glints2/dict_0002_0255.uasset" 6631
"../../../Engine/Content/EngineMaterials/Substrate/Glints2/dict_0003_0000.uasset" 6632
"../../../Engine/Content/EngineMaterials/Substrate/Glints2/dict_0003_0001.uasset" 6633
"../../../Engine/Content/EngineMaterials/Substrate/Glints2/dict_0003_0002.uasset" 6634
"../../../Engine/Content/EngineMaterials/Substrate/Glints2/dict_0003_0003.uasset" 6635
"../../../Engine/Content/EngineMaterials/Substrate/Glints2/dict_0003_0004.uasset" 6636
"../../../Engine/Content/EngineMaterials/Substrate/Glints2/dict_0003_0005.uasset" 6637
"../../../Engine/Content/EngineMaterials/Substrate/Glints2/dict_0003_0006.uasset" 6638
"../../../Engine/Content/EngineMaterials/Substrate/Glints2/dict_0003_0007.uasset" 6639
"../../../Engine/Content/EngineMaterials/Substrate/Glints2/dict_0003_0008.uasset" 6640
"../../../Engine/Content/EngineMaterials/Substrate/Glints2/dict_0003_0009.uasset" 6641
"../../../Engine/Content/EngineMaterials/Substrate/Glints2/dict_0003_0010.uasset" 6642
"../../../Engine/Content/EngineMaterials/Substrate/Glints2/dict_0003_0011.uasset" 6643
"../../../Engine/Content/EngineMaterials/Substrate/Glints2/dict_0003_0012.uasset" 6644
"../../../Engine/Content/EngineMaterials/Substrate/Glints2/dict_0003_0013.uasset" 6645
"../../../Engine/Content/EngineMaterials/Substrate/Glints2/dict_0003_0014.uasset" 6646
"../../../Engine/Content/EngineMaterials/Substrate/Glints2/dict_0003_0015.uasset" 6647
"../../../Engine/Content/EngineMaterials/Substrate/Glints2/dict_0003_0016.uasset" 6648
"../../../Engine/Content/EngineMaterials/Substrate/Glints2/dict_0003_0017.uasset" 6649
"../../../Engine/Content/EngineMaterials/Substrate/Glints2/dict_0003_0018.uasset" 6650
"../../../Engine/Content/EngineMaterials/Substrate/Glints2/dict_0003_0019.uasset" 6651
"../../../Engine/Content/EngineMaterials/Substrate/Glints2/dict_0003_0020.uasset" 6652
"../../../Engine/Content/EngineMaterials/Substrate/Glints2/dict_0003_0021.uasset" 6653
"../../../Engine/Content/EngineMaterials/Substrate/Glints2/dict_0003_0022.uasset" 6654
"../../../Engine/Content/EngineMaterials/Substrate/Glints2/dict_0003_0023.uasset" 6655
"../../../Engine/Content/EngineMaterials/Substrate/Glints2/dict_0003_0024.uasset" 6656
"../../../Engine/Content/EngineMaterials/Substrate/Glints2/dict_0003_0025.uasset" 6657
"../../../Engine/Content/EngineMaterials/Substrate/Glints2/dict_0003_0026.uasset" 6658
"../../../Engine/Content/EngineMaterials/Substrate/Glints2/dict_0003_0027.uasset" 6659
"../../../Engine/Content/EngineMaterials/Substrate/Glints2/dict_0003_0028.uasset" 6660
"../../../Engine/Content/EngineMaterials/Substrate/Glints2/dict_0003_0029.uasset" 6661
"../../../Engine/Content/EngineMaterials/Substrate/Glints2/dict_0003_0030.uasset" 6662
"../../../Engine/Content/EngineMaterials/Substrate/Glints2/dict_0003_0031.uasset" 6663
"../../../Engine/Content/EngineMaterials/Substrate/Glints2/dict_0003_0032.uasset" 6664
"../../../Engine/Content/EngineMaterials/Substrate/Glints2/dict_0003_0033.uasset" 6665
"../../../Engine/Content/EngineMaterials/Substrate/Glints2/dict_0003_0034.uasset" 6666
"../../../Engine/Content/EngineMaterials/Substrate/Glints2/dict_0003_0035.uasset" 6667
"../../../Engine/Content/EngineMaterials/Substrate/Glints2/dict_0003_0036.uasset" 6668
"../../../Engine/Content/EngineMaterials/Substrate/Glints2/dict_0003_0037.uasset" 6669
"../../../Engine/Content/EngineMaterials/Substrate/Glints2/dict_0003_0038.uasset" 6670
"../../../Engine/Content/EngineMaterials/Substrate/Glints2/dict_0003_0039.uasset" 6671
"../../../Engine/Content/EngineMaterials/Substrate/Glints2/dict_0003_0040.uasset" 6672
"../../../Engine/Content/EngineMaterials/Substrate/Glints2/dict_0003_0041.uasset" 6673
"../../../Engine/Content/EngineMaterials/Substrate/Glints2/dict_0003_0042.uasset" 6674
"../../../Engine/Content/EngineMaterials/Substrate/Glints2/dict_0003_0043.uasset" 6675
"../../../Engine/Content/EngineMaterials/Substrate/Glints2/dict_0003_0044.uasset" 6676
"../../../Engine/Content/EngineMaterials/Substrate/Glints2/dict_0003_0045.uasset" 6677
"../../../Engine/Content/EngineMaterials/Substrate/Glints2/dict_0003_0046.uasset" 6678
"../../../Engine/Content/EngineMaterials/Substrate/Glints2/dict_0003_0047.uasset" 6679
"../../../Engine/Content/EngineMaterials/Substrate/Glints2/dict_0003_0048.uasset" 6680
"../../../Engine/Content/EngineMaterials/Substrate/Glints2/dict_0003_0049.uasset" 6681
"../../../Engine/Content/EngineMaterials/Substrate/Glints2/dict_0003_0050.uasset" 6682
"../../../Engine/Content/EngineMaterials/Substrate/Glints2/dict_0003_0051.uasset" 6683
"../../../Engine/Content/EngineMaterials/Substrate/Glints2/dict_0003_0052.uasset" 6684
"../../../Engine/Content/EngineMaterials/Substrate/Glints2/dict_0003_0053.uasset" 6685
"../../../Engine/Content/EngineMaterials/Substrate/Glints2/dict_0003_0054.uasset" 6686
"../../../Engine/Content/EngineMaterials/Substrate/Glints2/dict_0003_0055.uasset" 6687
"../../../Engine/Content/EngineMaterials/Substrate/Glints2/dict_0003_0056.uasset" 6688
"../../../Engine/Content/EngineMaterials/Substrate/Glints2/dict_0003_0057.uasset" 6689
"../../../Engine/Content/EngineMaterials/Substrate/Glints2/dict_0003_0058.uasset" 6690
"../../../Engine/Content/EngineMaterials/Substrate/Glints2/dict_0003_0059.uasset" 6691
"../../../Engine/Content/EngineMaterials/Substrate/Glints2/dict_0003_0060.uasset" 6692
"../../../Engine/Content/EngineMaterials/Substrate/Glints2/dict_0003_0061.uasset" 6693
"../../../Engine/Content/EngineMaterials/Substrate/Glints2/dict_0003_0062.uasset" 6694
"../../../Engine/Content/EngineMaterials/Substrate/Glints2/dict_0003_0063.uasset" 6695
"../../../Engine/Content/EngineMaterials/Substrate/Glints2/dict_0003_0064.uasset" 6696
"../../../Engine/Content/EngineMaterials/Substrate/Glints2/dict_0003_0065.uasset" 6697
"../../../Engine/Content/EngineMaterials/Substrate/Glints2/dict_0003_0066.uasset" 6698
"../../../Engine/Content/EngineMaterials/Substrate/Glints2/dict_0003_0067.uasset" 6699
"../../../Engine/Content/EngineMaterials/Substrate/Glints2/dict_0003_0068.uasset" 6700
"../../../Engine/Content/EngineMaterials/Substrate/Glints2/dict_0003_0069.uasset" 6701
"../../../Engine/Content/EngineMaterials/Substrate/Glints2/dict_0003_0070.uasset" 6702
"../../../Engine/Content/EngineMaterials/Substrate/Glints2/dict_0003_0071.uasset" 6703
"../../../Engine/Content/EngineMaterials/Substrate/Glints2/dict_0003_0072.uasset" 6704
"../../../Engine/Content/EngineMaterials/Substrate/Glints2/dict_0003_0073.uasset" 6705
"../../../Engine/Content/EngineMaterials/Substrate/Glints2/dict_0003_0074.uasset" 6706
"../../../Engine/Content/EngineMaterials/Substrate/Glints2/dict_0003_0075.uasset" 6707
"../../../Engine/Content/EngineMaterials/Substrate/Glints2/dict_0003_0076.uasset" 6708
"../../../Engine/Content/EngineMaterials/Substrate/Glints2/dict_0003_0077.uasset" 6709
"../../../Engine/Content/EngineMaterials/Substrate/Glints2/dict_0003_0078.uasset" 6710
"../../../Engine/Content/EngineMaterials/Substrate/Glints2/dict_0003_0079.uasset" 6711
"../../../Engine/Content/EngineMaterials/Substrate/Glints2/dict_0003_0080.uasset" 6712
"../../../Engine/Content/EngineMaterials/Substrate/Glints2/dict_0003_0081.uasset" 6713
"../../../Engine/Content/EngineMaterials/Substrate/Glints2/dict_0003_0082.uasset" 6714
"../../../Engine/Content/EngineMaterials/Substrate/Glints2/dict_0003_0083.uasset" 6715
"../../../Engine/Content/EngineMaterials/Substrate/Glints2/dict_0003_0084.uasset" 6716
"../../../Engine/Content/EngineMaterials/Substrate/Glints2/dict_0003_0085.uasset" 6717
"../../../Engine/Content/EngineMaterials/Substrate/Glints2/dict_0003_0086.uasset" 6718
"../../../Engine/Content/EngineMaterials/Substrate/Glints2/dict_0003_0087.uasset" 6719
"../../../Engine/Content/EngineMaterials/Substrate/Glints2/dict_0003_0088.uasset" 6720
"../../../Engine/Content/EngineMaterials/Substrate/Glints2/dict_0003_0089.uasset" 6721
"../../../Engine/Content/EngineMaterials/Substrate/Glints2/dict_0003_0090.uasset" 6722
"../../../Engine/Content/EngineMaterials/Substrate/Glints2/dict_0003_0091.uasset" 6723
"../../../Engine/Content/EngineMaterials/Substrate/Glints2/dict_0003_0092.uasset" 6724
"../../../Engine/Content/EngineMaterials/Substrate/Glints2/dict_0003_0093.uasset" 6725
"../../../Engine/Content/EngineMaterials/Substrate/Glints2/dict_0003_0094.uasset" 6726
"../../../Engine/Content/EngineMaterials/Substrate/Glints2/dict_0003_0095.uasset" 6727
"../../../Engine/Content/EngineMaterials/Substrate/Glints2/dict_0003_0096.uasset" 6728
"../../../Engine/Content/EngineMaterials/Substrate/Glints2/dict_0003_0097.uasset" 6729
"../../../Engine/Content/EngineMaterials/Substrate/Glints2/dict_0003_0098.uasset" 6730
"../../../Engine/Content/EngineMaterials/Substrate/Glints2/dict_0003_0099.uasset" 6731
"../../../Engine/Content/EngineMaterials/Substrate/Glints2/dict_0003_0100.uasset" 6732
"../../../Engine/Content/EngineMaterials/Substrate/Glints2/dict_0003_0101.uasset" 6733
"../../../Engine/Content/EngineMaterials/Substrate/Glints2/dict_0003_0102.uasset" 6734
"../../../Engine/Content/EngineMaterials/Substrate/Glints2/dict_0003_0103.uasset" 6735
"../../../Engine/Content/EngineMaterials/Substrate/Glints2/dict_0003_0104.uasset" 6736
"../../../Engine/Content/EngineMaterials/Substrate/Glints2/dict_0003_0105.uasset" 6737
"../../../Engine/Content/EngineMaterials/Substrate/Glints2/dict_0003_0106.uasset" 6738
"../../../Engine/Content/EngineMaterials/Substrate/Glints2/dict_0003_0107.uasset" 6739
"../../../Engine/Content/EngineMaterials/Substrate/Glints2/dict_0003_0108.uasset" 6740
"../../../Engine/Content/EngineMaterials/Substrate/Glints2/dict_0003_0109.uasset" 6741
"../../../Engine/Content/EngineMaterials/Substrate/Glints2/dict_0003_0110.uasset" 6742
"../../../Engine/Content/EngineMaterials/Substrate/Glints2/dict_0003_0111.uasset" 6743
"../../../Engine/Content/EngineMaterials/Substrate/Glints2/dict_0003_0112.uasset" 6744
"../../../Engine/Content/EngineMaterials/Substrate/Glints2/dict_0003_0113.uasset" 6745
"../../../Engine/Content/EngineMaterials/Substrate/Glints2/dict_0003_0114.uasset" 6746
"../../../Engine/Content/EngineMaterials/Substrate/Glints2/dict_0003_0115.uasset" 6747
"../../../Engine/Content/EngineMaterials/Substrate/Glints2/dict_0003_0116.uasset" 6748
"../../../Engine/Content/EngineMaterials/Substrate/Glints2/dict_0003_0117.uasset" 6749
"../../../Engine/Content/EngineMaterials/Substrate/Glints2/dict_0003_0118.uasset" 6750
"../../../Engine/Content/EngineMaterials/Substrate/Glints2/dict_0003_0119.uasset" 6751
"../../../Engine/Content/EngineMaterials/Substrate/Glints2/dict_0003_0120.uasset" 6752
"../../../Engine/Content/EngineMaterials/Substrate/Glints2/dict_0003_0121.uasset" 6753
"../../../Engine/Content/EngineMaterials/Substrate/Glints2/dict_0003_0122.uasset" 6754
"../../../Engine/Content/EngineMaterials/Substrate/Glints2/dict_0003_0123.uasset" 6755
"../../../Engine/Content/EngineMaterials/Substrate/Glints2/dict_0003_0124.uasset" 6756
"../../../Engine/Content/EngineMaterials/Substrate/Glints2/dict_0003_0125.uasset" 6757
"../../../Engine/Content/EngineMaterials/Substrate/Glints2/dict_0003_0126.uasset" 6758
"../../../Engine/Content/EngineMaterials/Substrate/Glints2/dict_0003_0127.uasset" 6759
"../../../Engine/Content/EngineMaterials/Substrate/Glints2/dict_0003_0128.uasset" 6760
"../../../Engine/Content/EngineMaterials/Substrate/Glints2/dict_0003_0129.uasset" 6761
"../../../Engine/Content/EngineMaterials/Substrate/Glints2/dict_0003_0130.uasset" 6762
"../../../Engine/Content/EngineMaterials/Substrate/Glints2/dict_0003_0131.uasset" 6763
"../../../Engine/Content/EngineMaterials/Substrate/Glints2/dict_0003_0132.uasset" 6764
"../../../Engine/Content/EngineMaterials/Substrate/Glints2/dict_0003_0133.uasset" 6765
"../../../Engine/Content/EngineMaterials/Substrate/Glints2/dict_0003_0134.uasset" 6766
"../../../Engine/Content/EngineMaterials/Substrate/Glints2/dict_0003_0135.uasset" 6767
"../../../Engine/Content/EngineMaterials/Substrate/Glints2/dict_0003_0136.uasset" 6768
"../../../Engine/Content/EngineMaterials/Substrate/Glints2/dict_0003_0137.uasset" 6769
"../../../Engine/Content/EngineMaterials/Substrate/Glints2/dict_0003_0138.uasset" 6770
"../../../Engine/Content/EngineMaterials/Substrate/Glints2/dict_0003_0139.uasset" 6771
"../../../Engine/Content/EngineMaterials/Substrate/Glints2/dict_0003_0140.uasset" 6772
"../../../Engine/Content/EngineMaterials/Substrate/Glints2/dict_0003_0141.uasset" 6773
"../../../Engine/Content/EngineMaterials/Substrate/Glints2/dict_0003_0142.uasset" 6774
"../../../Engine/Content/EngineMaterials/Substrate/Glints2/dict_0003_0143.uasset" 6775
"../../../Engine/Content/EngineMaterials/Substrate/Glints2/dict_0003_0144.uasset" 6776
"../../../Engine/Content/EngineMaterials/Substrate/Glints2/dict_0003_0145.uasset" 6777
"../../../Engine/Content/EngineMaterials/Substrate/Glints2/dict_0003_0146.uasset" 6778
"../../../Engine/Content/EngineMaterials/Substrate/Glints2/dict_0003_0147.uasset" 6779
"../../../Engine/Content/EngineMaterials/Substrate/Glints2/dict_0003_0148.uasset" 6780
"../../../Engine/Content/EngineMaterials/Substrate/Glints2/dict_0003_0149.uasset" 6781
"../../../Engine/Content/EngineMaterials/Substrate/Glints2/dict_0003_0150.uasset" 6782
"../../../Engine/Content/EngineMaterials/Substrate/Glints2/dict_0003_0151.uasset" 6783
"../../../Engine/Content/EngineMaterials/Substrate/Glints2/dict_0003_0152.uasset" 6784
"../../../Engine/Content/EngineMaterials/Substrate/Glints2/dict_0003_0153.uasset" 6785
"../../../Engine/Content/EngineMaterials/Substrate/Glints2/dict_0003_0154.uasset" 6786
"../../../Engine/Content/EngineMaterials/Substrate/Glints2/dict_0003_0155.uasset" 6787
"../../../Engine/Content/EngineMaterials/Substrate/Glints2/dict_0003_0156.uasset" 6788
"../../../Engine/Content/EngineMaterials/Substrate/Glints2/dict_0003_0157.uasset" 6789
"../../../Engine/Content/EngineMaterials/Substrate/Glints2/dict_0003_0158.uasset" 6790
"../../../Engine/Content/EngineMaterials/Substrate/Glints2/dict_0003_0159.uasset" 6791
"../../../Engine/Content/EngineMaterials/Substrate/Glints2/dict_0003_0160.uasset" 6792
"../../../Engine/Content/EngineMaterials/Substrate/Glints2/dict_0003_0161.uasset" 6793
"../../../Engine/Content/EngineMaterials/Substrate/Glints2/dict_0003_0162.uasset" 6794
"../../../Engine/Content/EngineMaterials/Substrate/Glints2/dict_0003_0163.uasset" 6795
"../../../Engine/Content/EngineMaterials/Substrate/Glints2/dict_0003_0164.uasset" 6796
"../../../Engine/Content/EngineMaterials/Substrate/Glints2/dict_0003_0165.uasset" 6797
"../../../Engine/Content/EngineMaterials/Substrate/Glints2/dict_0003_0166.uasset" 6798
"../../../Engine/Content/EngineMaterials/Substrate/Glints2/dict_0003_0167.uasset" 6799
"../../../Engine/Content/EngineMaterials/Substrate/Glints2/dict_0003_0168.uasset" 6800
"../../../Engine/Content/EngineMaterials/Substrate/Glints2/dict_0003_0169.uasset" 6801
"../../../Engine/Content/EngineMaterials/Substrate/Glints2/dict_0003_0170.uasset" 6802
"../../../Engine/Content/EngineMaterials/Substrate/Glints2/dict_0003_0171.uasset" 6803
"../../../Engine/Content/EngineMaterials/Substrate/Glints2/dict_0003_0172.uasset" 6804
"../../../Engine/Content/EngineMaterials/Substrate/Glints2/dict_0003_0173.uasset" 6805
"../../../Engine/Content/EngineMaterials/Substrate/Glints2/dict_0003_0174.uasset" 6806
"../../../Engine/Content/EngineMaterials/Substrate/Glints2/dict_0003_0175.uasset" 6807
"../../../Engine/Content/EngineMaterials/Substrate/Glints2/dict_0003_0176.uasset" 6808
"../../../Engine/Content/EngineMaterials/Substrate/Glints2/dict_0003_0177.uasset" 6809
"../../../Engine/Content/EngineMaterials/Substrate/Glints2/dict_0003_0178.uasset" 6810
"../../../Engine/Content/EngineMaterials/Substrate/Glints2/dict_0003_0179.uasset" 6811
"../../../Engine/Content/EngineMaterials/Substrate/Glints2/dict_0003_0180.uasset" 6812
"../../../Engine/Content/EngineMaterials/Substrate/Glints2/dict_0003_0181.uasset" 6813
"../../../Engine/Content/EngineMaterials/Substrate/Glints2/dict_0003_0182.uasset" 6814
"../../../Engine/Content/EngineMaterials/Substrate/Glints2/dict_0003_0183.uasset" 6815
"../../../Engine/Content/EngineMaterials/Substrate/Glints2/dict_0003_0184.uasset" 6816
"../../../Engine/Content/EngineMaterials/Substrate/Glints2/dict_0003_0185.uasset" 6817
"../../../Engine/Content/EngineMaterials/Substrate/Glints2/dict_0003_0186.uasset" 6818
"../../../Engine/Content/EngineMaterials/Substrate/Glints2/dict_0003_0187.uasset" 6819
"../../../Engine/Content/EngineMaterials/Substrate/Glints2/dict_0003_0188.uasset" 6820
"../../../Engine/Content/EngineMaterials/Substrate/Glints2/dict_0003_0189.uasset" 6821
"../../../Engine/Content/EngineMaterials/Substrate/Glints2/dict_0003_0190.uasset" 6822
"../../../Engine/Content/EngineMaterials/Substrate/Glints2/dict_0003_0191.uasset" 6823
"../../../Engine/Content/EngineMaterials/Substrate/Glints2/dict_0003_0192.uasset" 6824
"../../../Engine/Content/EngineMaterials/Substrate/Glints2/dict_0003_0193.uasset" 6825
"../../../Engine/Content/EngineMaterials/Substrate/Glints2/dict_0003_0194.uasset" 6826
"../../../Engine/Content/EngineMaterials/Substrate/Glints2/dict_0003_0195.uasset" 6827
"../../../Engine/Content/EngineMaterials/Substrate/Glints2/dict_0003_0196.uasset" 6828
"../../../Engine/Content/EngineMaterials/Substrate/Glints2/dict_0003_0197.uasset" 6829
"../../../Engine/Content/EngineMaterials/Substrate/Glints2/dict_0003_0198.uasset" 6830
"../../../Engine/Content/EngineMaterials/Substrate/Glints2/dict_0003_0199.uasset" 6831
"../../../Engine/Content/EngineMaterials/Substrate/Glints2/dict_0003_0200.uasset" 6832
"../../../Engine/Content/EngineMaterials/Substrate/Glints2/dict_0003_0201.uasset" 6833
"../../../Engine/Content/EngineMaterials/Substrate/Glints2/dict_0003_0202.uasset" 6834
"../../../Engine/Content/EngineMaterials/Substrate/Glints2/dict_0003_0203.uasset" 6835
"../../../Engine/Content/EngineMaterials/Substrate/Glints2/dict_0003_0204.uasset" 6836
"../../../Engine/Content/EngineMaterials/Substrate/Glints2/dict_0003_0205.uasset" 6837
"../../../Engine/Content/EngineMaterials/Substrate/Glints2/dict_0003_0206.uasset" 6838
"../../../Engine/Content/EngineMaterials/Substrate/Glints2/dict_0003_0207.uasset" 6839
"../../../Engine/Content/EngineMaterials/Substrate/Glints2/dict_0003_0208.uasset" 6840
"../../../Engine/Content/EngineMaterials/Substrate/Glints2/dict_0003_0209.uasset" 6841
"../../../Engine/Content/EngineMaterials/Substrate/Glints2/dict_0003_0210.uasset" 6842
"../../../Engine/Content/EngineMaterials/Substrate/Glints2/dict_0003_0211.uasset" 6843
"../../../Engine/Content/EngineMaterials/Substrate/Glints2/dict_0003_0212.uasset" 6844
"../../../Engine/Content/EngineMaterials/Substrate/Glints2/dict_0003_0213.uasset" 6845
"../../../Engine/Content/EngineMaterials/Substrate/Glints2/dict_0003_0214.uasset" 6846
"../../../Engine/Content/EngineMaterials/Substrate/Glints2/dict_0003_0215.uasset" 6847
"../../../Engine/Content/EngineMaterials/Substrate/Glints2/dict_0003_0216.uasset" 6848
"../../../Engine/Content/EngineMaterials/Substrate/Glints2/dict_0003_0217.uasset" 6849
"../../../Engine/Content/EngineMaterials/Substrate/Glints2/dict_0003_0218.uasset" 6850
"../../../Engine/Content/EngineMaterials/Substrate/Glints2/dict_0003_0219.uasset" 6851
"../../../Engine/Content/EngineMaterials/Substrate/Glints2/dict_0003_0220.uasset" 6852
"../../../Engine/Content/EngineMaterials/Substrate/Glints2/dict_0003_0221.uasset" 6853
"../../../Engine/Content/EngineMaterials/Substrate/Glints2/dict_0003_0222.uasset" 6854
"../../../Engine/Content/EngineMaterials/Substrate/Glints2/dict_0003_0223.uasset" 6855
"../../../Engine/Content/EngineMaterials/Substrate/Glints2/dict_0003_0224.uasset" 6856
"../../../Engine/Content/EngineMaterials/Substrate/Glints2/dict_0003_0225.uasset" 6857
"../../../Engine/Content/EngineMaterials/Substrate/Glints2/dict_0003_0226.uasset" 6858
"../../../Engine/Content/EngineMaterials/Substrate/Glints2/dict_0003_0227.uasset" 6859
"../../../Engine/Content/EngineMaterials/Substrate/Glints2/dict_0003_0228.uasset" 6860
"../../../Engine/Content/EngineMaterials/Substrate/Glints2/dict_0003_0229.uasset" 6861
"../../../Engine/Content/EngineMaterials/Substrate/Glints2/dict_0003_0230.uasset" 6862
"../../../Engine/Content/EngineMaterials/Substrate/Glints2/dict_0003_0231.uasset" 6863
"../../../Engine/Content/EngineMaterials/Substrate/Glints2/dict_0003_0232.uasset" 6864
"../../../Engine/Content/EngineMaterials/Substrate/Glints2/dict_0003_0233.uasset" 6865
"../../../Engine/Content/EngineMaterials/Substrate/Glints2/dict_0003_0234.uasset" 6866
"../../../Engine/Content/EngineMaterials/Substrate/Glints2/dict_0003_0235.uasset" 6867
"../../../Engine/Content/EngineMaterials/Substrate/Glints2/dict_0003_0236.uasset" 6868
"../../../Engine/Content/EngineMaterials/Substrate/Glints2/dict_0003_0237.uasset" 6869
"../../../Engine/Content/EngineMaterials/Substrate/Glints2/dict_0003_0238.uasset" 6870
"../../../Engine/Content/EngineMaterials/Substrate/Glints2/dict_0003_0239.uasset" 6871
"../../../Engine/Content/EngineMaterials/Substrate/Glints2/dict_0003_0240.uasset" 6872
"../../../Engine/Content/EngineMaterials/Substrate/Glints2/dict_0003_0241.uasset" 6873
"../../../Engine/Content/EngineMaterials/Substrate/Glints2/dict_0003_0242.uasset" 6874
"../../../Engine/Content/EngineMaterials/Substrate/Glints2/dict_0003_0243.uasset" 6875
"../../../Engine/Content/EngineMaterials/Substrate/Glints2/dict_0003_0244.uasset" 6876
"../../../Engine/Content/EngineMaterials/Substrate/Glints2/dict_0003_0245.uasset" 6877
"../../../Engine/Content/EngineMaterials/Substrate/Glints2/dict_0003_0246.uasset" 6878
"../../../Engine/Content/EngineMaterials/Substrate/Glints2/dict_0003_0247.uasset" 6879
"../../../Engine/Content/EngineMaterials/Substrate/Glints2/dict_0003_0248.uasset" 6880
"../../../Engine/Content/EngineMaterials/Substrate/Glints2/dict_0003_0249.uasset" 6881
"../../../Engine/Content/EngineMaterials/Substrate/Glints2/dict_0003_0250.uasset" 6882
"../../../Engine/Content/EngineMaterials/Substrate/Glints2/dict_0003_0251.uasset" 6883
"../../../Engine/Content/EngineMaterials/Substrate/Glints2/dict_0003_0252.uasset" 6884
"../../../Engine/Content/EngineMaterials/Substrate/Glints2/dict_0003_0253.uasset" 6885
"../../../Engine/Content/EngineMaterials/Substrate/Glints2/dict_0003_0254.uasset" 6886
"../../../Engine/Content/EngineMaterials/Substrate/Glints2/dict_0003_0255.uasset" 6887
"../../../Engine/Content/EngineMaterials/Substrate/Glints2/dict_0004_0000.uasset" 6888
"../../../Engine/Content/EngineMaterials/Substrate/Glints2/dict_0004_0001.uasset" 6889
"../../../Engine/Content/EngineMaterials/Substrate/Glints2/dict_0004_0002.uasset" 6890
"../../../Engine/Content/EngineMaterials/Substrate/Glints2/dict_0004_0003.uasset" 6891
"../../../Engine/Content/EngineMaterials/Substrate/Glints2/dict_0004_0004.uasset" 6892
"../../../Engine/Content/EngineMaterials/Substrate/Glints2/dict_0004_0005.uasset" 6893
"../../../Engine/Content/EngineMaterials/Substrate/Glints2/dict_0004_0006.uasset" 6894
"../../../Engine/Content/EngineMaterials/Substrate/Glints2/dict_0004_0007.uasset" 6895
"../../../Engine/Content/EngineMaterials/Substrate/Glints2/dict_0004_0008.uasset" 6896
"../../../Engine/Content/EngineMaterials/Substrate/Glints2/dict_0004_0009.uasset" 6897
"../../../Engine/Content/EngineMaterials/Substrate/Glints2/dict_0004_0010.uasset" 6898
"../../../Engine/Content/EngineMaterials/Substrate/Glints2/dict_0004_0011.uasset" 6899
"../../../Engine/Content/EngineMaterials/Substrate/Glints2/dict_0004_0012.uasset" 6900
"../../../Engine/Content/EngineMaterials/Substrate/Glints2/dict_0004_0013.uasset" 6901
"../../../Engine/Content/EngineMaterials/Substrate/Glints2/dict_0004_0014.uasset" 6902
"../../../Engine/Content/EngineMaterials/Substrate/Glints2/dict_0004_0015.uasset" 6903
"../../../Engine/Content/EngineMaterials/Substrate/Glints2/dict_0004_0016.uasset" 6904
"../../../Engine/Content/EngineMaterials/Substrate/Glints2/dict_0004_0017.uasset" 6905
"../../../Engine/Content/EngineMaterials/Substrate/Glints2/dict_0004_0018.uasset" 6906
"../../../Engine/Content/EngineMaterials/Substrate/Glints2/dict_0004_0019.uasset" 6907
"../../../Engine/Content/EngineMaterials/Substrate/Glints2/dict_0004_0020.uasset" 6908
"../../../Engine/Content/EngineMaterials/Substrate/Glints2/dict_0004_0021.uasset" 6909
"../../../Engine/Content/EngineMaterials/Substrate/Glints2/dict_0004_0022.uasset" 6910
"../../../Engine/Content/EngineMaterials/Substrate/Glints2/dict_0004_0023.uasset" 6911
"../../../Engine/Content/EngineMaterials/Substrate/Glints2/dict_0004_0024.uasset" 6912
"../../../Engine/Content/EngineMaterials/Substrate/Glints2/dict_0004_0025.uasset" 6913
"../../../Engine/Content/EngineMaterials/Substrate/Glints2/dict_0004_0026.uasset" 6914
"../../../Engine/Content/EngineMaterials/Substrate/Glints2/dict_0004_0027.uasset" 6915
"../../../Engine/Content/EngineMaterials/Substrate/Glints2/dict_0004_0028.uasset" 6916
"../../../Engine/Content/EngineMaterials/Substrate/Glints2/dict_0004_0029.uasset" 6917
"../../../Engine/Content/EngineMaterials/Substrate/Glints2/dict_0004_0030.uasset" 6918
"../../../Engine/Content/EngineMaterials/Substrate/Glints2/dict_0004_0031.uasset" 6919
"../../../Engine/Content/EngineMaterials/Substrate/Glints2/dict_0004_0032.uasset" 6920
"../../../Engine/Content/EngineMaterials/Substrate/Glints2/dict_0004_0033.uasset" 6921
"../../../Engine/Content/EngineMaterials/Substrate/Glints2/dict_0004_0034.uasset" 6922
"../../../Engine/Content/EngineMaterials/Substrate/Glints2/dict_0004_0035.uasset" 6923
"../../../Engine/Content/EngineMaterials/Substrate/Glints2/dict_0004_0036.uasset" 6924
"../../../Engine/Content/EngineMaterials/Substrate/Glints2/dict_0004_0037.uasset" 6925
"../../../Engine/Content/EngineMaterials/Substrate/Glints2/dict_0004_0038.uasset" 6926
"../../../Engine/Content/EngineMaterials/Substrate/Glints2/dict_0004_0039.uasset" 6927
"../../../Engine/Content/EngineMaterials/Substrate/Glints2/dict_0004_0040.uasset" 6928
"../../../Engine/Content/EngineMaterials/Substrate/Glints2/dict_0004_0041.uasset" 6929
"../../../Engine/Content/EngineMaterials/Substrate/Glints2/dict_0004_0042.uasset" 6930
"../../../Engine/Content/EngineMaterials/Substrate/Glints2/dict_0004_0043.uasset" 6931
"../../../Engine/Content/EngineMaterials/Substrate/Glints2/dict_0004_0044.uasset" 6932
"../../../Engine/Content/EngineMaterials/Substrate/Glints2/dict_0004_0045.uasset" 6933
"../../../Engine/Content/EngineMaterials/Substrate/Glints2/dict_0004_0046.uasset" 6934
"../../../Engine/Content/EngineMaterials/Substrate/Glints2/dict_0004_0047.uasset" 6935
"../../../Engine/Content/EngineMaterials/Substrate/Glints2/dict_0004_0048.uasset" 6936
"../../../Engine/Content/EngineMaterials/Substrate/Glints2/dict_0004_0049.uasset" 6937
"../../../Engine/Content/EngineMaterials/Substrate/Glints2/dict_0004_0050.uasset" 6938
"../../../Engine/Content/EngineMaterials/Substrate/Glints2/dict_0004_0051.uasset" 6939
"../../../Engine/Content/EngineMaterials/Substrate/Glints2/dict_0004_0052.uasset" 6940
"../../../Engine/Content/EngineMaterials/Substrate/Glints2/dict_0004_0053.uasset" 6941
"../../../Engine/Content/EngineMaterials/Substrate/Glints2/dict_0004_0054.uasset" 6942
"../../../Engine/Content/EngineMaterials/Substrate/Glints2/dict_0004_0055.uasset" 6943
"../../../Engine/Content/EngineMaterials/Substrate/Glints2/dict_0004_0056.uasset" 6944
"../../../Engine/Content/EngineMaterials/Substrate/Glints2/dict_0004_0057.uasset" 6945
"../../../Engine/Content/EngineMaterials/Substrate/Glints2/dict_0004_0058.uasset" 6946
"../../../Engine/Content/EngineMaterials/Substrate/Glints2/dict_0004_0059.uasset" 6947
"../../../Engine/Content/EngineMaterials/Substrate/Glints2/dict_0004_0060.uasset" 6948
"../../../Engine/Content/EngineMaterials/Substrate/Glints2/dict_0004_0061.uasset" 6949
"../../../Engine/Content/EngineMaterials/Substrate/Glints2/dict_0004_0062.uasset" 6950
"../../../Engine/Content/EngineMaterials/Substrate/Glints2/dict_0004_0063.uasset" 6951
"../../../Engine/Content/EngineMaterials/Substrate/Glints2/dict_0004_0064.uasset" 6952
"../../../Engine/Content/EngineMaterials/Substrate/Glints2/dict_0004_0065.uasset" 6953
"../../../Engine/Content/EngineMaterials/Substrate/Glints2/dict_0004_0066.uasset" 6954
"../../../Engine/Content/EngineMaterials/Substrate/Glints2/dict_0004_0067.uasset" 6955
"../../../Engine/Content/EngineMaterials/Substrate/Glints2/dict_0004_0068.uasset" 6956
"../../../Engine/Content/EngineMaterials/Substrate/Glints2/dict_0004_0069.uasset" 6957
"../../../Engine/Content/EngineMaterials/Substrate/Glints2/dict_0004_0070.uasset" 6958
"../../../Engine/Content/EngineMaterials/Substrate/Glints2/dict_0004_0071.uasset" 6959
"../../../Engine/Content/EngineMaterials/Substrate/Glints2/dict_0004_0072.uasset" 6960
"../../../Engine/Content/EngineMaterials/Substrate/Glints2/dict_0004_0073.uasset" 6961
"../../../Engine/Content/EngineMaterials/Substrate/Glints2/dict_0004_0074.uasset" 6962
"../../../Engine/Content/EngineMaterials/Substrate/Glints2/dict_0004_0075.uasset" 6963
"../../../Engine/Content/EngineMaterials/Substrate/Glints2/dict_0004_0076.uasset" 6964
"../../../Engine/Content/EngineMaterials/Substrate/Glints2/dict_0004_0077.uasset" 6965
"../../../Engine/Content/EngineMaterials/Substrate/Glints2/dict_0004_0078.uasset" 6966
"../../../Engine/Content/EngineMaterials/Substrate/Glints2/dict_0004_0079.uasset" 6967
"../../../Engine/Content/EngineMaterials/Substrate/Glints2/dict_0004_0080.uasset" 6968
"../../../Engine/Content/EngineMaterials/Substrate/Glints2/dict_0004_0081.uasset" 6969
"../../../Engine/Content/EngineMaterials/Substrate/Glints2/dict_0004_0082.uasset" 6970
"../../../Engine/Content/EngineMaterials/Substrate/Glints2/dict_0004_0083.uasset" 6971
"../../../Engine/Content/EngineMaterials/Substrate/Glints2/dict_0004_0084.uasset" 6972
"../../../Engine/Content/EngineMaterials/Substrate/Glints2/dict_0004_0085.uasset" 6973
"../../../Engine/Content/EngineMaterials/Substrate/Glints2/dict_0004_0086.uasset" 6974
"../../../Engine/Content/EngineMaterials/Substrate/Glints2/dict_0004_0087.uasset" 6975
"../../../Engine/Content/EngineMaterials/Substrate/Glints2/dict_0004_0088.uasset" 6976
"../../../Engine/Content/EngineMaterials/Substrate/Glints2/dict_0004_0089.uasset" 6977
"../../../Engine/Content/EngineMaterials/Substrate/Glints2/dict_0004_0090.uasset" 6978
"../../../Engine/Content/EngineMaterials/Substrate/Glints2/dict_0004_0091.uasset" 6979
"../../../Engine/Content/EngineMaterials/Substrate/Glints2/dict_0004_0092.uasset" 6980
"../../../Engine/Content/EngineMaterials/Substrate/Glints2/dict_0004_0093.uasset" 6981
"../../../Engine/Content/EngineMaterials/Substrate/Glints2/dict_0004_0094.uasset" 6982
"../../../Engine/Content/EngineMaterials/Substrate/Glints2/dict_0004_0095.uasset" 6983
"../../../Engine/Content/EngineMaterials/Substrate/Glints2/dict_0004_0096.uasset" 6984
"../../../Engine/Content/EngineMaterials/Substrate/Glints2/dict_0004_0097.uasset" 6985
"../../../Engine/Content/EngineMaterials/Substrate/Glints2/dict_0004_0098.uasset" 6986
"../../../Engine/Content/EngineMaterials/Substrate/Glints2/dict_0004_0099.uasset" 6987
"../../../Engine/Content/EngineMaterials/Substrate/Glints2/dict_0004_0100.uasset" 6988
"../../../Engine/Content/EngineMaterials/Substrate/Glints2/dict_0004_0101.uasset" 6989
"../../../Engine/Content/EngineMaterials/Substrate/Glints2/dict_0004_0102.uasset" 6990
"../../../Engine/Content/EngineMaterials/Substrate/Glints2/dict_0004_0103.uasset" 6991
"../../../Engine/Content/EngineMaterials/Substrate/Glints2/dict_0004_0104.uasset" 6992
"../../../Engine/Content/EngineMaterials/Substrate/Glints2/dict_0004_0105.uasset" 6993
"../../../Engine/Content/EngineMaterials/Substrate/Glints2/dict_0004_0106.uasset" 6994
"../../../Engine/Content/EngineMaterials/Substrate/Glints2/dict_0004_0107.uasset" 6995
"../../../Engine/Content/EngineMaterials/Substrate/Glints2/dict_0004_0108.uasset" 6996
"../../../Engine/Content/EngineMaterials/Substrate/Glints2/dict_0004_0109.uasset" 6997
"../../../Engine/Content/EngineMaterials/Substrate/Glints2/dict_0004_0110.uasset" 6998
"../../../Engine/Content/EngineMaterials/Substrate/Glints2/dict_0004_0111.uasset" 6999
"../../../Engine/Content/EngineMaterials/Substrate/Glints2/dict_0004_0112.uasset" 7000
"../../../Engine/Content/EngineMaterials/Substrate/Glints2/dict_0004_0113.uasset" 7001
"../../../Engine/Content/EngineMaterials/Substrate/Glints2/dict_0004_0114.uasset" 7002
"../../../Engine/Content/EngineMaterials/Substrate/Glints2/dict_0004_0115.uasset" 7003
"../../../Engine/Content/EngineMaterials/Substrate/Glints2/dict_0004_0116.uasset" 7004
"../../../Engine/Content/EngineMaterials/Substrate/Glints2/dict_0004_0117.uasset" 7005
"../../../Engine/Content/EngineMaterials/Substrate/Glints2/dict_0004_0118.uasset" 7006
"../../../Engine/Content/EngineMaterials/Substrate/Glints2/dict_0004_0119.uasset" 7007
"../../../Engine/Content/EngineMaterials/Substrate/Glints2/dict_0004_0120.uasset" 7008
"../../../Engine/Content/EngineMaterials/Substrate/Glints2/dict_0004_0121.uasset" 7009
"../../../Engine/Content/EngineMaterials/Substrate/Glints2/dict_0004_0122.uasset" 7010
"../../../Engine/Content/EngineMaterials/Substrate/Glints2/dict_0004_0123.uasset" 7011
"../../../Engine/Content/EngineMaterials/Substrate/Glints2/dict_0004_0124.uasset" 7012
"../../../Engine/Content/EngineMaterials/Substrate/Glints2/dict_0004_0125.uasset" 7013
"../../../Engine/Content/EngineMaterials/Substrate/Glints2/dict_0004_0126.uasset" 7014
"../../../Engine/Content/EngineMaterials/Substrate/Glints2/dict_0004_0127.uasset" 7015
"../../../Engine/Content/EngineMaterials/Substrate/Glints2/dict_0004_0128.uasset" 7016
"../../../Engine/Content/EngineMaterials/Substrate/Glints2/dict_0004_0129.uasset" 7017
"../../../Engine/Content/EngineMaterials/Substrate/Glints2/dict_0004_0130.uasset" 7018
"../../../Engine/Content/EngineMaterials/Substrate/Glints2/dict_0004_0131.uasset" 7019
"../../../Engine/Content/EngineMaterials/Substrate/Glints2/dict_0004_0132.uasset" 7020
"../../../Engine/Content/EngineMaterials/Substrate/Glints2/dict_0004_0133.uasset" 7021
"../../../Engine/Content/EngineMaterials/Substrate/Glints2/dict_0004_0134.uasset" 7022
"../../../Engine/Content/EngineMaterials/Substrate/Glints2/dict_0004_0135.uasset" 7023
"../../../Engine/Content/EngineMaterials/Substrate/Glints2/dict_0004_0136.uasset" 7024
"../../../Engine/Content/EngineMaterials/Substrate/Glints2/dict_0004_0137.uasset" 7025
"../../../Engine/Content/EngineMaterials/Substrate/Glints2/dict_0004_0138.uasset" 7026
"../../../Engine/Content/EngineMaterials/Substrate/Glints2/dict_0004_0139.uasset" 7027
"../../../Engine/Content/EngineMaterials/Substrate/Glints2/dict_0004_0140.uasset" 7028
"../../../Engine/Content/EngineMaterials/Substrate/Glints2/dict_0004_0141.uasset" 7029
"../../../Engine/Content/EngineMaterials/Substrate/Glints2/dict_0004_0142.uasset" 7030
"../../../Engine/Content/EngineMaterials/Substrate/Glints2/dict_0004_0143.uasset" 7031
"../../../Engine/Content/EngineMaterials/Substrate/Glints2/dict_0004_0144.uasset" 7032
"../../../Engine/Content/EngineMaterials/Substrate/Glints2/dict_0004_0145.uasset" 7033
"../../../Engine/Content/EngineMaterials/Substrate/Glints2/dict_0004_0146.uasset" 7034
"../../../Engine/Content/EngineMaterials/Substrate/Glints2/dict_0004_0147.uasset" 7035
"../../../Engine/Content/EngineMaterials/Substrate/Glints2/dict_0004_0148.uasset" 7036
"../../../Engine/Content/EngineMaterials/Substrate/Glints2/dict_0004_0149.uasset" 7037
"../../../Engine/Content/EngineMaterials/Substrate/Glints2/dict_0004_0150.uasset" 7038
"../../../Engine/Content/EngineMaterials/Substrate/Glints2/dict_0004_0151.uasset" 7039
"../../../Engine/Content/EngineMaterials/Substrate/Glints2/dict_0004_0152.uasset" 7040
"../../../Engine/Content/EngineMaterials/Substrate/Glints2/dict_0004_0153.uasset" 7041
"../../../Engine/Content/EngineMaterials/Substrate/Glints2/dict_0004_0154.uasset" 7042
"../../../Engine/Content/EngineMaterials/Substrate/Glints2/dict_0004_0155.uasset" 7043
"../../../Engine/Content/EngineMaterials/Substrate/Glints2/dict_0004_0156.uasset" 7044
"../../../Engine/Content/EngineMaterials/Substrate/Glints2/dict_0004_0157.uasset" 7045
"../../../Engine/Content/EngineMaterials/Substrate/Glints2/dict_0004_0158.uasset" 7046
"../../../Engine/Content/EngineMaterials/Substrate/Glints2/dict_0004_0159.uasset" 7047
"../../../Engine/Content/EngineMaterials/Substrate/Glints2/dict_0004_0160.uasset" 7048
"../../../Engine/Content/EngineMaterials/Substrate/Glints2/dict_0004_0161.uasset" 7049
"../../../Engine/Content/EngineMaterials/Substrate/Glints2/dict_0004_0162.uasset" 7050
"../../../Engine/Content/EngineMaterials/Substrate/Glints2/dict_0004_0163.uasset" 7051
"../../../Engine/Content/EngineMaterials/Substrate/Glints2/dict_0004_0164.uasset" 7052
"../../../Engine/Content/EngineMaterials/Substrate/Glints2/dict_0004_0165.uasset" 7053
"../../../Engine/Content/EngineMaterials/Substrate/Glints2/dict_0004_0166.uasset" 7054
"../../../Engine/Content/EngineMaterials/Substrate/Glints2/dict_0004_0167.uasset" 7055
"../../../Engine/Content/EngineMaterials/Substrate/Glints2/dict_0004_0168.uasset" 7056
"../../../Engine/Content/EngineMaterials/Substrate/Glints2/dict_0004_0169.uasset" 7057
"../../../Engine/Content/EngineMaterials/Substrate/Glints2/dict_0004_0170.uasset" 7058
"../../../Engine/Content/EngineMaterials/Substrate/Glints2/dict_0004_0171.uasset" 7059
"../../../Engine/Content/EngineMaterials/Substrate/Glints2/dict_0004_0172.uasset" 7060
"../../../Engine/Content/EngineMaterials/Substrate/Glints2/dict_0004_0173.uasset" 7061
"../../../Engine/Content/EngineMaterials/Substrate/Glints2/dict_0004_0174.uasset" 7062
"../../../Engine/Content/EngineMaterials/Substrate/Glints2/dict_0004_0175.uasset" 7063
"../../../Engine/Content/EngineMaterials/Substrate/Glints2/dict_0004_0176.uasset" 7064
"../../../Engine/Content/EngineMaterials/Substrate/Glints2/dict_0004_0177.uasset" 7065
"../../../Engine/Content/EngineMaterials/Substrate/Glints2/dict_0004_0178.uasset" 7066
"../../../Engine/Content/EngineMaterials/Substrate/Glints2/dict_0004_0179.uasset" 7067
"../../../Engine/Content/EngineMaterials/Substrate/Glints2/dict_0004_0180.uasset" 7068
"../../../Engine/Content/EngineMaterials/Substrate/Glints2/dict_0004_0181.uasset" 7069
"../../../Engine/Content/EngineMaterials/Substrate/Glints2/dict_0004_0182.uasset" 7070
"../../../Engine/Content/EngineMaterials/Substrate/Glints2/dict_0004_0183.uasset" 7071
"../../../Engine/Content/EngineMaterials/Substrate/Glints2/dict_0004_0184.uasset" 7072
"../../../Engine/Content/EngineMaterials/Substrate/Glints2/dict_0004_0185.uasset" 7073
"../../../Engine/Content/EngineMaterials/Substrate/Glints2/dict_0004_0186.uasset" 7074
"../../../Engine/Content/EngineMaterials/Substrate/Glints2/dict_0004_0187.uasset" 7075
"../../../Engine/Content/EngineMaterials/Substrate/Glints2/dict_0004_0188.uasset" 7076
"../../../Engine/Content/EngineMaterials/Substrate/Glints2/dict_0004_0189.uasset" 7077
"../../../Engine/Content/EngineMaterials/Substrate/Glints2/dict_0004_0190.uasset" 7078
"../../../Engine/Content/EngineMaterials/Substrate/Glints2/dict_0004_0191.uasset" 7079
"../../../Engine/Content/EngineMaterials/Substrate/Glints2/dict_0004_0192.uasset" 7080
"../../../Engine/Content/EngineMaterials/Substrate/Glints2/dict_0004_0193.uasset" 7081
"../../../Engine/Content/EngineMaterials/Substrate/Glints2/dict_0004_0194.uasset" 7082
"../../../Engine/Content/EngineMaterials/Substrate/Glints2/dict_0004_0195.uasset" 7083
"../../../Engine/Content/EngineMaterials/Substrate/Glints2/dict_0004_0196.uasset" 7084
"../../../Engine/Content/EngineMaterials/Substrate/Glints2/dict_0004_0197.uasset" 7085
"../../../Engine/Content/EngineMaterials/Substrate/Glints2/dict_0004_0198.uasset" 7086
"../../../Engine/Content/EngineMaterials/Substrate/Glints2/dict_0004_0199.uasset" 7087
"../../../Engine/Content/EngineMaterials/Substrate/Glints2/dict_0004_0200.uasset" 7088
"../../../Engine/Content/EngineMaterials/Substrate/Glints2/dict_0004_0201.uasset" 7089
"../../../Engine/Content/EngineMaterials/Substrate/Glints2/dict_0004_0202.uasset" 7090
"../../../Engine/Content/EngineMaterials/Substrate/Glints2/dict_0004_0203.uasset" 7091
"../../../Engine/Content/EngineMaterials/Substrate/Glints2/dict_0004_0204.uasset" 7092
"../../../Engine/Content/EngineMaterials/Substrate/Glints2/dict_0004_0205.uasset" 7093
"../../../Engine/Content/EngineMaterials/Substrate/Glints2/dict_0004_0206.uasset" 7094
"../../../Engine/Content/EngineMaterials/Substrate/Glints2/dict_0004_0207.uasset" 7095
"../../../Engine/Content/EngineMaterials/Substrate/Glints2/dict_0004_0208.uasset" 7096
"../../../Engine/Content/EngineMaterials/Substrate/Glints2/dict_0004_0209.uasset" 7097
"../../../Engine/Content/EngineMaterials/Substrate/Glints2/dict_0004_0210.uasset" 7098
"../../../Engine/Content/EngineMaterials/Substrate/Glints2/dict_0004_0211.uasset" 7099
"../../../Engine/Content/EngineMaterials/Substrate/Glints2/dict_0004_0212.uasset" 7100
"../../../Engine/Content/EngineMaterials/Substrate/Glints2/dict_0004_0213.uasset" 7101
"../../../Engine/Content/EngineMaterials/Substrate/Glints2/dict_0004_0214.uasset" 7102
"../../../Engine/Content/EngineMaterials/Substrate/Glints2/dict_0004_0215.uasset" 7103
"../../../Engine/Content/EngineMaterials/Substrate/Glints2/dict_0004_0216.uasset" 7104
"../../../Engine/Content/EngineMaterials/Substrate/Glints2/dict_0004_0217.uasset" 7105
"../../../Engine/Content/EngineMaterials/Substrate/Glints2/dict_0004_0218.uasset" 7106
"../../../Engine/Content/EngineMaterials/Substrate/Glints2/dict_0004_0219.uasset" 7107
"../../../Engine/Content/EngineMaterials/Substrate/Glints2/dict_0004_0220.uasset" 7108
"../../../Engine/Content/EngineMaterials/Substrate/Glints2/dict_0004_0221.uasset" 7109
"../../../Engine/Content/EngineMaterials/Substrate/Glints2/dict_0004_0222.uasset" 7110
"../../../Engine/Content/EngineMaterials/Substrate/Glints2/dict_0004_0223.uasset" 7111
"../../../Engine/Content/EngineMaterials/Substrate/Glints2/dict_0004_0224.uasset" 7112
"../../../Engine/Content/EngineMaterials/Substrate/Glints2/dict_0004_0225.uasset" 7113
"../../../Engine/Content/EngineMaterials/Substrate/Glints2/dict_0004_0226.uasset" 7114
"../../../Engine/Content/EngineMaterials/Substrate/Glints2/dict_0004_0227.uasset" 7115
"../../../Engine/Content/EngineMaterials/Substrate/Glints2/dict_0004_0228.uasset" 7116
"../../../Engine/Content/EngineMaterials/Substrate/Glints2/dict_0004_0229.uasset" 7117
"../../../Engine/Content/EngineMaterials/Substrate/Glints2/dict_0004_0230.uasset" 7118
"../../../Engine/Content/EngineMaterials/Substrate/Glints2/dict_0004_0231.uasset" 7119
"../../../Engine/Content/EngineMaterials/Substrate/Glints2/dict_0004_0232.uasset" 7120
"../../../Engine/Content/EngineMaterials/Substrate/Glints2/dict_0004_0233.uasset" 7121
"../../../Engine/Content/EngineMaterials/Substrate/Glints2/dict_0004_0234.uasset" 7122
"../../../Engine/Content/EngineMaterials/Substrate/Glints2/dict_0004_0235.uasset" 7123
"../../../Engine/Content/EngineMaterials/Substrate/Glints2/dict_0004_0236.uasset" 7124
"../../../Engine/Content/EngineMaterials/Substrate/Glints2/dict_0004_0237.uasset" 7125
"../../../Engine/Content/EngineMaterials/Substrate/Glints2/dict_0004_0238.uasset" 7126
"../../../Engine/Content/EngineMaterials/Substrate/Glints2/dict_0004_0239.uasset" 7127
"../../../Engine/Content/EngineMaterials/Substrate/Glints2/dict_0004_0240.uasset" 7128
"../../../Engine/Content/EngineMaterials/Substrate/Glints2/dict_0004_0241.uasset" 7129
"../../../Engine/Content/EngineMaterials/Substrate/Glints2/dict_0004_0242.uasset" 7130
"../../../Engine/Content/EngineMaterials/Substrate/Glints2/dict_0004_0243.uasset" 7131
"../../../Engine/Content/EngineMaterials/Substrate/Glints2/dict_0004_0244.uasset" 7132
"../../../Engine/Content/EngineMaterials/Substrate/Glints2/dict_0004_0245.uasset" 7133
"../../../Engine/Content/EngineMaterials/Substrate/Glints2/dict_0004_0246.uasset" 7134
"../../../Engine/Content/EngineMaterials/Substrate/Glints2/dict_0004_0247.uasset" 7135
"../../../Engine/Content/EngineMaterials/Substrate/Glints2/dict_0004_0248.uasset" 7136
"../../../Engine/Content/EngineMaterials/Substrate/Glints2/dict_0004_0249.uasset" 7137
"../../../Engine/Content/EngineMaterials/Substrate/Glints2/dict_0004_0250.uasset" 7138
"../../../Engine/Content/EngineMaterials/Substrate/Glints2/dict_0004_0251.uasset" 7139
"../../../Engine/Content/EngineMaterials/Substrate/Glints2/dict_0004_0252.uasset" 7140
"../../../Engine/Content/EngineMaterials/Substrate/Glints2/dict_0004_0253.uasset" 7141
"../../../Engine/Content/EngineMaterials/Substrate/Glints2/dict_0004_0254.uasset" 7142
"../../../Engine/Content/EngineMaterials/Substrate/Glints2/dict_0004_0255.uasset" 7143
"../../../Engine/Content/EngineMaterials/Substrate/Glints2/dict_0005_0000.uasset" 7144
"../../../Engine/Content/EngineMaterials/Substrate/Glints2/dict_0005_0001.uasset" 7145
"../../../Engine/Content/EngineMaterials/Substrate/Glints2/dict_0005_0002.uasset" 7146
"../../../Engine/Content/EngineMaterials/Substrate/Glints2/dict_0005_0003.uasset" 7147
"../../../Engine/Content/EngineMaterials/Substrate/Glints2/dict_0005_0004.uasset" 7148
"../../../Engine/Content/EngineMaterials/Substrate/Glints2/dict_0005_0005.uasset" 7149
"../../../Engine/Content/EngineMaterials/Substrate/Glints2/dict_0005_0006.uasset" 7150
"../../../Engine/Content/EngineMaterials/Substrate/Glints2/dict_0005_0007.uasset" 7151
"../../../Engine/Content/EngineMaterials/Substrate/Glints2/dict_0005_0008.uasset" 7152
"../../../Engine/Content/EngineMaterials/Substrate/Glints2/dict_0005_0009.uasset" 7153
"../../../Engine/Content/EngineMaterials/Substrate/Glints2/dict_0005_0010.uasset" 7154
"../../../Engine/Content/EngineMaterials/Substrate/Glints2/dict_0005_0011.uasset" 7155
"../../../Engine/Content/EngineMaterials/Substrate/Glints2/dict_0005_0012.uasset" 7156
"../../../Engine/Content/EngineMaterials/Substrate/Glints2/dict_0005_0013.uasset" 7157
"../../../Engine/Content/EngineMaterials/Substrate/Glints2/dict_0005_0014.uasset" 7158
"../../../Engine/Content/EngineMaterials/Substrate/Glints2/dict_0005_0015.uasset" 7159
"../../../Engine/Content/EngineMaterials/Substrate/Glints2/dict_0005_0016.uasset" 7160
"../../../Engine/Content/EngineMaterials/Substrate/Glints2/dict_0005_0017.uasset" 7161
"../../../Engine/Content/EngineMaterials/Substrate/Glints2/dict_0005_0018.uasset" 7162
"../../../Engine/Content/EngineMaterials/Substrate/Glints2/dict_0005_0019.uasset" 7163
"../../../Engine/Content/EngineMaterials/Substrate/Glints2/dict_0005_0020.uasset" 7164
"../../../Engine/Content/EngineMaterials/Substrate/Glints2/dict_0005_0021.uasset" 7165
"../../../Engine/Content/EngineMaterials/Substrate/Glints2/dict_0005_0022.uasset" 7166
"../../../Engine/Content/EngineMaterials/Substrate/Glints2/dict_0005_0023.uasset" 7167
"../../../Engine/Content/EngineMaterials/Substrate/Glints2/dict_0005_0024.uasset" 7168
"../../../Engine/Content/EngineMaterials/Substrate/Glints2/dict_0005_0025.uasset" 7169
"../../../Engine/Content/EngineMaterials/Substrate/Glints2/dict_0005_0026.uasset" 7170
"../../../Engine/Content/EngineMaterials/Substrate/Glints2/dict_0005_0027.uasset" 7171
"../../../Engine/Content/EngineMaterials/Substrate/Glints2/dict_0005_0028.uasset" 7172
"../../../Engine/Content/EngineMaterials/Substrate/Glints2/dict_0005_0029.uasset" 7173
"../../../Engine/Content/EngineMaterials/Substrate/Glints2/dict_0005_0030.uasset" 7174
"../../../Engine/Content/EngineMaterials/Substrate/Glints2/dict_0005_0031.uasset" 7175
"../../../Engine/Content/EngineMaterials/Substrate/Glints2/dict_0005_0032.uasset" 7176
"../../../Engine/Content/EngineMaterials/Substrate/Glints2/dict_0005_0033.uasset" 7177
"../../../Engine/Content/EngineMaterials/Substrate/Glints2/dict_0005_0034.uasset" 7178
"../../../Engine/Content/EngineMaterials/Substrate/Glints2/dict_0005_0035.uasset" 7179
"../../../Engine/Content/EngineMaterials/Substrate/Glints2/dict_0005_0036.uasset" 7180
"../../../Engine/Content/EngineMaterials/Substrate/Glints2/dict_0005_0037.uasset" 7181
"../../../Engine/Content/EngineMaterials/Substrate/Glints2/dict_0005_0038.uasset" 7182
"../../../Engine/Content/EngineMaterials/Substrate/Glints2/dict_0005_0039.uasset" 7183
"../../../Engine/Content/EngineMaterials/Substrate/Glints2/dict_0005_0040.uasset" 7184
"../../../Engine/Content/EngineMaterials/Substrate/Glints2/dict_0005_0041.uasset" 7185
"../../../Engine/Content/EngineMaterials/Substrate/Glints2/dict_0005_0042.uasset" 7186
"../../../Engine/Content/EngineMaterials/Substrate/Glints2/dict_0005_0043.uasset" 7187
"../../../Engine/Content/EngineMaterials/Substrate/Glints2/dict_0005_0044.uasset" 7188
"../../../Engine/Content/EngineMaterials/Substrate/Glints2/dict_0005_0045.uasset" 7189
"../../../Engine/Content/EngineMaterials/Substrate/Glints2/dict_0005_0046.uasset" 7190
"../../../Engine/Content/EngineMaterials/Substrate/Glints2/dict_0005_0047.uasset" 7191
"../../../Engine/Content/EngineMaterials/Substrate/Glints2/dict_0005_0048.uasset" 7192
"../../../Engine/Content/EngineMaterials/Substrate/Glints2/dict_0005_0049.uasset" 7193
"../../../Engine/Content/EngineMaterials/Substrate/Glints2/dict_0005_0050.uasset" 7194
"../../../Engine/Content/EngineMaterials/Substrate/Glints2/dict_0005_0051.uasset" 7195
"../../../Engine/Content/EngineMaterials/Substrate/Glints2/dict_0005_0052.uasset" 7196
"../../../Engine/Content/EngineMaterials/Substrate/Glints2/dict_0005_0053.uasset" 7197
"../../../Engine/Content/EngineMaterials/Substrate/Glints2/dict_0005_0054.uasset" 7198
"../../../Engine/Content/EngineMaterials/Substrate/Glints2/dict_0005_0055.uasset" 7199
"../../../Engine/Content/EngineMaterials/Substrate/Glints2/dict_0005_0056.uasset" 7200
"../../../Engine/Content/EngineMaterials/Substrate/Glints2/dict_0005_0057.uasset" 7201
"../../../Engine/Content/EngineMaterials/Substrate/Glints2/dict_0005_0058.uasset" 7202
"../../../Engine/Content/EngineMaterials/Substrate/Glints2/dict_0005_0059.uasset" 7203
"../../../Engine/Content/EngineMaterials/Substrate/Glints2/dict_0005_0060.uasset" 7204
"../../../Engine/Content/EngineMaterials/Substrate/Glints2/dict_0005_0061.uasset" 7205
"../../../Engine/Content/EngineMaterials/Substrate/Glints2/dict_0005_0062.uasset" 7206
"../../../Engine/Content/EngineMaterials/Substrate/Glints2/dict_0005_0063.uasset" 7207
"../../../Engine/Content/EngineMaterials/Substrate/Glints2/dict_0005_0064.uasset" 7208
"../../../Engine/Content/EngineMaterials/Substrate/Glints2/dict_0005_0065.uasset" 7209
"../../../Engine/Content/EngineMaterials/Substrate/Glints2/dict_0005_0066.uasset" 7210
"../../../Engine/Content/EngineMaterials/Substrate/Glints2/dict_0005_0067.uasset" 7211
"../../../Engine/Content/EngineMaterials/Substrate/Glints2/dict_0005_0068.uasset" 7212
"../../../Engine/Content/EngineMaterials/Substrate/Glints2/dict_0005_0069.uasset" 7213
"../../../Engine/Content/EngineMaterials/Substrate/Glints2/dict_0005_0070.uasset" 7214
"../../../Engine/Content/EngineMaterials/Substrate/Glints2/dict_0005_0071.uasset" 7215
"../../../Engine/Content/EngineMaterials/Substrate/Glints2/dict_0005_0072.uasset" 7216
"../../../Engine/Content/EngineMaterials/Substrate/Glints2/dict_0005_0073.uasset" 7217
"../../../Engine/Content/EngineMaterials/Substrate/Glints2/dict_0005_0074.uasset" 7218
"../../../Engine/Content/EngineMaterials/Substrate/Glints2/dict_0005_0075.uasset" 7219
"../../../Engine/Content/EngineMaterials/Substrate/Glints2/dict_0005_0076.uasset" 7220
"../../../Engine/Content/EngineMaterials/Substrate/Glints2/dict_0005_0077.uasset" 7221
"../../../Engine/Content/EngineMaterials/Substrate/Glints2/dict_0005_0078.uasset" 7222
"../../../Engine/Content/EngineMaterials/Substrate/Glints2/dict_0005_0079.uasset" 7223
"../../../Engine/Content/EngineMaterials/Substrate/Glints2/dict_0005_0080.uasset" 7224
"../../../Engine/Content/EngineMaterials/Substrate/Glints2/dict_0005_0081.uasset" 7225
"../../../Engine/Content/EngineMaterials/Substrate/Glints2/dict_0005_0082.uasset" 7226
"../../../Engine/Content/EngineMaterials/Substrate/Glints2/dict_0005_0083.uasset" 7227
"../../../Engine/Content/EngineMaterials/Substrate/Glints2/dict_0005_0084.uasset" 7228
"../../../Engine/Content/EngineMaterials/Substrate/Glints2/dict_0005_0085.uasset" 7229
"../../../Engine/Content/EngineMaterials/Substrate/Glints2/dict_0005_0086.uasset" 7230
"../../../Engine/Content/EngineMaterials/Substrate/Glints2/dict_0005_0087.uasset" 7231
"../../../Engine/Content/EngineMaterials/Substrate/Glints2/dict_0005_0088.uasset" 7232
"../../../Engine/Content/EngineMaterials/Substrate/Glints2/dict_0005_0089.uasset" 7233
"../../../Engine/Content/EngineMaterials/Substrate/Glints2/dict_0005_0090.uasset" 7234
"../../../Engine/Content/EngineMaterials/Substrate/Glints2/dict_0005_0091.uasset" 7235
"../../../Engine/Content/EngineMaterials/Substrate/Glints2/dict_0005_0092.uasset" 7236
"../../../Engine/Content/EngineMaterials/Substrate/Glints2/dict_0005_0093.uasset" 7237
"../../../Engine/Content/EngineMaterials/Substrate/Glints2/dict_0005_0094.uasset" 7238
"../../../Engine/Content/EngineMaterials/Substrate/Glints2/dict_0005_0095.uasset" 7239
"../../../Engine/Content/EngineMaterials/Substrate/Glints2/dict_0005_0096.uasset" 7240
"../../../Engine/Content/EngineMaterials/Substrate/Glints2/dict_0005_0097.uasset" 7241
"../../../Engine/Content/EngineMaterials/Substrate/Glints2/dict_0005_0098.uasset" 7242
"../../../Engine/Content/EngineMaterials/Substrate/Glints2/dict_0005_0099.uasset" 7243
"../../../Engine/Content/EngineMaterials/Substrate/Glints2/dict_0005_0100.uasset" 7244
"../../../Engine/Content/EngineMaterials/Substrate/Glints2/dict_0005_0101.uasset" 7245
"../../../Engine/Content/EngineMaterials/Substrate/Glints2/dict_0005_0102.uasset" 7246
"../../../Engine/Content/EngineMaterials/Substrate/Glints2/dict_0005_0103.uasset" 7247
"../../../Engine/Content/EngineMaterials/Substrate/Glints2/dict_0005_0104.uasset" 7248
"../../../Engine/Content/EngineMaterials/Substrate/Glints2/dict_0005_0105.uasset" 7249
"../../../Engine/Content/EngineMaterials/Substrate/Glints2/dict_0005_0106.uasset" 7250
"../../../Engine/Content/EngineMaterials/Substrate/Glints2/dict_0005_0107.uasset" 7251
"../../../Engine/Content/EngineMaterials/Substrate/Glints2/dict_0005_0108.uasset" 7252
"../../../Engine/Content/EngineMaterials/Substrate/Glints2/dict_0005_0109.uasset" 7253
"../../../Engine/Content/EngineMaterials/Substrate/Glints2/dict_0005_0110.uasset" 7254
"../../../Engine/Content/EngineMaterials/Substrate/Glints2/dict_0005_0111.uasset" 7255
"../../../Engine/Content/EngineMaterials/Substrate/Glints2/dict_0005_0112.uasset" 7256
"../../../Engine/Content/EngineMaterials/Substrate/Glints2/dict_0005_0113.uasset" 7257
"../../../Engine/Content/EngineMaterials/Substrate/Glints2/dict_0005_0114.uasset" 7258
"../../../Engine/Content/EngineMaterials/Substrate/Glints2/dict_0005_0115.uasset" 7259
"../../../Engine/Content/EngineMaterials/Substrate/Glints2/dict_0005_0116.uasset" 7260
"../../../Engine/Content/EngineMaterials/Substrate/Glints2/dict_0005_0117.uasset" 7261
"../../../Engine/Content/EngineMaterials/Substrate/Glints2/dict_0005_0118.uasset" 7262
"../../../Engine/Content/EngineMaterials/Substrate/Glints2/dict_0005_0119.uasset" 7263
"../../../Engine/Content/EngineMaterials/Substrate/Glints2/dict_0005_0120.uasset" 7264
"../../../Engine/Content/EngineMaterials/Substrate/Glints2/dict_0005_0121.uasset" 7265
"../../../Engine/Content/EngineMaterials/Substrate/Glints2/dict_0005_0122.uasset" 7266
"../../../Engine/Content/EngineMaterials/Substrate/Glints2/dict_0005_0123.uasset" 7267
"../../../Engine/Content/EngineMaterials/Substrate/Glints2/dict_0005_0124.uasset" 7268
"../../../Engine/Content/EngineMaterials/Substrate/Glints2/dict_0005_0125.uasset" 7269
"../../../Engine/Content/EngineMaterials/Substrate/Glints2/dict_0005_0126.uasset" 7270
"../../../Engine/Content/EngineMaterials/Substrate/Glints2/dict_0005_0127.uasset" 7271
"../../../Engine/Content/EngineMaterials/Substrate/Glints2/dict_0005_0128.uasset" 7272
"../../../Engine/Content/EngineMaterials/Substrate/Glints2/dict_0005_0129.uasset" 7273
"../../../Engine/Content/EngineMaterials/Substrate/Glints2/dict_0005_0130.uasset" 7274
"../../../Engine/Content/EngineMaterials/Substrate/Glints2/dict_0005_0131.uasset" 7275
"../../../Engine/Content/EngineMaterials/Substrate/Glints2/dict_0005_0132.uasset" 7276
"../../../Engine/Content/EngineMaterials/Substrate/Glints2/dict_0005_0133.uasset" 7277
"../../../Engine/Content/EngineMaterials/Substrate/Glints2/dict_0005_0134.uasset" 7278
"../../../Engine/Content/EngineMaterials/Substrate/Glints2/dict_0005_0135.uasset" 7279
"../../../Engine/Content/EngineMaterials/Substrate/Glints2/dict_0005_0136.uasset" 7280
"../../../Engine/Content/EngineMaterials/Substrate/Glints2/dict_0005_0137.uasset" 7281
"../../../Engine/Content/EngineMaterials/Substrate/Glints2/dict_0005_0138.uasset" 7282
"../../../Engine/Content/EngineMaterials/Substrate/Glints2/dict_0005_0139.uasset" 7283
"../../../Engine/Content/EngineMaterials/Substrate/Glints2/dict_0005_0140.uasset" 7284
"../../../Engine/Content/EngineMaterials/Substrate/Glints2/dict_0005_0141.uasset" 7285
"../../../Engine/Content/EngineMaterials/Substrate/Glints2/dict_0005_0142.uasset" 7286
"../../../Engine/Content/EngineMaterials/Substrate/Glints2/dict_0005_0143.uasset" 7287
"../../../Engine/Content/EngineMaterials/Substrate/Glints2/dict_0005_0144.uasset" 7288
"../../../Engine/Content/EngineMaterials/Substrate/Glints2/dict_0005_0145.uasset" 7289
"../../../Engine/Content/EngineMaterials/Substrate/Glints2/dict_0005_0146.uasset" 7290
"../../../Engine/Content/EngineMaterials/Substrate/Glints2/dict_0005_0147.uasset" 7291
"../../../Engine/Content/EngineMaterials/Substrate/Glints2/dict_0005_0148.uasset" 7292
"../../../Engine/Content/EngineMaterials/Substrate/Glints2/dict_0005_0149.uasset" 7293
"../../../Engine/Content/EngineMaterials/Substrate/Glints2/dict_0005_0150.uasset" 7294
"../../../Engine/Content/EngineMaterials/Substrate/Glints2/dict_0005_0151.uasset" 7295
"../../../Engine/Content/EngineMaterials/Substrate/Glints2/dict_0005_0152.uasset" 7296
"../../../Engine/Content/EngineMaterials/Substrate/Glints2/dict_0005_0153.uasset" 7297
"../../../Engine/Content/EngineMaterials/Substrate/Glints2/dict_0005_0154.uasset" 7298
"../../../Engine/Content/EngineMaterials/Substrate/Glints2/dict_0005_0155.uasset" 7299
"../../../Engine/Content/EngineMaterials/Substrate/Glints2/dict_0005_0156.uasset" 7300
"../../../Engine/Content/EngineMaterials/Substrate/Glints2/dict_0005_0157.uasset" 7301
"../../../Engine/Content/EngineMaterials/Substrate/Glints2/dict_0005_0158.uasset" 7302
"../../../Engine/Content/EngineMaterials/Substrate/Glints2/dict_0005_0159.uasset" 7303
"../../../Engine/Content/EngineMaterials/Substrate/Glints2/dict_0005_0160.uasset" 7304
"../../../Engine/Content/EngineMaterials/Substrate/Glints2/dict_0005_0161.uasset" 7305
"../../../Engine/Content/EngineMaterials/Substrate/Glints2/dict_0005_0162.uasset" 7306
"../../../Engine/Content/EngineMaterials/Substrate/Glints2/dict_0005_0163.uasset" 7307
"../../../Engine/Content/EngineMaterials/Substrate/Glints2/dict_0005_0164.uasset" 7308
"../../../Engine/Content/EngineMaterials/Substrate/Glints2/dict_0005_0165.uasset" 7309
"../../../Engine/Content/EngineMaterials/Substrate/Glints2/dict_0005_0166.uasset" 7310
"../../../Engine/Content/EngineMaterials/Substrate/Glints2/dict_0005_0167.uasset" 7311
"../../../Engine/Content/EngineMaterials/Substrate/Glints2/dict_0005_0168.uasset" 7312
"../../../Engine/Content/EngineMaterials/Substrate/Glints2/dict_0005_0169.uasset" 7313
"../../../Engine/Content/EngineMaterials/Substrate/Glints2/dict_0005_0170.uasset" 7314
"../../../Engine/Content/EngineMaterials/Substrate/Glints2/dict_0005_0171.uasset" 7315
"../../../Engine/Content/EngineMaterials/Substrate/Glints2/dict_0005_0172.uasset" 7316
"../../../Engine/Content/EngineMaterials/Substrate/Glints2/dict_0005_0173.uasset" 7317
"../../../Engine/Content/EngineMaterials/Substrate/Glints2/dict_0005_0174.uasset" 7318
"../../../Engine/Content/EngineMaterials/Substrate/Glints2/dict_0005_0175.uasset" 7319
"../../../Engine/Content/EngineMaterials/Substrate/Glints2/dict_0005_0176.uasset" 7320
"../../../Engine/Content/EngineMaterials/Substrate/Glints2/dict_0005_0177.uasset" 7321
"../../../Engine/Content/EngineMaterials/Substrate/Glints2/dict_0005_0178.uasset" 7322
"../../../Engine/Content/EngineMaterials/Substrate/Glints2/dict_0005_0179.uasset" 7323
"../../../Engine/Content/EngineMaterials/Substrate/Glints2/dict_0005_0180.uasset" 7324
"../../../Engine/Content/EngineMaterials/Substrate/Glints2/dict_0005_0181.uasset" 7325
"../../../Engine/Content/EngineMaterials/Substrate/Glints2/dict_0005_0182.uasset" 7326
"../../../Engine/Content/EngineMaterials/Substrate/Glints2/dict_0005_0183.uasset" 7327
"../../../Engine/Content/EngineMaterials/Substrate/Glints2/dict_0005_0184.uasset" 7328
"../../../Engine/Content/EngineMaterials/Substrate/Glints2/dict_0005_0185.uasset" 7329
"../../../Engine/Content/EngineMaterials/Substrate/Glints2/dict_0005_0186.uasset" 7330
"../../../Engine/Content/EngineMaterials/Substrate/Glints2/dict_0005_0187.uasset" 7331
"../../../Engine/Content/EngineMaterials/Substrate/Glints2/dict_0005_0188.uasset" 7332
"../../../Engine/Content/EngineMaterials/Substrate/Glints2/dict_0005_0189.uasset" 7333
"../../../Engine/Content/EngineMaterials/Substrate/Glints2/dict_0005_0190.uasset" 7334
"../../../Engine/Content/EngineMaterials/Substrate/Glints2/dict_0005_0191.uasset" 7335
"../../../Engine/Content/EngineMaterials/Substrate/Glints2/dict_0005_0192.uasset" 7336
"../../../Engine/Content/EngineMaterials/Substrate/Glints2/dict_0005_0193.uasset" 7337
"../../../Engine/Content/EngineMaterials/Substrate/Glints2/dict_0005_0194.uasset" 7338
"../../../Engine/Content/EngineMaterials/Substrate/Glints2/dict_0005_0195.uasset" 7339
"../../../Engine/Content/EngineMaterials/Substrate/Glints2/dict_0005_0196.uasset" 7340
"../../../Engine/Content/EngineMaterials/Substrate/Glints2/dict_0005_0197.uasset" 7341
"../../../Engine/Content/EngineMaterials/Substrate/Glints2/dict_0005_0198.uasset" 7342
"../../../Engine/Content/EngineMaterials/Substrate/Glints2/dict_0005_0199.uasset" 7343
"../../../Engine/Content/EngineMaterials/Substrate/Glints2/dict_0005_0200.uasset" 7344
"../../../Engine/Content/EngineMaterials/Substrate/Glints2/dict_0005_0201.uasset" 7345
"../../../Engine/Content/EngineMaterials/Substrate/Glints2/dict_0005_0202.uasset" 7346
"../../../Engine/Content/EngineMaterials/Substrate/Glints2/dict_0005_0203.uasset" 7347
"../../../Engine/Content/EngineMaterials/Substrate/Glints2/dict_0005_0204.uasset" 7348
"../../../Engine/Content/EngineMaterials/Substrate/Glints2/dict_0005_0205.uasset" 7349
"../../../Engine/Content/EngineMaterials/Substrate/Glints2/dict_0005_0206.uasset" 7350
"../../../Engine/Content/EngineMaterials/Substrate/Glints2/dict_0005_0207.uasset" 7351
"../../../Engine/Content/EngineMaterials/Substrate/Glints2/dict_0005_0208.uasset" 7352
"../../../Engine/Content/EngineMaterials/Substrate/Glints2/dict_0005_0209.uasset" 7353
"../../../Engine/Content/EngineMaterials/Substrate/Glints2/dict_0005_0210.uasset" 7354
"../../../Engine/Content/EngineMaterials/Substrate/Glints2/dict_0005_0211.uasset" 7355
"../../../Engine/Content/EngineMaterials/Substrate/Glints2/dict_0005_0212.uasset" 7356
"../../../Engine/Content/EngineMaterials/Substrate/Glints2/dict_0005_0213.uasset" 7357
"../../../Engine/Content/EngineMaterials/Substrate/Glints2/dict_0005_0214.uasset" 7358
"../../../Engine/Content/EngineMaterials/Substrate/Glints2/dict_0005_0215.uasset" 7359
"../../../Engine/Content/EngineMaterials/Substrate/Glints2/dict_0005_0216.uasset" 7360
"../../../Engine/Content/EngineMaterials/Substrate/Glints2/dict_0005_0217.uasset" 7361
"../../../Engine/Content/EngineMaterials/Substrate/Glints2/dict_0005_0218.uasset" 7362
"../../../Engine/Content/EngineMaterials/Substrate/Glints2/dict_0005_0219.uasset" 7363
"../../../Engine/Content/EngineMaterials/Substrate/Glints2/dict_0005_0220.uasset" 7364
"../../../Engine/Content/EngineMaterials/Substrate/Glints2/dict_0005_0221.uasset" 7365
"../../../Engine/Content/EngineMaterials/Substrate/Glints2/dict_0005_0222.uasset" 7366
"../../../Engine/Content/EngineMaterials/Substrate/Glints2/dict_0005_0223.uasset" 7367
"../../../Engine/Content/EngineMaterials/Substrate/Glints2/dict_0005_0224.uasset" 7368
"../../../Engine/Content/EngineMaterials/Substrate/Glints2/dict_0005_0225.uasset" 7369
"../../../Engine/Content/EngineMaterials/Substrate/Glints2/dict_0005_0226.uasset" 7370
"../../../Engine/Content/EngineMaterials/Substrate/Glints2/dict_0005_0227.uasset" 7371
"../../../Engine/Content/EngineMaterials/Substrate/Glints2/dict_0005_0228.uasset" 7372
"../../../Engine/Content/EngineMaterials/Substrate/Glints2/dict_0005_0229.uasset" 7373
"../../../Engine/Content/EngineMaterials/Substrate/Glints2/dict_0005_0230.uasset" 7374
"../../../Engine/Content/EngineMaterials/Substrate/Glints2/dict_0005_0231.uasset" 7375
"../../../Engine/Content/EngineMaterials/Substrate/Glints2/dict_0005_0232.uasset" 7376
"../../../Engine/Content/EngineMaterials/Substrate/Glints2/dict_0005_0233.uasset" 7377
"../../../Engine/Content/EngineMaterials/Substrate/Glints2/dict_0005_0234.uasset" 7378
"../../../Engine/Content/EngineMaterials/Substrate/Glints2/dict_0005_0235.uasset" 7379
"../../../Engine/Content/EngineMaterials/Substrate/Glints2/dict_0005_0236.uasset" 7380
"../../../Engine/Content/EngineMaterials/Substrate/Glints2/dict_0005_0237.uasset" 7381
"../../../Engine/Content/EngineMaterials/Substrate/Glints2/dict_0005_0238.uasset" 7382
"../../../Engine/Content/EngineMaterials/Substrate/Glints2/dict_0005_0239.uasset" 7383
"../../../Engine/Content/EngineMaterials/Substrate/Glints2/dict_0005_0240.uasset" 7384
"../../../Engine/Content/EngineMaterials/Substrate/Glints2/dict_0005_0241.uasset" 7385
"../../../Engine/Content/EngineMaterials/Substrate/Glints2/dict_0005_0242.uasset" 7386
"../../../Engine/Content/EngineMaterials/Substrate/Glints2/dict_0005_0243.uasset" 7387
"../../../Engine/Content/EngineMaterials/Substrate/Glints2/dict_0005_0244.uasset" 7388
"../../../Engine/Content/EngineMaterials/Substrate/Glints2/dict_0005_0245.uasset" 7389
"../../../Engine/Content/EngineMaterials/Substrate/Glints2/dict_0005_0246.uasset" 7390
"../../../Engine/Content/EngineMaterials/Substrate/Glints2/dict_0005_0247.uasset" 7391
"../../../Engine/Content/EngineMaterials/Substrate/Glints2/dict_0005_0248.uasset" 7392
"../../../Engine/Content/EngineMaterials/Substrate/Glints2/dict_0005_0249.uasset" 7393
"../../../Engine/Content/EngineMaterials/Substrate/Glints2/dict_0005_0250.uasset" 7394
"../../../Engine/Content/EngineMaterials/Substrate/Glints2/dict_0005_0251.uasset" 7395
"../../../Engine/Content/EngineMaterials/Substrate/Glints2/dict_0005_0252.uasset" 7396
"../../../Engine/Content/EngineMaterials/Substrate/Glints2/dict_0005_0253.uasset" 7397
"../../../Engine/Content/EngineMaterials/Substrate/Glints2/dict_0005_0254.uasset" 7398
"../../../Engine/Content/EngineMaterials/Substrate/Glints2/dict_0005_0255.uasset" 7399
"../../../Engine/Content/EngineMaterials/Substrate/Glints2/dict_0006_0000.uasset" 7400
"../../../Engine/Content/EngineMaterials/Substrate/Glints2/dict_0006_0001.uasset" 7401
"../../../Engine/Content/EngineMaterials/Substrate/Glints2/dict_0006_0002.uasset" 7402
"../../../Engine/Content/EngineMaterials/Substrate/Glints2/dict_0006_0003.uasset" 7403
"../../../Engine/Content/EngineMaterials/Substrate/Glints2/dict_0006_0004.uasset" 7404
"../../../Engine/Content/EngineMaterials/Substrate/Glints2/dict_0006_0005.uasset" 7405
"../../../Engine/Content/EngineMaterials/Substrate/Glints2/dict_0006_0006.uasset" 7406
"../../../Engine/Content/EngineMaterials/Substrate/Glints2/dict_0006_0007.uasset" 7407
"../../../Engine/Content/EngineMaterials/Substrate/Glints2/dict_0006_0008.uasset" 7408
"../../../Engine/Content/EngineMaterials/Substrate/Glints2/dict_0006_0009.uasset" 7409
"../../../Engine/Content/EngineMaterials/Substrate/Glints2/dict_0006_0010.uasset" 7410
"../../../Engine/Content/EngineMaterials/Substrate/Glints2/dict_0006_0011.uasset" 7411
"../../../Engine/Content/EngineMaterials/Substrate/Glints2/dict_0006_0012.uasset" 7412
"../../../Engine/Content/EngineMaterials/Substrate/Glints2/dict_0006_0013.uasset" 7413
"../../../Engine/Content/EngineMaterials/Substrate/Glints2/dict_0006_0014.uasset" 7414
"../../../Engine/Content/EngineMaterials/Substrate/Glints2/dict_0006_0015.uasset" 7415
"../../../Engine/Content/EngineMaterials/Substrate/Glints2/dict_0006_0016.uasset" 7416
"../../../Engine/Content/EngineMaterials/Substrate/Glints2/dict_0006_0017.uasset" 7417
"../../../Engine/Content/EngineMaterials/Substrate/Glints2/dict_0006_0018.uasset" 7418
"../../../Engine/Content/EngineMaterials/Substrate/Glints2/dict_0006_0019.uasset" 7419
"../../../Engine/Content/EngineMaterials/Substrate/Glints2/dict_0006_0020.uasset" 7420
"../../../Engine/Content/EngineMaterials/Substrate/Glints2/dict_0006_0021.uasset" 7421
"../../../Engine/Content/EngineMaterials/Substrate/Glints2/dict_0006_0022.uasset" 7422
"../../../Engine/Content/EngineMaterials/Substrate/Glints2/dict_0006_0023.uasset" 7423
"../../../Engine/Content/EngineMaterials/Substrate/Glints2/dict_0006_0024.uasset" 7424
"../../../Engine/Content/EngineMaterials/Substrate/Glints2/dict_0006_0025.uasset" 7425
"../../../Engine/Content/EngineMaterials/Substrate/Glints2/dict_0006_0026.uasset" 7426
"../../../Engine/Content/EngineMaterials/Substrate/Glints2/dict_0006_0027.uasset" 7427
"../../../Engine/Content/EngineMaterials/Substrate/Glints2/dict_0006_0028.uasset" 7428
"../../../Engine/Content/EngineMaterials/Substrate/Glints2/dict_0006_0029.uasset" 7429
"../../../Engine/Content/EngineMaterials/Substrate/Glints2/dict_0006_0030.uasset" 7430
"../../../Engine/Content/EngineMaterials/Substrate/Glints2/dict_0006_0031.uasset" 7431
"../../../Engine/Content/EngineMaterials/Substrate/Glints2/dict_0006_0032.uasset" 7432
"../../../Engine/Content/EngineMaterials/Substrate/Glints2/dict_0006_0033.uasset" 7433
"../../../Engine/Content/EngineMaterials/Substrate/Glints2/dict_0006_0034.uasset" 7434
"../../../Engine/Content/EngineMaterials/Substrate/Glints2/dict_0006_0035.uasset" 7435
"../../../Engine/Content/EngineMaterials/Substrate/Glints2/dict_0006_0036.uasset" 7436
"../../../Engine/Content/EngineMaterials/Substrate/Glints2/dict_0006_0037.uasset" 7437
"../../../Engine/Content/EngineMaterials/Substrate/Glints2/dict_0006_0038.uasset" 7438
"../../../Engine/Content/EngineMaterials/Substrate/Glints2/dict_0006_0039.uasset" 7439
"../../../Engine/Content/EngineMaterials/Substrate/Glints2/dict_0006_0040.uasset" 7440
"../../../Engine/Content/EngineMaterials/Substrate/Glints2/dict_0006_0041.uasset" 7441
"../../../Engine/Content/EngineMaterials/Substrate/Glints2/dict_0006_0042.uasset" 7442
"../../../Engine/Content/EngineMaterials/Substrate/Glints2/dict_0006_0043.uasset" 7443
"../../../Engine/Content/EngineMaterials/Substrate/Glints2/dict_0006_0044.uasset" 7444
"../../../Engine/Content/EngineMaterials/Substrate/Glints2/dict_0006_0045.uasset" 7445
"../../../Engine/Content/EngineMaterials/Substrate/Glints2/dict_0006_0046.uasset" 7446
"../../../Engine/Content/EngineMaterials/Substrate/Glints2/dict_0006_0047.uasset" 7447
"../../../Engine/Content/EngineMaterials/Substrate/Glints2/dict_0006_0048.uasset" 7448
"../../../Engine/Content/EngineMaterials/Substrate/Glints2/dict_0006_0049.uasset" 7449
"../../../Engine/Content/EngineMaterials/Substrate/Glints2/dict_0006_0050.uasset" 7450
"../../../Engine/Content/EngineMaterials/Substrate/Glints2/dict_0006_0051.uasset" 7451
"../../../Engine/Content/EngineMaterials/Substrate/Glints2/dict_0006_0052.uasset" 7452
"../../../Engine/Content/EngineMaterials/Substrate/Glints2/dict_0006_0053.uasset" 7453
"../../../Engine/Content/EngineMaterials/Substrate/Glints2/dict_0006_0054.uasset" 7454
"../../../Engine/Content/EngineMaterials/Substrate/Glints2/dict_0006_0055.uasset" 7455
"../../../Engine/Content/EngineMaterials/Substrate/Glints2/dict_0006_0056.uasset" 7456
"../../../Engine/Content/EngineMaterials/Substrate/Glints2/dict_0006_0057.uasset" 7457
"../../../Engine/Content/EngineMaterials/Substrate/Glints2/dict_0006_0058.uasset" 7458
"../../../Engine/Content/EngineMaterials/Substrate/Glints2/dict_0006_0059.uasset" 7459
"../../../Engine/Content/EngineMaterials/Substrate/Glints2/dict_0006_0060.uasset" 7460
"../../../Engine/Content/EngineMaterials/Substrate/Glints2/dict_0006_0061.uasset" 7461
"../../../Engine/Content/EngineMaterials/Substrate/Glints2/dict_0006_0062.uasset" 7462
"../../../Engine/Content/EngineMaterials/Substrate/Glints2/dict_0006_0063.uasset" 7463
"../../../Engine/Content/EngineMaterials/Substrate/Glints2/dict_0006_0064.uasset" 7464
"../../../Engine/Content/EngineMaterials/Substrate/Glints2/dict_0006_0065.uasset" 7465
"../../../Engine/Content/EngineMaterials/Substrate/Glints2/dict_0006_0066.uasset" 7466
"../../../Engine/Content/EngineMaterials/Substrate/Glints2/dict_0006_0067.uasset" 7467
"../../../Engine/Content/EngineMaterials/Substrate/Glints2/dict_0006_0068.uasset" 7468
"../../../Engine/Content/EngineMaterials/Substrate/Glints2/dict_0006_0069.uasset" 7469
"../../../Engine/Content/EngineMaterials/Substrate/Glints2/dict_0006_0070.uasset" 7470
"../../../Engine/Content/EngineMaterials/Substrate/Glints2/dict_0006_0071.uasset" 7471
"../../../Engine/Content/EngineMaterials/Substrate/Glints2/dict_0006_0072.uasset" 7472
"../../../Engine/Content/EngineMaterials/Substrate/Glints2/dict_0006_0073.uasset" 7473
"../../../Engine/Content/EngineMaterials/Substrate/Glints2/dict_0006_0074.uasset" 7474
"../../../Engine/Content/EngineMaterials/Substrate/Glints2/dict_0006_0075.uasset" 7475
"../../../Engine/Content/EngineMaterials/Substrate/Glints2/dict_0006_0076.uasset" 7476
"../../../Engine/Content/EngineMaterials/Substrate/Glints2/dict_0006_0077.uasset" 7477
"../../../Engine/Content/EngineMaterials/Substrate/Glints2/dict_0006_0078.uasset" 7478
"../../../Engine/Content/EngineMaterials/Substrate/Glints2/dict_0006_0079.uasset" 7479
"../../../Engine/Content/EngineMaterials/Substrate/Glints2/dict_0006_0080.uasset" 7480
"../../../Engine/Content/EngineMaterials/Substrate/Glints2/dict_0006_0081.uasset" 7481
"../../../Engine/Content/EngineMaterials/Substrate/Glints2/dict_0006_0082.uasset" 7482
"../../../Engine/Content/EngineMaterials/Substrate/Glints2/dict_0006_0083.uasset" 7483
"../../../Engine/Content/EngineMaterials/Substrate/Glints2/dict_0006_0084.uasset" 7484
"../../../Engine/Content/EngineMaterials/Substrate/Glints2/dict_0006_0085.uasset" 7485
"../../../Engine/Content/EngineMaterials/Substrate/Glints2/dict_0006_0086.uasset" 7486
"../../../Engine/Content/EngineMaterials/Substrate/Glints2/dict_0006_0087.uasset" 7487
"../../../Engine/Content/EngineMaterials/Substrate/Glints2/dict_0006_0088.uasset" 7488
"../../../Engine/Content/EngineMaterials/Substrate/Glints2/dict_0006_0089.uasset" 7489
"../../../Engine/Content/EngineMaterials/Substrate/Glints2/dict_0006_0090.uasset" 7490
"../../../Engine/Content/EngineMaterials/Substrate/Glints2/dict_0006_0091.uasset" 7491
"../../../Engine/Content/EngineMaterials/Substrate/Glints2/dict_0006_0092.uasset" 7492
"../../../Engine/Content/EngineMaterials/Substrate/Glints2/dict_0006_0093.uasset" 7493
"../../../Engine/Content/EngineMaterials/Substrate/Glints2/dict_0006_0094.uasset" 7494
"../../../Engine/Content/EngineMaterials/Substrate/Glints2/dict_0006_0095.uasset" 7495
"../../../Engine/Content/EngineMaterials/Substrate/Glints2/dict_0006_0096.uasset" 7496
"../../../Engine/Content/EngineMaterials/Substrate/Glints2/dict_0006_0097.uasset" 7497
"../../../Engine/Content/EngineMaterials/Substrate/Glints2/dict_0006_0098.uasset" 7498
"../../../Engine/Content/EngineMaterials/Substrate/Glints2/dict_0006_0099.uasset" 7499
"../../../Engine/Content/EngineMaterials/Substrate/Glints2/dict_0006_0100.uasset" 7500
"../../../Engine/Content/EngineMaterials/Substrate/Glints2/dict_0006_0101.uasset" 7501
"../../../Engine/Content/EngineMaterials/Substrate/Glints2/dict_0006_0102.uasset" 7502
"../../../Engine/Content/EngineMaterials/Substrate/Glints2/dict_0006_0103.uasset" 7503
"../../../Engine/Content/EngineMaterials/Substrate/Glints2/dict_0006_0104.uasset" 7504
"../../../Engine/Content/EngineMaterials/Substrate/Glints2/dict_0006_0105.uasset" 7505
"../../../Engine/Content/EngineMaterials/Substrate/Glints2/dict_0006_0106.uasset" 7506
"../../../Engine/Content/EngineMaterials/Substrate/Glints2/dict_0006_0107.uasset" 7507
"../../../Engine/Content/EngineMaterials/Substrate/Glints2/dict_0006_0108.uasset" 7508
"../../../Engine/Content/EngineMaterials/Substrate/Glints2/dict_0006_0109.uasset" 7509
"../../../Engine/Content/EngineMaterials/Substrate/Glints2/dict_0006_0110.uasset" 7510
"../../../Engine/Content/EngineMaterials/Substrate/Glints2/dict_0006_0111.uasset" 7511
"../../../Engine/Content/EngineMaterials/Substrate/Glints2/dict_0006_0112.uasset" 7512
"../../../Engine/Content/EngineMaterials/Substrate/Glints2/dict_0006_0113.uasset" 7513
"../../../Engine/Content/EngineMaterials/Substrate/Glints2/dict_0006_0114.uasset" 7514
"../../../Engine/Content/EngineMaterials/Substrate/Glints2/dict_0006_0115.uasset" 7515
"../../../Engine/Content/EngineMaterials/Substrate/Glints2/dict_0006_0116.uasset" 7516
"../../../Engine/Content/EngineMaterials/Substrate/Glints2/dict_0006_0117.uasset" 7517
"../../../Engine/Content/EngineMaterials/Substrate/Glints2/dict_0006_0118.uasset" 7518
"../../../Engine/Content/EngineMaterials/Substrate/Glints2/dict_0006_0119.uasset" 7519
"../../../Engine/Content/EngineMaterials/Substrate/Glints2/dict_0006_0120.uasset" 7520
"../../../Engine/Content/EngineMaterials/Substrate/Glints2/dict_0006_0121.uasset" 7521
"../../../Engine/Content/EngineMaterials/Substrate/Glints2/dict_0006_0122.uasset" 7522
"../../../Engine/Content/EngineMaterials/Substrate/Glints2/dict_0006_0123.uasset" 7523
"../../../Engine/Content/EngineMaterials/Substrate/Glints2/dict_0006_0124.uasset" 7524
"../../../Engine/Content/EngineMaterials/Substrate/Glints2/dict_0006_0125.uasset" 7525
"../../../Engine/Content/EngineMaterials/Substrate/Glints2/dict_0006_0126.uasset" 7526
"../../../Engine/Content/EngineMaterials/Substrate/Glints2/dict_0006_0127.uasset" 7527
"../../../Engine/Content/EngineMaterials/Substrate/Glints2/dict_0006_0128.uasset" 7528
"../../../Engine/Content/EngineMaterials/Substrate/Glints2/dict_0006_0129.uasset" 7529
"../../../Engine/Content/EngineMaterials/Substrate/Glints2/dict_0006_0130.uasset" 7530
"../../../Engine/Content/EngineMaterials/Substrate/Glints2/dict_0006_0131.uasset" 7531
"../../../Engine/Content/EngineMaterials/Substrate/Glints2/dict_0006_0132.uasset" 7532
"../../../Engine/Content/EngineMaterials/Substrate/Glints2/dict_0006_0133.uasset" 7533
"../../../Engine/Content/EngineMaterials/Substrate/Glints2/dict_0006_0134.uasset" 7534
"../../../Engine/Content/EngineMaterials/Substrate/Glints2/dict_0006_0135.uasset" 7535
"../../../Engine/Content/EngineMaterials/Substrate/Glints2/dict_0006_0136.uasset" 7536
"../../../Engine/Content/EngineMaterials/Substrate/Glints2/dict_0006_0137.uasset" 7537
"../../../Engine/Content/EngineMaterials/Substrate/Glints2/dict_0006_0138.uasset" 7538
"../../../Engine/Content/EngineMaterials/Substrate/Glints2/dict_0006_0139.uasset" 7539
"../../../Engine/Content/EngineMaterials/Substrate/Glints2/dict_0006_0140.uasset" 7540
"../../../Engine/Content/EngineMaterials/Substrate/Glints2/dict_0006_0141.uasset" 7541
"../../../Engine/Content/EngineMaterials/Substrate/Glints2/dict_0006_0142.uasset" 7542
"../../../Engine/Content/EngineMaterials/Substrate/Glints2/dict_0006_0143.uasset" 7543
"../../../Engine/Content/EngineMaterials/Substrate/Glints2/dict_0006_0144.uasset" 7544
"../../../Engine/Content/EngineMaterials/Substrate/Glints2/dict_0006_0145.uasset" 7545
"../../../Engine/Content/EngineMaterials/Substrate/Glints2/dict_0006_0146.uasset" 7546
"../../../Engine/Content/EngineMaterials/Substrate/Glints2/dict_0006_0147.uasset" 7547
"../../../Engine/Content/EngineMaterials/Substrate/Glints2/dict_0006_0148.uasset" 7548
"../../../Engine/Content/EngineMaterials/Substrate/Glints2/dict_0006_0149.uasset" 7549
"../../../Engine/Content/EngineMaterials/Substrate/Glints2/dict_0006_0150.uasset" 7550
"../../../Engine/Content/EngineMaterials/Substrate/Glints2/dict_0006_0151.uasset" 7551
"../../../Engine/Content/EngineMaterials/Substrate/Glints2/dict_0006_0152.uasset" 7552
"../../../Engine/Content/EngineMaterials/Substrate/Glints2/dict_0006_0153.uasset" 7553
"../../../Engine/Content/EngineMaterials/Substrate/Glints2/dict_0006_0154.uasset" 7554
"../../../Engine/Content/EngineMaterials/Substrate/Glints2/dict_0006_0155.uasset" 7555
"../../../Engine/Content/EngineMaterials/Substrate/Glints2/dict_0006_0156.uasset" 7556
"../../../Engine/Content/EngineMaterials/Substrate/Glints2/dict_0006_0157.uasset" 7557
"../../../Engine/Content/EngineMaterials/Substrate/Glints2/dict_0006_0158.uasset" 7558
"../../../Engine/Content/EngineMaterials/Substrate/Glints2/dict_0006_0159.uasset" 7559
"../../../Engine/Content/EngineMaterials/Substrate/Glints2/dict_0006_0160.uasset" 7560
"../../../Engine/Content/EngineMaterials/Substrate/Glints2/dict_0006_0161.uasset" 7561
"../../../Engine/Content/EngineMaterials/Substrate/Glints2/dict_0006_0162.uasset" 7562
"../../../Engine/Content/EngineMaterials/Substrate/Glints2/dict_0006_0163.uasset" 7563
"../../../Engine/Content/EngineMaterials/Substrate/Glints2/dict_0006_0164.uasset" 7564
"../../../Engine/Content/EngineMaterials/Substrate/Glints2/dict_0006_0165.uasset" 7565
"../../../Engine/Content/EngineMaterials/Substrate/Glints2/dict_0006_0166.uasset" 7566
"../../../Engine/Content/EngineMaterials/Substrate/Glints2/dict_0006_0167.uasset" 7567
"../../../Engine/Content/EngineMaterials/Substrate/Glints2/dict_0006_0168.uasset" 7568
"../../../Engine/Content/EngineMaterials/Substrate/Glints2/dict_0006_0169.uasset" 7569
"../../../Engine/Content/EngineMaterials/Substrate/Glints2/dict_0006_0170.uasset" 7570
"../../../Engine/Content/EngineMaterials/Substrate/Glints2/dict_0006_0171.uasset" 7571
"../../../Engine/Content/EngineMaterials/Substrate/Glints2/dict_0006_0172.uasset" 7572
"../../../Engine/Content/EngineMaterials/Substrate/Glints2/dict_0006_0173.uasset" 7573
"../../../Engine/Content/EngineMaterials/Substrate/Glints2/dict_0006_0174.uasset" 7574
"../../../Engine/Content/EngineMaterials/Substrate/Glints2/dict_0006_0175.uasset" 7575
"../../../Engine/Content/EngineMaterials/Substrate/Glints2/dict_0006_0176.uasset" 7576
"../../../Engine/Content/EngineMaterials/Substrate/Glints2/dict_0006_0177.uasset" 7577
"../../../Engine/Content/EngineMaterials/Substrate/Glints2/dict_0006_0178.uasset" 7578
"../../../Engine/Content/EngineMaterials/Substrate/Glints2/dict_0006_0179.uasset" 7579
"../../../Engine/Content/EngineMaterials/Substrate/Glints2/dict_0006_0180.uasset" 7580
"../../../Engine/Content/EngineMaterials/Substrate/Glints2/dict_0006_0181.uasset" 7581
"../../../Engine/Content/EngineMaterials/Substrate/Glints2/dict_0006_0182.uasset" 7582
"../../../Engine/Content/EngineMaterials/Substrate/Glints2/dict_0006_0183.uasset" 7583
"../../../Engine/Content/EngineMaterials/Substrate/Glints2/dict_0006_0184.uasset" 7584
"../../../Engine/Content/EngineMaterials/Substrate/Glints2/dict_0006_0185.uasset" 7585
"../../../Engine/Content/EngineMaterials/Substrate/Glints2/dict_0006_0186.uasset" 7586
"../../../Engine/Content/EngineMaterials/Substrate/Glints2/dict_0006_0187.uasset" 7587
"../../../Engine/Content/EngineMaterials/Substrate/Glints2/dict_0006_0188.uasset" 7588
"../../../Engine/Content/EngineMaterials/Substrate/Glints2/dict_0006_0189.uasset" 7589
"../../../Engine/Content/EngineMaterials/Substrate/Glints2/dict_0006_0190.uasset" 7590
"../../../Engine/Content/EngineMaterials/Substrate/Glints2/dict_0006_0191.uasset" 7591
"../../../Engine/Content/EngineMaterials/Substrate/Glints2/dict_0006_0192.uasset" 7592
"../../../Engine/Content/EngineMaterials/Substrate/Glints2/dict_0006_0193.uasset" 7593
"../../../Engine/Content/EngineMaterials/Substrate/Glints2/dict_0006_0194.uasset" 7594
"../../../Engine/Content/EngineMaterials/Substrate/Glints2/dict_0006_0195.uasset" 7595
"../../../Engine/Content/EngineMaterials/Substrate/Glints2/dict_0006_0196.uasset" 7596
"../../../Engine/Content/EngineMaterials/Substrate/Glints2/dict_0006_0197.uasset" 7597
"../../../Engine/Content/EngineMaterials/Substrate/Glints2/dict_0006_0198.uasset" 7598
"../../../Engine/Content/EngineMaterials/Substrate/Glints2/dict_0006_0199.uasset" 7599
"../../../Engine/Content/EngineMaterials/Substrate/Glints2/dict_0006_0200.uasset" 7600
"../../../Engine/Content/EngineMaterials/Substrate/Glints2/dict_0006_0201.uasset" 7601
"../../../Engine/Content/EngineMaterials/Substrate/Glints2/dict_0006_0202.uasset" 7602
"../../../Engine/Content/EngineMaterials/Substrate/Glints2/dict_0006_0203.uasset" 7603
"../../../Engine/Content/EngineMaterials/Substrate/Glints2/dict_0006_0204.uasset" 7604
"../../../Engine/Content/EngineMaterials/Substrate/Glints2/dict_0006_0205.uasset" 7605
"../../../Engine/Content/EngineMaterials/Substrate/Glints2/dict_0006_0206.uasset" 7606
"../../../Engine/Content/EngineMaterials/Substrate/Glints2/dict_0006_0207.uasset" 7607
"../../../Engine/Content/EngineMaterials/Substrate/Glints2/dict_0006_0208.uasset" 7608
"../../../Engine/Content/EngineMaterials/Substrate/Glints2/dict_0006_0209.uasset" 7609
"../../../Engine/Content/EngineMaterials/Substrate/Glints2/dict_0006_0210.uasset" 7610
"../../../Engine/Content/EngineMaterials/Substrate/Glints2/dict_0006_0211.uasset" 7611
"../../../Engine/Content/EngineMaterials/Substrate/Glints2/dict_0006_0212.uasset" 7612
"../../../Engine/Content/EngineMaterials/Substrate/Glints2/dict_0006_0213.uasset" 7613
"../../../Engine/Content/EngineMaterials/Substrate/Glints2/dict_0006_0214.uasset" 7614
"../../../Engine/Content/EngineMaterials/Substrate/Glints2/dict_0006_0215.uasset" 7615
"../../../Engine/Content/EngineMaterials/Substrate/Glints2/dict_0006_0216.uasset" 7616
"../../../Engine/Content/EngineMaterials/Substrate/Glints2/dict_0006_0217.uasset" 7617
"../../../Engine/Content/EngineMaterials/Substrate/Glints2/dict_0006_0218.uasset" 7618
"../../../Engine/Content/EngineMaterials/Substrate/Glints2/dict_0006_0219.uasset" 7619
"../../../Engine/Content/EngineMaterials/Substrate/Glints2/dict_0006_0220.uasset" 7620
"../../../Engine/Content/EngineMaterials/Substrate/Glints2/dict_0006_0221.uasset" 7621
"../../../Engine/Content/EngineMaterials/Substrate/Glints2/dict_0006_0222.uasset" 7622
"../../../Engine/Content/EngineMaterials/Substrate/Glints2/dict_0006_0223.uasset" 7623
"../../../Engine/Content/EngineMaterials/Substrate/Glints2/dict_0006_0224.uasset" 7624
"../../../Engine/Content/EngineMaterials/Substrate/Glints2/dict_0006_0225.uasset" 7625
"../../../Engine/Content/EngineMaterials/Substrate/Glints2/dict_0006_0226.uasset" 7626
"../../../Engine/Content/EngineMaterials/Substrate/Glints2/dict_0006_0227.uasset" 7627
"../../../Engine/Content/EngineMaterials/Substrate/Glints2/dict_0006_0228.uasset" 7628
"../../../Engine/Content/EngineMaterials/Substrate/Glints2/dict_0006_0229.uasset" 7629
"../../../Engine/Content/EngineMaterials/Substrate/Glints2/dict_0006_0230.uasset" 7630
"../../../Engine/Content/EngineMaterials/Substrate/Glints2/dict_0006_0231.uasset" 7631
"../../../Engine/Content/EngineMaterials/Substrate/Glints2/dict_0006_0232.uasset" 7632
"../../../Engine/Content/EngineMaterials/Substrate/Glints2/dict_0006_0233.uasset" 7633
"../../../Engine/Content/EngineMaterials/Substrate/Glints2/dict_0006_0234.uasset" 7634
"../../../Engine/Content/EngineMaterials/Substrate/Glints2/dict_0006_0235.uasset" 7635
"../../../Engine/Content/EngineMaterials/Substrate/Glints2/dict_0006_0236.uasset" 7636
"../../../Engine/Content/EngineMaterials/Substrate/Glints2/dict_0006_0237.uasset" 7637
"../../../Engine/Content/EngineMaterials/Substrate/Glints2/dict_0006_0238.uasset" 7638
"../../../Engine/Content/EngineMaterials/Substrate/Glints2/dict_0006_0239.uasset" 7639
"../../../Engine/Content/EngineMaterials/Substrate/Glints2/dict_0006_0240.uasset" 7640
"../../../Engine/Content/EngineMaterials/Substrate/Glints2/dict_0006_0241.uasset" 7641
"../../../Engine/Content/EngineMaterials/Substrate/Glints2/dict_0006_0242.uasset" 7642
"../../../Engine/Content/EngineMaterials/Substrate/Glints2/dict_0006_0243.uasset" 7643
"../../../Engine/Content/EngineMaterials/Substrate/Glints2/dict_0006_0244.uasset" 7644
"../../../Engine/Content/EngineMaterials/Substrate/Glints2/dict_0006_0245.uasset" 7645
"../../../Engine/Content/EngineMaterials/Substrate/Glints2/dict_0006_0246.uasset" 7646
"../../../Engine/Content/EngineMaterials/Substrate/Glints2/dict_0006_0247.uasset" 7647
"../../../Engine/Content/EngineMaterials/Substrate/Glints2/dict_0006_0248.uasset" 7648
"../../../Engine/Content/EngineMaterials/Substrate/Glints2/dict_0006_0249.uasset" 7649
"../../../Engine/Content/EngineMaterials/Substrate/Glints2/dict_0006_0250.uasset" 7650
"../../../Engine/Content/EngineMaterials/Substrate/Glints2/dict_0006_0251.uasset" 7651
"../../../Engine/Content/EngineMaterials/Substrate/Glints2/dict_0006_0252.uasset" 7652
"../../../Engine/Content/EngineMaterials/Substrate/Glints2/dict_0006_0253.uasset" 7653
"../../../Engine/Content/EngineMaterials/Substrate/Glints2/dict_0006_0254.uasset" 7654
"../../../Engine/Content/EngineMaterials/Substrate/Glints2/dict_0006_0255.uasset" 7655
"../../../Engine/Content/EngineMaterials/Substrate/Glints2/dict_0007_0000.uasset" 7656
"../../../Engine/Content/EngineMaterials/Substrate/Glints2/dict_0007_0001.uasset" 7657
"../../../Engine/Content/EngineMaterials/Substrate/Glints2/dict_0007_0002.uasset" 7658
"../../../Engine/Content/EngineMaterials/Substrate/Glints2/dict_0007_0003.uasset" 7659
"../../../Engine/Content/EngineMaterials/Substrate/Glints2/dict_0007_0004.uasset" 7660
"../../../Engine/Content/EngineMaterials/Substrate/Glints2/dict_0007_0005.uasset" 7661
"../../../Engine/Content/EngineMaterials/Substrate/Glints2/dict_0007_0006.uasset" 7662
"../../../Engine/Content/EngineMaterials/Substrate/Glints2/dict_0007_0007.uasset" 7663
"../../../Engine/Content/EngineMaterials/Substrate/Glints2/dict_0007_0008.uasset" 7664
"../../../Engine/Content/EngineMaterials/Substrate/Glints2/dict_0007_0009.uasset" 7665
"../../../Engine/Content/EngineMaterials/Substrate/Glints2/dict_0007_0010.uasset" 7666
"../../../Engine/Content/EngineMaterials/Substrate/Glints2/dict_0007_0011.uasset" 7667
"../../../Engine/Content/EngineMaterials/Substrate/Glints2/dict_0007_0012.uasset" 7668
"../../../Engine/Content/EngineMaterials/Substrate/Glints2/dict_0007_0013.uasset" 7669
"../../../Engine/Content/EngineMaterials/Substrate/Glints2/dict_0007_0014.uasset" 7670
"../../../Engine/Content/EngineMaterials/Substrate/Glints2/dict_0007_0015.uasset" 7671
"../../../Engine/Content/EngineMaterials/Substrate/Glints2/dict_0007_0016.uasset" 7672
"../../../Engine/Content/EngineMaterials/Substrate/Glints2/dict_0007_0017.uasset" 7673
"../../../Engine/Content/EngineMaterials/Substrate/Glints2/dict_0007_0018.uasset" 7674
"../../../Engine/Content/EngineMaterials/Substrate/Glints2/dict_0007_0019.uasset" 7675
"../../../Engine/Content/EngineMaterials/Substrate/Glints2/dict_0007_0020.uasset" 7676
"../../../Engine/Content/EngineMaterials/Substrate/Glints2/dict_0007_0021.uasset" 7677
"../../../Engine/Content/EngineMaterials/Substrate/Glints2/dict_0007_0022.uasset" 7678
"../../../Engine/Content/EngineMaterials/Substrate/Glints2/dict_0007_0023.uasset" 7679
"../../../Engine/Content/EngineMaterials/Substrate/Glints2/dict_0007_0024.uasset" 7680
"../../../Engine/Content/EngineMaterials/Substrate/Glints2/dict_0007_0025.uasset" 7681
"../../../Engine/Content/EngineMaterials/Substrate/Glints2/dict_0007_0026.uasset" 7682
"../../../Engine/Content/EngineMaterials/Substrate/Glints2/dict_0007_0027.uasset" 7683
"../../../Engine/Content/EngineMaterials/Substrate/Glints2/dict_0007_0028.uasset" 7684
"../../../Engine/Content/EngineMaterials/Substrate/Glints2/dict_0007_0029.uasset" 7685
"../../../Engine/Content/EngineMaterials/Substrate/Glints2/dict_0007_0030.uasset" 7686
"../../../Engine/Content/EngineMaterials/Substrate/Glints2/dict_0007_0031.uasset" 7687
"../../../Engine/Content/EngineMaterials/Substrate/Glints2/dict_0007_0032.uasset" 7688
"../../../Engine/Content/EngineMaterials/Substrate/Glints2/dict_0007_0033.uasset" 7689
"../../../Engine/Content/EngineMaterials/Substrate/Glints2/dict_0007_0034.uasset" 7690
"../../../Engine/Content/EngineMaterials/Substrate/Glints2/dict_0007_0035.uasset" 7691
"../../../Engine/Content/EngineMaterials/Substrate/Glints2/dict_0007_0036.uasset" 7692
"../../../Engine/Content/EngineMaterials/Substrate/Glints2/dict_0007_0037.uasset" 7693
"../../../Engine/Content/EngineMaterials/Substrate/Glints2/dict_0007_0038.uasset" 7694
"../../../Engine/Content/EngineMaterials/Substrate/Glints2/dict_0007_0039.uasset" 7695
"../../../Engine/Content/EngineMaterials/Substrate/Glints2/dict_0007_0040.uasset" 7696
"../../../Engine/Content/EngineMaterials/Substrate/Glints2/dict_0007_0041.uasset" 7697
"../../../Engine/Content/EngineMaterials/Substrate/Glints2/dict_0007_0042.uasset" 7698
"../../../Engine/Content/EngineMaterials/Substrate/Glints2/dict_0007_0043.uasset" 7699
"../../../Engine/Content/EngineMaterials/Substrate/Glints2/dict_0007_0044.uasset" 7700
"../../../Engine/Content/EngineMaterials/Substrate/Glints2/dict_0007_0045.uasset" 7701
"../../../Engine/Content/EngineMaterials/Substrate/Glints2/dict_0007_0046.uasset" 7702
"../../../Engine/Content/EngineMaterials/Substrate/Glints2/dict_0007_0047.uasset" 7703
"../../../Engine/Content/EngineMaterials/Substrate/Glints2/dict_0007_0048.uasset" 7704
"../../../Engine/Content/EngineMaterials/Substrate/Glints2/dict_0007_0049.uasset" 7705
"../../../Engine/Content/EngineMaterials/Substrate/Glints2/dict_0007_0050.uasset" 7706
"../../../Engine/Content/EngineMaterials/Substrate/Glints2/dict_0007_0051.uasset" 7707
"../../../Engine/Content/EngineMaterials/Substrate/Glints2/dict_0007_0052.uasset" 7708
"../../../Engine/Content/EngineMaterials/Substrate/Glints2/dict_0007_0053.uasset" 7709
"../../../Engine/Content/EngineMaterials/Substrate/Glints2/dict_0007_0054.uasset" 7710
"../../../Engine/Content/EngineMaterials/Substrate/Glints2/dict_0007_0055.uasset" 7711
"../../../Engine/Content/EngineMaterials/Substrate/Glints2/dict_0007_0056.uasset" 7712
"../../../Engine/Content/EngineMaterials/Substrate/Glints2/dict_0007_0057.uasset" 7713
"../../../Engine/Content/EngineMaterials/Substrate/Glints2/dict_0007_0058.uasset" 7714
"../../../Engine/Content/EngineMaterials/Substrate/Glints2/dict_0007_0059.uasset" 7715
"../../../Engine/Content/EngineMaterials/Substrate/Glints2/dict_0007_0060.uasset" 7716
"../../../Engine/Content/EngineMaterials/Substrate/Glints2/dict_0007_0061.uasset" 7717
"../../../Engine/Content/EngineMaterials/Substrate/Glints2/dict_0007_0062.uasset" 7718
"../../../Engine/Content/EngineMaterials/Substrate/Glints2/dict_0007_0063.uasset" 7719
"../../../Engine/Content/EngineMaterials/Substrate/Glints2/dict_0007_0064.uasset" 7720
"../../../Engine/Content/EngineMaterials/Substrate/Glints2/dict_0007_0065.uasset" 7721
"../../../Engine/Content/EngineMaterials/Substrate/Glints2/dict_0007_0066.uasset" 7722
"../../../Engine/Content/EngineMaterials/Substrate/Glints2/dict_0007_0067.uasset" 7723
"../../../Engine/Content/EngineMaterials/Substrate/Glints2/dict_0007_0068.uasset" 7724
"../../../Engine/Content/EngineMaterials/Substrate/Glints2/dict_0007_0069.uasset" 7725
"../../../Engine/Content/EngineMaterials/Substrate/Glints2/dict_0007_0070.uasset" 7726
"../../../Engine/Content/EngineMaterials/Substrate/Glints2/dict_0007_0071.uasset" 7727
"../../../Engine/Content/EngineMaterials/Substrate/Glints2/dict_0007_0072.uasset" 7728
"../../../Engine/Content/EngineMaterials/Substrate/Glints2/dict_0007_0073.uasset" 7729
"../../../Engine/Content/EngineMaterials/Substrate/Glints2/dict_0007_0074.uasset" 7730
"../../../Engine/Content/EngineMaterials/Substrate/Glints2/dict_0007_0075.uasset" 7731
"../../../Engine/Content/EngineMaterials/Substrate/Glints2/dict_0007_0076.uasset" 7732
"../../../Engine/Content/EngineMaterials/Substrate/Glints2/dict_0007_0077.uasset" 7733
"../../../Engine/Content/EngineMaterials/Substrate/Glints2/dict_0007_0078.uasset" 7734
"../../../Engine/Content/EngineMaterials/Substrate/Glints2/dict_0007_0079.uasset" 7735
"../../../Engine/Content/EngineMaterials/Substrate/Glints2/dict_0007_0080.uasset" 7736
"../../../Engine/Content/EngineMaterials/Substrate/Glints2/dict_0007_0081.uasset" 7737
"../../../Engine/Content/EngineMaterials/Substrate/Glints2/dict_0007_0082.uasset" 7738
"../../../Engine/Content/EngineMaterials/Substrate/Glints2/dict_0007_0083.uasset" 7739
"../../../Engine/Content/EngineMaterials/Substrate/Glints2/dict_0007_0084.uasset" 7740
"../../../Engine/Content/EngineMaterials/Substrate/Glints2/dict_0007_0085.uasset" 7741
"../../../Engine/Content/EngineMaterials/Substrate/Glints2/dict_0007_0086.uasset" 7742
"../../../Engine/Content/EngineMaterials/Substrate/Glints2/dict_0007_0087.uasset" 7743
"../../../Engine/Content/EngineMaterials/Substrate/Glints2/dict_0007_0088.uasset" 7744
"../../../Engine/Content/EngineMaterials/Substrate/Glints2/dict_0007_0089.uasset" 7745
"../../../Engine/Content/EngineMaterials/Substrate/Glints2/dict_0007_0090.uasset" 7746
"../../../Engine/Content/EngineMaterials/Substrate/Glints2/dict_0007_0091.uasset" 7747
"../../../Engine/Content/EngineMaterials/Substrate/Glints2/dict_0007_0092.uasset" 7748
"../../../Engine/Content/EngineMaterials/Substrate/Glints2/dict_0007_0093.uasset" 7749
"../../../Engine/Content/EngineMaterials/Substrate/Glints2/dict_0007_0094.uasset" 7750
"../../../Engine/Content/EngineMaterials/Substrate/Glints2/dict_0007_0095.uasset" 7751
"../../../Engine/Content/EngineMaterials/Substrate/Glints2/dict_0007_0096.uasset" 7752
"../../../Engine/Content/EngineMaterials/Substrate/Glints2/dict_0007_0097.uasset" 7753
"../../../Engine/Content/EngineMaterials/Substrate/Glints2/dict_0007_0098.uasset" 7754
"../../../Engine/Content/EngineMaterials/Substrate/Glints2/dict_0007_0099.uasset" 7755
"../../../Engine/Content/EngineMaterials/Substrate/Glints2/dict_0007_0100.uasset" 7756
"../../../Engine/Content/EngineMaterials/Substrate/Glints2/dict_0007_0101.uasset" 7757
"../../../Engine/Content/EngineMaterials/Substrate/Glints2/dict_0007_0102.uasset" 7758
"../../../Engine/Content/EngineMaterials/Substrate/Glints2/dict_0007_0103.uasset" 7759
"../../../Engine/Content/EngineMaterials/Substrate/Glints2/dict_0007_0104.uasset" 7760
"../../../Engine/Content/EngineMaterials/Substrate/Glints2/dict_0007_0105.uasset" 7761
"../../../Engine/Content/EngineMaterials/Substrate/Glints2/dict_0007_0106.uasset" 7762
"../../../Engine/Content/EngineMaterials/Substrate/Glints2/dict_0007_0107.uasset" 7763
"../../../Engine/Content/EngineMaterials/Substrate/Glints2/dict_0007_0108.uasset" 7764
"../../../Engine/Content/EngineMaterials/Substrate/Glints2/dict_0007_0109.uasset" 7765
"../../../Engine/Content/EngineMaterials/Substrate/Glints2/dict_0007_0110.uasset" 7766
"../../../Engine/Content/EngineMaterials/Substrate/Glints2/dict_0007_0111.uasset" 7767
"../../../Engine/Content/EngineMaterials/Substrate/Glints2/dict_0007_0112.uasset" 7768
"../../../Engine/Content/EngineMaterials/Substrate/Glints2/dict_0007_0113.uasset" 7769
"../../../Engine/Content/EngineMaterials/Substrate/Glints2/dict_0007_0114.uasset" 7770
"../../../Engine/Content/EngineMaterials/Substrate/Glints2/dict_0007_0115.uasset" 7771
"../../../Engine/Content/EngineMaterials/Substrate/Glints2/dict_0007_0116.uasset" 7772
"../../../Engine/Content/EngineMaterials/Substrate/Glints2/dict_0007_0117.uasset" 7773
"../../../Engine/Content/EngineMaterials/Substrate/Glints2/dict_0007_0118.uasset" 7774
"../../../Engine/Content/EngineMaterials/Substrate/Glints2/dict_0007_0119.uasset" 7775
"../../../Engine/Content/EngineMaterials/Substrate/Glints2/dict_0007_0120.uasset" 7776
"../../../Engine/Content/EngineMaterials/Substrate/Glints2/dict_0007_0121.uasset" 7777
"../../../Engine/Content/EngineMaterials/Substrate/Glints2/dict_0007_0122.uasset" 7778
"../../../Engine/Content/EngineMaterials/Substrate/Glints2/dict_0007_0123.uasset" 7779
"../../../Engine/Content/EngineMaterials/Substrate/Glints2/dict_0007_0124.uasset" 7780
"../../../Engine/Content/EngineMaterials/Substrate/Glints2/dict_0007_0125.uasset" 7781
"../../../Engine/Content/EngineMaterials/Substrate/Glints2/dict_0007_0126.uasset" 7782
"../../../Engine/Content/EngineMaterials/Substrate/Glints2/dict_0007_0127.uasset" 7783
"../../../Engine/Content/EngineMaterials/Substrate/Glints2/dict_0007_0128.uasset" 7784
"../../../Engine/Content/EngineMaterials/Substrate/Glints2/dict_0007_0129.uasset" 7785
"../../../Engine/Content/EngineMaterials/Substrate/Glints2/dict_0007_0130.uasset" 7786
"../../../Engine/Content/EngineMaterials/Substrate/Glints2/dict_0007_0131.uasset" 7787
"../../../Engine/Content/EngineMaterials/Substrate/Glints2/dict_0007_0132.uasset" 7788
"../../../Engine/Content/EngineMaterials/Substrate/Glints2/dict_0007_0133.uasset" 7789
"../../../Engine/Content/EngineMaterials/Substrate/Glints2/dict_0007_0134.uasset" 7790
"../../../Engine/Content/EngineMaterials/Substrate/Glints2/dict_0007_0135.uasset" 7791
"../../../Engine/Content/EngineMaterials/Substrate/Glints2/dict_0007_0136.uasset" 7792
"../../../Engine/Content/EngineMaterials/Substrate/Glints2/dict_0007_0137.uasset" 7793
"../../../Engine/Content/EngineMaterials/Substrate/Glints2/dict_0007_0138.uasset" 7794
"../../../Engine/Content/EngineMaterials/Substrate/Glints2/dict_0007_0139.uasset" 7795
"../../../Engine/Content/EngineMaterials/Substrate/Glints2/dict_0007_0140.uasset" 7796
"../../../Engine/Content/EngineMaterials/Substrate/Glints2/dict_0007_0141.uasset" 7797
"../../../Engine/Content/EngineMaterials/Substrate/Glints2/dict_0007_0142.uasset" 7798
"../../../Engine/Content/EngineMaterials/Substrate/Glints2/dict_0007_0143.uasset" 7799
"../../../Engine/Content/EngineMaterials/Substrate/Glints2/dict_0007_0144.uasset" 7800
"../../../Engine/Content/EngineMaterials/Substrate/Glints2/dict_0007_0145.uasset" 7801
"../../../Engine/Content/EngineMaterials/Substrate/Glints2/dict_0007_0146.uasset" 7802
"../../../Engine/Content/EngineMaterials/Substrate/Glints2/dict_0007_0147.uasset" 7803
"../../../Engine/Content/EngineMaterials/Substrate/Glints2/dict_0007_0148.uasset" 7804
"../../../Engine/Content/EngineMaterials/Substrate/Glints2/dict_0007_0149.uasset" 7805
"../../../Engine/Content/EngineMaterials/Substrate/Glints2/dict_0007_0150.uasset" 7806
"../../../Engine/Content/EngineMaterials/Substrate/Glints2/dict_0007_0151.uasset" 7807
"../../../Engine/Content/EngineMaterials/Substrate/Glints2/dict_0007_0152.uasset" 7808
"../../../Engine/Content/EngineMaterials/Substrate/Glints2/dict_0007_0153.uasset" 7809
"../../../Engine/Content/EngineMaterials/Substrate/Glints2/dict_0007_0154.uasset" 7810
"../../../Engine/Content/EngineMaterials/Substrate/Glints2/dict_0007_0155.uasset" 7811
"../../../Engine/Content/EngineMaterials/Substrate/Glints2/dict_0007_0156.uasset" 7812
"../../../Engine/Content/EngineMaterials/Substrate/Glints2/dict_0007_0157.uasset" 7813
"../../../Engine/Content/EngineMaterials/Substrate/Glints2/dict_0007_0158.uasset" 7814
"../../../Engine/Content/EngineMaterials/Substrate/Glints2/dict_0007_0159.uasset" 7815
"../../../Engine/Content/EngineMaterials/Substrate/Glints2/dict_0007_0160.uasset" 7816
"../../../Engine/Content/EngineMaterials/Substrate/Glints2/dict_0007_0161.uasset" 7817
"../../../Engine/Content/EngineMaterials/Substrate/Glints2/dict_0007_0162.uasset" 7818
"../../../Engine/Content/EngineMaterials/Substrate/Glints2/dict_0007_0163.uasset" 7819
"../../../Engine/Content/EngineMaterials/Substrate/Glints2/dict_0007_0164.uasset" 7820
"../../../Engine/Content/EngineMaterials/Substrate/Glints2/dict_0007_0165.uasset" 7821
"../../../Engine/Content/EngineMaterials/Substrate/Glints2/dict_0007_0166.uasset" 7822
"../../../Engine/Content/EngineMaterials/Substrate/Glints2/dict_0007_0167.uasset" 7823
"../../../Engine/Content/EngineMaterials/Substrate/Glints2/dict_0007_0168.uasset" 7824
"../../../Engine/Content/EngineMaterials/Substrate/Glints2/dict_0007_0169.uasset" 7825
"../../../Engine/Content/EngineMaterials/Substrate/Glints2/dict_0007_0170.uasset" 7826
"../../../Engine/Content/EngineMaterials/Substrate/Glints2/dict_0007_0171.uasset" 7827
"../../../Engine/Content/EngineMaterials/Substrate/Glints2/dict_0007_0172.uasset" 7828
"../../../Engine/Content/EngineMaterials/Substrate/Glints2/dict_0007_0173.uasset" 7829
"../../../Engine/Content/EngineMaterials/Substrate/Glints2/dict_0007_0174.uasset" 7830
"../../../Engine/Content/EngineMaterials/Substrate/Glints2/dict_0007_0175.uasset" 7831
"../../../Engine/Content/EngineMaterials/Substrate/Glints2/dict_0007_0176.uasset" 7832
"../../../Engine/Content/EngineMaterials/Substrate/Glints2/dict_0007_0177.uasset" 7833
"../../../Engine/Content/EngineMaterials/Substrate/Glints2/dict_0007_0178.uasset" 7834
"../../../Engine/Content/EngineMaterials/Substrate/Glints2/dict_0007_0179.uasset" 7835
"../../../Engine/Content/EngineMaterials/Substrate/Glints2/dict_0007_0180.uasset" 7836
"../../../Engine/Content/EngineMaterials/Substrate/Glints2/dict_0007_0181.uasset" 7837
"../../../Engine/Content/EngineMaterials/Substrate/Glints2/dict_0007_0182.uasset" 7838
"../../../Engine/Content/EngineMaterials/Substrate/Glints2/dict_0007_0183.uasset" 7839
"../../../Engine/Content/EngineMaterials/Substrate/Glints2/dict_0007_0184.uasset" 7840
"../../../Engine/Content/EngineMaterials/Substrate/Glints2/dict_0007_0185.uasset" 7841
"../../../Engine/Content/EngineMaterials/Substrate/Glints2/dict_0007_0186.uasset" 7842
"../../../Engine/Content/EngineMaterials/Substrate/Glints2/dict_0007_0187.uasset" 7843
"../../../Engine/Content/EngineMaterials/Substrate/Glints2/dict_0007_0188.uasset" 7844
"../../../Engine/Content/EngineMaterials/Substrate/Glints2/dict_0007_0189.uasset" 7845
"../../../Engine/Content/EngineMaterials/Substrate/Glints2/dict_0007_0190.uasset" 7846
"../../../Engine/Content/EngineMaterials/Substrate/Glints2/dict_0007_0191.uasset" 7847
"../../../Engine/Content/EngineMaterials/Substrate/Glints2/dict_0007_0192.uasset" 7848
"../../../Engine/Content/EngineMaterials/Substrate/Glints2/dict_0007_0193.uasset" 7849
"../../../Engine/Content/EngineMaterials/Substrate/Glints2/dict_0007_0194.uasset" 7850
"../../../Engine/Content/EngineMaterials/Substrate/Glints2/dict_0007_0195.uasset" 7851
"../../../Engine/Content/EngineMaterials/Substrate/Glints2/dict_0007_0196.uasset" 7852
"../../../Engine/Content/EngineMaterials/Substrate/Glints2/dict_0007_0197.uasset" 7853
"../../../Engine/Content/EngineMaterials/Substrate/Glints2/dict_0007_0198.uasset" 7854
"../../../Engine/Content/EngineMaterials/Substrate/Glints2/dict_0007_0199.uasset" 7855
"../../../Engine/Content/EngineMaterials/Substrate/Glints2/dict_0007_0200.uasset" 7856
"../../../Engine/Content/EngineMaterials/Substrate/Glints2/dict_0007_0201.uasset" 7857
"../../../Engine/Content/EngineMaterials/Substrate/Glints2/dict_0007_0202.uasset" 7858
"../../../Engine/Content/EngineMaterials/Substrate/Glints2/dict_0007_0203.uasset" 7859
"../../../Engine/Content/EngineMaterials/Substrate/Glints2/dict_0007_0204.uasset" 7860
"../../../Engine/Content/EngineMaterials/Substrate/Glints2/dict_0007_0205.uasset" 7861
"../../../Engine/Content/EngineMaterials/Substrate/Glints2/dict_0007_0206.uasset" 7862
"../../../Engine/Content/EngineMaterials/Substrate/Glints2/dict_0007_0207.uasset" 7863
"../../../Engine/Content/EngineMaterials/Substrate/Glints2/dict_0007_0208.uasset" 7864
"../../../Engine/Content/EngineMaterials/Substrate/Glints2/dict_0007_0209.uasset" 7865
"../../../Engine/Content/EngineMaterials/Substrate/Glints2/dict_0007_0210.uasset" 7866
"../../../Engine/Content/EngineMaterials/Substrate/Glints2/dict_0007_0211.uasset" 7867
"../../../Engine/Content/EngineMaterials/Substrate/Glints2/dict_0007_0212.uasset" 7868
"../../../Engine/Content/EngineMaterials/Substrate/Glints2/dict_0007_0213.uasset" 7869
"../../../Engine/Content/EngineMaterials/Substrate/Glints2/dict_0007_0214.uasset" 7870
"../../../Engine/Content/EngineMaterials/Substrate/Glints2/dict_0007_0215.uasset" 7871
"../../../Engine/Content/EngineMaterials/Substrate/Glints2/dict_0007_0216.uasset" 7872
"../../../Engine/Content/EngineMaterials/Substrate/Glints2/dict_0007_0217.uasset" 7873
"../../../Engine/Content/EngineMaterials/Substrate/Glints2/dict_0007_0218.uasset" 7874
"../../../Engine/Content/EngineMaterials/Substrate/Glints2/dict_0007_0219.uasset" 7875
"../../../Engine/Content/EngineMaterials/Substrate/Glints2/dict_0007_0220.uasset" 7876
"../../../Engine/Content/EngineMaterials/Substrate/Glints2/dict_0007_0221.uasset" 7877
"../../../Engine/Content/EngineMaterials/Substrate/Glints2/dict_0007_0222.uasset" 7878
"../../../Engine/Content/EngineMaterials/Substrate/Glints2/dict_0007_0223.uasset" 7879
"../../../Engine/Content/EngineMaterials/Substrate/Glints2/dict_0007_0224.uasset" 7880
"../../../Engine/Content/EngineMaterials/Substrate/Glints2/dict_0007_0225.uasset" 7881
"../../../Engine/Content/EngineMaterials/Substrate/Glints2/dict_0007_0226.uasset" 7882
"../../../Engine/Content/EngineMaterials/Substrate/Glints2/dict_0007_0227.uasset" 7883
"../../../Engine/Content/EngineMaterials/Substrate/Glints2/dict_0007_0228.uasset" 7884
"../../../Engine/Content/EngineMaterials/Substrate/Glints2/dict_0007_0229.uasset" 7885
"../../../Engine/Content/EngineMaterials/Substrate/Glints2/dict_0007_0230.uasset" 7886
"../../../Engine/Content/EngineMaterials/Substrate/Glints2/dict_0007_0231.uasset" 7887
"../../../Engine/Content/EngineMaterials/Substrate/Glints2/dict_0007_0232.uasset" 7888
"../../../Engine/Content/EngineMaterials/Substrate/Glints2/dict_0007_0233.uasset" 7889
"../../../Engine/Content/EngineMaterials/Substrate/Glints2/dict_0007_0234.uasset" 7890
"../../../Engine/Content/EngineMaterials/Substrate/Glints2/dict_0007_0235.uasset" 7891
"../../../Engine/Content/EngineMaterials/Substrate/Glints2/dict_0007_0236.uasset" 7892
"../../../Engine/Content/EngineMaterials/Substrate/Glints2/dict_0007_0237.uasset" 7893
"../../../Engine/Content/EngineMaterials/Substrate/Glints2/dict_0007_0238.uasset" 7894
"../../../Engine/Content/EngineMaterials/Substrate/Glints2/dict_0007_0239.uasset" 7895
"../../../Engine/Content/EngineMaterials/Substrate/Glints2/dict_0007_0240.uasset" 7896
"../../../Engine/Content/EngineMaterials/Substrate/Glints2/dict_0007_0241.uasset" 7897
"../../../Engine/Content/EngineMaterials/Substrate/Glints2/dict_0007_0242.uasset" 7898
"../../../Engine/Content/EngineMaterials/Substrate/Glints2/dict_0007_0243.uasset" 7899
"../../../Engine/Content/EngineMaterials/Substrate/Glints2/dict_0007_0244.uasset" 7900
"../../../Engine/Content/EngineMaterials/Substrate/Glints2/dict_0007_0245.uasset" 7901
"../../../Engine/Content/EngineMaterials/Substrate/Glints2/dict_0007_0246.uasset" 7902
"../../../Engine/Content/EngineMaterials/Substrate/Glints2/dict_0007_0247.uasset" 7903
"../../../Engine/Content/EngineMaterials/Substrate/Glints2/dict_0007_0248.uasset" 7904
"../../../Engine/Content/EngineMaterials/Substrate/Glints2/dict_0007_0249.uasset" 7905
"../../../Engine/Content/EngineMaterials/Substrate/Glints2/dict_0007_0250.uasset" 7906
"../../../Engine/Content/EngineMaterials/Substrate/Glints2/dict_0007_0251.uasset" 7907
"../../../Engine/Content/EngineMaterials/Substrate/Glints2/dict_0007_0252.uasset" 7908
"../../../Engine/Content/EngineMaterials/Substrate/Glints2/dict_0007_0253.uasset" 7909
"../../../Engine/Content/EngineMaterials/Substrate/Glints2/dict_0007_0254.uasset" 7910
"../../../Engine/Content/EngineMaterials/Substrate/Glints2/dict_0007_0255.uasset" 7911
"/Game/Levels/LayerInfos/Gravel_LayerInfo" 7912
"/Game/Levels/LayerInfos/Concrete_LayerInfo_1" 7913
"/Game/Levels/LayerInfos/Grass_LayerInfo" 7914
"/Game/AI/BTService_IsEnemyAlive" 7915
"C:/Program Files/Epic Games/Unreal Projects/HaloFloodFanGame01 5.5/Content/Levels/LayerInfos/Dirt_LayerInfo.uasset" 7916
"C:/Program Files/Epic Games/Unreal Projects/HaloFloodFanGame01 5.5/Content/AI/BP_SmartObjectInterface.uasset" 7917
"C:/Program Files/Epic Games/Unreal Projects/HaloFloodFanGame01 5.5/Content/EditorTools/IconGenerator.uasset" 7918
"../../../Engine/Content/EditorBlueprintResources/StandardMacros.uasset" 7919
"C:/Program Files/Epic Games/Unreal Projects/HaloFloodFanGame01 5.5/Content/UI/WBP_Loadscreen.uasset" 7920
"C:/Program Files/Epic Games/Unreal Projects/HaloFloodFanGame01 5.5/Content/Levels/LayerInfos/Asphalt_LayerInfo.uasset" 7921
"C:/Program Files/Epic Games/Unreal Projects/HaloFloodFanGame01 5.5/Content/FirstPerson/Input/IMC_Default.uasset" 7922
"C:/Program Files/Epic Games/Unreal Projects/HaloFloodFanGame01 5.5/Content/Landscape/MF_MacroVariation.uasset" 7923
"C:/Program Files/Epic Games/Unreal Projects/HaloFloodFanGame01 5.5/Content/Characters/Elite/v4/anims/elite_anims_dodge_right.uasset" 7924
"C:/Program Files/Epic Games/Unreal Projects/HaloFloodFanGame01 5.5/Content/StarterContent/Materials/M_Concrete_Tiles.uasset" 7925
"../../../Engine/Content/Functions/Engine_MaterialFunctions01/ImageAdjustment/3ColorBlend.uasset" 7926
"../../../Engine/Content/Functions/Engine_MaterialFunctions01/ImageAdjustment/CheapContrast.uasset" 7927
"C:/Program Files/Epic Games/Unreal Projects/HaloFloodFanGame01 5.5/Content/Characters/Elite/v4/anims/elite_anims_dodge_left.uasset" 7928
"C:/Program Files/Epic Games/Unreal Projects/HaloFloodFanGame01 5.5/Content/StarterContent/Materials/M_Concrete_Poured.uasset" 7929
"C:/Program Files/Epic Games/Unreal Projects/HaloFloodFanGame01 5.5/Content/Vehicles/Car/ABP_Car00.uasset" 7930
"C:/Program Files/Epic Games/Unreal Projects/HaloFloodFanGame01 5.5/Content/Objects/UNSCCover/unsccovermini.uasset" 7931
"C:/Program Files/Epic Games/Unreal Projects/HaloFloodFanGame01 5.5/Content/Objects/UNSCWeaponRack/WeaponRack.uasset" 7932
"C:/Program Files/Epic Games/Unreal Projects/HaloFloodFanGame01 5.5/Content/Landscape/Props/Barricade/BarbedBarricade.uasset" 7933
"C:/Program Files/Epic Games/Unreal Projects/HaloFloodFanGame01 5.5/Content/Landscape/Props/UNSCBox/UNSCBox.uasset" 7934
"C:/Program Files/Epic Games/Unreal Projects/HaloFloodFanGame01 5.5/Content/Objects/UNSC_DropPod/DropPod01.uasset" 7935
"/Game/AI/BTService_SetFocus" 7936
"/Game/AI/BTTask_SetFocus" 7937
"/Game/AI/BTTask_SetHasSmartObject" 7938
"/Game/AI/BTTask_GetRandomPointAroundKey" 7939
"/Game/AI/BTTask_FindPlayer" 7940
"/Game/WBP_Ping" 7941
"/Game/UI/WBP_CommandMarker" 7942
"/Game/UI/WBP_ReqItem" 7943
"/Game/M_BuildPreview" 7944
"/Game/Landscape/Props/Barricade/BarbedBarricade" 7945
"/Game/Objects/UNSCWeaponRack/WeaponRack" 7946
"/Game/Landscape/Props/UNSCBox/UNSCBox" 7947
"C:/Program Files/Epic Games/Unreal Projects/HaloFloodFanGame01 5.5/Content/Sounds/MS_SpnkrFire.uasset" 7948
"../../../Engine/Plugins/PCG/Content/SampleContent/SimpleForest/Meshes/PCG_Boulder_02.uasset" 7949
"C:/Program Files/Epic Games/Unreal Projects/HaloFloodFanGame01 5.5/Content/MI_Fog.uasset" 7950
"C:/Program Files/Epic Games/Unreal Projects/HaloFloodFanGame01 5.5/Content/Objects/UNSCCover/unsccover00.uasset" 7951
"C:/Program Files/Epic Games/Unreal Projects/HaloFloodFanGame01 5.5/Content/CitySampleVehicles/Material/MaterialLayer/Textures/aluminum/Aluminum_Normal.uasset" 7952
"C:/Program Files/Epic Games/Unreal Projects/HaloFloodFanGame01 5.5/Content/StarterContent/Materials/M_Water_Lake.uasset" 7953
"C:/Program Files/Epic Games/Unreal Projects/HaloFloodFanGame01 5.5/Content/Core/Shared/M_BulletDecal.uasset" 7954
"C:/Program Files/Epic Games/Unreal Projects/HaloFloodFanGame01 5.5/Content/Vehicles/Ghost01/ghost.uasset" 7955
"C:/Program Files/Epic Games/Unreal Projects/HaloFloodFanGame01 5.5/Content/Vehicles/DropPod/DropPodPanel.uasset" 7956
"C:/Program Files/Epic Games/Unreal Projects/HaloFloodFanGame01 5.5/Content/Objects/fog.uasset" 7957
"C:/Program Files/Epic Games/Unreal Projects/HaloFloodFanGame01 5.5/Content/CitySampleVehicles/Material/MaterialLayer/Textures/aluminum/Aluminum_Metallic.uasset" 7958
"C:/Program Files/Epic Games/Unreal Projects/HaloFloodFanGame01 5.5/Content/M_UnderwaterPP.uasset" 7959
"C:/Program Files/Epic Games/Unreal Projects/HaloFloodFanGame01 5.5/Content/StarterContent/Materials/M_CobbleStone_Pebble.uasset" 7960
"/Game/Objects/UNSC_DropPod/DropPod01" 7961
"/Game/Objects/UNSCCover/unsccovermini" 7962
"/Game/Vehicles/Car/ABP_Car00" 7963
"/Game/StarterContent/Materials/M_Concrete_Poured" 7964
"/Game/StarterContent/Materials/M_Concrete_Tiles" 7965
"/Game/Landscape/MF_MacroVariation" 7966
"/Game/Characters/Elite/v4/anims/elite_anims_dodge_left" 7967
"/Game/Characters/Elite/v4/anims/elite_anims_dodge_right" 7968
"/Engine/Functions/Engine_MaterialFunctions01/ImageAdjustment/3ColorBlend" 7969
"/Engine/Functions/Engine_MaterialFunctions01/ImageAdjustment/CheapContrast" 7970
"/Game/FirstPerson/Input/IMC_Default" 7971
"/Game/UI/WBP_Loadscreen" 7972
"/Game/Levels/LayerInfos/Asphalt_LayerInfo" 7973
"/Game/EditorTools/IconGenerator" 7974
"/Game/AI/BP_SmartObjectInterface" 7975
"/Game/Levels/LayerInfos/Dirt_LayerInfo" 7976
"/Game/CitySampleVehicles/Material/MaterialLayer/Textures/aluminum/Aluminum_Metallic" 7977
"../../../../Unreal Projects/HaloFloodFanGame01 5.5/Content/CitySampleVehicles/AssetGuidelines/CitySampleVehicleGuideline_VT.uasset" 7978
"C:/Program Files/Epic Games/Unreal Projects/HaloFloodFanGame01 5.5/Content/Characters/InfectionForm/v2/anims/infectionForm_anims_Falling.uasset" 7979
"C:/Program Files/Epic Games/Unreal Projects/HaloFloodFanGame01 5.5/Content/Vehicles/Wraith/wraith.uasset" 7980
"C:/Program Files/Epic Games/Unreal Projects/HaloFloodFanGame01 5.5/Content/Characters/Elite/v4/anims/elite_anims_Death_01.uasset" 7981
"C:/Program Files/Epic Games/Unreal Projects/HaloFloodFanGame01 5.5/Content/Characters/InfectionForm/A_Infect.uasset" 7982
"C:/Program Files/Epic Games/Unreal Projects/HaloFloodFanGame01 5.5/Content/Vehicles/MS_MetalThud.uasset" 7983
"C:/Program Files/Epic Games/Unreal Projects/HaloFloodFanGame01 5.5/Content/CitySampleVehicles/Material/MaterialLayer/Textures/T_Grunge_Dirt_02_N.uasset" 7984
"C:/Program Files/Epic Games/Unreal Projects/HaloFloodFanGame01 5.5/Content/Characters/InfectionForm/v2/anims/infectionForm_anims_Infect.uasset" 7985
"C:/Program Files/Epic Games/Unreal Projects/HaloFloodFanGame01 5.5/Content/CitySampleVehicles/Material/MaterialLayer/Textures/T_Grunge_Dirt_01_C.uasset" 7986
"C:/Program Files/Epic Games/Unreal Projects/HaloFloodFanGame01 5.5/Content/Characters/InfectionForm/v2/anims/infectionForm_anims_Add_Pulsate.uasset" 7987
"C:/Program Files/Epic Games/Unreal Projects/HaloFloodFanGame01 5.5/Content/Sounds/MS_FusionCoilExplosion.uasset" 7988
"C:/Program Files/Epic Games/Unreal Projects/HaloFloodFanGame01 5.5/Content/CitySampleVehicles/Material/MaterialLayer/Textures/T_Grunge_Dirt_02_C.uasset" 7989
"C:/Program Files/Epic Games/Unreal Projects/HaloFloodFanGame01 5.5/Content/Characters/Elite/Materials/M_EliteUndersuit.uasset" 7990
"C:/Program Files/Epic Games/Unreal Projects/HaloFloodFanGame01 5.5/Content/Characters/Elite/v4/anims/elite_anims_Add_Hit_Front.uasset" 7991
"C:/Program Files/Epic Games/Unreal Projects/HaloFloodFanGame01 5.5/Content/Characters/Elite/v4/anims/elite_anims_Pistol_Alert_Idle.uasset" 7992
"C:/Program Files/Epic Games/Unreal Projects/HaloFloodFanGame01 5.5/Content/Characters/Elite/v4/anims/elite_anims_Pistol_Airborne.uasset" 7993
"C:/Program Files/Epic Games/Unreal Projects/HaloFloodFanGame01 5.5/Content/Characters/Elite/v4/anims/elite_anims_Pistol_Add_Fire.uasset" 7994
"C:/Program Files/Epic Games/Unreal Projects/HaloFloodFanGame01 5.5/Content/Characters/Elite/v4/anims/elite_anims_Pistol_Melee.uasset" 7995
"C:/Program Files/Epic Games/Unreal Projects/HaloFloodFanGame01 5.5/Content/Characters/Elite/v4/anims/elite_anims_Pistol_Alert_Idle_Crouch.uasset" 7996
"/Game/CitySampleVehicles/Material/MaterialLayer/Textures/aluminum/Aluminum_Normal" 7997
"C:/Program Files/Epic Games/Unreal Projects/HaloFloodFanGame01 5.5/Content/CitySampleVehicles/Material/MaterialLayer/Textures/T_Concrete_02_N.uasset" 7998
"/Game/Sounds/MS_SpnkrFire" 7999
"/Game/Core/Shared/M_BulletDecal" 8000
"/Game/Vehicles/Ghost01/ghost" 8001
"../../../../Unreal Projects/HaloFloodFanGame01 5.5/Content/Vehicles/Ghost01/ghost.uasset" 8002
"/Game/Objects/fog" 8003
"/PCG/SampleContent/SimpleForest/Meshes/PCG_Boulder_02" 8004
"/Game/MI_Fog" 8005
"/Game/StarterContent/Materials/M_CobbleStone_Pebble" 8006
"/Game/M_UnderwaterPP" 8007
"/Game/StarterContent/Materials/M_Water_Lake" 8008
"/Game/Objects/UNSCCover/unsccover00" 8009
"/Game/Vehicles/DropPod/DropPodPanel" 8010
"/Game/Characters/Elite/v4/anims/elite_anims_Pistol_Melee" 8011
"/Game/Characters/Elite/v4/anims/elite_anims_Pistol_Airborne" 8012
"C:/Program Files/Epic Games/Unreal Projects/HaloFloodFanGame01 5.5/Content/Characters/Elite/v4/anims/elite_anims_ThrowGrenade.uasset" 8013
"C:/Program Files/Epic Games/Unreal Projects/HaloFloodFanGame01 5.5/Content/Characters/Elite/v4/anims/elite_anims_Pistol_Walk_Backwards.uasset" 8014
"C:/Program Files/Epic Games/Unreal Projects/HaloFloodFanGame01 5.5/Content/Characters/FPModel2/Hands18_Anim_Armature_VM_Rifle_Fire.uasset" 8015
"C:/Program Files/Epic Games/Unreal Projects/HaloFloodFanGame01 5.5/Content/Characters/Elite/v4/anims/elite_anims_Pistol_DodgeRoll.uasset" 8016
"C:/Program Files/Epic Games/Unreal Projects/HaloFloodFanGame01 5.5/Content/Characters/InfectionForm/v2/anims/infectionForm_anims_Idle_001.uasset" 8017
"C:/Program Files/Epic Games/Unreal Projects/HaloFloodFanGame01 5.5/Content/Characters/Elite/v4/anims/elite_anims_Pistol_Walk_Forward.uasset" 8018
"C:/Program Files/Epic Games/Unreal Projects/HaloFloodFanGame01 5.5/Content/Characters/FPModel2/Hands18_Anim_Armature_VM_Rifle_Holster.uasset" 8019
"C:/Program Files/Epic Games/Unreal Projects/HaloFloodFanGame01 5.5/Content/Characters/FPModel2/Hands18.uasset" 8020
"/Game/Characters/Elite/v4/anims/elite_anims_Pistol_Alert_Idle_Crouch" 8021
"C:/Program Files/Epic Games/Unreal Projects/HaloFloodFanGame01 5.5/Content/Characters/InfectionForm/v2/anims/infectionForm_anims_Run_001.uasset" 8022
"C:/Program Files/Epic Games/Unreal Projects/HaloFloodFanGame01 5.5/Content/Characters/FPModel2/Hands18_Anim_Armature_VM_Rifle_Draw.uasset" 8023
"C:/Program Files/Epic Games/Unreal Projects/HaloFloodFanGame01 5.5/Content/Characters/Elite/v4/anims/elite_anims_pistol_Aim_Forward.uasset" 8024
"C:/Program Files/Epic Games/Unreal Projects/HaloFloodFanGame01 5.5/Content/Characters/FPModel2/Hands18_Anim_Armature_VM_Rifle_Reload.uasset" 8025
"C:/Program Files/Epic Games/Unreal Projects/HaloFloodFanGame01 5.5/Content/Characters/FPModel2/Hands18_Anim_Armature_VM_Rifle_Idle.uasset" 8026
"C:/Program Files/Epic Games/Unreal Projects/HaloFloodFanGame01 5.5/DerivedDataCache/VT/TEXTURE_7C16439390E24F1F9468894FB4D4BC55_VTCHUNKA39A6BAC84B172F2B4F0160A7EFF0E3A3EF3F82C" 8027
"C:/Program Files/Epic Games/Unreal Projects/HaloFloodFanGame01 5.5/DerivedDataCache/VT/TEXTURE_7C16439390E24F1F9468894FB4D4BC55_VTCHUNKA59FED01448D6063B1CC1E9CA6BDD415B9D912AA" 8028
"/Game/Characters/Elite/v4/anims/elite_anims_Add_Hit_Front" 8029
"/Game/Characters/Elite/v4/anims/elite_anims_Pistol_Add_Fire" 8030
"/Game/Characters/Elite/v4/anims/elite_anims_Pistol_Alert_Idle" 8031
"/Game/Characters/Elite/v4/anims/elite_anims_Death_01" 8032
"/Game/Characters/InfectionForm/v2/anims/infectionForm_anims_Falling" 8033
"/Game/Characters/InfectionForm/v2/anims/infectionForm_anims_Add_Pulsate" 8034
"/Game/Characters/InfectionForm/v2/anims/infectionForm_anims_Infect" 8035
"/Game/Characters/InfectionForm/A_Infect" 8036
"/Game/Vehicles/MS_MetalThud" 8037
"/Game/Sounds/MS_FusionCoilExplosion" 8038
"/Game/Vehicles/Wraith/wraith" 8039
"../../../../Unreal Projects/HaloFloodFanGame01 5.5/Content/Vehicles/Wraith/wraith.uasset" 8040
"/Game/Characters/Elite/Materials/M_EliteUndersuit" 8041
"/Game/CitySampleVehicles/Material/MaterialLayer/Textures/T_Grunge_Dirt_01_C" 8042
"/Game/CitySampleVehicles/Material/MaterialLayer/Textures/T_Concrete_02_N" 8043
"/Game/CitySampleVehicles/Material/MaterialLayer/Textures/T_Grunge_Dirt_02_C" 8044
"/Game/CitySampleVehicles/Material/MaterialLayer/Textures/T_Grunge_Dirt_02_N" 8045
"/Game/Characters/FPModel2/Hands18_Anim_Armature_VM_Rifle_Reload" 8046
"/Game/Characters/FPModel2/Hands18_Anim_Armature_VM_Rifle_Draw" 8047
"/Game/Characters/FPModel2/Hands18_Anim_Armature_VM_Rifle_Holster" 8048
"C:/Program Files/Epic Games/Unreal Projects/HaloFloodFanGame01 5.5/Content/Characters/FPModel2/NewFolder/Hands18_Add_None.uasset" 8049
"C:/Program Files/Epic Games/Unreal Projects/HaloFloodFanGame01 5.5/Content/Characters/FPModel/Anims/A_ThrowGrenade.uasset" 8050
"C:/Program Files/Epic Games/Unreal Projects/HaloFloodFanGame01 5.5/Content/Characters/Carrier/V2/anims/Carrier_anims_Walk_Unalerted.uasset" 8051
"C:/Program Files/Epic Games/Unreal Projects/HaloFloodFanGame01 5.5/Content/Characters/Carrier/V2/anims/Carrier_anims_Add_Pulsating.uasset" 8052
"C:/Program Files/Epic Games/Unreal Projects/HaloFloodFanGame01 5.5/Content/Characters/FPModel2/NewFolder/Hands_anims_Falling_loop.uasset" 8053
"C:/Program Files/Epic Games/Unreal Projects/HaloFloodFanGame01 5.5/Content/Sounds/MS_GenericExplosion01.uasset" 8054
"/Game/Characters/FPModel2/Hands18_Anim_Armature_VM_Rifle_Fire" 8055
"C:/Program Files/Epic Games/Unreal Projects/HaloFloodFanGame01 5.5/Content/Characters/FPModel/SK_Hands2.uasset" 8056
"/Game/Characters/FPModel2/Hands18" 8057
"C:/Program Files/Epic Games/Unreal Projects/HaloFloodFanGame01 5.5/Content/Vehicles/DropPod/DropPod.uasset" 8058
"C:/Program Files/Epic Games/Unreal Projects/HaloFloodFanGame01 5.5/Content/Weapons/Glock/Glock.uasset" 8059
"C:/Program Files/Epic Games/Unreal Projects/HaloFloodFanGame01 5.5/Content/Characters/Carrier/carrier_19_fixedanims_Anim_Armature_Run_Alerted.uasset" 8060
"C:/Program Files/Epic Games/Unreal Projects/HaloFloodFanGame01 5.5/Content/Characters/FPModel2/NewFolder/Hands_anims_Falling_end.uasset" 8061
"C:/Program Files/Epic Games/Unreal Projects/HaloFloodFanGame01 5.5/Content/Characters/Carrier/V2/anims/Carrier_anims_SuicideBomb.uasset" 8062
"../../../Engine/Content/EngineSky/M_Sky_Panning_Clouds2.uasset" 8063
"C:/Program Files/Epic Games/Unreal Projects/HaloFloodFanGame01 5.5/Content/FirstPerson/Input/IMC_PDA.uasset" 8064
"C:/Program Files/Epic Games/Unreal Projects/HaloFloodFanGame01 5.5/Content/Characters/Carrier/V2/anims/Carrier_anims_Idle_Unalerted.uasset" 8065
"C:/Program Files/Epic Games/Unreal Projects/HaloFloodFanGame01 5.5/Content/UI/WBP_Title.uasset" 8066
"C:/Program Files/Epic Games/Unreal Projects/HaloFloodFanGame01 5.5/Content/Characters/FPModel2/NewFolder/Hands18_Lean_None.uasset" 8067
"/Game/Characters/FPModel2/Hands18_Anim_Armature_VM_Rifle_Idle" 8068
"C:/Program Files/Epic Games/Unreal Projects/HaloFloodFanGame01 5.5/Content/Characters/Carrier/V2/anims/Carrier_anims_Idle_Alerted.uasset" 8069
"C:/Program Files/Epic Games/Unreal Projects/HaloFloodFanGame01 5.5/Content/Objects/Halo/Material.uasset" 8070
"/Game/Characters/Elite/v4/anims/elite_anims_Pistol_DodgeRoll" 8071
"/Game/Characters/Elite/v4/anims/elite_anims_pistol_Aim_Forward" 8072
"/Game/Characters/Elite/v4/anims/elite_anims_Pistol_Walk_Forward" 8073
"/Game/Characters/Elite/v4/anims/elite_anims_Pistol_Walk_Backwards" 8074
"/Game/Characters/InfectionForm/v2/anims/infectionForm_anims_Run_001" 8075
"/Game/Characters/InfectionForm/v2/anims/infectionForm_anims_Idle_001" 8076
"/Game/Characters/Elite/v4/anims/elite_anims_ThrowGrenade" 8077
"/Game/Objects/Halo/Material" 8078
"/Game/UI/WBP_Title" 8079
"C:/Program Files/Epic Games/Unreal Projects/HaloFloodFanGame01 5.5/Content/M_WaterCaustics.uasset" 8080
"../../../Engine/Content/EngineMeshes/SkeletalCube.uasset" 8081
"C:/Program Files/Epic Games/Unreal Projects/HaloFloodFanGame01 5.5/Content/Characters/Elite/Materials/M_EliteSkin.uasset" 8082
"C:/Program Files/Epic Games/Unreal Projects/HaloFloodFanGame01 5.5/Content/Sounds/MS_FuelCannonFire.uasset" 8083
"C:/Program Files/Epic Games/Unreal Projects/HaloFloodFanGame01 5.5/Content/UI/WBP_Bullet.uasset" 8084
"C:/Program Files/Epic Games/Unreal Projects/HaloFloodFanGame01 5.5/Content/StarterContent/Particles/Materials/M_smoke_subUV.uasset" 8085
"C:/Program Files/Epic Games/Unreal Projects/HaloFloodFanGame01 5.5/Content/Vehicles/Turret/Turret.uasset" 8086
"C:/Program Files/Epic Games/Unreal Projects/HaloFloodFanGame01 5.5/Content/Core/Weapons/WBP_ScopeOverlay.uasset" 8087
"C:/Program Files/Epic Games/Unreal Projects/HaloFloodFanGame01 5.5/Content/Sounds/MS_CarbineFire.uasset" 8088
"C:/Program Files/Epic Games/Unreal Projects/HaloFloodFanGame01 5.5/Content/UI/WBP_GrenadeElementWidget.uasset" 8089
"C:/Program Files/Epic Games/Unreal Projects/HaloFloodFanGame01 5.5/Content/UI/WBP_NotificationBox.uasset" 8090
"C:/Program Files/Epic Games/Unreal Projects/HaloFloodFanGame01 5.5/Content/UI/M_HealthBar.uasset" 8091
"C:/Program Files/Epic Games/Unreal Projects/HaloFloodFanGame01 5.5/Content/CitySampleVehicles/Input/Generic/IM_LC_InputMapping.uasset" 8092
"/Engine/EngineSky/M_Sky_Panning_Clouds2" 8093
"C:/Program Files/Epic Games/Unreal Projects/HaloFloodFanGame01 5.5/DerivedDataCache/VT/TEXTURE_7C16439390E24F1F9468894FB4D4BC55_VTCHUNKB26B3CAAF9FD8D95FCB6490A7B3AC2CB590258B0" 8094
"C:/Program Files/Epic Games/Unreal Projects/HaloFloodFanGame01 5.5/DerivedDataCache/VT/TEXTURE_7C16439390E24F1F9468894FB4D4BC55_VTCHUNK574FAFA2101D2A610066D5B6EBDD2544E6CA25CD" 8095
"/Game/FirstPerson/Input/IMC_PDA" 8096
"/Game/Vehicles/DropPod/DropPod" 8097
"../../../../Unreal Projects/HaloFloodFanGame01 5.5/Content/Vehicles/DropPod/DropPod.uasset" 8098
"/Game/Weapons/Glock/Glock" 8099
"../../../../Unreal Projects/HaloFloodFanGame01 5.5/Content/Weapons/Glock/Glock.uasset" 8100
"/Game/Characters/Carrier/V2/anims/Carrier_anims_Idle_Alerted" 8101
"/Game/Characters/Carrier/V2/anims/Carrier_anims_Walk_Unalerted" 8102
"C:/Program Files/Epic Games/Unreal Projects/HaloFloodFanGame01 5.5/DerivedDataCache/VT/TEXTURE_7C16439390E24F1F9468894FB4D4BC55_VTCHUNK4A5A51576F417B0994D5F1580CA1DDA4F85DA021" 8103
"/Game/Characters/Carrier/V2/anims/Carrier_anims_Idle_Unalerted" 8104
"/Game/Characters/Carrier/V2/anims/Carrier_anims_SuicideBomb" 8105
"/Game/Characters/Carrier/V2/anims/Carrier_anims_Add_Pulsating" 8106
"/Game/Characters/FPModel/Anims/A_ThrowGrenade" 8107
"/Game/Characters/FPModel/SK_Hands2" 8108
"../../../../Unreal Projects/HaloFloodFanGame01 5.5/Content/Characters/FPModel/SK_Hands2.uasset" 8109
"/Game/Characters/Carrier/carrier_19_fixedanims_Anim_Armature_Run_Alerted" 8110
"/Game/Sounds/MS_GenericExplosion01" 8111
"/Game/Characters/FPModel2/NewFolder/Hands18_Lean_None" 8112
"/Game/Characters/FPModel2/NewFolder/Hands18_Add_None" 8113
"/Game/Characters/FPModel2/NewFolder/Hands_anims_Falling_loop" 8114
"/Game/Characters/FPModel2/NewFolder/Hands_anims_Falling_end" 8115
"/Game/CitySampleVehicles/Input/Generic/IM_LC_InputMapping" 8116
"/Engine/EngineMeshes/SkeletalCube" 8117
"/Game/UI/M_HealthBar" 8118
"C:/Program Files/Epic Games/Unreal Projects/HaloFloodFanGame01 5.5/Content/Core/Shared/M_BloodDecalGround.uasset" 8119
"C:/Program Files/Epic Games/Unreal Projects/HaloFloodFanGame01 5.5/Content/Objects/Flare/Flare_LP.uasset" 8120
"C:/Program Files/Epic Games/Unreal Projects/HaloFloodFanGame01 5.5/Content/Weapons/SMG/SMG_Body_Mat.uasset" 8121
"C:/Program Files/Epic Games/Unreal Projects/HaloFloodFanGame01 5.5/Content/M_GenericDecal.uasset" 8122
"C:/Program Files/Epic Games/Unreal Projects/HaloFloodFanGame01 5.5/Content/Weapons/DMR/DMR_Scope_Shader.uasset" 8123
"C:/Program Files/Epic Games/Unreal Projects/HaloFloodFanGame01 5.5/Content/Weapons/SMG/SMG_Scope_Mat.uasset" 8124
"C:/Program Files/Epic Games/Unreal Projects/HaloFloodFanGame01 5.5/Content/Weapons/DMR/Ammo_Count_Shader.uasset" 8125
"/Game/UI/WBP_GrenadeElementWidget" 8126
"C:/Program Files/Epic Games/Unreal Projects/HaloFloodFanGame01 5.5/Content/StarterContent/Props/Materials/M_Bush.uasset" 8127
"C:/Program Files/Epic Games/Unreal Projects/HaloFloodFanGame01 5.5/Content/Core/Shared/M_ParticleBloodDecal.uasset" 8128
"C:/Program Files/Epic Games/Unreal Projects/HaloFloodFanGame01 5.5/Content/Core/Shared/M_BloodDecal.uasset" 8129
"C:/Program Files/Epic Games/Unreal Projects/HaloFloodFanGame01 5.5/Content/Weapons/Shotgun/Pump.uasset" 8130
"C:/Program Files/Epic Games/Unreal Projects/HaloFloodFanGame01 5.5/Content/Weapons/SPNKRRocketLauncher/initialShadingGroup1.uasset" 8131
"C:/Program Files/Epic Games/Unreal Projects/HaloFloodFanGame01 5.5/Content/Vehicles/Banshee/banshee.uasset" 8132
"C:/Program Files/Epic Games/Unreal Projects/HaloFloodFanGame01 5.5/Content/Weapons/Shotgun/Other.uasset" 8133
"C:/Program Files/Epic Games/Unreal Projects/HaloFloodFanGame01 5.5/Content/Weapons/Shotgun/Base.uasset" 8134
"C:/Program Files/Epic Games/Unreal Projects/HaloFloodFanGame01 5.5/Content/Weapons/Shotgun/Base2.uasset" 8135
"C:/Program Files/Epic Games/Unreal Projects/HaloFloodFanGame01 5.5/Content/Weapons/DMR/DMR_Gun_Shader.uasset" 8136
"C:/Program Files/Epic Games/Unreal Projects/HaloFloodFanGame01 5.5/Content/Weapons/BattleRifle/DefaultMaterial.uasset" 8137
"/Game/UI/WBP_NotificationBox" 8138
"/Game/Vehicles/Turret/Turret" 8139
"../../../../Unreal Projects/HaloFloodFanGame01 5.5/Content/Vehicles/Turret/Turret.uasset" 8140
"/Game/Sounds/MS_FuelCannonFire" 8141
"/Game/Sounds/MS_CarbineFire" 8142
"/Game/M_WaterCaustics" 8143
"/Game/StarterContent/Particles/Materials/M_smoke_subUV" 8144
"/Game/Characters/Elite/Materials/M_EliteSkin" 8145
"/Game/Core/Weapons/WBP_ScopeOverlay" 8146
"/Game/UI/WBP_Bullet" 8147
"/Game/CitySampleVehicles/Input/Vehicle/IM_VH_InputMapping" 8148
"/Game/Weapons/DMR/DMR_Gun_Shader" 8149
"C:/Program Files/Epic Games/Unreal Projects/HaloFloodFanGame01 5.5/Content/Characters/InfectionForm/M_InfectionFormBase.uasset" 8150
"C:/Program Files/Epic Games/Unreal Projects/HaloFloodFanGame01 5.5/Content/Characters/Grunt/Anims/Hard_Hit_Front.uasset" 8151
"C:/Program Files/Epic Games/Unreal Projects/HaloFloodFanGame01 5.5/Content/Weapons/AR/MA5B_Weapon.uasset" 8152
"C:/Program Files/Epic Games/Unreal Projects/HaloFloodFanGame01 5.5/Content/StarterContent/Particles/Materials/M_Fire_SubUV.uasset" 8153
"C:/Program Files/Epic Games/Unreal Projects/HaloFloodFanGame01 5.5/Content/StarterContent/Particles/Materials/M_Radial_Gradient.uasset" 8154
"C:/Program Files/Epic Games/Unreal Projects/HaloFloodFanGame01 5.5/Content/Characters/Grunt/Anims/Fire_Additive.uasset" 8155
"../../../Engine/Plugins/FX/Niagara/Content/DefaultAssets/S_Arrow.uasset" 8156
"C:/Program Files/Epic Games/Unreal Projects/HaloFloodFanGame01 5.5/Content/Characters/InfectionForm/M_InfectionFormLegs.uasset" 8157
"C:/Program Files/Epic Games/Unreal Projects/HaloFloodFanGame01 5.5/Content/VermClone/M_FloodSkinSprite.uasset" 8158
"C:/Program Files/Epic Games/Unreal Projects/HaloFloodFanGame01 5.5/Content/Characters/InfectionForm/M_InfectionFormFronds.uasset" 8159
"C:/Program Files/Epic Games/Unreal Projects/HaloFloodFanGame01 5.5/Content/Characters/Grunt/Anims/A_Idle_Relaxed01.uasset" 8160
"C:/Program Files/Epic Games/Unreal Projects/HaloFloodFanGame01 5.5/Content/Core/Materials/M_FlareBlurred.uasset" 8161
"C:/Program Files/Epic Games/Unreal Projects/HaloFloodFanGame01 5.5/Content/Weapons/AR/MA5B_Screen.uasset" 8162
"/Game/Weapons/BattleRifle/DefaultMaterial" 8163
"C:/Program Files/Epic Games/Unreal Projects/HaloFloodFanGame01 5.5/Content/Characters/Grunt/Anims/A_Idle_Agitated01.uasset" 8164
"/Game/Vehicles/Banshee/banshee" 8165
"/Game/Weapons/SPNKRRocketLauncher/initialShadingGroup1" 8166
"/Game/Weapons/Shotgun/Other" 8167
"/Game/Weapons/Shotgun/Base" 8168
"/Game/Weapons/Shotgun/Pump" 8169
"/Game/Weapons/Shotgun/Base2" 8170
"/Game/Weapons/DMR/Ammo_Count_Shader" 8171
"/Game/Weapons/DMR/DMR_Scope_Shader" 8172
"/Game/Weapons/SMG/SMG_Body_Mat" 8173
"/Game/Weapons/SMG/SMG_Scope_Mat" 8174
"/Game/Objects/Flare/Flare_LP" 8175
"/Game/Core/Shared/M_BloodDecalGround" 8176
"/Game/Core/Shared/M_BloodDecal" 8177
"/Game/Core/Shared/M_ParticleBloodDecal" 8178
"/Game/StarterContent/Props/Materials/M_Bush" 8179
"/Game/M_GenericDecal" 8180
"/Game/Characters/Grunt/Anims/A_Idle_Relaxed01" 8181
"C:/Program Files/Epic Games/Unreal Projects/HaloFloodFanGame01 5.5/Content/Characters/Grunt/Anims/A_LookLeft.uasset" 8182
"C:/Program Files/Epic Games/Unreal Projects/HaloFloodFanGame01 5.5/Content/Characters/Grunt/Anims/A_LookUp.uasset" 8183
"C:/Program Files/Epic Games/Unreal Projects/HaloFloodFanGame01 5.5/Content/Weapons/SniperRifle/SniperBaseBack_001.uasset" 8184
"C:/Program Files/Epic Games/Unreal Projects/HaloFloodFanGame01 5.5/Content/Characters/Grunt/Anims/A_AimRight.uasset" 8185
"C:/Program Files/Epic Games/Unreal Projects/HaloFloodFanGame01 5.5/Content/Characters/Grunt/Anims/A_AimUp.uasset" 8186
"C:/Program Files/Epic Games/Unreal Projects/HaloFloodFanGame01 5.5/Content/Characters/Grunt/Anims/A_LookDown.uasset" 8187
"/Game/Characters/Grunt/Anims/Hard_Hit_Front" 8188
"C:/Program Files/Epic Games/Unreal Projects/HaloFloodFanGame01 5.5/Content/Characters/Grunt/Anims/A_LookFront.uasset" 8189
"C:/Program Files/Epic Games/Unreal Projects/HaloFloodFanGame01 5.5/Content/Characters/Grunt/Anims/A_AimDown.uasset" 8190
"C:/Program Files/Epic Games/Unreal Projects/HaloFloodFanGame01 5.5/Content/Characters/Grunt/Anims/A_LookRight.uasset" 8191
"C:/Program Files/Epic Games/Unreal Projects/HaloFloodFanGame01 5.5/Content/Characters/Grunt/Anims/A_AimFront.uasset" 8192
"C:/Program Files/Epic Games/Unreal Projects/HaloFloodFanGame01 5.5/Content/Characters/Grunt/Anims/A_AimLeft.uasset" 8193
"C:/Program Files/Epic Games/Unreal Projects/HaloFloodFanGame01 5.5/Content/Characters/Grunt/M_GruntSkin.uasset" 8194
"/Game/Characters/Grunt/Anims/Fire_Additive" 8195
"/Game/Characters/Grunt/Anims/A_Idle_Agitated01" 8196
"/Niagara/DefaultAssets/S_Arrow" 8197
"../../../Engine/Plugins/Fab/Content/Materials/Standard/M_MS_Base.uasset" 8198
"../../../Engine/Content/Functions/Engine_MaterialFunctions03/Blends/Blend_LinearDodge.uasset" 8199
"C:/Program Files/Epic Games/Unreal Projects/HaloFloodFanGame01 5.5/Content/Levels/Level1/DA_Level1.uasset" 8200
"../../../Engine/Content/Functions/Engine_MaterialFunctions03/Blends/Blend_Overlay.uasset" 8201
"C:/Program Files/Epic Games/Unreal Projects/HaloFloodFanGame01 5.5/Content/Levels/DA_TestMap.uasset" 8202
"/Game/Characters/InfectionForm/M_InfectionFormBase" 8203
"/Game/Characters/InfectionForm/M_InfectionFormLegs" 8204
"/Game/Characters/InfectionForm/M_InfectionFormFronds" 8205
"/Game/VermClone/M_FloodSkinSprite" 8206
"/Game/Weapons/AR/MA5B_Weapon" 8207
"/Game/Weapons/AR/MA5B_Screen" 8208
"/Game/StarterContent/Particles/Materials/M_Fire_SubUV" 8209
"/Game/StarterContent/Particles/Materials/M_Radial_Gradient" 8210
"/Game/Core/Materials/M_FlareBlurred" 8211
"/Engine/Functions/Engine_MaterialFunctions03/Blends/Blend_LinearDodge" 8212
"/Engine/Functions/Engine_MaterialFunctions03/Blends/Blend_Overlay" 8213
"C:/Program Files/Epic Games/Unreal Projects/HaloFloodFanGame01 5.5/Content/Weapons/PlasmaPistol/Plasma_Pistol.uasset" 8214
"C:/Program Files/Epic Games/Unreal Projects/HaloFloodFanGame01 5.5/Content/FPWeapon/Materials/MaterialLayers/ML_SoftMetal_UE4.uasset" 8215
"C:/Program Files/Epic Games/Unreal Projects/HaloFloodFanGame01 5.5/Content/Weapons/Carbine/Material_001.uasset" 8216
"C:/Program Files/Epic Games/Unreal Projects/HaloFloodFanGame01 5.5/Content/Weapons/FuelRodCannon/gun_material.uasset" 8217
"C:/Program Files/Epic Games/Unreal Projects/HaloFloodFanGame01 5.5/Content/M_MurkyWater.uasset" 8218
"C:/Program Files/Epic Games/Unreal Projects/HaloFloodFanGame01 5.5/Content/Weapons/PlasmaRifle/Material_006.uasset" 8219
"C:/Program Files/Epic Games/Unreal Projects/HaloFloodFanGame01 5.5/Content/UI/WBP_Compass.uasset" 8220
"C:/Program Files/Epic Games/Unreal Projects/HaloFloodFanGame01 5.5/Content/FPS_Weapon_Bundle/Weapons/Materials/Master_Material/M_Weapon_Master_USE.uasset" 8221
"C:/Program Files/Epic Games/Unreal Projects/HaloFloodFanGame01 5.5/Content/Characters/Carrier/M_CarrierMat.uasset" 8222
"C:/Program Files/Epic Games/Unreal Projects/HaloFloodFanGame01 5.5/Content/Core/M_Shield.uasset" 8223
"C:/Program Files/Epic Games/Unreal Projects/HaloFloodFanGame01 5.5/Content/MSPresets/MS_Foliage_Material/MaterialFunctions/Foliage/MF_adjustTwoSidedNormal.uasset" 8224
"C:/Program Files/Epic Games/Unreal Projects/HaloFloodFanGame01 5.5/Content/MSPresets/MS_Foliage_Material/MaterialFunctions/Foliage/MF_DistanceBasedOpacity.uasset" 8225
"C:/Program Files/Epic Games/Unreal Projects/HaloFloodFanGame01 5.5/Content/Vehicles/Phantom/phantom.uasset" 8226
"../../../Engine/Content/Functions/MaterialLayerFunctions/MatLayerBlend_NormalBlend.uasset" 8227
"/Fab/Materials/Standard/M_MS_Base" 8228
"/Game/Levels/Level1/DA_Level1" 8229
"/Game/Levels/DA_TestMap" 8230
"/Game/UI/WBP_KeybindHint" 8231
"/Game/Weapons/SniperRifle/SniperBaseBack_001" 8232
"/Game/Characters/Grunt/M_GruntSkin" 8233
"/Game/Characters/Grunt/Anims/A_LookUp" 8234
"/Game/Characters/Grunt/Anims/A_LookLeft" 8235
"/Game/Characters/Grunt/Anims/A_LookFront" 8236
"/Game/Characters/Grunt/Anims/A_LookDown" 8237
"/Game/Characters/Grunt/Anims/A_LookRight" 8238
"/Game/Characters/Grunt/Anims/A_AimLeft" 8239
"/Game/Characters/Grunt/Anims/A_AimRight" 8240
"/Game/Characters/Grunt/Anims/A_AimDown" 8241
"/Game/Characters/Grunt/Anims/A_AimUp" 8242
"/Game/Characters/Grunt/Anims/A_AimFront" 8243
"/Game/FPWeapon/Materials/MaterialLayers/ML_SoftMetal_UE4" 8244
"/Game/Characters/Carrier/M_CarrierMat" 8245
"/Game/Weapons/PlasmaPistol/Plasma_Pistol" 8246
"/Game/Weapons/PlasmaRifle/Material_006" 8247
"/Game/Vehicles/Phantom/phantom" 8248
"C:/Program Files/Epic Games/Unreal Projects/HaloFloodFanGame01 5.5/Content/MSPresets/MS_Foliage_Material/MaterialFunctions/Impostor/ImposterFrameTransform_Setup.uasset" 8249
"C:/Program Files/Epic Games/Unreal Projects/HaloFloodFanGame01 5.5/Content/FPWeapon/Materials/MaterialLayers/ML_GlossyBlack_Latex_UE4.uasset" 8250
"../../../Engine/Content/Functions/Engine_MaterialFunctions02/Lerp_Multiple_Float2.uasset" 8251
"C:/Program Files/Epic Games/Unreal Projects/HaloFloodFanGame01 5.5/Content/MSPresets/MS_Foliage_Material/MaterialFunctions/Foliage/MF_TwoSidedRoughness.uasset" 8252
"C:/Program Files/Epic Games/Unreal Projects/HaloFloodFanGame01 5.5/Content/Core/Soundtracks/S_Impend.uasset" 8253
"C:/Program Files/Epic Games/Unreal Projects/HaloFloodFanGame01 5.5/Content/FirstPerson/Input/IMC_Infantry.uasset" 8254
"../../../Engine/Content/Functions/Engine_MaterialFunctions02/WorldPositionOffset/Sprite.uasset" 8255
"C:/Program Files/Epic Games/Unreal Projects/HaloFloodFanGame01 5.5/Content/FirstPerson/Input/IMC_Spectator.uasset" 8256
"C:/Program Files/Epic Games/Unreal Projects/HaloFloodFanGame01 5.5/Content/MSPresets/MS_Foliage_Material/MaterialFunctions/Foliage/MF_AdvancedWind_Level.uasset" 8257
"C:/Program Files/Epic Games/Unreal Projects/HaloFloodFanGame01 5.5/Content/MSPresets/MS_Foliage_Material/MaterialFunctions/Foliage/MF_generateTwoSidedSpecular.uasset" 8258
"C:/Program Files/Epic Games/Unreal Projects/HaloFloodFanGame01 5.5/Content/UI/M_ShieldBar.uasset" 8259
"C:/Program Files/Epic Games/Unreal Projects/HaloFloodFanGame01 5.5/Content/Core/Soundtracks/S_Peril.uasset" 8260
"C:/Program Files/Epic Games/Unreal Projects/HaloFloodFanGame01 5.5/Content/MSPresets/MS_Foliage_Material/MaterialFunctions/Impostor/ImposterFrameTransform.uasset" 8261
"C:/Program Files/Epic Games/Unreal Projects/HaloFloodFanGame01 5.5/Content/Sounds/Firefight/Voicelines/FirefightVoiceLines.uasset" 8262
"C:/Program Files/Epic Games/Unreal Projects/HaloFloodFanGame01 5.5/Content/Characters/Elite/v4/Elite_minor_legguards.uasset" 8263
"C:/Program Files/Epic Games/Unreal Projects/HaloFloodFanGame01 5.5/Content/Sounds/Firefight/Voicelines/FirefightVoiceLines_SetStart.uasset" 8264
"C:/Program Files/Epic Games/Unreal Projects/HaloFloodFanGame01 5.5/Content/Characters/Elite/v4/Elite_minor_lowerlegguards.uasset" 8265
"C:/Program Files/Epic Games/Unreal Projects/HaloFloodFanGame01 5.5/Content/Core/Soundtracks/S_HereticHero.uasset" 8266
"../../../../Unreal Projects/HaloFloodFanGame01 5.5/Content/Vehicles/Phantom/phantom.uasset" 8267
"/Game/Core/M_Shield" 8268
"/Game/UI/WBP_Compass" 8269
"/Game/Weapons/FuelRodCannon/gun_material" 8270
"/Game/Weapons/Carbine/Material_001" 8271
"/Engine/Functions/MaterialLayerFunctions/MatLayerBlend_NormalBlend" 8272
"/Game/M_MurkyWater" 8273
"/Game/FPS_Weapon_Bundle/Weapons/Materials/Master_Material/M_Weapon_Master_USE" 8274
"/Game/MSPresets/MS_Foliage_Material/MaterialFunctions/Foliage/MF_adjustTwoSidedNormal" 8275
"/Game/MSPresets/MS_Foliage_Material/MaterialFunctions/Foliage/MF_DistanceBasedOpacity" 8276
"/Game/Characters/Elite/v4/Elite_minor_legguards" 8277
"/Game/Characters/Elite/v4/Elite_minor_lowerlegguards" 8278
"C:/Program Files/Epic Games/Unreal Projects/HaloFloodFanGame01 5.5/Content/MSPresets/MS_Foliage_Material/MaterialFunctions/Impostor/VirtualPlaneCoordinates_Imposter.uasset" 8279
"C:/Program Files/Epic Games/Unreal Projects/HaloFloodFanGame01 5.5/Content/MSPresets/MS_Foliage_Material/MaterialFunctions/Foliage/MF_DecorationBlending.uasset" 8280
"C:/Program Files/Epic Games/Unreal Projects/HaloFloodFanGame01 5.5/Content/MSPresets/MS_Foliage_Material/MaterialFunctions/Impostor/FrameBlendWeights_TextureObject.uasset" 8281
"../../../Engine/Content/Maps/Entry.umap" 8282
"C:/Program Files/Epic Games/Unreal Projects/HaloFloodFanGame01 5.5/Content/MSPresets/MS_Foliage_Material/MaterialFunctions/Impostor/ImpostorInfo.uasset" 8283
"../../../Engine/Plugins/Interchange/Assets/Content/Functions/MX_StandardSurface.uasset" 8284
"../../../Engine/Content/Functions/Engine_MaterialFunctions02/Utility/DebugScalarValues.uasset" 8285
"C:/Program Files/Epic Games/Unreal Projects/HaloFloodFanGame01 5.5/Content/UI/WBP_HaloText.uasset" 8286
"../../../Engine/Content/Functions/Engine_MaterialFunctions02/PivotPainter2/ms_PivotPainter2_ReturnParentTextureInfo.uasset" 8287
"C:/Program Files/Epic Games/Unreal Projects/HaloFloodFanGame01 5.5/Content/Core/M_Blood.uasset" 8288
"../../../Engine/Content/EngineMeshes/Cube.uasset" 8289
"C:/Program Files/Epic Games/Unreal Projects/HaloFloodFanGame01 5.5/Content/Characters/Elite/Materials/MI_OrangeLight.uasset" 8290
"C:/Program Files/Epic Games/Unreal Projects/HaloFloodFanGame01 5.5/Content/Characters/Elite/Materials/MI_GreenLight.uasset" 8291
"C:/Program Files/Epic Games/Unreal Projects/HaloFloodFanGame01 5.5/Content/MSPresets/MS_Foliage_Material/MaterialFunctions/Foliage/MF_BranchBlending.uasset" 8292
"/Game/Sounds/Firefight/Voicelines/FirefightVoiceLines_SetStart" 8293
"/Game/Sounds/Firefight/Voicelines/FirefightVoiceLines" 8294
"/Game/Core/Soundtracks/S_HereticHero" 8295
"/Game/Core/Soundtracks/S_Peril" 8296
"/Game/Core/Soundtracks/S_Impend" 8297
"/Game/FirstPerson/Input/IMC_Spectator" 8298
"/Game/FirstPerson/Input/IMC_Infantry" 8299
"/Game/MSPresets/MS_Foliage_Material/MaterialFunctions/Foliage/MF_AdvancedWind_Level" 8300
"/Engine/Functions/Engine_MaterialFunctions02/Lerp_Multiple_Float2" 8301
"/Game/MSPresets/MS_Foliage_Material/MaterialFunctions/Impostor/ImposterFrameTransform_Setup" 8302
"/Game/MSPresets/MS_Foliage_Material/MaterialFunctions/Impostor/ImposterFrameTransform" 8303
"/Engine/Functions/Engine_MaterialFunctions02/WorldPositionOffset/Sprite" 8304
"/Game/MSPresets/MS_Foliage_Material/MaterialFunctions/Foliage/MF_TwoSidedRoughness" 8305
"/Game/MSPresets/MS_Foliage_Material/MaterialFunctions/Foliage/MF_generateTwoSidedSpecular" 8306
"/Game/UI/M_ShieldBar" 8307
"/Game/FPWeapon/Materials/MaterialLayers/ML_GlossyBlack_Latex_UE4" 8308
"/Engine/EngineMeshes/Cube" 8309
"/Engine/Maps/Entry" 8310
"/Engine/Functions/Engine_MaterialFunctions02/Utility/DebugScalarValues" 8311
"../../../Engine/Plugins/Animation/ControlRig/Content/Controls/ControlRig_Star4_3mm.uasset" 8312
"../../../Engine/Plugins/Animation/ControlRig/Content/Controls/ControlRig_Wedge_1mm.uasset" 8313
"/Engine/Functions/Engine_MaterialFunctions02/PivotPainter2/ms_PivotPainter2_ReturnParentTextureInfo" 8314
"../../../Engine/Plugins/Animation/ControlRig/Content/Controls/ControlRig_Triangle_solid.uasset" 8315
"../../../Engine/Plugins/Animation/ControlRig/Content/Controls/ControlRig_Sphere_1mm.uasset" 8316
"../../../Engine/Plugins/Animation/ControlRig/Content/Controls/ControlRig_Star4_1mm.uasset" 8317
"../../../Engine/Plugins/Animation/ControlRig/Content/Controls/ControlRig_Sphere_3mm.uasset" 8318
"../../../Engine/Plugins/Animation/ControlRig/Content/Controls/ControlRig_Star4_solid.uasset" 8319
"../../../Engine/Plugins/Animation/ControlRig/Content/Controls/ControlRig_Triangle_1mm.uasset" 8320
"/Game/MSPresets/MS_Foliage_Material/MaterialFunctions/Impostor/FrameBlendWeights_TextureObject" 8321
"../../../Engine/Plugins/Animation/ControlRig/Content/Controls/ControlRig_Square_1mm.uasset" 8322
"/Game/UI/WBP_HaloText" 8323
"../../../Engine/Plugins/Animation/ControlRig/Content/Controls/ControlRig_Square_solid.uasset" 8324
"../../../Engine/Plugins/Animation/ControlRig/Content/Controls/ControlRig_Wedge_3mm.uasset" 8325
"../../../Engine/Plugins/Animation/ControlRig/Content/Controls/ControlRig_Square_3mm.uasset" 8326
"../../../Engine/Plugins/Animation/ControlRig/Content/Controls/ControlRig_RoundedTriangle_solid.uasset" 8327
"../../../Engine/Plugins/Animation/ControlRig/Content/Controls/ControlRig_RoundedTriangle_1mm.uasset" 8328
"../../../Engine/Plugins/Animation/ControlRig/Content/Controls/ControlRig_RoundedSquare_solid.uasset" 8329
"../../../Engine/Plugins/Animation/ControlRig/Content/Controls/ControlRig_RoundedTriangle_3mm.uasset" 8330
"../../../Engine/Plugins/Animation/ControlRig/Content/Controls/ControlRig_Wedge_solid.uasset" 8331
"../../../Engine/Plugins/Animation/ControlRig/Content/Controls/ControlRig_Triangle_3mm.uasset" 8332
"/Game/Characters/Elite/Materials/MI_GreenLight" 8333
"/Game/Characters/Elite/Materials/MI_OrangeLight" 8334
"/Game/MSPresets/MS_Foliage_Material/MaterialFunctions/Impostor/ImpostorInfo" 8335
"/InterchangeAssets/Functions/MX_StandardSurface" 8336
"../../Plugins/Interchange/Assets/Content/Functions/MF_OrenNayerView.uasset" 8337
"../../Plugins/Interchange/Assets/Content/Functions/MF_SchlickApprox.uasset" 8338
"/Game/MSPresets/MS_Foliage_Material/MaterialFunctions/Foliage/MF_BranchBlending" 8339
"/Game/MSPresets/MS_Foliage_Material/MaterialFunctions/Foliage/MF_DecorationBlending" 8340
"/Game/Core/M_Blood" 8341
"/Game/MSPresets/MS_Foliage_Material/MaterialFunctions/Impostor/VirtualPlaneCoordinates_Imposter" 8342
"/ControlRig/Controls/ControlRig_RoundedSquare_solid" 8343
"/ControlRig/Controls/ControlRig_RoundedTriangle_1mm" 8344
"../../../Engine/Plugins/Animation/ControlRig/Content/Controls/ControlRig_RoundedSquare_1mm.uasset" 8345
"../../../Engine/Plugins/Animation/ControlRig/Content/Controls/ControlRig_Octagon_solid.uasset" 8346
"../../../Engine/Plugins/Animation/ControlRig/Content/Controls/ControlRig_Pyramid_3mm.uasset" 8347
"../../../Engine/Plugins/Animation/ControlRig/Content/Controls/ControlRig_Hexagon_1mm.uasset" 8348
"../../../Engine/Plugins/Animation/ControlRig/Content/Controls/ControlRig_QuarterCircle_1mm.uasset" 8349
"../../../Engine/Plugins/Animation/ControlRig/Content/Controls/ControlRig_Hexagon_solid.uasset" 8350
"../../../Engine/Plugins/Animation/ControlRig/Content/Controls/ControlRig_Octagon_1mm.uasset" 8351
"../../../Engine/Plugins/Animation/ControlRig/Content/Controls/ControlRig_RoundedSquare_3mm.uasset" 8352
"../../../Engine/Plugins/Animation/ControlRig/Content/Controls/ControlRig_Hexagon_3mm.uasset" 8353
"../../../Engine/Plugins/Animation/ControlRig/Content/Controls/ControlRig_QuarterCircle_solid.uasset" 8354
"../../../Engine/Plugins/Animation/ControlRig/Content/Controls/ControlRig_Pyramid_1mm.uasset" 8355
"../../../Engine/Plugins/Animation/ControlRig/Content/Controls/ControlRig_Octagon_3mm.uasset" 8356
"../../../Engine/Plugins/Animation/ControlRig/Content/Controls/ControlRig_QuarterCircle_3mm.uasset" 8357
"../../../Engine/Plugins/Animation/ControlRig/Content/Controls/ControlRig_Pyramid_solid.uasset" 8358
"/ControlRig/Controls/ControlRig_RoundedTriangle_3mm" 8359
"/ControlRig/Controls/ControlRig_RoundedTriangle_solid" 8360
"/ControlRig/Controls/ControlRig_Sphere_1mm" 8361
"/ControlRig/Controls/ControlRig_Sphere_3mm" 8362
"/ControlRig/Controls/ControlRig_Square_1mm" 8363
"/ControlRig/Controls/ControlRig_Square_3mm" 8364
"/ControlRig/Controls/ControlRig_Square_solid" 8365
"/ControlRig/Controls/ControlRig_Star4_1mm" 8366
"/ControlRig/Controls/ControlRig_Star4_3mm" 8367
"/ControlRig/Controls/ControlRig_Star4_solid" 8368
"/ControlRig/Controls/ControlRig_Triangle_1mm" 8369
"/ControlRig/Controls/ControlRig_Triangle_3mm" 8370
"/ControlRig/Controls/ControlRig_Triangle_solid" 8371
"/ControlRig/Controls/ControlRig_Wedge_1mm" 8372
"/ControlRig/Controls/ControlRig_Wedge_3mm" 8373
"/ControlRig/Controls/ControlRig_Wedge_solid" 8374
"/ControlRig/Controls/ControlRig_Hexagon_1mm" 8375
"/ControlRig/Controls/ControlRig_Hexagon_3mm" 8376
"/ControlRig/Controls/ControlRig_Hexagon_solid" 8377
"/ControlRig/Controls/ControlRig_Octagon_1mm" 8378
"/ControlRig/Controls/ControlRig_Octagon_3mm" 8379
"../../../Engine/Plugins/Animation/ControlRig/Content/Controls/ControlRig_HalfCircle_solid.uasset" 8380
"../../../Engine/Plugins/Animation/ControlRig/Content/Controls/ControlRig_HalfCircle_1mm.uasset" 8381
"../../../Engine/Plugins/Animation/ControlRig/Content/Controls/ControlRig_HalfCircle_3mm.uasset" 8382
"/ControlRig/Controls/ControlRig_Octagon_solid" 8383
"../../../Engine/Plugins/Animation/ControlRig/Content/Controls/ControlRig_Diamond_solid.uasset" 8384
"/ControlRig/Controls/ControlRig_Pyramid_1mm" 8385
"/ControlRig/Controls/ControlRig_Pyramid_3mm" 8386
"/ControlRig/Controls/ControlRig_Pyramid_solid" 8387
"../../../Engine/Plugins/Animation/ControlRig/Content/Controls/ControlRig_Diamond_3mm.uasset" 8388
"/ControlRig/Controls/ControlRig_QuarterCircle_1mm" 8389
"/ControlRig/Controls/ControlRig_QuarterCircle_3mm" 8390
"/ControlRig/Controls/ControlRig_QuarterCircle_solid" 8391
"../../../Engine/Plugins/Animation/ControlRig/Content/Controls/ControlRig_Circle_3mm.uasset" 8392
"../../../Engine/Plugins/Animation/ControlRig/Content/Controls/ControlRig_Circle_solid.uasset" 8393
"../../../Engine/Plugins/Animation/ControlRig/Content/Controls/ControlRig_Diamond_1mm.uasset" 8394
"../../../Engine/Plugins/Animation/ControlRig/Content/Controls/ControlRig_Box_solid.uasset" 8395
"/ControlRig/Controls/ControlRig_RoundedSquare_1mm" 8396
"../../../Engine/Plugins/Animation/ControlRig/Content/Controls/ControlRig_Circle_1mm.uasset" 8397
"/ControlRig/Controls/ControlRig_RoundedSquare_3mm" 8398
"/ControlRig/Controls/ControlRig_Box_solid" 8399
"/ControlRig/Controls/ControlRig_Circle_1mm" 8400
"../../../Engine/Plugins/Animation/ControlRig/Content/Controls/ControlRig_Box_3mm.uasset" 8401
"../../../Engine/Plugins/Animation/ControlRig/Content/Controls/ControlRig_Arrow_solid.uasset" 8402
"../../../Engine/Plugins/Animation/ControlRig/Content/Controls/ControlRig_Box_1mm.uasset" 8403
"../../../Engine/Plugins/Animation/ControlRig/Content/Controls/ControlRig_Arrow_1mm.uasset" 8404
"../../../Engine/Plugins/Animation/ControlRig/Content/Controls/ControlRig_Arrow_3mm.uasset" 8405
"../../../Engine/Plugins/Animation/ControlRig/Content/Controls/ControlRig_Arrow4_solid.uasset" 8406
"/ControlRig/Controls/ControlRig_Circle_3mm" 8407
"/ControlRig/Controls/ControlRig_Circle_solid" 8408
"/ControlRig/Controls/ControlRig_Diamond_1mm" 8409
"../../../Engine/Plugins/Animation/ControlRig/Content/Controls/ControlRig_Arrow2_3mm.uasset" 8410
"../../../Engine/Plugins/Animation/ControlRig/Content/Controls/ControlRig_Arrow2_solid.uasset" 8411
"../../../Engine/Plugins/Animation/ControlRig/Content/Controls/ControlRig_Arrow4_3mm.uasset" 8412
"../../../Engine/Plugins/Animation/ControlRig/Content/Controls/ControlRig_Arrow4_1mm.uasset" 8413
"../../../Engine/Plugins/Animation/ControlRig/Content/Controls/ControlRig_Arrow2_1mm.uasset" 8414
"/ControlRig/Controls/ControlRig_Diamond_3mm" 8415
"/ControlRig/Controls/ControlRig_Diamond_solid" 8416
"/ControlRig/Controls/ControlRig_HalfCircle_1mm" 8417
"/ControlRig/Controls/ControlRig_HalfCircle_3mm" 8418
"../../../Engine/Plugins/Animation/ControlRig/Content/Controls/ControlRig_Sphere_solid.uasset" 8419
"/ControlRig/Controls/ControlRig_HalfCircle_solid" 8420
"C:/Program Files/Epic Games/Unreal Projects/HaloFloodFanGame01 5.5/Content/Core/GenericMaterials/MI_Metal.uasset" 8421
"C:/Program Files/Epic Games/Unreal Projects/HaloFloodFanGame01 5.5/Content/Equipment/gravlift.uasset" 8422
"C:/Program Files/Epic Games/Unreal Projects/HaloFloodFanGame01 5.5/Content/Core/GenericMaterials/MI_Cloth.uasset" 8423
"C:/Program Files/Epic Games/Unreal Projects/HaloFloodFanGame01 5.5/Content/BP_Ping.uasset" 8424
"C:/Program Files/Epic Games/Unreal Projects/HaloFloodFanGame01 5.5/Content/Levels/_GENERATED/sgtfl/Box_4B8E0848.uasset" 8425
"C:/Program Files/Epic Games/Unreal Projects/HaloFloodFanGame01 5.5/Content/M_SpaceSkySphere.uasset" 8426
"C:/Program Files/Epic Games/Unreal Projects/HaloFloodFanGame01 5.5/Content/Landscape/Props/grass/M_Grass.uasset" 8427
"/ControlRig/Controls/ControlRig_Arrow4_1mm" 8428
"C:/Program Files/Epic Games/Unreal Projects/HaloFloodFanGame01 5.5/Content/Core/GenericMaterials/MI_BlackVoid.uasset" 8429
"/ControlRig/Controls/ControlRig_Arrow4_3mm" 8430
"/ControlRig/Controls/ControlRig_Arrow4_solid" 8431
"/ControlRig/Controls/ControlRig_Arrow_1mm" 8432
"C:/Program Files/Epic Games/Unreal Projects/HaloFloodFanGame01 5.5/Content/MSPresets/MS_Foliage_Material/MaterialFunctions/Foliage/MF_WindGust.uasset" 8433
"C:/Program Files/Epic Games/Unreal Projects/HaloFloodFanGame01 5.5/Content/Characters/Elite/v4/anims/elite_anims_dodge_right_Montage.uasset" 8434
"/ControlRig/Controls/ControlRig_Arrow_3mm" 8435
"/ControlRig/Controls/ControlRig_Arrow_solid" 8436
"/ControlRig/Controls/ControlRig_Box_1mm" 8437
"/ControlRig/Controls/ControlRig_Box_3mm" 8438
"C:/Program Files/Epic Games/Unreal Projects/HaloFloodFanGame01 5.5/Content/Characters/Elite/v4/anims/elite_anims_dodge_left_Montage.uasset" 8439
"C:/Program Files/Epic Games/Unreal Projects/HaloFloodFanGame01 5.5/Content/Characters/Grunt/M_Armor.uasset" 8440
"/Game/M_SpaceSkySphere" 8441
"C:/Program Files/Epic Games/Unreal Projects/HaloFloodFanGame01 5.5/Content/Levels/_GENERATED/sgtfl/BspMesh_53BAF567.uasset" 8442
"/Game/BP_Ping" 8443
"C:/Program Files/Epic Games/Unreal Projects/HaloFloodFanGame01 5.5/Content/Objects/Planter/Dirt.uasset" 8444
"C:/Program Files/Epic Games/Unreal Projects/HaloFloodFanGame01 5.5/Content/Core/GenericMaterials/MI_Concrete.uasset" 8445
"C:/Program Files/Epic Games/Unreal Projects/HaloFloodFanGame01 5.5/Content/Characters/Elite/v4/Elite_minor_armrings.uasset" 8446
"C:/Program Files/Epic Games/Unreal Projects/HaloFloodFanGame01 5.5/Content/Characters/InfectionForm/AM_Infect.uasset" 8447
"C:/Program Files/Epic Games/Unreal Projects/HaloFloodFanGame01 5.5/Content/Placeables/BP_Barricade.uasset" 8448
"C:/Program Files/Epic Games/Unreal Projects/HaloFloodFanGame01 5.5/Content/Characters/Elite/v4/Elite_minor_shoulders.uasset" 8449
"C:/Program Files/Epic Games/Unreal Projects/HaloFloodFanGame01 5.5/Content/Characters/Elite/v4/Elite_minor_helmet.uasset" 8450
"/Game/Core/GenericMaterials/MI_Metal" 8451
"/Game/Core/GenericMaterials/MI_Cloth" 8452
"/Game/Equipment/gravlift" 8453
"/Game/Levels/_GENERATED/sgtfl/Box_4B8E0848" 8454
"/ControlRig/Controls/ControlRig_Sphere_solid" 8455
"/ControlRig/Controls/ControlRig_Arrow2_1mm" 8456
"/ControlRig/Controls/ControlRig_Arrow2_3mm" 8457
"/ControlRig/Controls/ControlRig_Arrow2_solid" 8458
"/Game/Characters/InfectionForm/AM_Infect" 8459
"/Game/Characters/Elite/v4/Elite_minor_helmet" 8460
"C:/Program Files/Epic Games/Unreal Projects/HaloFloodFanGame01 5.5/Content/Characters/Elite/v4/anims/AM_elite_anims_Death_01.uasset" 8461
"C:/Program Files/Epic Games/Unreal Projects/HaloFloodFanGame01 5.5/Content/Characters/InfectionForm/v2/anims/AM_infectionForm_anims_Infect_Montage.uasset" 8462
"C:/Program Files/Epic Games/Unreal Projects/HaloFloodFanGame01 5.5/Content/Characters/Elite/v4/anims/AM_elite_anims_Add_Hit_Front_Montage.uasset" 8463
"C:/Program Files/Epic Games/Unreal Projects/HaloFloodFanGame01 5.5/Content/Characters/Elite/v4/anims/elite_anims_Pistol_Add_Fire_Montage.uasset" 8464
"C:/Program Files/Epic Games/Unreal Projects/HaloFloodFanGame01 5.5/Content/Characters/InfectionForm/v2/anims/BS_InfectionForm_Movement.uasset" 8465
"C:/Program Files/Epic Games/Unreal Projects/HaloFloodFanGame01 5.5/Content/Characters/Elite/v4/anims/elite_anims_Pistol_Aim_Down.uasset" 8466
"C:/Program Files/Epic Games/Unreal Projects/HaloFloodFanGame01 5.5/Content/Characters/Elite/v4/anims/elite_anims_Pistol_Aim_Up.uasset" 8467
"C:/Program Files/Epic Games/Unreal Projects/HaloFloodFanGame01 5.5/Content/Characters/FPModel2/AM_Hands18_Anim_Armature_VM_Rifle_Fire.uasset" 8468
"C:/Program Files/Epic Games/Unreal Projects/HaloFloodFanGame01 5.5/Content/Characters/FPModel2/NewFolder/Hands18_Lean_B.uasset" 8469
"C:/Program Files/Epic Games/Unreal Projects/HaloFloodFanGame01 5.5/Content/Characters/FPModel2/NewFolder/Hands_anims_moveF.uasset" 8470
"C:/Program Files/Epic Games/Unreal Projects/HaloFloodFanGame01 5.5/Content/Characters/Elite/v4/anims/AM_elite_anims_Pistol_DodgeRoll.uasset" 8471
"C:/Program Files/Epic Games/Unreal Projects/HaloFloodFanGame01 5.5/Content/Characters/FPModel2/Hands18_Anim_Armature_VM_Rifle_Holster_Montage.uasset" 8472
"C:/Program Files/Epic Games/Unreal Projects/HaloFloodFanGame01 5.5/Content/Characters/FPModel/Anims/AM_ThrowGrenade1.uasset" 8473
"C:/Program Files/Epic Games/Unreal Projects/HaloFloodFanGame01 5.5/Content/Characters/FPModel2/Hands18_Anim_Armature_VM_Rifle_Reload_Montage.uasset" 8474
"C:/Program Files/Epic Games/Unreal Projects/HaloFloodFanGame01 5.5/Content/Characters/FPModel2/Hands18_Anim_Armature_VM_Rifle_Draw_Montage.uasset" 8475
"../../../Engine/Content/EngineSky/SM_SkySphere.uasset" 8476
"C:/Program Files/Epic Games/Unreal Projects/HaloFloodFanGame01 5.5/Content/Characters/Carrier/V2/anims/AM_Carrier_anims_SuicideBomb_Montage01.uasset" 8477
"C:/Program Files/Epic Games/Unreal Projects/HaloFloodFanGame01 5.5/Content/Characters/Carrier/V2/anims/BS_CarrierUnalertedMovement1.uasset" 8478
"/Game/Characters/Elite/v4/Elite_minor_shoulders" 8479
"/Game/Characters/Elite/v4/anims/elite_anims_dodge_right_Montage" 8480
"/Game/MSPresets/MS_Foliage_Material/MaterialFunctions/Foliage/MF_WindGust" 8481
"/Game/Characters/Elite/v4/Elite_minor_armrings" 8482
"/Game/Objects/Planter/Dirt" 8483
"/Game/Core/GenericMaterials/MI_Concrete" 8484
"/Game/Landscape/Props/grass/M_Grass" 8485
"/Game/Characters/Grunt/M_Armor" 8486
"/Game/Placeables/BP_Barricade" 8487
"/Game/Levels/_GENERATED/sgtfl/BspMesh_53BAF567" 8488
"/Game/Core/GenericMaterials/MI_BlackVoid" 8489
"/Game/Characters/Elite/v4/anims/elite_anims_dodge_left_Montage" 8490
"/Engine/EngineSky/SM_SkySphere" 8491
"/Game/Characters/Carrier/V2/anims/BS_CarrierUnalertedMovement1" 8492
"/Game/Characters/Carrier/V2/anims/AM_Carrier_anims_SuicideBomb_Montage01" 8493
"/Game/Characters/FPModel/Anims/AM_ThrowGrenade1" 8494
"/Game/Characters/FPModel2/Hands18_Anim_Armature_VM_Rifle_Reload_Montage" 8495
"/Game/Characters/FPModel2/Hands18_Anim_Armature_VM_Rifle_Draw_Montage" 8496
"/Game/Characters/FPModel2/Hands18_Anim_Armature_VM_Rifle_Holster_Montage" 8497
"/Game/Characters/FPModel2/AM_Hands18_Anim_Armature_VM_Rifle_Fire" 8498
"C:/Program Files/Epic Games/Unreal Projects/HaloFloodFanGame01 5.5/Content/MI_ScorchDecal_01.uasset" 8499
"C:/Program Files/Epic Games/Unreal Projects/HaloFloodFanGame01 5.5/Content/UI/MI_HealthBar.uasset" 8500
"C:/Program Files/Epic Games/Unreal Projects/HaloFloodFanGame01 5.5/Content/Core/Shared/MI_GruntBloodDecal.uasset" 8501
"C:/Program Files/Epic Games/Unreal Projects/HaloFloodFanGame01 5.5/Content/Weapons/Shotgun/Shotgun.uasset" 8502
"C:/Program Files/Epic Games/Unreal Projects/HaloFloodFanGame01 5.5/Content/Core/Shared/MI_GreenBlood.uasset" 8503
"C:/Program Files/Epic Games/Unreal Projects/HaloFloodFanGame01 5.5/Content/Characters/Grunt/MI_GruntBlood.uasset" 8504
"C:/Program Files/Epic Games/Unreal Projects/HaloFloodFanGame01 5.5/Content/Weapons/SPNKRRocketLauncher/SPNKRRocketLauncher.uasset" 8505
"C:/Program Files/Epic Games/Unreal Projects/HaloFloodFanGame01 5.5/Content/Core/Shared/MI_PurpleBlood.uasset" 8506
"C:/Program Files/Epic Games/Unreal Projects/HaloFloodFanGame01 5.5/Content/StarterContent/Props/SM_Bush.uasset" 8507
"C:/Program Files/Epic Games/Unreal Projects/HaloFloodFanGame01 5.5/Content/Objects/Halo/Halo04.uasset" 8508
"C:/Program Files/Epic Games/Unreal Projects/HaloFloodFanGame01 5.5/Content/Weapons/SMG/SMG.uasset" 8509
"C:/Program Files/Epic Games/Unreal Projects/HaloFloodFanGame01 5.5/Content/Weapons/DMR/DMR.uasset" 8510
"C:/Program Files/Epic Games/Unreal Projects/HaloFloodFanGame01 5.5/Content/Weapons/BattleRifle/BR.uasset" 8511
"C:/Program Files/Epic Games/Unreal Projects/HaloFloodFanGame01 5.5/Content/Characters/Elite/v4/elite_body.uasset" 8512
"/Game/Characters/FPModel2/NewFolder/Hands18_Lean_B" 8513
"/Game/Characters/FPModel2/NewFolder/Hands_anims_moveF" 8514
"/Game/Characters/Elite/v4/anims/AM_elite_anims_Pistol_DodgeRoll" 8515
"/Game/Characters/Elite/v4/anims/elite_anims_Pistol_Aim_Down" 8516
"/Game/Characters/Elite/v4/anims/elite_anims_Pistol_Aim_Up" 8517
"/Game/Characters/InfectionForm/v2/anims/BS_InfectionForm_Movement" 8518
"/Game/Characters/Elite/v4/anims/AM_elite_anims_Add_Hit_Front_Montage" 8519
"/Game/Characters/Elite/v4/anims/elite_anims_Pistol_Add_Fire_Montage" 8520
"/Game/Characters/Elite/v4/anims/AM_elite_anims_Death_01" 8521
"/Game/Characters/InfectionForm/v2/anims/AM_infectionForm_anims_Infect_Montage" 8522
"/Game/Weapons/DMR/DMR" 8523
"C:/Program Files/Epic Games/Unreal Projects/HaloFloodFanGame01 5.5/Content/Characters/Grunt/Anims/AO_GruntAiming.uasset" 8524
"C:/Program Files/Epic Games/Unreal Projects/HaloFloodFanGame01 5.5/Content/Fab/Megascans/3D/Massive_Sandstone_Cliff_vmodcha/Medium/MI_vmodcha.uasset" 8525
"C:/Program Files/Epic Games/Unreal Projects/HaloFloodFanGame01 5.5/Content/Characters/InfectionForm/v2/infectionForm.uasset" 8526
"C:/Program Files/Epic Games/Unreal Projects/HaloFloodFanGame01 5.5/Content/Fab/Megascans/3D/Massive_Sandstone_Cliff_vmnmbjp/Medium/MI_vmnmbjp.uasset" 8527
"C:/Program Files/Epic Games/Unreal Projects/HaloFloodFanGame01 5.5/Content/Fab/Megascans/3D/Sandstone_Boulder_vmkeejj/Medium/MI_vmkeejj.uasset" 8528
"C:/Program Files/Epic Games/Unreal Projects/HaloFloodFanGame01 5.5/Content/Fab/Megascans/3D/Massive_Sandstone_Cliff_vmpcfio/Medium/MI_vmpcfio.uasset" 8529
"C:/Program Files/Epic Games/Unreal Projects/HaloFloodFanGame01 5.5/Content/Weapons/AR/MarcusLehtoMA5B.uasset" 8530
"C:/Program Files/Epic Games/Unreal Projects/HaloFloodFanGame01 5.5/Content/Characters/Grunt/Anims/Fire_Additive_Montage.uasset" 8531
"C:/Program Files/Epic Games/Unreal Projects/HaloFloodFanGame01 5.5/Content/Weapons/SniperRifle/SR.uasset" 8532
"C:/Program Files/Epic Games/Unreal Projects/HaloFloodFanGame01 5.5/Content/Fab/Megascans/3D/Huge_Sandstone_Cliff_vmobfiw/Medium/MI_vmobfiw.uasset" 8533
"C:/Program Files/Epic Games/Unreal Projects/HaloFloodFanGame01 5.5/Content/Characters/Grunt/Anims/Hard_Hit_Front_Montage.uasset" 8534
"C:/Program Files/Epic Games/Unreal Projects/HaloFloodFanGame01 5.5/Content/Fab/Megascans/3D/Huge_Sandstone_Cliff_vmjecjd/Medium/MI_vmjecjd.uasset" 8535
"C:/Program Files/Epic Games/Unreal Projects/HaloFloodFanGame01 5.5/Content/Characters/Grunt/SK_Grunt.uasset" 8536
"C:/Program Files/Epic Games/Unreal Projects/HaloFloodFanGame01 5.5/Content/Characters/Grunt/Anims/AO_GruntLooking.uasset" 8537
"C:/Program Files/Epic Games/Unreal Projects/HaloFloodFanGame01 5.5/Content/MSPresets/MS_Foliage_Material/MaterialFunctions/Foliage/MF_adjustTwoSidedBaseColor.uasset" 8538
"C:/Program Files/Epic Games/Unreal Projects/HaloFloodFanGame01 5.5/Content/MSPresets/MS_Foliage_Material/MaterialFunctions/Foliage/MF_generateTranslucency.uasset" 8539
"C:/Program Files/Epic Games/Unreal Projects/HaloFloodFanGame01 5.5/Content/MSPresets/MS_Foliage_Material/MaterialFunctions/Foliage/MF_WorldspaceColorVariation.uasset" 8540
"C:/Program Files/Epic Games/Unreal Projects/HaloFloodFanGame01 5.5/Content/MSPresets/MS_Foliage_Material/MaterialFunctions/Foliage/MF_adjustBaseColor.uasset" 8541
"/Game/Weapons/BattleRifle/BR" 8542
"/Game/Weapons/SPNKRRocketLauncher/SPNKRRocketLauncher" 8543
"/Game/Weapons/Shotgun/Shotgun" 8544
"/Game/Weapons/SMG/SMG" 8545
"/Game/Core/Shared/MI_PurpleBlood" 8546
"/Game/Core/Shared/MI_GreenBlood" 8547
"/Game/Core/Shared/MI_GruntBloodDecal" 8548
"/Game/Characters/Grunt/MI_GruntBlood" 8549
"/Game/StarterContent/Props/SM_Bush" 8550
"/Game/MI_ScorchDecal_01" 8551
"/Game/UI/MI_HealthBar" 8552
"/Game/Characters/Elite/v4/elite_body" 8553
"/Game/Objects/Halo/Halo04" 8554
"/Game/MSPresets/MS_Foliage_Material/MaterialFunctions/Foliage/MF_adjustTwoSidedBaseColor" 8555
"C:/Program Files/Epic Games/Unreal Projects/HaloFloodFanGame01 5.5/Content/MI_MurkyWater.uasset" 8556
"C:/Program Files/Epic Games/Unreal Projects/HaloFloodFanGame01 5.5/Content/Weapons/PlasmaPistol/plasmapistol00.uasset" 8557
"C:/Program Files/Epic Games/Unreal Projects/HaloFloodFanGame01 5.5/Content/Weapons/FuelRodCannon/FuelRodCannon.uasset" 8558
"C:/Program Files/Epic Games/Unreal Projects/HaloFloodFanGame01 5.5/Content/FPS_Weapon_Bundle/Weapons/Materials/Ammunition/M_9mm.uasset" 8559
"C:/Program Files/Epic Games/Unreal Projects/HaloFloodFanGame01 5.5/Content/FPS_Weapon_Bundle/Weapons/Materials/SMG11/M_SMG11.uasset" 8560
"C:/Program Files/Epic Games/Unreal Projects/HaloFloodFanGame01 5.5/Content/FPWeapon/Materials/M_FPGun.uasset" 8561
"C:/Program Files/Epic Games/Unreal Projects/HaloFloodFanGame01 5.5/Content/Core/MI_Shield.uasset" 8562
"C:/Program Files/Epic Games/Unreal Projects/HaloFloodFanGame01 5.5/Content/FPS_Weapon_Bundle/Weapons/Materials/G67_Grenade/M_G67.uasset" 8563
"C:/Program Files/Epic Games/Unreal Projects/HaloFloodFanGame01 5.5/Content/MSPresets/MS_Foliage_Material/MaterialFunctions/Foliage/MF_HealthSeason.uasset" 8564
"C:/Program Files/Epic Games/Unreal Projects/HaloFloodFanGame01 5.5/Content/Weapons/Carbine/Carbine.uasset" 8565
"/Game/MSPresets/MS_Foliage_Material/MaterialFunctions/Foliage/MF_generateTranslucency" 8566
"/Game/MSPresets/MS_Foliage_Material/MaterialFunctions/Foliage/MF_WorldspaceColorVariation" 8567
"C:/Program Files/Epic Games/Unreal Projects/HaloFloodFanGame01 5.5/Content/FPS_Weapon_Bundle/Weapons/Materials/SMG11/M_SMG11_Rem.uasset" 8568
"C:/Program Files/Epic Games/Unreal Projects/HaloFloodFanGame01 5.5/Content/Weapons/PlasmaRifle/plasmarifle00.uasset" 8569
"C:/Program Files/Epic Games/Unreal Projects/HaloFloodFanGame01 5.5/Content/MSPresets/MS_Foliage_Material/MaterialFunctions/Foliage/MF_LightInfluenceColorVariation.uasset" 8570
"C:/Program Files/Epic Games/Unreal Projects/HaloFloodFanGame01 5.5/Content/Characters/Carrier/MI_CarrierMat.uasset" 8571
"/Game/MSPresets/MS_Foliage_Material/MaterialFunctions/Foliage/MF_adjustBaseColor" 8572
"/Game/Fab/Megascans/3D/Huge_Sandstone_Cliff_vmjecjd/Medium/MI_vmjecjd" 8573
"/Game/Fab/Megascans/3D/Massive_Sandstone_Cliff_vmpcfio/Medium/MI_vmpcfio" 8574
"/Game/Fab/Megascans/3D/Massive_Sandstone_Cliff_vmnmbjp/Medium/MI_vmnmbjp" 8575
"/Game/Fab/Megascans/3D/Massive_Sandstone_Cliff_vmodcha/Medium/MI_vmodcha" 8576
"/Game/Fab/Megascans/3D/Huge_Sandstone_Cliff_vmobfiw/Medium/MI_vmobfiw" 8577
"/Game/Fab/Megascans/3D/Sandstone_Boulder_vmkeejj/Medium/MI_vmkeejj" 8578
"/Game/Weapons/SniperRifle/SR" 8579
"/Game/Characters/Grunt/SK_Grunt" 8580
"../../../../Unreal Projects/HaloFloodFanGame01 5.5/Content/Characters/Grunt/SK_Grunt.uasset" 8581
"/Game/Characters/Grunt/Anims/AO_GruntLooking" 8582
"/Game/Characters/Grunt/Anims/AO_GruntAiming" 8583
"/Game/Characters/Grunt/Anims/Hard_Hit_Front_Montage" 8584
"/Game/Characters/Grunt/Anims/Fire_Additive_Montage" 8585
"/Game/Characters/InfectionForm/v2/infectionForm" 8586
"../../../../Unreal Projects/HaloFloodFanGame01 5.5/Content/Characters/InfectionForm/v2/infectionForm.uasset" 8587
"/Game/Weapons/AR/MarcusLehtoMA5B" 8588
"/Game/FPWeapon/Materials/M_FPGun" 8589
"../../../Engine/Plugins/Interchange/Assets/Content/gltf/M_Unlit.uasset" 8590
"../../../Engine/Plugins/Interchange/Assets/Content/Functions/MX_TransmissionSurface.uasset" 8591
"C:/Program Files/Epic Games/Unreal Projects/HaloFloodFanGame01 5.5/Content/UI/WBP_CustomButton.uasset" 8592
"C:/Program Files/Epic Games/Unreal Projects/HaloFloodFanGame01 5.5/Content/MSPresets/MS_Foliage_Material/MaterialFunctions/Impostor/Sprite_PositionBased.uasset" 8593
"C:/Program Files/Epic Games/Unreal Projects/HaloFloodFanGame01 5.5/Content/UI/Options/WBP_NumberSlider.uasset" 8594
"C:/Program Files/Epic Games/Unreal Projects/HaloFloodFanGame01 5.5/Content/UI/WBP_Attributions.uasset" 8595
"C:/Program Files/Epic Games/Unreal Projects/HaloFloodFanGame01 5.5/Content/UI/Options/WBP_GraphicsSettings.uasset" 8596
"../../../Engine/Content/Functions/Engine_MaterialFunctions02/Utility/DebugFloat2Values.uasset" 8597
"C:/Program Files/Epic Games/Unreal Projects/HaloFloodFanGame01 5.5/Content/Characters/Elite/v4/Elite_minor_armguards.uasset" 8598
"C:/Program Files/Epic Games/Unreal Projects/HaloFloodFanGame01 5.5/Content/MSPresets/MS_Foliage_Material/MaterialFunctions/Impostor/Impostor_SingleFrameVersion.uasset" 8599
"C:/Program Files/Epic Games/Unreal Projects/HaloFloodFanGame01 5.5/Content/UI/MI_ShieldBar.uasset" 8600
"C:/Program Files/Epic Games/Unreal Projects/HaloFloodFanGame01 5.5/Content/Characters/Elite/v4/Elite_minor_chest.uasset" 8601
"C:/Program Files/Epic Games/Unreal Projects/HaloFloodFanGame01 5.5/Content/Core/BP_PhysicsActor.uasset" 8602
"/Game/Characters/Carrier/MI_CarrierMat" 8603
"/Game/Weapons/PlasmaPistol/plasmapistol00" 8604
"../../../Engine/Plugins/Interchange/Assets/Content/Functions/MX_OpenPBR_Opaque.uasset" 8605
"C:/Program Files/Epic Games/Unreal Projects/HaloFloodFanGame01 5.5/Content/Vehicles/Car/Car00.uasset" 8606
"C:/Program Files/Epic Games/Unreal Projects/HaloFloodFanGame01 5.5/Content/Objects/UNSCItemPod/UNSCItemPod.uasset" 8607
"C:/Program Files/Epic Games/Unreal Projects/HaloFloodFanGame01 5.5/Content/Objects/sandbagcover/sandbagbarricade00.uasset" 8608
"C:/Program Files/Epic Games/Unreal Projects/HaloFloodFanGame01 5.5/Content/Landscape/Props/Sign/Sign00.uasset" 8609
"/Game/Weapons/PlasmaRifle/plasmarifle00" 8610
"/Game/Core/MI_Shield" 8611
"/Game/Weapons/FuelRodCannon/FuelRodCannon" 8612
"/Game/Weapons/Carbine/Carbine" 8613
"/Game/MI_MurkyWater" 8614
"/Game/FPS_Weapon_Bundle/Weapons/Materials/SMG11/M_SMG11" 8615
"/Game/FPS_Weapon_Bundle/Weapons/Materials/SMG11/M_SMG11_Rem" 8616
"/Game/FPS_Weapon_Bundle/Weapons/Materials/Ammunition/M_9mm" 8617
"/Game/FPS_Weapon_Bundle/Weapons/Materials/G67_Grenade/M_G67" 8618
"/Game/MSPresets/MS_Foliage_Material/MaterialFunctions/Foliage/MF_HealthSeason" 8619
"/Game/MSPresets/MS_Foliage_Material/MaterialFunctions/Foliage/MF_LightInfluenceColorVariation" 8620
"/Game/Landscape/Props/Sign/Sign00" 8621
"/Game/Vehicles/Car/Car00" 8622
"C:/Program Files/Epic Games/Unreal Projects/HaloFloodFanGame01 5.5/Content/Landscape/Props/Railing/Railing.uasset" 8623
"C:/Program Files/Epic Games/Unreal Projects/HaloFloodFanGame01 5.5/Content/Landscape/Props/Pole/Pole.uasset" 8624
"../../../../Unreal Projects/HaloFloodFanGame01 5.5/Content/Vehicles/Car/Car00.uasset" 8625
"C:/Program Files/Epic Games/Unreal Projects/HaloFloodFanGame01 5.5/Content/Landscape/Props/Pergola/pergola00.uasset" 8626
"C:/Program Files/Epic Games/Unreal Projects/HaloFloodFanGame01 5.5/Content/MSPresets/MS_Foliage_Material/MaterialFunctions/Foliage/MF_SimpleWind.uasset" 8627
"C:/Program Files/Epic Games/Unreal Projects/HaloFloodFanGame01 5.5/Content/Landscape/Props/Railing/RailingWithPost00_Railing.uasset" 8628
"C:/Program Files/Epic Games/Unreal Projects/HaloFloodFanGame01 5.5/Content/Landscape/Props/trashcan/trashcan00.uasset" 8629
"C:/Program Files/Epic Games/Unreal Projects/HaloFloodFanGame01 5.5/Content/Landscape/Props/grass/grass.uasset" 8630
"/Game/Objects/UNSCItemPod/UNSCItemPod" 8631
"C:/Program Files/Epic Games/Unreal Projects/HaloFloodFanGame01 5.5/Content/Objects/Mine/TripMine.uasset" 8632
"/Game/Objects/sandbagcover/sandbagbarricade00" 8633
"C:/Program Files/Epic Games/Unreal Projects/HaloFloodFanGame01 5.5/Content/Characters/Grunt/MI_GreenMetal.uasset" 8634
"C:/Program Files/Epic Games/Unreal Projects/HaloFloodFanGame01 5.5/Content/Characters/Grunt/MI_MetalWhite.uasset" 8635
"/Game/Core/BP_PhysicsActor" 8636
"C:/Program Files/Epic Games/Unreal Projects/HaloFloodFanGame01 5.5/Content/Landscape/Props/tree00/trees.uasset" 8637
"C:/Program Files/Epic Games/Unreal Projects/HaloFloodFanGame01 5.5/Content/Landscape/Props/FusionCoil/FusionCoil.uasset" 8638
"C:/Program Files/Epic Games/Unreal Projects/HaloFloodFanGame01 5.5/Content/Landscape/Props/HangingLamp/HangingLamp00.uasset" 8639
"/Engine/Functions/Engine_MaterialFunctions02/Utility/DebugFloat2Values" 8640
"C:/Program Files/Epic Games/Unreal Projects/HaloFloodFanGame01 5.5/Content/MSPresets/MS_Foliage_Material/MaterialFunctions/Foliage/MF_AdvancedWind.uasset" 8641
"/InterchangeAssets/Functions/MX_TransmissionSurface" 8642
"../../Plugins/Interchange/Assets/Content/Functions/MX_Transmission.uasset" 8643
"../../../Engine/Content/Functions/Engine_MaterialFunctions01/Volumetrics/BeersLaw.uasset" 8644
"/Game/UI/Options/WBP_NumberSlider" 8645
"/Game/UI/Options/WBP_GraphicsSettings" 8646
"/Game/UI/WBP_CustomButton" 8647
"/Game/UI/WBP_Attributions" 8648
"/Game/Characters/Elite/v4/Elite_minor_chest" 8649
"/Game/Characters/Elite/v4/Elite_minor_armguards" 8650
"/Game/MSPresets/MS_Foliage_Material/MaterialFunctions/Impostor/Impostor_SingleFrameVersion" 8651
"/InterchangeAssets/gltf/M_Unlit" 8652
"/InterchangeAssets/Functions/MX_OpenPBR_Opaque" 8653
"/Game/MSPresets/MS_Foliage_Material/MaterialFunctions/Impostor/Sprite_PositionBased" 8654
"/Game/UI/MI_ShieldBar" 8655
"/Game/Characters/Grunt/MI_GreenMetal" 8656
"/Game/Characters/Grunt/MI_MetalWhite" 8657
"/Game/MSPresets/MS_Foliage_Material/MaterialFunctions/Foliage/MF_SimpleWind" 8658
"C:/Program Files/Epic Games/Unreal Projects/HaloFloodFanGame01 5.5/Content/AI/BTTask_DodgeRoll.uasset" 8659
"C:/Program Files/Epic Games/Unreal Projects/HaloFloodFanGame01 5.5/Content/Objects/Planter/Planter.uasset" 8660
"C:/Program Files/Epic Games/Unreal Projects/HaloFloodFanGame01 5.5/Content/Characters/Grunt/MI_Armor_Black.uasset" 8661
"C:/Program Files/Epic Games/Unreal Projects/HaloFloodFanGame01 5.5/Content/Landscape/Props/bench/bench00.uasset" 8662
"C:/Program Files/Epic Games/Unreal Projects/HaloFloodFanGame01 5.5/Content/Landscape/Props/Railing/RailingWithPost00_Post.uasset" 8663
"C:/Program Files/Epic Games/Unreal Projects/HaloFloodFanGame01 5.5/Content/Characters/Grunt/SK_ChestArmor.uasset" 8664
"C:/Program Files/Epic Games/Unreal Projects/HaloFloodFanGame01 5.5/Content/Characters/Grunt/MI_MetalRed.uasset" 8665
"C:/Program Files/Epic Games/Unreal Projects/HaloFloodFanGame01 5.5/Content/Landscape/Props/ParksideCurbs/ParkingCurb00.uasset" 8666
"C:/Program Files/Epic Games/Unreal Projects/HaloFloodFanGame01 5.5/Content/Characters/Grunt/SK_Backpack.uasset" 8667
"C:/Program Files/Epic Games/Unreal Projects/HaloFloodFanGame01 5.5/Content/Landscape/Props/Barrier/Barrier00.uasset" 8668
"C:/Program Files/Epic Games/Unreal Projects/HaloFloodFanGame01 5.5/Content/Landscape/Props/Lightpole/lgi/lightpole_DoubleLightPole.uasset" 8669
"/Game/MSPresets/MS_Foliage_Material/MaterialFunctions/Foliage/MF_AdvancedWind" 8670
"C:/Program Files/Epic Games/Unreal Projects/HaloFloodFanGame01 5.5/Content/Landscape/Props/Lightpole/lgi/lightpole_LightPole.uasset" 8671
"C:/Program Files/Epic Games/Unreal Projects/HaloFloodFanGame01 5.5/Content/Characters/Grunt/SK_Mask.uasset" 8672
"C:/Program Files/Epic Games/Unreal Projects/HaloFloodFanGame01 5.5/Content/Characters/Elite/v4/anims/AO_Elite_Pistol_Aiming.uasset" 8673
"C:/Program Files/Epic Games/Unreal Projects/HaloFloodFanGame01 5.5/Content/Characters/FPModel2/NewFolder/Hands18_Lean_R.uasset" 8674
"C:/Program Files/Epic Games/Unreal Projects/HaloFloodFanGame01 5.5/Content/Characters/FPModel2/BS_HandsMovement.uasset" 8675
"C:/Program Files/Epic Games/Unreal Projects/HaloFloodFanGame01 5.5/Content/Characters/FPModel2/NewFolder/Hands18_Lean_L.uasset" 8676
"C:/Program Files/Epic Games/Unreal Projects/HaloFloodFanGame01 5.5/Content/BP_ScorchDecal.uasset" 8677
"/Game/Landscape/Props/grass/grass" 8678
"/Game/Landscape/Props/tree00/trees" 8679
"/Game/Landscape/Props/trashcan/trashcan00" 8680
"/Game/Landscape/Props/Pole/Pole" 8681
"/Game/Landscape/Props/Railing/RailingWithPost00_Railing" 8682
"/Game/Landscape/Props/HangingLamp/HangingLamp00" 8683
"/Game/Landscape/Props/Railing/Railing" 8684
"/Game/Objects/Mine/TripMine" 8685
"/Game/Landscape/Props/FusionCoil/FusionCoil" 8686
"/Game/Landscape/Props/Pergola/pergola00" 8687
"/Game/BP_ScorchDecal" 8688
"/Game/Characters/FPModel2/NewFolder/Hands18_Lean_R" 8689
"/Game/Characters/FPModel2/NewFolder/Hands18_Lean_L" 8690
"C:/Program Files/Epic Games/Unreal Projects/HaloFloodFanGame01 5.5/Content/MSPresets/MS_Foliage_Material/MaterialFunctions/Foliage/MF_TwoSided_Leaves.uasset" 8691
"C:/Program Files/Epic Games/Unreal Projects/HaloFloodFanGame01 5.5/Content/Fab/Megascans/3D/Massive_Sandstone_Cliff_vmodcha/Medium/vmodcha_tier_2.uasset" 8692
"C:/Program Files/Epic Games/Unreal Projects/HaloFloodFanGame01 5.5/Content/Fab/Megascans/3D/Sandstone_Boulder_vmkeejj/Medium/vmkeejj_tier_2.uasset" 8693
"C:/Program Files/Epic Games/Unreal Projects/HaloFloodFanGame01 5.5/Content/FPS_Weapon_Bundle/Weapons/Meshes/G67_Grenade/SM_G67.uasset" 8694
"C:/Program Files/Epic Games/Unreal Projects/HaloFloodFanGame01 5.5/Content/FPS_Weapon_Bundle/Weapons/Meshes/G67_Grenade/SK_G67_X.uasset" 8695
"C:/Program Files/Epic Games/Unreal Projects/HaloFloodFanGame01 5.5/Content/MSPresets/MS_Foliage_Material/MaterialFunctions/Foliage/MF_TwoSided_Decoration.uasset" 8696
"C:/Program Files/Epic Games/Unreal Projects/HaloFloodFanGame01 5.5/Content/Landscape/NewInstancedStaticMeshFoliage.uasset" 8697
"C:/Program Files/Epic Games/Unreal Projects/HaloFloodFanGame01 5.5/Content/MSPresets/MS_Foliage_Material/MaterialFunctions/Foliage/MF_DefaultLit_Trunk.uasset" 8698
"C:/Program Files/Epic Games/Unreal Projects/HaloFloodFanGame01 5.5/Content/FPS_Weapon_Bundle/Weapons/Meshes/SMG11/SK_SMG11_Y.uasset" 8699
"C:/Program Files/Epic Games/Unreal Projects/HaloFloodFanGame01 5.5/Content/Fab/Megascans/3D/Huge_Sandstone_Cliff_vmobfiw/Medium/vmobfiw_tier_2.uasset" 8700
"C:/Program Files/Epic Games/Unreal Projects/HaloFloodFanGame01 5.5/Content/Fab/Megascans/3D/Huge_Sandstone_Cliff_vmjecjd/Medium/vmjecjd_tier_2.uasset" 8701
"/Game/Characters/FPModel2/BS_HandsMovement" 8702
"C:/Program Files/Epic Games/Unreal Projects/HaloFloodFanGame01 5.5/Content/Characters/Carrier/V2/SKM_Carrier.uasset" 8703
"/Game/AI/BTTask_DodgeRoll" 8704
"C:/Program Files/Epic Games/Unreal Projects/HaloFloodFanGame01 5.5/Content/Fab/Megascans/3D/Massive_Sandstone_Cliff_vmpcfio/Medium/vmpcfio_tier_2.uasset" 8705
"C:/Program Files/Epic Games/Unreal Projects/HaloFloodFanGame01 5.5/Content/Fab/Megascans/3D/Massive_Sandstone_Cliff_vmnmbjp/Medium/vmnmbjp_tier_2.uasset" 8706
"/Game/Characters/Elite/v4/anims/AO_Elite_Pistol_Aiming" 8707
"/Game/Objects/Planter/Planter" 8708
"/Game/Landscape/Props/Lightpole/lgi/lightpole_LightPole" 8709
"/Game/Landscape/Props/Railing/RailingWithPost00_Post" 8710
"/Game/Landscape/Props/Lightpole/lgi/lightpole_DoubleLightPole" 8711
"/Game/Landscape/Props/Barrier/Barrier00" 8712
"/Game/Landscape/Props/ParksideCurbs/ParkingCurb00" 8713
"/Game/Landscape/Props/bench/bench00" 8714
"/Game/Characters/Grunt/MI_MetalRed" 8715
"/Game/Characters/Grunt/SK_Backpack" 8716
"../../../../Unreal Projects/HaloFloodFanGame01 5.5/Content/Characters/Grunt/SK_Backpack.uasset" 8717
"/Game/Characters/Grunt/SK_Mask" 8718
"../../../../Unreal Projects/HaloFloodFanGame01 5.5/Content/Characters/Grunt/SK_Mask.uasset" 8719
"/Game/Characters/Grunt/SK_ChestArmor" 8720
"../../../../Unreal Projects/HaloFloodFanGame01 5.5/Content/Characters/Grunt/SK_ChestArmor.uasset" 8721
"/Game/Characters/Grunt/MI_Armor_Black" 8722
"/Game/Characters/Carrier/V2/SKM_Carrier" 8723
"../../../../Unreal Projects/HaloFloodFanGame01 5.5/Content/Characters/Carrier/V2/SKM_Carrier.uasset" 8724
"/Game/FPS_Weapon_Bundle/Weapons/Meshes/SMG11/SK_SMG11_Y" 8725
"C:/Program Files/Epic Games/Unreal Projects/HaloFloodFanGame01 5.5/Content/FPWeapon/Mesh/SK_FPGun.uasset" 8726
"../../../Engine/Plugins/Interchange/Assets/Content/gltf/MaterialInstances/MI_Unlit_Opaque.uasset" 8727
"../../../Engine/Plugins/Interchange/Assets/Content/gltf/MaterialInstances/MI_Unlit_Mask.uasset" 8728
"../../../Engine/Plugins/Interchange/Assets/Content/gltf/MaterialInstances/MI_Unlit_Blend_DS.uasset" 8729
"../../../Engine/Plugins/Interchange/Assets/Content/gltf/MaterialInstances/MI_Unlit_Blend.uasset" 8730
"C:/Program Files/Epic Games/Unreal Projects/HaloFloodFanGame01 5.5/Content/UI/Options/WBP_ControlsSettings.uasset" 8731
"../../../Engine/Plugins/Interchange/Assets/Content/gltf/MaterialInstances/MI_Unlit_Mask_DS.uasset" 8732
"../../../Engine/Plugins/Interchange/Assets/Content/gltf/MaterialInstances/MI_Unlit_Opaque_DS.uasset" 8733
"../../../Engine/Plugins/Interchange/Assets/Content/Functions/MX_OpenPBR_Translucent.uasset" 8734
"C:/Program Files/Epic Games/Unreal Projects/HaloFloodFanGame01 5.5/Content/UI/Options/WBP_VideoSettings.uasset" 8735
"C:/Program Files/Epic Games/Unreal Projects/HaloFloodFanGame01 5.5/Content/UI/WBP_ControlsScreen.uasset" 8736
"../../../../Unreal Projects/HaloFloodFanGame01 5.5/Content/FPS_Weapon_Bundle/Weapons/Meshes/SMG11/SK_SMG11_Y.uasset" 8737
"/Game/FPS_Weapon_Bundle/Weapons/Meshes/G67_Grenade/SM_G67" 8738
"/Game/FPS_Weapon_Bundle/Weapons/Meshes/G67_Grenade/SK_G67_X" 8739
"../../../../Unreal Projects/HaloFloodFanGame01 5.5/Content/FPS_Weapon_Bundle/Weapons/Meshes/G67_Grenade/SK_G67_X.uasset" 8740
"/Game/MSPresets/MS_Foliage_Material/MaterialFunctions/Foliage/MF_TwoSided_Leaves" 8741
"/Game/MSPresets/MS_Foliage_Material/MaterialFunctions/Foliage/MF_DefaultLit_Trunk" 8742
"/Game/MSPresets/MS_Foliage_Material/MaterialFunctions/Foliage/MF_TwoSided_Decoration" 8743
"/Game/Fab/Megascans/3D/Huge_Sandstone_Cliff_vmjecjd/Medium/vmjecjd_tier_2" 8744
"/Game/Fab/Megascans/3D/Massive_Sandstone_Cliff_vmpcfio/Medium/vmpcfio_tier_2" 8745
"/Game/Fab/Megascans/3D/Massive_Sandstone_Cliff_vmnmbjp/Medium/vmnmbjp_tier_2" 8746
"/Game/Fab/Megascans/3D/Massive_Sandstone_Cliff_vmodcha/Medium/vmodcha_tier_2" 8747
"/Game/Fab/Megascans/3D/Huge_Sandstone_Cliff_vmobfiw/Medium/vmobfiw_tier_2" 8748
"/Game/Fab/Megascans/3D/Sandstone_Boulder_vmkeejj/Medium/vmkeejj_tier_2" 8749
"/Game/Landscape/NewInstancedStaticMeshFoliage" 8750
"/InterchangeAssets/Functions/MX_OpenPBR_Translucent" 8751
"/Game/UI/Options/WBP_ControlsSettings" 8752
"/Game/UI/Options/WBP_VideoSettings" 8753
"/Game/UI/WBP_ControlsScreen" 8754
"/InterchangeAssets/gltf/MaterialInstances/MI_Unlit_Opaque" 8755
"/InterchangeAssets/gltf/MaterialInstances/MI_Unlit_Mask" 8756
"/InterchangeAssets/gltf/MaterialInstances/MI_Unlit_Blend" 8757
"/InterchangeAssets/gltf/MaterialInstances/MI_Unlit_Opaque_DS" 8758
"/InterchangeAssets/gltf/MaterialInstances/MI_Unlit_Mask_DS" 8759
"/InterchangeAssets/gltf/MaterialInstances/MI_Unlit_Blend_DS" 8760
"/Game/UI/WBP_Healthbar" 8761
"/Game/FPWeapon/Mesh/SK_FPGun" 8762
"../../../../Unreal Projects/HaloFloodFanGame01 5.5/Content/FPWeapon/Mesh/SK_FPGun.uasset" 8763
"C:/Program Files/Epic Games/Unreal Projects/HaloFloodFanGame01 5.5/Content/Characters/FPModel2/BS_Hands_Lean.uasset" 8764
"C:/Program Files/Epic Games/Unreal Projects/HaloFloodFanGame01 5.5/Content/NS_RocketTrail.uasset" 8765
"C:/Program Files/Epic Games/Unreal Projects/HaloFloodFanGame01 5.5/Content/Core/Weapons/NS_GenericBulletTrail.uasset" 8766
"C:/Program Files/Epic Games/Unreal Projects/HaloFloodFanGame01 5.5/Content/Objects/PDA/PDA.uasset" 8767
"C:/Program Files/Epic Games/Unreal Projects/HaloFloodFanGame01 5.5/Content/Landscape/Props/Pole/BP_Pole.uasset" 8768
"C:/Program Files/Epic Games/Unreal Projects/HaloFloodFanGame01 5.5/Content/NS_SniperTrail.uasset" 8769
"C:/Program Files/Epic Games/Unreal Projects/HaloFloodFanGame01 5.5/Content/NS_SpectreFire.uasset" 8770
"C:/Program Files/Epic Games/Unreal Projects/HaloFloodFanGame01 5.5/Content/Projectiles/NS_SpikerBullet.uasset" 8771
"C:/Program Files/Epic Games/Unreal Projects/HaloFloodFanGame01 5.5/Content/UI/WBP_PDAButton.uasset" 8772
"C:/Program Files/Epic Games/Unreal Projects/HaloFloodFanGame01 5.5/Content/MSPresets/MS_Foliage_Material/MaterialFunctions/Impostor/Impostor_MS.uasset" 8773
"C:/Program Files/Epic Games/Unreal Projects/HaloFloodFanGame01 5.5/Content/Core/Weapons/NS_CarbineBeam.uasset" 8774
"C:/Program Files/Epic Games/Unreal Projects/HaloFloodFanGame01 5.5/Content/Landscape/Landscape_GrassType.uasset" 8775
"../../../Engine/Plugins/Interchange/Assets/Content/gltf/M_Sheen.uasset" 8776
"C:/Program Files/Epic Games/Unreal Projects/HaloFloodFanGame01 5.5/Content/MSPresets/MS_Foliage_Material/MasterMaterials/MA_Foliage.uasset" 8777
"../../../Engine/Plugins/Interchange/Assets/Content/gltf/M_ClearCoat.uasset" 8778
"../../../Engine/Plugins/Interchange/Assets/Content/gltf/M_SpecularGlossiness.uasset" 8779
"../../../Engine/Plugins/Interchange/Assets/Content/gltf/M_Transmission.uasset" 8780
"C:/Program Files/Epic Games/Unreal Projects/HaloFloodFanGame01 5.5/Content/Landscape/M_Landscape01.uasset" 8781
"C:/Program Files/Epic Games/Unreal Projects/HaloFloodFanGame01 5.5/Content/Characters/Grunt/NS_BloodBurst.uasset" 8782
"C:/Program Files/Epic Games/Unreal Projects/HaloFloodFanGame01 5.5/Content/Core/NS_ShieldBreak.uasset" 8783
"C:/Program Files/Epic Games/Unreal Projects/HaloFloodFanGame01 5.5/Content/Landscape/Props/Lightpole/BP_Lightpole.uasset" 8784
"C:/Program Files/Epic Games/Unreal Projects/HaloFloodFanGame01 5.5/Content/MSPresets/MS_Foliage_Material/MasterMaterials/MA_Impostor_SimpleOffset_MS.uasset" 8785
"C:/Program Files/Epic Games/Unreal Projects/HaloFloodFanGame01 5.5/Content/NS_FloodHit.uasset" 8786
"C:/Program Files/Epic Games/Unreal Projects/HaloFloodFanGame01 5.5/Content/Core/Weapons/NS_MuzzleBurst.uasset" 8787
"C:/Program Files/Epic Games/Unreal Projects/HaloFloodFanGame01 5.5/Content/Landscape/PFX/NS_EnvSmoke.uasset" 8788
"C:/Program Files/Epic Games/Unreal Projects/HaloFloodFanGame01 5.5/Content/NS_PlasmaGrenadeExplosion.uasset" 8789
"C:/Program Files/Epic Games/Unreal Projects/HaloFloodFanGame01 5.5/Content/NS_Fire.uasset" 8790
"C:/Program Files/Epic Games/Unreal Projects/HaloFloodFanGame01 5.5/Content/NS_BoostRibbons.uasset" 8791
"C:/Program Files/Epic Games/Unreal Projects/HaloFloodFanGame01 5.5/Content/NS_HoverEffect.uasset" 8792
"C:/Program Files/Epic Games/Unreal Projects/HaloFloodFanGame01 5.5/Content/NS_PlasmaFire1.uasset" 8793
"../../../Engine/Plugins/Interchange/Assets/Content/gltf/M_Default.uasset" 8794
"/Game/NS_Fire" 8795
"../../Plugins/FX/Niagara/Content/DynamicInputs/Add/Add_Float.uasset" 8796
"../../Plugins/FX/Niagara/Content/DynamicInputs/Multiply/Multiply_Float.uasset" 8797
"../../Plugins/FX/Niagara/Content/DynamicInputs/TypeConversions/VectorFromFloat.uasset" 8798
"../../Plugins/FX/Niagara/Content/DynamicInputs/UniformRange/V3/RandomRangeLinearColor.uasset" 8799
"../../Plugins/FX/Niagara/Content/DynamicInputs/ValueFromCurve/ColorFromCurve.uasset" 8800
"../../Plugins/FX/Niagara/Content/DynamicInputs/ValueFromCurve/FloatFromCurve.uasset" 8801
"../../Plugins/FX/Niagara/Content/Modules/Emitter/EmitterState.uasset" 8802
"../../Plugins/FX/Niagara/Content/Modules/Emitter/SpawnBurst_Instantaneous.uasset" 8803
"../../Plugins/FX/Niagara/Content/Modules/Emitter/SpawnRate.uasset" 8804
"../../Plugins/FX/Niagara/Content/Modules/Solvers/SolveForcesAndVelocity.uasset" 8805
"../../Plugins/FX/Niagara/Content/Modules/Spawn/Initialization/V2/InitializeParticle.uasset" 8806
"../../Plugins/FX/Niagara/Content/Modules/Spawn/Location/V2/ShapeLocation.uasset" 8807
"../../Plugins/FX/Niagara/Content/Modules/Spawn/Velocity/AddVelocity.uasset" 8808
"../../Plugins/FX/Niagara/Content/Modules/System/SystemState.uasset" 8809
"../../Plugins/FX/Niagara/Content/Modules/Update/Color/Color.uasset" 8810
"../../Plugins/FX/Niagara/Content/Modules/Update/Color/ScaleColor.uasset" 8811
"../../Plugins/FX/Niagara/Content/Modules/Update/Forces/Drag.uasset" 8812
"../../Plugins/FX/Niagara/Content/Modules/Update/Forces/GravityForce.uasset" 8813
"../../Plugins/FX/Niagara/Content/Modules/Update/Forces/V2/CurlNoiseForce.uasset" 8814
"../../Plugins/FX/Niagara/Content/Modules/Update/Lifetime/ParticleState.uasset" 8815
"../../Plugins/FX/Niagara/Content/Modules/Update/Size/ScaleSpriteSize.uasset" 8816
"../../Plugins/FX/Niagara/Content/Modules/Update/SubUV/V2/SubUVAnimation.uasset" 8817
"../../Plugins/FX/Niagara/Content/Enums/Angles/ENiagara_AngleInput.uasset" 8818
"../../Plugins/FX/Niagara/Content/Enums/ENiagara_AttributeSamplingApplyOutput.uasset" 8819
"../../Plugins/FX/Niagara/Content/Enums/ENiagara_ColorInitializationMode.uasset" 8820
"../../Plugins/FX/Niagara/Content/Enums/ENiagara_EmitterStateOptions.uasset" 8821
"../../Plugins/FX/Niagara/Content/Enums/ENiagara_InfiniteLoopDuration.uasset" 8822
"../../Plugins/FX/Niagara/Content/Enums/ENiagara_LifetimeMode.uasset" 8823
"../../Plugins/FX/Niagara/Content/Enums/ENiagara_MassInitializationMode.uasset" 8824
"../../Plugins/FX/Niagara/Content/Enums/ENiagara_PositionInitializationMode.uasset" 8825
"../../Plugins/FX/Niagara/Content/Enums/ENiagara_SizeScaleMode.uasset" 8826
"../../Plugins/FX/Niagara/Content/Enums/ENiagara_SpriteRotationMode.uasset" 8827
"../../Plugins/FX/Niagara/Content/Enums/ENiagara_SubUVLookupModeV2.uasset" 8828
"../../Plugins/FX/Niagara/Content/Enums/ENiagara_UVFlippingMode.uasset" 8829
"../../Plugins/FX/Niagara/Content/Enums/ENiagara_WrapClamp.uasset" 8830
"../../Plugins/FX/Niagara/Content/Enums/ENiagaraChannelCorrelation.uasset" 8831
"../../Plugins/FX/Niagara/Content/Enums/ENiagaraCurlNoiseQuality.uasset" 8832
"../../Plugins/FX/Niagara/Content/Enums/ENiagaraEmitterLifeCycleMode.uasset" 8833
"../../Plugins/FX/Niagara/Content/Enums/ENiagaraEmitterScalabilityMode_Limited.uasset" 8834
"../../Plugins/FX/Niagara/Content/Enums/ENiagaraInactiveMode.uasset" 8835
"../../Plugins/FX/Niagara/Content/Enums/ENiagaraMeshOrSprite.uasset" 8836
"../../Plugins/FX/Niagara/Content/Enums/ENiagaraRandomnessEvaluation.uasset" 8837
"../../Plugins/FX/Niagara/Content/Enums/ENiagaraRandomnessMode.uasset" 8838
"../../Plugins/FX/Niagara/Content/Enums/ENiagaraScaleColorMode.uasset" 8839
"../../Plugins/FX/Niagara/Content/Enums/ENiagaraShapeTorusMode.uasset" 8840
"../../Plugins/FX/Niagara/Content/Enums/ENiagaraSphereDistributionMode.uasset" 8841
"../../Plugins/FX/Niagara/Content/Enums/ENiagaraSystemInactiveMode.uasset" 8842
"../../Plugins/FX/Niagara/Content/Enums/ENiagaraTorusDistributionMode.uasset" 8843
"../../Plugins/FX/Niagara/Content/Enums/Location/ENiagara_BoxPlaneMode.uasset" 8844
"../../Plugins/FX/Niagara/Content/Enums/Location/ENiagara_ConeMode.uasset" 8845
"../../Plugins/FX/Niagara/Content/Enums/Location/ENiagara_CylinderMode.uasset" 8846
"../../Plugins/FX/Niagara/Content/Enums/Location/ENiagara_LocationShapes.uasset" 8847
"../../Plugins/FX/Niagara/Content/Enums/Location/ENiagaraRingDiscMode.uasset" 8848
"../../Plugins/FX/Niagara/Content/Enums/Ribbons/ENiagara_UnsetDirectSet.uasset" 8849
"../../Plugins/FX/Niagara/Content/Enums/Ribbons/ENiagara_UnsetDirectSetRandom.uasset" 8850
"../../Plugins/FX/Niagara/Content/Enums/SpriteRenderer/ENiagara_AutomaticManual.uasset" 8851
"../../Plugins/FX/Niagara/Content/Enums/SpriteRenderer/ENiagara_FPSPlayrate.uasset" 8852
"../../Plugins/FX/Niagara/Content/Enums/SpriteRenderer/ENiagara_ScaleSpriteSize.uasset" 8853
"../../Plugins/FX/Niagara/Content/Enums/Transforms/ENiagara_OffsetMode.uasset" 8854
"../../Plugins/FX/Niagara/Content/Enums/Transforms/ENiagara_RotationMode.uasset" 8855
"../../Plugins/FX/Niagara/Content/Enums/Transforms/ENiagara_ScaleMode.uasset" 8856
"../../Plugins/FX/Niagara/Content/Enums/Transforms/ENiagara_TransformOrder.uasset" 8857
"../../Plugins/FX/Niagara/Content/Enums/Transforms/ENiagara_TransformType.uasset" 8858
"../../Plugins/FX/Niagara/Content/Enums/Utility/ENiagara_VelocityMode.uasset" 8859
"../../Plugins/FX/Niagara/Content/Functions/V2/CalculateRandomRange.uasset" 8860
"../../Plugins/FX/Niagara/Content/Functions/V2/CalculateRandomRangeFloat.uasset" 8861
"../../Plugins/FX/Niagara/Content/Functions/Emitter/EmitterChangeState.uasset" 8862
"../../Plugins/FX/Niagara/Content/Functions/RandomRangeFloat.uasset" 8863
"../../Plugins/FX/Niagara/Content/Functions/DirectionAndLengthSafe.uasset" 8864
"../../Plugins/FX/Niagara/Content/Functions/Drag/DragVelocity.uasset" 8865
"../../Plugins/FX/Niagara/Content/Functions/Math/CentimeterMeterConversion.uasset" 8866
"../../Plugins/FX/Niagara/Content/Functions/Rotation/MultiplyVectorWithQuaternion.uasset" 8867
"../../Plugins/FX/Niagara/Content/Modules/Solvers/ApplyRotationVector.uasset" 8868
"../../Plugins/FX/Niagara/Content/Icons/Modules/T_Icon_Solver_LimitAccel.uasset" 8869
"../../Plugins/FX/Niagara/Content/Icons/Modules/T_Icon_Solver_LimitSpeed.uasset" 8870
"../../Plugins/FX/Niagara/Content/Icons/Modules/T_Icon_Solver_RotationalSolve.uasset" 8871
"../../Plugins/FX/Niagara/Content/Functions/LinearColor/HueShiftLinearColor.uasset" 8872
"../../Plugins/FX/Niagara/Content/Functions/Localspace/SimulationPosition.uasset" 8873
"../../Plugins/FX/Niagara/Content/Functions/Localspace/TransformVector.uasset" 8874
"../../Plugins/FX/Niagara/Content/Functions/V2/CalculateRandomBool.uasset" 8875
"../../Plugins/FX/Niagara/Content/Functions/V2/CalculateRandomRangeInteger.uasset" 8876
"../../Plugins/FX/Niagara/Content/Functions/Localspace/TransformPosition.uasset" 8877
"../../Plugins/FX/Niagara/Content/Functions/Math/CalculateRandomPointInConeSphereIntersection.uasset" 8878
"../../Plugins/FX/Niagara/Content/Functions/Math/SaturateFloat.uasset" 8879
"../../Plugins/FX/Niagara/Content/Functions/NormalizedExecutionIndex.uasset" 8880
"../../Plugins/FX/Niagara/Content/Functions/ParametricTorus.uasset" 8881
"../../Plugins/FX/Niagara/Content/Functions/ParametricTorusKnot.uasset" 8882
"../../Plugins/FX/Niagara/Content/Functions/PolarToCartesianCoordinates.uasset" 8883
"../../Plugins/FX/Niagara/Content/Functions/RandomPointInBox.uasset" 8884
"../../Plugins/FX/Niagara/Content/Functions/Rotation/AngleUnitConverter.uasset" 8885
"../../Plugins/FX/Niagara/Content/Functions/Rotation/RotateVector2D.uasset" 8886
"../../Plugins/FX/Niagara/Content/Functions/Rotation/TransformStack/TransformStack_Rotation.uasset" 8887
"../../Plugins/FX/Niagara/Content/Functions/SphericalToCartesianCoordinates.uasset" 8888
"../../Plugins/FX/Niagara/Content/Functions/V2/RemapRange.uasset" 8889
"../../Plugins/FX/Niagara/Content/Enums/ENiagaraExpansionMode.uasset" 8890
"../../Plugins/FX/Niagara/Content/Functions/Rotation/AxisAngleToQuaternion.uasset" 8891
"../../Plugins/FX/Niagara/Content/Functions/Rotation/FindQuatBetween.uasset" 8892
"../../Plugins/FX/Niagara/Content/Functions/Rotation/InvertQuaternion.uasset" 8893
"../../Plugins/FX/Niagara/Content/Functions/Rotation/MakeQuaternionFrom3BasisVectors.uasset" 8894
"../../Plugins/FX/Niagara/Content/Functions/Rotation/MultiplyQuaternion.uasset" 8895
"../../Plugins/FX/Niagara/Content/Functions/Rotation/XYZRotationToQuaternion.uasset" 8896
"../../Plugins/FX/Niagara/Content/Functions/V2/CalculateRandomUnitVector.uasset" 8897
"../../Plugins/FX/Niagara/Content/Functions/V2/DistanceBasedFalloff.uasset" 8898
"../../Plugins/FX/Niagara/Content/Functions/System/SystemChangeState.uasset" 8899
"../../Plugins/FX/Niagara/Content/Functions/Localspace/PositionToVector.uasset" 8900
"../../Plugins/FX/Niagara/Content/Functions/V2/ConeMask.uasset" 8901
"../../Plugins/FX/Niagara/Content/VectorFields/Assets/TilingCurl16.uasset" 8902
"../../Plugins/FX/Niagara/Content/VectorFields/Assets/TilingCurl64.uasset" 8903
"../../Plugins/FX/Niagara/Content/Icons/Modules/T_Icon_Particle_InfiniteLife.uasset" 8904
"../../Plugins/FX/Niagara/Content/Functions/Helpers/SetBoolByTimer.uasset" 8905
"../../Plugins/FX/Niagara/Content/Functions/RandomRangeInteger.uasset" 8906
"../../Plugins/FX/Niagara/Content/Enums/ENiagara_SubUVLookupMode.uasset" 8907
"../../Plugins/FX/Niagara/Content/Functions/GetRandomInfo.uasset" 8908
"../../Plugins/FX/Niagara/Content/Functions/Localspace/TransformBase.uasset" 8909
"../../Plugins/FX/Niagara/Content/Functions/IsolateLongestVectorComponent.uasset" 8910
"../../Plugins/FX/Niagara/Content/Functions/Rotation/MatrixToQuaternion.uasset" 8911
"../../Plugins/FX/Niagara/Content/Functions/NormalizeDistanceRange.uasset" 8912
"../../Plugins/FX/Niagara/Content/Functions/ChannelMasks/SelectV4Channel.uasset" 8913
"../../Plugins/FX/Niagara/Content/Enums/ENiagaraVector4_Channels.uasset" 8914
"../../Plugins/FX/Niagara/Content/Functions/FindAngleBetweenVectors.uasset" 8915
"/Game/Core/Weapons/NS_MuzzleBurst" 8916
"../../Plugins/FX/Niagara/Content/DynamicInputs/LinearColor/MakeFloat4FromVectorAndFloat.uasset" 8917
"../../Plugins/FX/Niagara/Content/DynamicInputs/LinearColor/MultiplyLinearColor.uasset" 8918
"../../Plugins/FX/Niagara/Content/DynamicInputs/UniformRange/V2/RandomRangeFloat.uasset" 8919
"../../Plugins/FX/Niagara/Content/DynamicInputs/UniformRange/V2/RandomRangeVector.uasset" 8920
"../../Plugins/FX/Niagara/Content/Modules/Events/GenerateLocationEvent.uasset" 8921
"../../Plugins/FX/Niagara/Content/Modules/Ribbons/ScaleRibbonWidth.uasset" 8922
"../../Plugins/FX/Niagara/Content/Modules/Solvers/ApplyInitialForces.uasset" 8923
"../../Plugins/FX/Niagara/Content/Modules/Update/Size/ScaleSpriteSizeBySpeed.uasset" 8924
"../../Plugins/FX/Niagara/Content/Enums/Events/ENiagara_LocEventType.uasset" 8925
"../../Plugins/FX/Niagara/Content/Functions/Helpers/AdvancePositionWithAcceleration.uasset" 8926
"../../Plugins/FX/Niagara/Content/DefaultAssets/Structs/LocationEvent_V2.uasset" 8927
"/Game/NS_PlasmaGrenadeExplosion" 8928
"../../Plugins/FX/Niagara/Content/DynamicInputs/TypeConversions/MakeVector4_FromFloat.uasset" 8929
"../../Plugins/FX/Niagara/Content/DynamicInputs/TypeConversions/Vector2DFromFloat.uasset" 8930
"../../Plugins/FX/Niagara/Content/Modules/Update/Utility/PartitionParticles.uasset" 8931
"../../Plugins/FX/Niagara/Content/Enums/ENiagaraBooleanLogicOps_v2.uasset" 8932
"../../Plugins/FX/Niagara/Content/Enums/Utility/ENiagara_PartitionMode.uasset" 8933
"../../Plugins/FX/Niagara/Content/Enums/ENiagaraBooleanLogicOps.uasset" 8934
"/Game/NS_HoverEffect" 8935
"/Game/NS_PlasmaFire1" 8936
"/Game/Landscape/PFX/NS_EnvSmoke" 8937
"/Game/Core/Weapons/NS_CarbineBeam" 8938
"../../Plugins/FX/Niagara/Content/DynamicInputs/Multiply/Multiply_VectorByFloat.uasset" 8939
"../../Plugins/FX/Niagara/Content/Modules/Beams/BeamEmitterSetup.uasset" 8940
"../../Plugins/FX/Niagara/Content/Modules/Beams/BeamWidth.uasset" 8941
"../../Plugins/FX/Niagara/Content/Modules/Beams/SpawnBeam.uasset" 8942
"../../Plugins/FX/Niagara/Content/Modules/Beams/UpdateBeam.uasset" 8943
"../../Plugins/FX/Niagara/Content/DynamicInputs/Helpers/SimulationPosition.uasset" 8944
"../../Plugins/FX/Niagara/Content/Functions/Spline/FindPositionOnBezierSpline.uasset" 8945
"/Game/NS_SniperTrail" 8946
"/Game/Core/NS_ShieldBreak" 8947
"../../Plugins/FX/Niagara/Content/Modules/Spawn/Location/V2/SkeletalMeshLocation.uasset" 8948
"../../Plugins/FX/Niagara/Content/Modules/Update/Velocity/InheritVelocity.uasset" 8949
"../../Plugins/FX/Niagara/Content/Enums/ENiagaraBoneSamplingMode.uasset" 8950
"../../Plugins/FX/Niagara/Content/Enums/ENiagaraBoneSocketSamplingMode.uasset" 8951
"../../Plugins/FX/Niagara/Content/Enums/ENiagaraSkelMeshPositionSamplingMode.uasset" 8952
"../../Plugins/FX/Niagara/Content/Enums/ENiagaraSkelMeshTransforms.uasset" 8953
"../../Plugins/FX/Niagara/Content/Enums/ENiagaraSkelSamplingModeFull.uasset" 8954
"../../Plugins/FX/Niagara/Content/Enums/ENiagaraSocketSamplingMode.uasset" 8955
"../../Plugins/FX/Niagara/Content/Enums/ENiagaraTriangleSamplingMode.uasset" 8956
"../../Plugins/FX/Niagara/Content/Enums/ENiagaraVertexSamplingMode.uasset" 8957
"../../Plugins/FX/Niagara/Content/Functions/Localspace/TransformQuaternion.uasset" 8958
"../../Plugins/FX/Niagara/Content/Enums/ENiagaraMeshTransforms.uasset" 8959
"../../Plugins/FX/Niagara/Content/Functions/Rotation/QuaternionToRotationMatrix.uasset" 8960
"/Game/NS_FloodHit" 8961
"/Game/Characters/Grunt/NS_BloodBurst" 8962
"/Game/NS_BoostRibbons" 8963
"../../Plugins/FX/Niagara/Content/DynamicInputs/Add/Add_Vector.uasset" 8964
"../../Plugins/FX/Niagara/Content/Modules/Update/Lifetime/KillParticles.uasset" 8965
"/Game/MSPresets/MS_Foliage_Material/MasterMaterials/MA_Impostor_SimpleOffset_MS" 8966
"/Game/Landscape/M_Landscape01" 8967
"../../../../Unreal Projects/HaloFloodFanGame01 5.5/Content/Landscape/PM_Rock.uasset" 8968
"/InterchangeAssets/gltf/M_Default" 8969
"/InterchangeAssets/gltf/M_ClearCoat" 8970
"/InterchangeAssets/gltf/M_Sheen" 8971
"/InterchangeAssets/gltf/M_Transmission" 8972
"/InterchangeAssets/gltf/M_SpecularGlossiness" 8973
"/Game/MSPresets/MS_Foliage_Material/MasterMaterials/MA_Foliage" 8974
"/Game/NS_SpectreFire" 8975
"/Game/Core/Weapons/NS_GenericBulletTrail" 8976
"/Game/Projectiles/NS_SpikerBullet" 8977
"/Game/Characters/FPModel2/BS_Hands_Lean" 8978
"/Game/Landscape/Props/Lightpole/BP_Lightpole" 8979
"/Game/Landscape/Props/Railing/BP_RailingSpline" 8980
"/Game/Objects/PDA/PDA" 8981
"/Game/Landscape/Props/Pole/BP_Pole" 8982
"/Game/NS_RocketTrail" 8983
"../../Plugins/FX/Niagara/Content/Modules/Beams/ScaleBeamWidth.uasset" 8984
"/Game/UI/WBP_PDAButton" 8985
"C:/Program Files/Epic Games/Unreal Projects/HaloFloodFanGame01 5.5/Content/Landscape/Props/Lightpole/BP_Lightpole_Double.uasset" 8986
"C:/Program Files/Epic Games/Unreal Projects/HaloFloodFanGame01 5.5/Content/Projectiles/NS_WraithProjectileTrail.uasset" 8987
"C:/Program Files/Epic Games/Unreal Projects/HaloFloodFanGame01 5.5/Content/BlackAlder/Materials/SimpleWind/MAI_BlackAlder.uasset" 8988
"C:/Program Files/Epic Games/Unreal Projects/HaloFloodFanGame01 5.5/Content/NS_FuelRodExplosion.uasset" 8989
"../../../Engine/Plugins/Interchange/Assets/Content/gltf/MaterialInstances/MI_SpecularGlossiness_Opaque_DS.uasset" 8990
"C:/Program Files/Epic Games/Unreal Projects/HaloFloodFanGame01 5.5/Content/Projectiles/NS_FuelRodProjectile.uasset" 8991
"C:/Program Files/Epic Games/Unreal Projects/HaloFloodFanGame01 5.5/Content/Equipment/NS_GravLift.uasset" 8992
"../../../Engine/Plugins/Interchange/Assets/Content/gltf/MaterialInstances/MI_SpecularGlossiness_Blend_DS.uasset" 8993
"C:/Program Files/Epic Games/Unreal Projects/HaloFloodFanGame01 5.5/Content/NS_Flamethrower.uasset" 8994
"../../../Engine/Plugins/Interchange/Assets/Content/gltf/MaterialInstances/MI_SpecularGlossiness_Mask.uasset" 8995
"../../../Engine/Plugins/Interchange/Assets/Content/gltf/MaterialInstances/MI_SpecularGlossiness_Opaque.uasset" 8996
"../../../Engine/Plugins/Interchange/Assets/Content/gltf/MaterialInstances/MI_SpecularGlossiness_Mask_DS.uasset" 8997
"../../../Engine/Plugins/Interchange/Assets/Content/gltf/MaterialInstances/MI_Transmission_DS.uasset" 8998
"../../../Engine/Plugins/Interchange/Assets/Content/gltf/MaterialInstances/MI_Sheen_Blend_DS.uasset" 8999
"../../../Engine/Plugins/Interchange/Assets/Content/gltf/MaterialInstances/MI_SpecularGlossiness_Blend.uasset" 9000
"C:/Program Files/Epic Games/Unreal Projects/HaloFloodFanGame01 5.5/Content/Characters/FPModel2/ABP_Hands1.uasset" 9001
"../../../Engine/Plugins/Interchange/Assets/Content/gltf/MaterialInstances/MI_Sheen_Mask.uasset" 9002
"../../../Engine/Plugins/Interchange/Assets/Content/gltf/MaterialInstances/MI_Sheen_Mask_DS.uasset" 9003
"../../../Engine/Plugins/Interchange/Assets/Content/gltf/MaterialInstances/MI_Default_Opaque_DS.uasset" 9004
"../../../Engine/Plugins/Interchange/Assets/Content/gltf/MaterialInstances/MI_Transmission.uasset" 9005
"../../../Engine/Plugins/Interchange/Assets/Content/gltf/MaterialInstances/MI_ClearCoat_Opaque.uasset" 9006
"../../../Engine/Plugins/Interchange/Assets/Content/gltf/MaterialInstances/MI_Sheen_Blend.uasset" 9007
"../../../Engine/Plugins/Interchange/Assets/Content/gltf/MaterialInstances/MI_ClearCoat_Mask_DS.uasset" 9008
"../../../Engine/Plugins/Interchange/Assets/Content/gltf/MaterialInstances/MI_Default_Blend.uasset" 9009
"../../../Engine/Plugins/Interchange/Assets/Content/gltf/MaterialInstances/MI_ClearCoat_Blend.uasset" 9010
"../../../Engine/Plugins/Interchange/Assets/Content/gltf/MaterialInstances/MI_Default_Blend_DS.uasset" 9011
"../../../Engine/Plugins/Interchange/Assets/Content/gltf/MaterialInstances/MI_ClearCoat_Opaque_DS.uasset" 9012
"../../../Engine/Plugins/Interchange/Assets/Content/gltf/MaterialInstances/MI_ClearCoat_Mask.uasset" 9013
"../../../Engine/Plugins/Interchange/Assets/Content/gltf/MaterialInstances/MI_Sheen_Opaque.uasset" 9014
"../../../Engine/Plugins/Interchange/Assets/Content/gltf/MaterialInstances/MI_Default_Mask_DS.uasset" 9015
"../../../Engine/Plugins/Interchange/Assets/Content/gltf/MaterialInstances/MI_ClearCoat_Blend_DS.uasset" 9016
"../../../Engine/Plugins/Interchange/Assets/Content/gltf/MaterialInstances/MI_Sheen_Opaque_DS.uasset" 9017
"/InterchangeAssets/gltf/MaterialInstances/MI_Default_Blend" 9018
"/InterchangeAssets/gltf/MaterialInstances/MI_Default_Opaque_DS" 9019
"/InterchangeAssets/gltf/MaterialInstances/MI_Default_Mask_DS" 9020
"/InterchangeAssets/gltf/MaterialInstances/MI_Default_Blend_DS" 9021
"/InterchangeAssets/gltf/MaterialInstances/MI_ClearCoat_Opaque" 9022
"/InterchangeAssets/gltf/MaterialInstances/MI_ClearCoat_Mask" 9023
"/InterchangeAssets/gltf/MaterialInstances/MI_ClearCoat_Blend" 9024
"/InterchangeAssets/gltf/MaterialInstances/MI_ClearCoat_Opaque_DS" 9025
"/InterchangeAssets/gltf/MaterialInstances/MI_ClearCoat_Mask_DS" 9026
"/InterchangeAssets/gltf/MaterialInstances/MI_ClearCoat_Blend_DS" 9027
"/InterchangeAssets/gltf/MaterialInstances/MI_Sheen_Opaque" 9028
"/InterchangeAssets/gltf/MaterialInstances/MI_Sheen_Mask" 9029
"/InterchangeAssets/gltf/MaterialInstances/MI_Sheen_Blend" 9030
"/InterchangeAssets/gltf/MaterialInstances/MI_Sheen_Opaque_DS" 9031
"/InterchangeAssets/gltf/MaterialInstances/MI_Sheen_Mask_DS" 9032
"/InterchangeAssets/gltf/MaterialInstances/MI_Sheen_Blend_DS" 9033
"/InterchangeAssets/gltf/MaterialInstances/MI_Transmission" 9034
"/InterchangeAssets/gltf/MaterialInstances/MI_Transmission_DS" 9035
"/InterchangeAssets/gltf/MaterialInstances/MI_SpecularGlossiness_Opaque" 9036
"/InterchangeAssets/gltf/MaterialInstances/MI_SpecularGlossiness_Mask" 9037
"/InterchangeAssets/gltf/MaterialInstances/MI_SpecularGlossiness_Blend" 9038
"/InterchangeAssets/gltf/MaterialInstances/MI_SpecularGlossiness_Opaque_DS" 9039
"/InterchangeAssets/gltf/MaterialInstances/MI_SpecularGlossiness_Mask_DS" 9040
"/InterchangeAssets/gltf/MaterialInstances/MI_SpecularGlossiness_Blend_DS" 9041
"/Game/BlackAlder/Materials/SimpleWind/MAI_BlackAlder" 9042
"/Game/Characters/FPModel2/ABP_Hands1" 9043
"/Game/Landscape/Props/Lightpole/BP_Lightpole_Double" 9044
"/Game/NS_FuelRodExplosion" 9045
"/Game/Projectiles/NS_FuelRodProjectile" 9046
"/Game/Projectiles/NS_WraithProjectileTrail" 9047
"../../Plugins/FX/Niagara/Content/Modules/Spawn/Location/RotateAroundPoint.uasset" 9048
"../../Plugins/FX/Niagara/Content/Modules/Update/Forces/VortexForce.uasset" 9049
"../../Plugins/FX/Niagara/Content/Functions/DeriveThirdOrthogonalVector.uasset" 9050
"../../Plugins/FX/Niagara/Content/Functions/ProjectVectorOnPlane.uasset" 9051
"/Game/NS_Flamethrower" 9052
"/Game/Equipment/NS_GravLift" 9053
"C:/Program Files/Epic Games/Unreal Projects/HaloFloodFanGame01 5.5/Content/Projectiles/NS_PlasmaTrailBlue.uasset" 9054
"C:/Program Files/Epic Games/Unreal Projects/HaloFloodFanGame01 5.5/Content/Landscape/MI_Landscape01.uasset" 9055
"C:/Program Files/Epic Games/Unreal Projects/HaloFloodFanGame01 5.5/Content/NS_FireGrenadeTrail.uasset" 9056
"C:/Program Files/Epic Games/Unreal Projects/HaloFloodFanGame01 5.5/Content/Projectiles/NS_PlasmaTrailRed.uasset" 9057
"C:/Program Files/Epic Games/Unreal Projects/HaloFloodFanGame01 5.5/Content/NS_SpikeGrenadeTrail.uasset" 9058
"../../../Engine/Plugins/Interchange/Assets/Content/gltf/MaterialInstances/MI_Default_Mask.uasset" 9059
"C:/Program Files/Epic Games/Unreal Projects/HaloFloodFanGame01 5.5/Content/BlackAlder/Materials/Impostor/MAI_Impostor_BlackAlder.uasset" 9060
"C:/Program Files/Epic Games/Unreal Projects/HaloFloodFanGame01 5.5/Content/BlackAlder/Materials/SimpleWind/MI_BlackAlder_TwoSided.uasset" 9061
"C:/Program Files/Epic Games/Unreal Projects/HaloFloodFanGame01 5.5/Content/BlackAlder/Materials/SimpleWind/MI_BlackAlder_Tileable.uasset" 9062
"C:/Program Files/Epic Games/Unreal Projects/HaloFloodFanGame01 5.5/Content/BlackAlder/Materials/SimpleWind/MI_BlackAlder_Decoration.uasset" 9063
"C:/Program Files/Epic Games/Unreal Projects/HaloFloodFanGame01 5.5/Content/NS_ExplosiveFlash.uasset" 9064
"C:/Program Files/Epic Games/Unreal Projects/HaloFloodFanGame01 5.5/Content/BlackAlder/Materials/SimpleWind/MI_BlackAlder_Trunk_01.uasset" 9065
"C:/Program Files/Epic Games/Unreal Projects/HaloFloodFanGame01 5.5/Content/Core/Weapons/NS_DirtImpact.uasset" 9066
"C:/Program Files/Epic Games/Unreal Projects/HaloFloodFanGame01 5.5/Content/VermClone/InfFormV3/Exploded/NS_InfFormExplosion.uasset" 9067
"C:/Program Files/Epic Games/Unreal Projects/HaloFloodFanGame01 5.5/Content/Core/Weapons/NS_GenericImpact.uasset" 9068
"C:/Program Files/Epic Games/Unreal Projects/HaloFloodFanGame01 5.5/Content/Projectiles/NS_PlasmaProjectileHitBlue.uasset" 9069
"C:/Program Files/Epic Games/Unreal Projects/HaloFloodFanGame01 5.5/Content/Characters/Grunt/NS_GruntBlood.uasset" 9070
"C:/Program Files/Epic Games/Unreal Projects/HaloFloodFanGame01 5.5/Content/NS_FireExplosion.uasset" 9071
"../../../Engine/Plugins/Interchange/Assets/Content/gltf/MaterialInstances/MI_Default_Opaque.uasset" 9072
"C:/Program Files/Epic Games/Unreal Projects/HaloFloodFanGame01 5.5/Content/Projectiles/NS_PlasmaProjectileHit.uasset" 9073
"C:/Program Files/Epic Games/Unreal Projects/HaloFloodFanGame01 5.5/Content/Projectiles/NS_PlasmaProjectileHitRed.uasset" 9074
"C:/Program Files/Epic Games/Unreal Projects/HaloFloodFanGame01 5.5/Content/VermClone/InfFormV3/NS_Rain.uasset" 9075
"C:/Program Files/Epic Games/Unreal Projects/HaloFloodFanGame01 5.5/Content/Projectiles/NS_PlasmaGrenadeTrail.uasset" 9076
"C:/Program Files/Epic Games/Unreal Projects/HaloFloodFanGame01 5.5/Content/Projectiles/NS_PlasmaTrail.uasset" 9077
"C:/Program Files/Epic Games/Unreal Projects/HaloFloodFanGame01 5.5/Content/NS_Flare.uasset" 9078
"C:/Program Files/Epic Games/Unreal Projects/HaloFloodFanGame01 5.5/Content/BlackAlder/Materials/Impostor/MI_Impostor_Field_01.uasset" 9079
"C:/Program Files/Epic Games/Unreal Projects/HaloFloodFanGame01 5.5/Content/BP_RequisitionFlare.uasset" 9080
"C:/Program Files/Epic Games/Unreal Projects/HaloFloodFanGame01 5.5/Content/BP_WeatherActor.uasset" 9081
"C:/Program Files/Epic Games/Unreal Projects/HaloFloodFanGame01 5.5/Content/NS_CarrierExplosion.uasset" 9082
"C:/Program Files/Epic Games/Unreal Projects/HaloFloodFanGame01 5.5/Content/Shared/NS_Explosion.uasset" 9083
"C:/Program Files/Epic Games/Unreal Projects/HaloFloodFanGame01 5.5/Content/BlackAlder/Geometry/SimpleWind/SM_BlackAlder_Field_01.uasset" 9084
"../../../Engine/Content/EngineSounds/Submixes/MasterEQSubmixDefault.uasset" 9085
"/Engine/EngineSounds/Submixes/MasterEQSubmixDefault" 9086
"../../../Engine/Content/EngineSounds/Submixes/MasterSubmixDefault.uasset" 9087
"../../../Engine/Content/EngineSounds/Submixes/MasterReverbSubmixDefault.uasset" 9088
"/Game/BlackAlder/Geometry/SimpleWind/SM_BlackAlder_Field_01" 9089
"/Game/BP_RequisitionFlare" 9090
"../../Plugins/FX/Niagara/Content/DynamicInputs/TypeConversions/MakeVectorFromLinearColorRGB.uasset" 9091
"../../Plugins/FX/Niagara/Content/Modules/Collision/Collision.uasset" 9092
"../../Plugins/FX/Niagara/Content/Modules/Update/Forces/WindForce.uasset" 9093
"../../Plugins/FX/Niagara/Content/Modules/Update/Size/ScaleMeshSize.uasset" 9094
"../../Plugins/FX/Niagara/Content/Enums/Collision/SceneDepthCollisionQueryMethod.uasset" 9095
"../../Plugins/FX/Niagara/Content/Enums/ENiagara_CPUCollisionType.uasset" 9096
"../../Plugins/FX/Niagara/Content/Enums/ENiagara_GPUCollisionType.uasset" 9097
"../../Plugins/FX/Niagara/Content/Enums/ENiagaraCalculateRadiusOptions.uasset" 9098
"../../Plugins/FX/Niagara/Content/Enums/ENiagaraCollisionRadiusOptions.uasset" 9099
"../../Plugins/FX/Niagara/Content/Enums/ENiagaraFrictionMergeType.uasset" 9100
"../../Plugins/FX/Niagara/Content/Enums/ENiagaraRestitutionMergeType.uasset" 9101
"../../Plugins/FX/Niagara/Content/Enums/Wind/ENiagaraWindCombingMode.uasset" 9102
"../../Plugins/FX/Niagara/Content/Enums/Wind/ENiagaraWindFrictionDistanceMode.uasset" 9103
"../../Plugins/FX/Niagara/Content/Enums/Wind/ENiagaraWindFrictionMode.uasset" 9104
"../../Plugins/FX/Niagara/Content/Enums/Wind/ENiagaraWindGroundMaskMode.uasset" 9105
"../../Plugins/FX/Niagara/Content/Enums/Wind/ENiagaraWindOffsetMode.uasset" 9106
"../../Plugins/FX/Niagara/Content/Enums/Wind/ENiagaraWindTurbulenceContributionMode.uasset" 9107
"../../Plugins/FX/Niagara/Content/Enums/Wind/ENiagaraWindTurbulenceFrequencyMode.uasset" 9108
"../../Plugins/FX/Niagara/Content/Enums/Wind/ENiagaraWindTurbulenceMode.uasset" 9109
"../../Plugins/FX/Niagara/Content/Functions/CalculateMeshRadius.uasset" 9110
"../../Plugins/FX/Niagara/Content/Functions/CalculateRadiusFromSpriteSize.uasset" 9111
"../../Plugins/FX/Niagara/Content/Functions/Helpers/DoOnce_fn.uasset" 9112
"../../Plugins/FX/Niagara/Content/Modules/Collision/CollisionQueryAndResponse.uasset" 9113
"../../Plugins/FX/Niagara/Content/Functions/DirectionAndLength.uasset" 9114
"../../Plugins/FX/Niagara/Content/Functions/Collision/PlaneSphereCollisionDetection.uasset" 9115
"../../Plugins/FX/Niagara/Content/Functions/Collision/RandomizeCollisionNormals.uasset" 9116
"../../Plugins/FX/Niagara/Content/Functions/ReflectVector.uasset" 9117
"../../Plugins/FX/Niagara/Content/Functions/Textures/CalculateA_VolumeTexturesDistanceFieldGradient.uasset" 9118
"../../Plugins/FX/Niagara/Content/Modules/Collision/NiagaraDistanceFieldCollisions.uasset" 9119
"../../Plugins/FX/Niagara/Content/Modules/Collision/SceneDepthTest.uasset" 9120
"../../Plugins/FX/Niagara/Content/Enums/ENiagara_Float4Channel.uasset" 9121
"/Game/BP_WeatherActor" 9122
"../../Plugins/FX/Niagara/Content/DynamicInputs/Divide/Divide_Float.uasset" 9123
"../../Plugins/FX/Niagara/Content/DynamicInputs/TypeConversions/MakeCustomVectorFromBool.uasset" 9124
"../../Plugins/FX/Niagara/Content/Modules/Events/GenerateCollisionEvent.uasset" 9125
"../../Plugins/FX/Niagara/Content/Modules/Events/ReceiveCollisionEvent.uasset" 9126
"../../Plugins/FX/Niagara/Content/DefaultAssets/Structs/CollisionEvent.uasset" 9127
"../../Plugins/FX/Niagara/Content/Functions/Math/IsVectorParallel.uasset" 9128
"../../Plugins/FX/Niagara/Content/Functions/Rotation/RotateAngleOnAxis.uasset" 9129
"/Game/Projectiles/NS_PlasmaTrail" 9130
"../../../../Unreal Projects/HaloFloodFanGame01 5.5/Content/Projectiles/NE_JitterPlasma.uasset" 9131
"../../Plugins/FX/Niagara/Content/Modules/Update/Position/JitterPosition.uasset" 9132
"../../Plugins/FX/Niagara/Content/Functions/RandomVector.uasset" 9133
"../../Plugins/FX/Niagara/Content/Functions/RandomUnitVector.uasset" 9134
"/Game/Projectiles/NS_PlasmaProjectileHitRed" 9135
"/Game/Projectiles/NS_PlasmaProjectileHit" 9136
"/Game/NS_FireExplosion" 9137
"../../Plugins/FX/Niagara/Content/DynamicInputs/LinearColor/MakeLinearColorFromVectorAndFloat.uasset" 9138
"/Game/Projectiles/NS_PlasmaGrenadeTrail" 9139
"../../Plugins/FX/Niagara/Content/Modules/Update/Velocity/ScaleVelocity.uasset" 9140
"../../Plugins/FX/Niagara/Content/Functions/Localspace/TransformOffset.uasset" 9141
"/Game/NS_CarrierExplosion" 9142
"../../Plugins/FX/Niagara/Content/Modules/Update/Orientation/SpriteRotationRate.uasset" 9143
"/Game/Characters/Grunt/NS_GruntBlood" 9144
"../../Plugins/FX/Niagara/Content/DynamicInputs/Multiply/Multiply_Vector.uasset" 9145
"../../Plugins/FX/Niagara/Content/Modules/ExportParticleData/ExportParticleDataToBlueprint.uasset" 9146
"../../Plugins/FX/Niagara/Content/Modules/Spawn/Decal/InitialDecalOrientation.uasset" 9147
"../../Plugins/FX/Niagara/Content/Modules/Spawn/Location/SystemLocation.uasset" 9148
"../../Plugins/FX/Niagara/Content/Enums/ENiagaraDecalTransforms.uasset" 9149
"../../Plugins/FX/Niagara/Content/Enums/Transforms/ENiagara_MeshOrientationOptions.uasset" 9150
"../../Plugins/FX/Niagara/Content/Functions/Rotation/RandomQuaternion.uasset" 9151
"/Game/Shared/NS_Explosion" 9152
"/Game/Projectiles/NS_PlasmaProjectileHitBlue" 9153
"/Game/VermClone/InfFormV3/Exploded/NS_InfFormExplosion" 9154
"../../Plugins/FX/Niagara/Content/DynamicInputs/Subtract/Subtract_Vector.uasset" 9155
"../../Plugins/FX/Niagara/Content/DynamicInputs/Transforms/ConvertPositionToVector.uasset" 9156
"../../Plugins/FX/Niagara/Content/DynamicInputs/UniformRange/V2/RandomRangeVector2D.uasset" 9157
"../../Plugins/FX/Niagara/Content/Modules/Update/Renderers/Sprite/SpriteFacingAndAlignment.uasset" 9158
"../../Plugins/FX/Niagara/Content/Enums/Transforms/ENiagara_LWCConvertPosToVec.uasset" 9159
"/Game/NS_ExplosiveFlash" 9160
"/Game/Core/Weapons/NS_GenericImpact" 9161
"/Game/Core/Weapons/NS_DirtImpact" 9162
"/Game/Projectiles/NS_PlasmaTrailRed" 9163
"/Game/Projectiles/NS_PlasmaTrailBlue" 9164
"/Game/NS_FireGrenadeTrail" 9165
"/Game/NS_SpikeGrenadeTrail" 9166
"/Game/Landscape/MI_Landscape01" 9167
"/InterchangeAssets/gltf/MaterialInstances/MI_Default_Opaque" 9168
"/InterchangeAssets/gltf/MaterialInstances/MI_Default_Mask" 9169
"C:/Program Files/Epic Games/Unreal Projects/HaloFloodFanGame01 5.5/Content/Sounds/WaterAmbience.uasset" 9170
"C:/Program Files/Epic Games/Unreal Projects/HaloFloodFanGame01 5.5/Content/Vehicles/S_boost_stop.uasset" 9171
"C:/Program Files/Epic Games/Unreal Projects/HaloFloodFanGame01 5.5/Content/Vehicles/Wraith/S_WraithShot.uasset" 9172
"C:/Program Files/Epic Games/Unreal Projects/HaloFloodFanGame01 5.5/Content/Sounds/SpikeGrenadeStick.uasset" 9173
"C:/Program Files/Epic Games/Unreal Projects/HaloFloodFanGame01 5.5/Content/UI/Options/SCM_Default.uasset" 9174
"C:/Program Files/Epic Games/Unreal Projects/HaloFloodFanGame01 5.5/Content/Vehicles/Car/MS_GhostEngine.uasset" 9175
"C:/Program Files/Epic Games/Unreal Projects/HaloFloodFanGame01 5.5/Content/S_FarExplosion03.uasset" 9176
"C:/Program Files/Epic Games/Unreal Projects/HaloFloodFanGame01 5.5/Content/DrawSounds/S_DrawGun_04.uasset" 9177
"C:/Program Files/Epic Games/Unreal Projects/HaloFloodFanGame01 5.5/Content/Core/Weapons/MS_Plasma_FiringSound.uasset" 9178
"C:/Program Files/Epic Games/Unreal Projects/HaloFloodFanGame01 5.5/Content/DrawSounds/S_DrawGun_03.uasset" 9179
"C:/Program Files/Epic Games/Unreal Projects/HaloFloodFanGame01 5.5/Content/Core/Weapons/S_Gunshot_04.uasset" 9180
"C:/Program Files/Epic Games/Unreal Projects/HaloFloodFanGame01 5.5/Content/Sounds/BombArm.uasset" 9181
"C:/Program Files/Epic Games/Unreal Projects/HaloFloodFanGame01 5.5/Content/Vehicles/S_boost_loop.uasset" 9182
"C:/Program Files/Epic Games/Unreal Projects/HaloFloodFanGame01 5.5/Content/DrawSounds/S_DrawGun_01.uasset" 9183
"C:/Program Files/Epic Games/Unreal Projects/HaloFloodFanGame01 5.5/Content/Core/Shared/S_Shield_Warning.uasset" 9184
"C:/Program Files/Epic Games/Unreal Projects/HaloFloodFanGame01 5.5/Content/Vehicles/Car/MS_WraithEngine.uasset" 9185
"C:/Program Files/Epic Games/Unreal Projects/HaloFloodFanGame01 5.5/Content/Core/Shared/S_Shield_Low.uasset" 9186
"C:/Program Files/Epic Games/Unreal Projects/HaloFloodFanGame01 5.5/Content/Core/Weapons/S_Gunshot_07.uasset" 9187
"C:/Program Files/Epic Games/Unreal Projects/HaloFloodFanGame01 5.5/Content/Vehicles/S_boost_start.uasset" 9188
"C:/Program Files/Epic Games/Unreal Projects/HaloFloodFanGame01 5.5/Content/Sounds/BombPreDetonate.uasset" 9189
"C:/Program Files/Epic Games/Unreal Projects/HaloFloodFanGame01 5.5/Content/Core/Weapons/S_Gunshot_05.uasset" 9190
"C:/Program Files/Epic Games/Unreal Projects/HaloFloodFanGame01 5.5/Content/Sounds/PlasmaGrenadeSettle.uasset" 9191
"C:/Program Files/Epic Games/Unreal Projects/HaloFloodFanGame01 5.5/Content/Sounds/BombBeep.uasset" 9192
"C:/Program Files/Epic Games/Unreal Projects/HaloFloodFanGame01 5.5/Content/Vehicles/DropPod/MS_DropPodIdle.uasset" 9193
"C:/Program Files/Epic Games/Unreal Projects/HaloFloodFanGame01 5.5/Content/Sounds/RisingTone.uasset" 9194
"C:/Program Files/Epic Games/Unreal Projects/HaloFloodFanGame01 5.5/Content/Characters/Carrier/S_Carrier_Pulsate.uasset" 9195
"/Game/Sounds/RisingTone" 9196
"/Game/Sounds/PlasmaGrenadeSettle" 9197
"/Game/Vehicles/DropPod/MS_DropPodIdle" 9198
"/Game/Core/Weapons/S_Gunshot_05" 9199
"/Game/Characters/Carrier/S_Carrier_Pulsate" 9200
"/Game/Sounds/BombBeep" 9201
"/Game/Sounds/BombArm" 9202
"/Game/Sounds/BombPreDetonate" 9203
"/Game/Core/Weapons/S_Gunshot_04" 9204
"/Game/Core/Weapons/S_Gunshot_07" 9205
"/Game/Core/Shared/S_Shield_Warning" 9206
"/Game/Core/Shared/S_Shield_Low" 9207
"/Game/Vehicles/Wraith/S_WraithShot" 9208
"/Game/Vehicles/Car/MS_WraithEngine" 9209
"/Game/DrawSounds/S_DrawGun_01" 9210
"/Game/Core/Weapons/MS_Plasma_FiringSound" 9211
"/Game/Vehicles/S_boost_stop" 9212
"/Game/Vehicles/S_boost_start" 9213
"/Game/Vehicles/Car/MS_GhostEngine" 9214
"/Game/Vehicles/S_boost_loop" 9215
"/Game/DrawSounds/S_DrawGun_04" 9216
"/Game/S_FarExplosion03" 9217
"/Game/DrawSounds/S_DrawGun_03" 9218
"/Game/Sounds/SpikeGrenadeStick" 9219
"/Game/UI/Options/SCM_Default" 9220
"/Game/Sounds/WaterAmbience" 9221
"C:/Program Files/Epic Games/Unreal Projects/HaloFloodFanGame01 5.5/Content/Sounds/WaterExit.uasset" 9222
"C:/Program Files/Epic Games/Unreal Projects/HaloFloodFanGame01 5.5/Content/Core/Weapons/S_Fire_explosion_01.uasset" 9223
"C:/Program Files/Epic Games/Unreal Projects/HaloFloodFanGame01 5.5/Content/Core/Shared/S_Shield_Depleted_01.uasset" 9224
"C:/Program Files/Epic Games/Unreal Projects/HaloFloodFanGame01 5.5/Content/SC_Muffle.uasset" 9225
"C:/Program Files/Epic Games/Unreal Projects/HaloFloodFanGame01 5.5/Content/Sounds/WaterEnter.uasset" 9226
"C:/Program Files/Epic Games/Unreal Projects/HaloFloodFanGame01 5.5/Content/Core/Weapons/S_ZoomIn.uasset" 9227
"C:/Program Files/Epic Games/Unreal Projects/HaloFloodFanGame01 5.5/Content/DrawSounds/S_DrawGun_05.uasset" 9228
"C:/Program Files/Epic Games/Unreal Projects/HaloFloodFanGame01 5.5/Content/Core/Shared/S_Shield_StartRegen_01.uasset" 9229
"C:/Program Files/Epic Games/Unreal Projects/HaloFloodFanGame01 5.5/Content/Core/Weapons/S_Gunshot_01.uasset" 9230
"C:/Program Files/Epic Games/Unreal Projects/HaloFloodFanGame01 5.5/Content/Core/Weapons/S_ZoomOut.uasset" 9231
"C:/Program Files/Epic Games/Unreal Projects/HaloFloodFanGame01 5.5/Content/Body_impacts/SC_Body_hit_01.uasset" 9232
"C:/Program Files/Epic Games/Unreal Projects/HaloFloodFanGame01 5.5/Content/Sounds/UnderwaterAmbience.uasset" 9233
"C:/Program Files/Epic Games/Unreal Projects/HaloFloodFanGame01 5.5/Content/Sounds/SpikeGrenadeExplosion.uasset" 9234
"C:/Program Files/Epic Games/Unreal Projects/HaloFloodFanGame01 5.5/Content/Core/Weapons/S_Gunshot_06.uasset" 9235
"C:/Program Files/Epic Games/Unreal Projects/HaloFloodFanGame01 5.5/Content/Core/Weapons/S_Gunshot_03.uasset" 9236
"C:/Program Files/Epic Games/Unreal Projects/HaloFloodFanGame01 5.5/Content/Sounds/SizzleLoop.uasset" 9237
"C:/Program Files/Epic Games/Unreal Projects/HaloFloodFanGame01 5.5/Content/Core/Weapons/S_ReloadGeneric.uasset" 9238
"C:/Program Files/Epic Games/Unreal Projects/HaloFloodFanGame01 5.5/Content/Characters/Grunt/VA/S_Grunt_Hurt_03.uasset" 9239
"C:/Program Files/Epic Games/Unreal Projects/HaloFloodFanGame01 5.5/Content/Sounds/LightBuzz.uasset" 9240
"C:/Program Files/Epic Games/Unreal Projects/HaloFloodFanGame01 5.5/Content/Core/Weapons/S_AirWhoosh.uasset" 9241
"C:/Program Files/Epic Games/Unreal Projects/HaloFloodFanGame01 5.5/Content/VermClone/InfFormV3/Exploded/S_InfFormExploding.uasset" 9242
"C:/Program Files/Epic Games/Unreal Projects/HaloFloodFanGame01 5.5/Content/Characters/Grunt/VA/S_Grunt_Hurt_02.uasset" 9243
"C:/Program Files/Epic Games/Unreal Projects/HaloFloodFanGame01 5.5/Content/Sounds/PlasmaGrenadeExplosion.uasset" 9244
"C:/Program Files/Epic Games/Unreal Projects/HaloFloodFanGame01 5.5/Content/Characters/Grunt/VA/S_Grunt_Death_01.uasset" 9245
"C:/Program Files/Epic Games/Unreal Projects/HaloFloodFanGame01 5.5/Content/WeaponDropSounds/S_Gun_drop_02.uasset" 9246
"C:/Program Files/Epic Games/Unreal Projects/HaloFloodFanGame01 5.5/Content/WeaponDropSounds/S_Gun_drop_01.uasset" 9247
"C:/Program Files/Epic Games/Unreal Projects/HaloFloodFanGame01 5.5/Content/Vehicles/Car/MS_CarEngine.uasset" 9248
"C:/Program Files/Epic Games/Unreal Projects/HaloFloodFanGame01 5.5/Content/WeaponDropSounds/S_Gun_drop_03.uasset" 9249
"C:/Program Files/Epic Games/Unreal Projects/HaloFloodFanGame01 5.5/Content/Core/Weapons/S_ImpactGeneric_01.uasset" 9250
"C:/Program Files/Epic Games/Unreal Projects/HaloFloodFanGame01 5.5/Content/Core/Weapons/S_FragThrow01.uasset" 9251
"C:/Program Files/Epic Games/Unreal Projects/HaloFloodFanGame01 5.5/Content/Core/Shared/S_Shield_Full_01.uasset" 9252
"C:/Program Files/Epic Games/Unreal Projects/HaloFloodFanGame01 5.5/Content/Core/Weapons/S_Gunshot_02.uasset" 9253
"/Game/Core/Weapons/S_ImpactGeneric_01" 9254
"/Game/WeaponDropSounds/S_Gun_drop_03" 9255
"/Game/WeaponDropSounds/S_Gun_drop_02" 9256
"/Game/WeaponDropSounds/S_Gun_drop_01" 9257
"/Game/Sounds/PlasmaGrenadeExplosion" 9258
"/Game/Core/Weapons/S_AirWhoosh" 9259
"/Game/Characters/Grunt/VA/S_Grunt_Hurt_02" 9260
"/Game/Characters/Grunt/VA/S_Grunt_Death_01" 9261
"/Game/Characters/Grunt/VA/S_Grunt_Hurt_03" 9262
"/Game/VermClone/InfFormV3/Exploded/S_InfFormExploding" 9263
"/Game/Core/Weapons/S_Gunshot_03" 9264
"/Game/Core/Weapons/S_Gunshot_02" 9265
"/Game/Core/Weapons/S_Gunshot_06" 9266
"/Game/Sounds/SpikeGrenadeExplosion" 9267
"/Game/Core/Weapons/S_FragThrow01" 9268
"/Game/Sounds/SizzleLoop" 9269
"/Game/Vehicles/Car/MS_CarEngine" 9270
"/Game/Body_impacts/SC_Body_hit_01" 9271
"/Game/SC_Muffle" 9272
"/Game/Sounds/WaterEnter" 9273
"/Game/Sounds/UnderwaterAmbience" 9274
"/Game/Core/Shared/S_Shield_Depleted_01" 9275
"/Game/Sounds/WaterExit" 9276
"/Game/Core/Shared/S_Shield_StartRegen_01" 9277
"/Game/Core/Shared/S_Shield_Full_01" 9278
"/Game/Sounds/LightBuzz" 9279
"/Game/Core/Weapons/S_Gunshot_01" 9280
"/Game/Core/Weapons/S_ZoomIn" 9281
"/Game/DrawSounds/S_DrawGun_05" 9282
"/Game/Core/Weapons/S_ReloadGeneric" 9283
"/Game/Core/Weapons/S_ZoomOut" 9284
"/Game/Core/Weapons/S_Fire_explosion_01" 9285
"C:/Program Files/Epic Games/Unreal Projects/HaloFloodFanGame01 5.5/Content/UI/Options/WBP_AudioSettings.uasset" 9286
"C:/Program Files/Epic Games/Unreal Projects/HaloFloodFanGame01 5.5/Content/Core/Weapons/S_Crackle.uasset" 9287
"C:/Program Files/Epic Games/Unreal Projects/HaloFloodFanGame01 5.5/Content/Core/Weapons/S_Plasma_Impact_01.uasset" 9288
"C:/Program Files/Epic Games/Unreal Projects/HaloFloodFanGame01 5.5/Content/Cardboard/S_Cardboard_hit_01.uasset" 9289
"C:/Program Files/Epic Games/Unreal Projects/HaloFloodFanGame01 5.5/Content/Sounds/SC_SpikeGrenadeExplosion.uasset" 9290
"C:/Program Files/Epic Games/Unreal Projects/HaloFloodFanGame01 5.5/Content/StarterContent/Audio/S_Explosion02.uasset" 9291
"C:/Program Files/Epic Games/Unreal Projects/HaloFloodFanGame01 5.5/Content/StepSounds/S_StepDirt_01.uasset" 9292
"C:/Program Files/Epic Games/Unreal Projects/HaloFloodFanGame01 5.5/Content/SCM_MuffledAudio.uasset" 9293
"C:/Program Files/Epic Games/Unreal Projects/HaloFloodFanGame01 5.5/Content/StepSounds/S_Step_Gravel_01.uasset" 9294
"C:/Program Files/Epic Games/Unreal Projects/HaloFloodFanGame01 5.5/Content/Weapons/MS_BattleRifle.uasset" 9295
"C:/Program Files/Epic Games/Unreal Projects/HaloFloodFanGame01 5.5/Content/StarterContent/Audio/S_Fire01.uasset" 9296
"C:/Program Files/Epic Games/Unreal Projects/HaloFloodFanGame01 5.5/Content/StepSounds/S_Step_Mud_01.uasset" 9297
"C:/Program Files/Epic Games/Unreal Projects/HaloFloodFanGame01 5.5/Content/Weapons/MS_DMR.uasset" 9298
"C:/Program Files/Epic Games/Unreal Projects/HaloFloodFanGame01 5.5/Content/Weapons/MS_AssaultRifle.uasset" 9299
"C:/Program Files/Epic Games/Unreal Projects/HaloFloodFanGame01 5.5/Content/Cardboard/S_Cardboard_hit_02.uasset" 9300
"C:/Program Files/Epic Games/Unreal Projects/HaloFloodFanGame01 5.5/Content/VermClone/InfFormV3/Exploded/SC_InfFormExploding_Cue.uasset" 9301
"C:/Program Files/Epic Games/Unreal Projects/HaloFloodFanGame01 5.5/Content/Cardboard/S_Cardboard_hit_03.uasset" 9302
"/Game/VermClone/InfFormV3/Exploded/SC_InfFormExploding_Cue" 9303
"C:/Program Files/Epic Games/Unreal Projects/HaloFloodFanGame01 5.5/Content/Placeables/BP_Mine.uasset" 9304
"/Game/Weapons/MS_DMR" 9305
"C:/Program Files/Epic Games/Unreal Projects/HaloFloodFanGame01 5.5/Content/VermClone/InfFormV3/Exploded/SC_CarrierExploding_Cue.uasset" 9306
"C:/Program Files/Epic Games/Unreal Projects/HaloFloodFanGame01 5.5/Content/Sounds/MS_PlasmaExplosion01.uasset" 9307
"C:/Program Files/Epic Games/Unreal Projects/HaloFloodFanGame01 5.5/Content/StarterContent/Audio/S_Explosion01.uasset" 9308
"C:/Program Files/Epic Games/Unreal Projects/HaloFloodFanGame01 5.5/Content/Characters/Grunt/VA/MS_Grunt_Death.uasset" 9309
"C:/Program Files/Epic Games/Unreal Projects/HaloFloodFanGame01 5.5/Content/Cardboard/SC_Cardboard_hit_01_Cue.uasset" 9310
"C:/Program Files/Epic Games/Unreal Projects/HaloFloodFanGame01 5.5/Content/WeaponDropSounds/SC_Gun_drop_01.uasset" 9311
"/Game/Weapons/MS_BattleRifle" 9312
"C:/Program Files/Epic Games/Unreal Projects/HaloFloodFanGame01 5.5/Content/StarterContent/Audio/SC_Fire01_Cue.uasset" 9313
"C:/Program Files/Epic Games/Unreal Projects/HaloFloodFanGame01 5.5/Content/Core/Weapons/MS_ProjectileHitGeneric.uasset" 9314
"C:/Program Files/Epic Games/Unreal Projects/HaloFloodFanGame01 5.5/Content/Core/Weapons/MS_GenericBulletIdle.uasset" 9315
"C:/Program Files/Epic Games/Unreal Projects/HaloFloodFanGame01 5.5/Content/Projectiles/SC_Plasma_Impact.uasset" 9316
"/Game/Sounds/SC_SpikeGrenadeExplosion" 9317
"C:/Program Files/Epic Games/Unreal Projects/HaloFloodFanGame01 5.5/Content/Weapons/MS_SMG.uasset" 9318
"/Game/SCM_MuffledAudio" 9319
"/Game/Weapons/MS_AssaultRifle" 9320
"C:/Program Files/Epic Games/Unreal Projects/HaloFloodFanGame01 5.5/Content/StepSounds/SC_Step_Gravel.uasset" 9321
"/Game/UI/Options/WBP_AudioSettings" 9322
"C:/Program Files/Epic Games/Unreal Projects/HaloFloodFanGame01 5.5/Content/StepSounds/MS_Step_Dirt.uasset" 9323
"C:/Program Files/Epic Games/Unreal Projects/HaloFloodFanGame01 5.5/Content/StarterContent/Audio/SC_Explosion_Cue.uasset" 9324
"/Game/StepSounds/S_Step_Mud_01" 9325
"/Game/StepSounds/S_Step_Gravel_01" 9326
"/Game/StepSounds/S_StepDirt_01" 9327
"/Game/Core/Weapons/S_Plasma_Impact_01" 9328
"/Game/StarterContent/Audio/S_Explosion02" 9329
"../../../../Unreal Projects/HaloFloodFanGame01 5.5/Content/StarterContent/Audio/S_Explosion02.uasset" 9330
"/Game/Core/Weapons/S_Crackle" 9331
"/Game/StarterContent/Audio/S_Fire01" 9332
"../../../../Unreal Projects/HaloFloodFanGame01 5.5/Content/StarterContent/Audio/S_Fire01.uasset" 9333
"/Game/Cardboard/S_Cardboard_hit_02" 9334
"/Game/Cardboard/S_Cardboard_hit_01" 9335
"/Game/Cardboard/S_Cardboard_hit_03" 9336
"/Game/StepSounds/SC_Step_Gravel" 9337
"/Game/StepSounds/MS_Step_Dirt" 9338
"/Game/Projectiles/SC_Plasma_Impact" 9339
"/Game/StarterContent/Audio/SC_Explosion_Cue" 9340
"../../../../Unreal Projects/HaloFloodFanGame01 5.5/Content/StarterContent/Audio/S_Explosion01.uasset" 9341
"/Game/Core/Weapons/MS_GenericBulletIdle" 9342
"C:/Program Files/Epic Games/Unreal Projects/HaloFloodFanGame01 5.5/Content/BP_FootstepAnimNotify.uasset" 9343
"C:/Program Files/Epic Games/Unreal Projects/HaloFloodFanGame01 5.5/Content/BP_FireEntity.uasset" 9344
"C:/Program Files/Epic Games/Unreal Projects/HaloFloodFanGame01 5.5/Content/Core/Weapons/BP_ProjectileBase.uasset" 9345
"/Game/StarterContent/Audio/SC_Fire01_Cue" 9346
"/Game/Cardboard/SC_Cardboard_hit_01_Cue" 9347
"C:/Program Files/Epic Games/Unreal Projects/HaloFloodFanGame01 5.5/Content/UI/Options/WBP_OptionsMenu2.uasset" 9348
"/Game/Core/Weapons/MS_ProjectileHitGeneric" 9349
"C:/Program Files/Epic Games/Unreal Projects/HaloFloodFanGame01 5.5/Content/Grenades/BP_PlasmaGrenade.uasset" 9350
"C:/Program Files/Epic Games/Unreal Projects/HaloFloodFanGame01 5.5/Content/StepSounds/SC_Step_Concrete.uasset" 9351
"C:/Program Files/Epic Games/Unreal Projects/HaloFloodFanGame01 5.5/Content/Grenades/BP_FragGrenade.uasset" 9352
"C:/Program Files/Epic Games/Unreal Projects/HaloFloodFanGame01 5.5/Content/Landscape/BP_DynamicProp.uasset" 9353
"/Game/WeaponDropSounds/SC_Gun_drop_01" 9354
"C:/Program Files/Epic Games/Unreal Projects/HaloFloodFanGame01 5.5/Content/Characters/Carrier/V2/anims/Carrier_anims_Run_Alerted.uasset" 9355
"C:/Program Files/Epic Games/Unreal Projects/HaloFloodFanGame01 5.5/Content/Core/Weapons/BP_GrenadeBase.uasset" 9356
"C:/Program Files/Epic Games/Unreal Projects/HaloFloodFanGame01 5.5/Content/BP_BasicActorTest.uasset" 9357
"/Game/Sounds/MS_PlasmaExplosion01" 9358
"C:/Program Files/Epic Games/Unreal Projects/HaloFloodFanGame01 5.5/Content/Grenades/BP_DynamoGrenade.uasset" 9359
"C:/Program Files/Epic Games/Unreal Projects/HaloFloodFanGame01 5.5/Content/StepSounds/MS_Step_Mud.uasset" 9360
"C:/Program Files/Epic Games/Unreal Projects/HaloFloodFanGame01 5.5/Content/Placeables/BP_FusionCoil.uasset" 9361
"C:/Program Files/Epic Games/Unreal Projects/HaloFloodFanGame01 5.5/Content/Objects/BP_Box.uasset" 9362
"/Game/Characters/Grunt/VA/MS_Grunt_Death" 9363
"C:/Program Files/Epic Games/Unreal Projects/HaloFloodFanGame01 5.5/Content/Landscape/Props/Barrier/BP_ConcreteBarrier.uasset" 9364
"C:/Program Files/Epic Games/Unreal Projects/HaloFloodFanGame01 5.5/Content/Objects/UNSCCover/BP_Cover.uasset" 9365
"/Game/VermClone/InfFormV3/Exploded/SC_CarrierExploding_Cue" 9366
"/Game/Weapons/MS_SMG" 9367
"/Game/Placeables/BP_Mine" 9368
"/Game/Objects/UNSCCover/BP_Cover" 9369
"C:/Program Files/Epic Games/Unreal Projects/HaloFloodFanGame01 5.5/Content/Projectiles/BP_RocketProjectile.uasset" 9370
"C:/Program Files/Epic Games/Unreal Projects/HaloFloodFanGame01 5.5/Content/Grenades/BP_IncendiaryGrenade.uasset" 9371
"C:/Program Files/Epic Games/Unreal Projects/HaloFloodFanGame01 5.5/Content/Projectiles/BP_SpikeGrenadeFragment.uasset" 9372
"C:/Program Files/Epic Games/Unreal Projects/HaloFloodFanGame01 5.5/Content/Landscape/Props/HangingLamp/BP_HangingLamp.uasset" 9373
"C:/Program Files/Epic Games/Unreal Projects/HaloFloodFanGame01 5.5/Content/Projectiles/BP_WraithProjectile.uasset" 9374
"C:/Program Files/Epic Games/Unreal Projects/HaloFloodFanGame01 5.5/Content/Projectiles/BP_FuelRodProjectile.uasset" 9375
"C:/Program Files/Epic Games/Unreal Projects/HaloFloodFanGame01 5.5/Content/Characters/Grunt/Anims/A_Run_Fwd_Agitated01.uasset" 9376
"C:/Program Files/Epic Games/Unreal Projects/HaloFloodFanGame01 5.5/Content/Projectiles/BP_PlasmaPistolProjectile.uasset" 9377
"C:/Program Files/Epic Games/Unreal Projects/HaloFloodFanGame01 5.5/Content/Characters/Grunt/Anims/A_Run_Left_Agitated02.uasset" 9378
"C:/Program Files/Epic Games/Unreal Projects/HaloFloodFanGame01 5.5/Content/Characters/Grunt/Anims/A_Run_Bwd_Agitated01.uasset" 9379
"C:/Program Files/Epic Games/Unreal Projects/HaloFloodFanGame01 5.5/Content/Projectiles/BP_PlasmaRifleProjectile.uasset" 9380
"C:/Program Files/Epic Games/Unreal Projects/HaloFloodFanGame01 5.5/Content/Characters/Grunt/Anims/A_Run_Right_Agitated02.uasset" 9381
"C:/Program Files/Epic Games/Unreal Projects/HaloFloodFanGame01 5.5/Content/Characters/Elite/v4/anims/elite_anims_Pistol_Sprint_Left.uasset" 9382
"/Game/Objects/BP_Box" 9383
"C:/Program Files/Epic Games/Unreal Projects/HaloFloodFanGame01 5.5/Content/Projectiles/BP_BrutePlasmaRifleProjectile.uasset" 9384
"C:/Program Files/Epic Games/Unreal Projects/HaloFloodFanGame01 5.5/Content/Characters/Elite/v4/anims/elite_anims_Pistol_Sprint_Forward.uasset" 9385
"/Game/Landscape/Props/Barrier/BP_ConcreteBarrier" 9386
"/Game/Placeables/BP_FusionCoil" 9387
"/Game/Grenades/BP_DynamoGrenade" 9388
"/Game/Grenades/BP_PlasmaGrenade" 9389
"/Game/Grenades/BP_FragGrenade" 9390
"/Game/Characters/Carrier/V2/anims/Carrier_anims_Run_Alerted" 9391
"/Game/BP_FootstepAnimNotify" 9392
"../../../../Unreal Projects/HaloFloodFanGame01 5.5/Content/StepSounds/S_Step_Concrete_01.uasset" 9393
"/Game/Core/Weapons/BP_ProjectileBase" 9394
"/Game/BP_FireEntity" 9395
"/Game/BP_BasicActorTest" 9396
"/Game/UI/Options/WBP_OptionsMenu2" 9397
"/Game/Characters/Elite/v4/anims/elite_anims_Pistol_Sprint_Forward" 9398
"C:/Program Files/Epic Games/Unreal Projects/HaloFloodFanGame01 5.5/Content/Grenades/BP_SpikeGrenade.uasset" 9399
"C:/Program Files/Epic Games/Unreal Projects/HaloFloodFanGame01 5.5/Content/Characters/Grunt/Anims/A_Walk_Fwd_Relaxed01.uasset" 9400
"C:/Program Files/Epic Games/Unreal Projects/HaloFloodFanGame01 5.5/Content/Characters/Carrier/V2/anims/BS_CarrierAlertedMovement.uasset" 9401
"C:/Program Files/Epic Games/Unreal Projects/HaloFloodFanGame01 5.5/Content/Weapons/BP_AssaultRifle.uasset" 9402
"C:/Program Files/Epic Games/Unreal Projects/HaloFloodFanGame01 5.5/Content/Core/BP_HaloPlayerState.uasset" 9403
"C:/Program Files/Epic Games/Unreal Projects/HaloFloodFanGame01 5.5/Content/Weapons/BP_DMR.uasset" 9404
"C:/Program Files/Epic Games/Unreal Projects/HaloFloodFanGame01 5.5/Content/Core/Weapons/BP_BulletDecal.uasset" 9405
"C:/Program Files/Epic Games/Unreal Projects/HaloFloodFanGame01 5.5/Content/Characters/Grunt/Anims/BS_Grunt_Relaxed.uasset" 9406
"C:/Program Files/Epic Games/Unreal Projects/HaloFloodFanGame01 5.5/Content/BP_MyGameInstance.uasset" 9407
"C:/Program Files/Epic Games/Unreal Projects/HaloFloodFanGame01 5.5/Content/Characters/Grunt/Anims/BS_Grunt_Alerted.uasset" 9408
"C:/Program Files/Epic Games/Unreal Projects/HaloFloodFanGame01 5.5/Content/Characters/Elite/v4/anims/elite_anims_Pistol_Sprint_Backwards.uasset" 9409
"/Game/Characters/Elite/v4/anims/elite_anims_Pistol_Sprint_Left" 9410
"C:/Program Files/Epic Games/Unreal Projects/HaloFloodFanGame01 5.5/Content/Characters/Elite/v4/anims/ABP_Elitev4.uasset" 9411
"C:/Program Files/Epic Games/Unreal Projects/HaloFloodFanGame01 5.5/Content/Characters/Elite/v4/anims/BS_Elite_Pistol_Movement_Alerted.uasset" 9412
"C:/Program Files/Epic Games/Unreal Projects/HaloFloodFanGame01 5.5/Content/Characters/Elite/v4/anims/elite_anims_Pistol_Sprint_Right.uasset" 9413
"/Game/Characters/Grunt/Anims/A_Run_Bwd_Agitated01" 9414
"/Game/Characters/Grunt/Anims/A_Run_Left_Agitated02" 9415
"/Game/Characters/Grunt/Anims/A_Run_Fwd_Agitated01" 9416
"/Game/Characters/Grunt/Anims/A_Run_Right_Agitated02" 9417
"/Game/Projectiles/BP_PlasmaPistolProjectile" 9418
"/Game/Projectiles/BP_BrutePlasmaRifleProjectile" 9419
"/Game/Projectiles/BP_FuelRodProjectile" 9420
"/Game/Projectiles/BP_WraithProjectile" 9421
"../../../Engine/Content/EditorBlueprintResources/ActorMacros.uasset" 9422
"/Game/Projectiles/BP_PlasmaRifleProjectile" 9423
"/Game/Projectiles/BP_SpikeGrenadeFragment" 9424
"/Game/Projectiles/BP_RocketProjectile" 9425
"/Game/Grenades/BP_IncendiaryGrenade" 9426
"/Game/Landscape/Props/HangingLamp/BP_HangingLamp" 9427
"/Game/Characters/Elite/v4/anims/ABP_Elitev4" 9428
"C:/Program Files/Epic Games/Unreal Projects/HaloFloodFanGame01 5.5/Content/Vehicles/BP_VehicleBase.uasset" 9429
"C:/Program Files/Epic Games/Unreal Projects/HaloFloodFanGame01 5.5/Content/AI/BP_VehicleAIController.uasset" 9430
"C:/Program Files/Epic Games/Unreal Projects/HaloFloodFanGame01 5.5/Content/AI/BP_Command_PilotVehicle.uasset" 9431
"C:/Program Files/Epic Games/Unreal Projects/HaloFloodFanGame01 5.5/Content/Characters/Elite/v4/anims/AM_elite_anims_Pistol_Melee.uasset" 9432
"C:/Program Files/Epic Games/Unreal Projects/HaloFloodFanGame01 5.5/Content/UI/WBP_InteractInfo.uasset" 9433
"C:/Program Files/Epic Games/Unreal Projects/HaloFloodFanGame01 5.5/Content/MeleeDamageNotify.uasset" 9434
"C:/Program Files/Epic Games/Unreal Projects/HaloFloodFanGame01 5.5/Content/BP_ThrowGrenadeNotify.uasset" 9435
"C:/Program Files/Epic Games/Unreal Projects/HaloFloodFanGame01 5.5/Content/Core/BP_PlayerControllerBase.uasset" 9436
"C:/Program Files/Epic Games/Unreal Projects/HaloFloodFanGame01 5.5/Content/Characters/Carrier/Template_AnimBP1.uasset" 9437
"../../../../Unreal Projects/HaloFloodFanGame01 5.5/Content/Characters/Carrier/Template_AnimBP1.uasset" 9438
"C:/Program Files/Epic Games/Unreal Projects/HaloFloodFanGame01 5.5/Content/BP_FirefightGameState.uasset" 9439
"C:/Program Files/Epic Games/Unreal Projects/HaloFloodFanGame01 5.5/Content/AI/BP_AIControllerBase.uasset" 9440
"C:/Program Files/Epic Games/Unreal Projects/HaloFloodFanGame01 5.5/Content/UI/WBP_Nameplate.uasset" 9441
"../../../../Unreal Projects/HaloFloodFanGame01 5.5/Content/AI/BP_AIControllerBase.uasset" 9442
"../../../../Unreal Projects/HaloFloodFanGame01 5.5/Content/Core/BP_PlayerControllerBase.uasset" 9443
"../../../../Unreal Projects/HaloFloodFanGame01 5.5/Content/UI/WBP_Nameplate.uasset" 9444
"../../../../Unreal Projects/HaloFloodFanGame01 5.5/Content/UI/WBP_PlayerHUD.uasset" 9445
"../../../../Unreal Projects/HaloFloodFanGame01 5.5/Content/Characters/Grunt/BT_Grunt.uasset" 9446
"../../../../Unreal Projects/HaloFloodFanGame01 5.5/Content/Characters/Grunt/BB_General.uasset" 9447
"../../../../Unreal Projects/HaloFloodFanGame01 5.5/Content/AI/BP_Command_AttackMove.uasset" 9448
"../../../../Unreal Projects/HaloFloodFanGame01 5.5/Content/BP_FirefightGamemode.uasset" 9449
"../../../../Unreal Projects/HaloFloodFanGame01 5.5/Content/BP_FirefightGameState.uasset" 9450
"../../../../Unreal Projects/HaloFloodFanGame01 5.5/Content/BP_PDA.uasset" 9451
"../../../../Unreal Projects/HaloFloodFanGame01 5.5/Content/BP_Spawner.uasset" 9452
"../../../../Unreal Projects/HaloFloodFanGame01 5.5/Content/BP_TopDownPawn.uasset" 9453
"../../../../Unreal Projects/HaloFloodFanGame01 5.5/Content/Core/Characters/BP_HaloSpectatorPawn.uasset" 9454
"../../../../Unreal Projects/HaloFloodFanGame01 5.5/Content/Vehicles/BP_VehicleBase.uasset" 9455
"../../../../Unreal Projects/HaloFloodFanGame01 5.5/Content/UI/GameInfo/WBP_GameInfo.uasset" 9456
"../../../../Unreal Projects/HaloFloodFanGame01 5.5/Content/UI/WBP_ChatBox.uasset" 9457
"../../../../Unreal Projects/HaloFloodFanGame01 5.5/Content/UI/WBP_GlobalHud.uasset" 9458
"../../../../Unreal Projects/HaloFloodFanGame01 5.5/Content/UI/WBP_PauseMenu.uasset" 9459
"../../../../Unreal Projects/HaloFloodFanGame01 5.5/Content/UI/WBP_RespawnHUD.uasset" 9460
"../../../../Unreal Projects/HaloFloodFanGame01 5.5/Content/UI/WBP_Crosshair.uasset" 9461
"../../../../Unreal Projects/HaloFloodFanGame01 5.5/Content/UI/WBP_InteractInfo.uasset" 9462
"../../../../Unreal Projects/HaloFloodFanGame01 5.5/Content/AI/BTService_LookForEmptyVehicle.uasset" 9463
"../../../../Unreal Projects/HaloFloodFanGame01 5.5/Content/AI/BT_Command_AttackMove.uasset" 9464
"../../../../Unreal Projects/HaloFloodFanGame01 5.5/Content/Characters/Carrier/BP_Carrier.uasset" 9465
"../../../../Unreal Projects/HaloFloodFanGame01 5.5/Content/Characters/Elite/BP_Elite.uasset" 9466
"../../../../Unreal Projects/HaloFloodFanGame01 5.5/Content/Characters/Elite/BP_Elite_Major.uasset" 9467
"../../../../Unreal Projects/HaloFloodFanGame01 5.5/Content/Characters/Elite/BP_Elite_SpecOps.uasset" 9468
"../../../../Unreal Projects/HaloFloodFanGame01 5.5/Content/Characters/Elite/BP_Elite_Ultra.uasset" 9469
"../../../../Unreal Projects/HaloFloodFanGame01 5.5/Content/Characters/Grunt/BP_Grunt.uasset" 9470
"../../../../Unreal Projects/HaloFloodFanGame01 5.5/Content/Characters/Grunt/Classes/BP_GruntHeavy.uasset" 9471
"../../../../Unreal Projects/HaloFloodFanGame01 5.5/Content/Characters/Grunt/Classes/BP_GruntMedium.uasset" 9472
"../../../../Unreal Projects/HaloFloodFanGame01 5.5/Content/Characters/InfectionForm/BP_InfectionForm.uasset" 9473
"../../../../Unreal Projects/HaloFloodFanGame01 5.5/Content/Placeables/BP_Barracks.uasset" 9474
"../../../../Unreal Projects/HaloFloodFanGame01 5.5/Content/Vehicles/DropPod/BP_DropPod.uasset" 9475
"../../../../Unreal Projects/HaloFloodFanGame01 5.5/Content/Vehicles/Ghost/BP_Ghost.uasset" 9476
"../../../../Unreal Projects/HaloFloodFanGame01 5.5/Content/Vehicles/Spectre/BP_Spectre.uasset" 9477
"../../../../Unreal Projects/HaloFloodFanGame01 5.5/Content/Vehicles/Turret/BP_SpectreTurret.uasset" 9478
"../../../../Unreal Projects/HaloFloodFanGame01 5.5/Content/Vehicles/Turret/BP_UNSCTurret.uasset" 9479
"../../../../Unreal Projects/HaloFloodFanGame01 5.5/Content/Vehicles/Wraith/BP_Wraith.uasset" 9480
"../../../../Unreal Projects/HaloFloodFanGame01 5.5/Content/Weapons/BP_BattleRifle.uasset" 9481
"../../../../Unreal Projects/HaloFloodFanGame01 5.5/Content/Weapons/BP_RocketLauncher.uasset" 9482
"../../../../Unreal Projects/HaloFloodFanGame01 5.5/Content/Weapons/BP_Shotgun01.uasset" 9483
"../../../../Unreal Projects/HaloFloodFanGame01 5.5/Content/Weapons/BP_SMG.uasset" 9484
"../../../../Unreal Projects/HaloFloodFanGame01 5.5/Content/Weapons/BP_SniperRifle.uasset" 9485
"../../../../Unreal Projects/HaloFloodFanGame01 5.5/Content/Weapons/Glock/BP_Sidekick.uasset" 9486
"../../../../Unreal Projects/HaloFloodFanGame01 5.5/Content/Equipment/BP_GravityLift.uasset" 9487
"../../../../Unreal Projects/HaloFloodFanGame01 5.5/Content/Vehicles/Banshee/BP_Banshee.uasset" 9488
"../../../../Unreal Projects/HaloFloodFanGame01 5.5/Content/Vehicles/Car/BP_Car00.uasset" 9489
"../../../../Unreal Projects/HaloFloodFanGame01 5.5/Content/Vehicles/Warthog/BP_Warthog.uasset" 9490
"../../../../Unreal Projects/HaloFloodFanGame01 5.5/Content/Weapons/BP_Flamethrower.uasset" 9491
"../../../../Unreal Projects/HaloFloodFanGame01 5.5/Content/UI/WBP_FirefightInfo.uasset" 9492
"../../../../Unreal Projects/HaloFloodFanGame01 5.5/Content/Weapons/BP_BrutePlasmaRifle.uasset" 9493
"../../../../Unreal Projects/HaloFloodFanGame01 5.5/Content/Weapons/BP_PlasmaPistol.uasset" 9494
"../../../../Unreal Projects/HaloFloodFanGame01 5.5/Content/Weapons/BP_PlasmaRifle.uasset" 9495
"../../../../Unreal Projects/HaloFloodFanGame01 5.5/Content/Weapons/BP_Spiker.uasset" 9496
"../../../../Unreal Projects/HaloFloodFanGame01 5.5/Content/UI/WBP_PDA.uasset" 9497
"../../../../Unreal Projects/HaloFloodFanGame01 5.5/Content/BP_WeaponPod.uasset" 9498
"../../../../Unreal Projects/HaloFloodFanGame01 5.5/Content/Core/Weapons/BP_GunBase.uasset" 9499
"../../../../Unreal Projects/HaloFloodFanGame01 5.5/Content/UI/WBP_DropRequisition.uasset" 9500
"../../../../Unreal Projects/HaloFloodFanGame01 5.5/Content/AI/BP_Command_PilotVehicle.uasset" 9501
"../../../../Unreal Projects/HaloFloodFanGame01 5.5/Content/AI/BP_VehicleAIController.uasset" 9502
"../../../../Unreal Projects/HaloFloodFanGame01 5.5/Content/UI/WBP_VehicleHUD.uasset" 9503
"../../../../Unreal Projects/HaloFloodFanGame01 5.5/Content/UI/WBP_Lobby.uasset" 9504
"../../../../Unreal Projects/HaloFloodFanGame01 5.5/Content/AI/BTTask_GetPatrolPoint.uasset" 9505
"../../../../Unreal Projects/HaloFloodFanGame01 5.5/Content/Characters/Carrier/V2/anims/ABP_Carrier.uasset" 9506
"../../../../Unreal Projects/HaloFloodFanGame01 5.5/Content/Characters/Carrier/AIC_Carrier.uasset" 9507
"../../../../Unreal Projects/HaloFloodFanGame01 5.5/Content/Characters/Elite/v4/anims/AM_elite_anims_Pistol_Melee.uasset" 9508
"../../../../Unreal Projects/HaloFloodFanGame01 5.5/Content/Characters/Elite/v4/anims/AM_elite_anims_ThrowGrenade.uasset" 9509
"../../../../Unreal Projects/HaloFloodFanGame01 5.5/Content/AI/BP_AICElite.uasset" 9510
"../../../../Unreal Projects/HaloFloodFanGame01 5.5/Content/Weapons/BP_Carbine.uasset" 9511
"../../../../Unreal Projects/HaloFloodFanGame01 5.5/Content/Weapons/BP_FuelRodCannon.uasset" 9512
"../../../../Unreal Projects/HaloFloodFanGame01 5.5/Content/Characters/Grunt/Anims/ABP_Grunt.uasset" 9513
"../../../../Unreal Projects/HaloFloodFanGame01 5.5/Content/Characters/InfectionForm/v2/anims/ABP_InfectionForm.uasset" 9514
"../../../../Unreal Projects/HaloFloodFanGame01 5.5/Content/Characters/InfectionForm/AIC_InfectionForm.uasset" 9515
"../../../../Unreal Projects/HaloFloodFanGame01 5.5/Content/AI/BP_AICGhost.uasset" 9516
"../../../../Unreal Projects/HaloFloodFanGame01 5.5/Content/UI/WBP_Ghost.uasset" 9517
"../../../../Unreal Projects/HaloFloodFanGame01 5.5/Content/Vehicles/Turret/BP_TurretBase.uasset" 9518
"../../../../Unreal Projects/HaloFloodFanGame01 5.5/Content/UI/WBP_SpectreTurret.uasset" 9519
"../../../../Unreal Projects/HaloFloodFanGame01 5.5/Content/UI/WBP_UNSCTurret.uasset" 9520
"../../../../Unreal Projects/HaloFloodFanGame01 5.5/Content/UI/WBP_WraithHUD.uasset" 9521
"../../../../Unreal Projects/HaloFloodFanGame01 5.5/Content/AI/BT_Command_PilotVehicle.uasset" 9522
"../../../../Unreal Projects/HaloFloodFanGame01 5.5/Content/AI/BT_Turret1.uasset" 9523
"../../../../Unreal Projects/HaloFloodFanGame01 5.5/Content/Characters/Carrier/BT_Carrier.uasset" 9524
"../../../../Unreal Projects/HaloFloodFanGame01 5.5/Content/MeleeDamageNotify.uasset" 9525
"../../../../Unreal Projects/HaloFloodFanGame01 5.5/Content/BP_ThrowGrenadeNotify.uasset" 9526
"../../../../Unreal Projects/HaloFloodFanGame01 5.5/Content/Characters/Elite/BT_Elite.uasset" 9527
"../../../../Unreal Projects/HaloFloodFanGame01 5.5/Content/Characters/InfectionForm/BT_InfectionForm.uasset" 9528
"../../../../Unreal Projects/HaloFloodFanGame01 5.5/Content/Characters/InfectionForm/BB_InfectionForm.uasset" 9529
"../../../../Unreal Projects/HaloFloodFanGame01 5.5/Content/AI/BT_Ghost.uasset" 9530
"../../../../Unreal Projects/HaloFloodFanGame01 5.5/Content/AI/BTTask_SetInteractableFromSmartObject.uasset" 9531
"../../../../Unreal Projects/HaloFloodFanGame01 5.5/Content/AI/BTService_VehicleFire.uasset" 9532
"../../../../Unreal Projects/HaloFloodFanGame01 5.5/Content/AI/BTService_VehicleFireAtTarget.uasset" 9533
"../../../../Unreal Projects/HaloFloodFanGame01 5.5/Content/AI/BTService_CheckForGrenades.uasset" 9534
"../../../../Unreal Projects/HaloFloodFanGame01 5.5/Content/AI/BTService_ToggleCrouch.uasset" 9535
"../../../../Unreal Projects/HaloFloodFanGame01 5.5/Content/AI/BTTask_SetCrouched.uasset" 9536
"../../../../Unreal Projects/HaloFloodFanGame01 5.5/Content/AI/EQ_CoverQuery.uasset" 9537
"../../../../Unreal Projects/HaloFloodFanGame01 5.5/Content/AI/BTService_Boost.uasset" 9538
"/Game/Objects/BP_BoxStackSmall00" 9539
"C:/Program Files/Epic Games/Unreal Projects/HaloFloodFanGame01 5.5/Content/BP_WaterVolume.uasset" 9540
"C:/Program Files/Epic Games/Unreal Projects/HaloFloodFanGame01 5.5/Content/AI/BT_AttackPlayers.uasset" 9541
"C:/Program Files/Epic Games/Unreal Projects/HaloFloodFanGame01 5.5/Content/AI/BTTask_FindSpawner.uasset" 9542
"C:/Program Files/Epic Games/Unreal Projects/HaloFloodFanGame01 5.5/Content/UI/WBP_SessionFinder.uasset" 9543
"C:/Program Files/Epic Games/Unreal Projects/HaloFloodFanGame01 5.5/Content/Levels/MainMenuLevel.umap" 9544
"C:/Program Files/Epic Games/Unreal Projects/HaloFloodFanGame01 5.5/Content/UI/WBP_MainMenu.uasset" 9545
"C:/Program Files/Epic Games/Unreal Projects/HaloFloodFanGame01 5.5/Content/AI/AIC_Phantom.uasset" 9546
"C:/Program Files/Epic Games/Unreal Projects/HaloFloodFanGame01 5.5/Content/UI/WBP_SessionCreator.uasset" 9547
"C:/Program Files/Epic Games/Unreal Projects/HaloFloodFanGame01 5.5/Content/AI/BP_AttackPlayers.uasset" 9548
"C:/Program Files/Epic Games/Unreal Projects/HaloFloodFanGame01 5.5/Content/BP_MainMenuGameMode.uasset" 9549
"C:/Program Files/Epic Games/Unreal Projects/HaloFloodFanGame01 5.5/Content/Vehicles/Phantom/BP_Phantom.uasset" 9550
"C:/Program Files/Epic Games/Unreal Projects/HaloFloodFanGame01 5.5/Content/AI/BT_Phantom.uasset" 9551
"C:/Program Files/Epic Games/Unreal Projects/HaloFloodFanGame01 5.5/Content/Tools/BP_EnemySpawner.uasset" 9552
"C:/Program Files/Epic Games/Unreal Projects/HaloFloodFanGame01 5.5/Content/AI/BTTask_FindRandomPointInSpace.uasset" 9553
"C:/Program Files/Epic Games/Unreal Projects/HaloFloodFanGame01 5.5/Content/AI/BTTask_DropUnits.uasset" 9554
"/Game/UI/WBP_SessionCreator" 9555
"/Game/UI/WBP_SessionFinder" 9556
"/Game/BP_WaterVolume" 9557
"/Game/AI/BT_AttackPlayers" 9558
"/Game/BP_MainMenuGameMode" 9559
"/Game/AI/BTTask_FindSpawner" 9560
"/Game/UI/WBP_MainMenu" 9561
"/Game/AI/BP_AttackPlayers" 9562
"/Game/Levels/MainMenuLevel" 9563
"../../../../Unreal Projects/HaloFloodFanGame01 5.5/Content/Levels/MainMenuLevel.umap" 9564
"/Game/Vehicles/Phantom/BP_Phantom" 9565
"/Game/Levels/TestMap" 9566
"../../../../Unreal Projects/HaloFloodFanGame01 5.5/Content/Levels/TestMap.umap" 9567
"/Engine/EditorResources/EmptyActor" 9568
"../../../Engine/Content/EditorResources/EmptyActor.uasset" 9569
"/Engine/EditorResources/LightIcons/S_LightError" 9570
"../../../Engine/Content/EditorResources/LightIcons/S_LightError.uasset" 9571
"/Engine/EditorResources/AudioIcons/S_AudioComponent_AutoActivate" 9572
"../../../Engine/Content/EditorResources/AudioIcons/S_AudioComponent_AutoActivate.uasset" 9573
"/Engine/EditorResources/S_KBSJoint" 9574
"../../../Engine/Content/EditorResources/S_KBSJoint.uasset" 9575
"C:/Program Files/Epic Games/Unreal Projects/HaloFloodFanGame01 5.5/Saved/Cooked/Windows/HaloFloodFanGame01/Metadata/CookedSettings.txt" 9576
